[0/1] Re-running CMake...
-- Component directory C:/Esp/frameworks/esp-idf-v4.4.8/components/fonts does not contain a CMakeLists.txt file. No component will be added
-- ccache will be used for faster recompilation
-- Building ESP-IDF components for target esp32
Processing 1 dependencies:
[1/1] idf (4.4.8)
-- Begin wolfssl 
-- D:/Arduino/Projects/KaRadio32_4/components/wolfssl is not within IDF_PATH.
-- Detected Windows
-- CONFIG_TARGET_PLATFORM = 
-- No conflicting wolfSSL components found.
-- USERNAME = Robotyka2B
-- THIS_USER = Robotyka2B
-- CONFIG_TARGET_PLATFORM = 
-- Environment variable GENERATE_MACHINE_PARSEABLE_REPORT not detected, not appending compile definition.
-- Environment variable WOLFSSL_BENCHMARK_FIXED_CSV not detected, not appending compile definition.
-- Early expansion includes esp_timer: 
-- Early expansion includes driver: 
-- wolfssl component CMAKE_BUILD_EARLY_EXPANSION:
-- Project sdkconfig file D:/Arduino/Projects/KaRadio32_4/sdkconfig
C:\Temp\confgen_tmpa__nzgbm:10: warning: ignoring malformed line 'ESPTOOLPY_FLASHSIZE_8MB=y'
Loading defaults file D:/Arduino/Projects/KaRadio32_4/sdkconfig.defaults...
D:/Arduino/Projects/KaRadio32_4/sdkconfig.defaults:289 CONFIG_SUPPORT_TERMIOS was replaced with CONFIG_VFS_SUPPORT_TERMIOS
D:/Arduino/Projects/KaRadio32_4/sdkconfig.defaults:290 CONFIG_SEMIHOSTFS_MAX_MOUNT_POINTS was replaced with CONFIG_VFS_SEMIHOSTFS_MAX_MOUNT_POINTS
D:/Arduino/Projects/KaRadio32_4/sdkconfig.defaults:291 CONFIG_SEMIHOSTFS_HOST_PATH_MAX_LEN was replaced with CONFIG_VFS_SEMIHOSTFS_HOST_PATH_MAX_LEN
D:/Arduino/Projects/KaRadio32_4/sdkconfig.defaults:296 CONFIG_IPC_TASK_STACK_SIZE was replaced with CONFIG_ESP_IPC_TASK_STACK_SIZE
Loading defaults file D:/Arduino/Projects/KaRadio32_4/sdkconfig.defaults.esp32...
D:/Arduino/Projects/KaRadio32_4/sdkconfig.defaults.esp32:132 CONFIG_SUPPRESS_SELECT_DEBUG_OUTPUT was replaced with CONFIG_VFS_SUPPRESS_SELECT_DEBUG_OUTPUT
-- App "KaRadio32_C_BT" version: 2.4.4
-- Adding linker script D:/Arduino/Projects/KaRadio32_4/build/esp-idf/esp_system/ld/memory.ld
-- Adding linker script C:/Esp/frameworks/esp-idf-v4.4.8/components/esp_system/ld/esp32/sections.ld.in
-- Adding linker script C:/Esp/frameworks/esp-idf-v4.4.8/components/esp_rom/esp32/ld/esp32.rom.ld
-- Adding linker script C:/Esp/frameworks/esp-idf-v4.4.8/components/esp_rom/esp32/ld/esp32.rom.api.ld
-- Adding linker script C:/Esp/frameworks/esp-idf-v4.4.8/components/esp_rom/esp32/ld/esp32.rom.libgcc.ld
-- Adding linker script C:/Esp/frameworks/esp-idf-v4.4.8/components/esp_rom/esp32/ld/esp32.rom.newlib-data.ld
-- Adding linker script C:/Esp/frameworks/esp-idf-v4.4.8/components/esp_rom/esp32/ld/esp32.rom.syscalls.ld
-- Adding linker script C:/Esp/frameworks/esp-idf-v4.4.8/components/soc/esp32/ld/esp32.peripherals.ld
CMake Error at C:/Esp/frameworks/esp-idf-v4.4.8/tools/cmake/component.cmake:375 (__component_get_property):
  __component_get_property Function invoked with incorrect arguments for
  function named: __component_get_property
Call Stack (most recent call first):
  C:/Esp/frameworks/esp-idf-v4.4.8/components/esp-tls/CMakeLists.txt:19 (idf_component_get_property)


-- Begin wolfssl ~/workspace/components/wolfssl
-- D:/Arduino/Projects/KaRadio32_4/components/wolfssl is not within IDF_PATH.
-- Cleaned wolfssl path: ~/workspace/components/wolfssl
-- CONFIG_TARGET_PLATFORM = 
-- No conflicting wolfSSL components found.
-- USERNAME = Robotyka2B
-- THIS_USER = Robotyka2B
-- CONFIG_TARGET_PLATFORM = 
-- Environment variable GENERATE_MACHINE_PARSEABLE_REPORT not detected, not appending compile definition.
-- Environment variable WOLFSSL_BENCHMARK_FIXED_CSV not detected, not appending compile definition.
-- Early expansion includes esp_timer: 
-- Early expansion includes driver: 
-- ************************************************************************************************
-- wolfssl component config:
-- ************************************************************************************************
-- Starting FIND_WOLFSSL_DIRECTORY: 
-- The WOLFSSL_ROOT environment variable is not set. Searching...
-- WOLFSSL_ROOT found in sdkconfig/KConfig: ~/workspace/components/wolfssl
-- CONFIG_CUSTOM_SETTING_WOLFSSL_ROOT sdkconfig setting = ~/workspace/components/wolfssl
-- WOLFSSL_ROOT Variable defined, but source code not found: C:/Users/Robotyka2B/workspace/components/wolfssl
-- CMAKE_CURRENT_SOURCE_DIR = .
-- CURRENT_SEARCH_DIR = D:/Arduino/Projects/KaRadio32_4/components/wolfssl
-- Found wolfssl in CURRENT_SEARCH_DIR = D:/Arduino/Projects/KaRadio32_4/components/wolfssl
-- Found WOLFSSL_ROOT via CMake specification.
-- Confirmed wolfssl directory at: D:/Arduino/Projects/KaRadio32_4/components/wolfssl
-- WOLFSSL_EXTRA_PROJECT_DIR = D:/Arduino/Projects/KaRadio32_4/components/wolfssl/src/
-- This COMPONENT_SRCDIRS = "D:/Arduino/Projects/KaRadio32_4/components/wolfssl/src/";"D:/Arduino/Projects/KaRadio32_4/components/wolfssl/wolfcrypt/src";"D:/Arduino/Projects/KaRadio32_4/components/wolfssl/wolfcrypt/src/port/Espressif";"D:/Arduino/Projects/KaRadio32_4/components/wolfssl/wolfcrypt/src/port/Espressif/esp_crt_bundle";"D:/Arduino/Projects/KaRadio32_4/components/wolfssl/wolfcrypt/src/port/atmel";"D:/Arduino/Projects/KaRadio32_4/components/wolfssl/src/"
-- Added definition for user_settings.h: -DWOLFSSL_USER_SETTINGS_DIR="D://Arduino//Projects//KaRadio32_4//components//wolfssl//include//user_settings.h"
-- IDF_PATH = C:\Esp\frameworks\esp-idf-v4.4.8
-- PROJECT_SOURCE_DIR = C:/Esp/frameworks/esp-idf-v4.4.8
-- EXCLUDE_ASM = D:/Arduino/Projects/KaRadio32_4
-- 
-- Using installed project ./components/wolfssl in CMAKE_HOME_DIRECTORY = D:/Arduino/Projects/KaRadio32_4
-- 
-- Found legacy RTOS path: C:/Esp/frameworks/esp-idf-v4.4.8/components/freertos/include/freertos
-- THIS_IDF_PATH = $THIS_IDF_PATH
-- COMPONENT_SRCDIRS = D:/Arduino/Projects/KaRadio32_4/components/wolfssl/src/\;D:/Arduino/Projects/KaRadio32_4/components/wolfssl/wolfcrypt/src\;D:/Arduino/Projects/KaRadio32_4/components/wolfssl/wolfcrypt/src/port/Espressif\;D:/Arduino/Projects/KaRadio32_4/components/wolfssl/wolfcrypt/src/port/Espressif/esp_crt_bundle\;D:/Arduino/Projects/KaRadio32_4/components/wolfssl/wolfcrypt/src/port/atmel\;D:/Arduino/Projects/KaRadio32_4/components/wolfssl/src/
-- COMPONENT_ADD_INCLUDEDIRS = ./include\;D:/Arduino/Projects/KaRadio32_4/components/wolfssl/\;D:/Arduino/Projects/KaRadio32_4/components/wolfssl/wolfssl/\;D:/Arduino/Projects/KaRadio32_4/components/wolfssl/wolfssl/wolfcrypt/\;D:/Arduino/Projects/KaRadio32_4/components/wolfssl/wolfssl/wolfcrypt/port/Espressif\;C:/Esp/frameworks/esp-idf-v4.4.8/components/freertos/include/freertos/\;C:/Esp/frameworks/esp-idf-v4.4.8/components/esp_event/include\;C:/Esp/frameworks/esp-idf-v4.4.8/components/esp_netif/include\;C:/Esp/frameworks/esp-idf-v4.4.8/components/esp_wifi/include\;D:/Arduino/Projects/KaRadio32_4/components/wolfssl/wolfssl/\;D:/Arduino/Projects/KaRadio32_4/components/wolfssl/wolfssl/wolfcrypt/
-- COMPONENT_REQUIRES = lwip;
-- COMPONENT_SRCEXCLUDE = D:/Arduino/Projects/KaRadio32_4/components/wolfssl/src/bio.c\;D:/Arduino/Projects/KaRadio32_4/components/wolfssl/src/conf.c\;D:/Arduino/Projects/KaRadio32_4/components/wolfssl/src/misc.c\;D:/Arduino/Projects/KaRadio32_4/components/wolfssl/src/pk.c\;D:/Arduino/Projects/KaRadio32_4/components/wolfssl/src/ssl_asn1.c\;D:/Arduino/Projects/KaRadio32_4/components/wolfssl/src/ssl_bn.c\;D:/Arduino/Projects/KaRadio32_4/components/wolfssl/src/ssl_certman.c\;D:/Arduino/Projects/KaRadio32_4/components/wolfssl/src/ssl_crypto.c\;D:/Arduino/Projects/KaRadio32_4/components/wolfssl/src/ssl_load.c\;D:/Arduino/Projects/KaRadio32_4/components/wolfssl/src/ssl_misc.c\;D:/Arduino/Projects/KaRadio32_4/components/wolfssl/src/ssl_p7p12.c\;D:/Arduino/Projects/KaRadio32_4/components/wolfssl/src/ssl_sess.c\;D:/Arduino/Projects/KaRadio32_4/components/wolfssl/src/x509.c\;D:/Arduino/Projects/KaRadio32_4/components/wolfssl/src/x509_str.c\;D:/Arduino/Projects/KaRadio32_4/components/wolfssl/wolfcrypt/src/ext_kyber.c\;D:/Arduino/Projects/KaRadio32_4/components/wolfssl/wolfssl/wolfcrypt/ext_kyber.h\;D:/Arduino/Projects/KaRadio32_4/components/wolfssl/wolfcrypt/src/evp.c\;D:/Arduino/Projects/KaRadio32_4/components/wolfssl/wolfcrypt/src/misc.c\;D:/Arduino/Projects/KaRadio32_4/components/wolfssl/wolfcrypt/src/sp_sm2_arm32.c\;D:/Arduino/Projects/KaRadio32_4/components/wolfssl/wolfcrypt/src/sp_sm2_arm64.c\;D:/Arduino/Projects/KaRadio32_4/components/wolfssl/wolfcrypt/src/sp_sm2_armthumb.c\;D:/Arduino/Projects/KaRadio32_4/components/wolfssl/wolfcrypt/src/sp_sm2_c32.c\;D:/Arduino/Projects/KaRadio32_4/components/wolfssl/wolfcrypt/src/sp_sm2_c64.c\;D:/Arduino/Projects/KaRadio32_4/components/wolfssl/wolfcrypt/src/sp_sm2_cortexm.c\;D:/Arduino/Projects/KaRadio32_4/components/wolfssl/wolfcrypt/src/sp_sm2_x86_64.c\;D:/Arduino/Projects/KaRadio32_4/components/wolfssl/wolfcrypt/src/sp_sm2_x86_64_asm.S\;D:/Arduino/Projects/KaRadio32_4/components/wolfssl/examples\;D:/Arduino/Projects/KaRadio32_4
-- WOLFSSL_ESP_CRT_BUNDLE_DIR=D:/Arduino/Projects/KaRadio32_4/components/wolfssl/wolfcrypt/src/port/Espressif/esp_crt_bundle
-- Not using a custom wolfSSL bundle path.
-- CMAKE_CURRENT_BINARY_DIR: D:/Arduino/Projects/KaRadio32_4/build/esp-idf/wolfssl
-- Setting up bundle generate: C:/Esp/python_env/idf4.4_py3.11_env/Scripts/python.exe;D:/Arduino/Projects/KaRadio32_4/components/wolfssl/wolfcrypt/src/port/Espressif/esp_crt_bundle/gen_crt_bundle.py --input;D:/Arduino/Projects/KaRadio32_4/components/wolfssl/wolfcrypt/src/port/Espressif/esp_crt_bundle/cacrt_all.pem;D:/Arduino/Projects/KaRadio32_4/components/wolfssl/wolfcrypt/src/port/Espressif/esp_crt_bundle/cacrt_local.pem;-q
-- Depends on custom bundle path: 
-- crt_bundle D:/Arduino/Projects/KaRadio32_4/build/esp-idf/wolfssl/x509_crt_bundle_wolfssl
-- COMPONENT_LIB __idf_wolfssl
-- GENERATE_CERT_BUNDLEPY C:/Esp/python_env/idf4.4_py3.11_env/Scripts/python.exe;D:/Arduino/Projects/KaRadio32_4/components/wolfssl/wolfcrypt/src/port/Espressif/esp_crt_bundle/gen_crt_bundle.py
-- args --input;D:/Arduino/Projects/KaRadio32_4/components/wolfssl/wolfcrypt/src/port/Espressif/esp_crt_bundle/cacrt_all.pem;D:/Arduino/Projects/KaRadio32_4/components/wolfssl/wolfcrypt/src/port/Espressif/esp_crt_bundle/cacrt_local.pem;-q
-- cert_bundle 
-- Bundle file expected during next build: D:/Arduino/Projects/KaRadio32_4/build/esp-idf/wolfssl/x509_crt_bundle_wolfssl
-- wolfSSL Cert Bundle File to be created at build time in: D:/Arduino/Projects/KaRadio32_4/build/esp-idf/wolfssl/x509_crt_bundle_wolfssl
-- 
-- ALL VARIABLES BEGIN
-- 
-- BOOTLOADER_BUILD=
-- BOOTLOADER_BUILD_DIR=D:/Arduino/Projects/KaRadio32_4/build/bootloader
-- BOOTLOADER_OFFSET=0x1000
-- BT_SPEAKER_MODE=1
-- BT_SUFFIX=_BT
-- BUILD_COMPONENTS=esp_ringbuf;efuse;esp_ipc;driver;esp_pm;mbedtls;bootloader;esptool_py;partition_table;app_update;bootloader_support;spi_flash;nvs_flash;pthread;esp_gdbstub;espcoredump;esp_phy;esp_system;esp_rom;hal;vfs;esp_eth;tcpip_adapter;esp_netif;esp_event;wpa_supplicant;esp_wifi;ieee802154;console;openthread;lwip;log;heap;soc;esp_hw_support;xtensa;esp32;esp_common;esp_timer;freertos;newlib;cxx;app_trace;asio;bt;cbor;unity;cmock;coap;nghttp;esp-tls;esp_adc_cal;esp_hid;tcp_transport;esp_http_client;esp_http_server;esp_https_ota;esp_https_server;esp_lcd;protobuf-c;protocomm;mdns;esp_local_ctrl;sdmmc;esp_serial_slave_link;esp_websocket_client;expat;wear_levelling;fatfs;freemodbus;idf_test;jsmn;json;libsodium;mqtt;openssl;perfmon;spiffs;usb;tinyusb;ulp;wifi_provisioning;main;u8g2;ucglib;fifo;common;fdk-aac-oreo-m8;fdk-aac_decoder;audio_renderer;mad;mp3_decoder;audio_player;MerusAudio;bt_speaker;esp_idf_lib_helpers;led_strip;wolfssl;xpt2046
-- BUILD_COMPONENT_ALIASES=idf::esp_ringbuf;idf::efuse;idf::esp_ipc;idf::driver;idf::esp_pm;idf::mbedtls;idf::bootloader;idf::esptool_py;idf::partition_table;idf::app_update;idf::bootloader_support;idf::spi_flash;idf::nvs_flash;idf::pthread;idf::esp_gdbstub;idf::espcoredump;idf::esp_phy;idf::esp_system;idf::esp_rom;idf::hal;idf::vfs;idf::esp_eth;idf::tcpip_adapter;idf::esp_netif;idf::esp_event;idf::wpa_supplicant;idf::esp_wifi;idf::ieee802154;idf::console;idf::openthread;idf::lwip;idf::log;idf::heap;idf::soc;idf::esp_hw_support;idf::xtensa;idf::esp32;idf::esp_common;idf::esp_timer;idf::freertos;idf::newlib;idf::cxx;idf::app_trace;idf::asio;idf::bt;idf::cbor;idf::unity;idf::cmock;idf::coap;idf::nghttp;idf::esp-tls;idf::esp_adc_cal;idf::esp_hid;idf::tcp_transport;idf::esp_http_client;idf::esp_http_server;idf::esp_https_ota;idf::esp_https_server;idf::esp_lcd;idf::protobuf-c;idf::protocomm;idf::mdns;idf::esp_local_ctrl;idf::sdmmc;idf::esp_serial_slave_link;idf::esp_websocket_client;idf::expat;idf::wear_levelling;idf::fatfs;idf::freemodbus;idf::idf_test;idf::jsmn;idf::json;idf::libsodium;idf::mqtt;idf::openssl;idf::perfmon;idf::spiffs;idf::usb;idf::tinyusb;idf::ulp;idf::wifi_provisioning;idf::main;idf::u8g2;idf::ucglib;idf::fifo;idf::common;idf::fdk-aac-oreo-m8;idf::fdk-aac_decoder;idf::audio_renderer;idf::mad;idf::mp3_decoder;idf::audio_player;idf::MerusAudio;idf::bt_speaker;idf::esp_idf_lib_helpers;idf::led_strip;idf::wolfssl;idf::xpt2046
-- BUILD_DIR=D:/Arduino/Projects/KaRadio32_4/build
-- CCACHE_ENABLE=1
-- CCACHE_FOUND=C:/Esp/tools/ccache/4.3/ccache-4.3-windows-64/ccache.exe
-- CMAKE_ADDR2LINE=C:/Esp/tools/xtensa-esp32-elf/esp-2021r2-patch5-8.4.0/xtensa-esp32-elf/bin/xtensa-esp32-elf-addr2line.exe
-- CMAKE_AR=C:/Esp/tools/xtensa-esp32-elf/esp-2021r2-patch5-8.4.0/xtensa-esp32-elf/bin/xtensa-esp32-elf-ar.exe
-- CMAKE_AR=C:/Esp/tools/xtensa-esp32-elf/esp-2021r2-patch5-8.4.0/xtensa-esp32-elf/bin/xtensa-esp32-elf-ar.exe
-- CMAKE_ASM_COMPILER=C:/Esp/tools/xtensa-esp32-elf/esp-2021r2-patch5-8.4.0/xtensa-esp32-elf/bin/xtensa-esp32-elf-gcc.exe
-- CMAKE_ASM_COMPILER_AR=C:/Esp/tools/xtensa-esp32-elf/esp-2021r2-patch5-8.4.0/xtensa-esp32-elf/bin/xtensa-esp32-elf-gcc-ar.exe
-- CMAKE_ASM_COMPILER_AR=C:/Esp/tools/xtensa-esp32-elf/esp-2021r2-patch5-8.4.0/xtensa-esp32-elf/bin/xtensa-esp32-elf-gcc-ar.exe
-- CMAKE_ASM_COMPILER_ARG1=
-- CMAKE_ASM_COMPILER_ENV_VAR=ASM
-- CMAKE_ASM_COMPILER_ID=GNU
-- CMAKE_ASM_COMPILER_LOADED=1
-- CMAKE_ASM_COMPILER_PREDEFINES_COMMAND=C:/Esp/tools/xtensa-esp32-elf/esp-2021r2-patch5-8.4.0/xtensa-esp32-elf/bin/xtensa-esp32-elf-gcc.exe;-dM;-E;-c;C:/Esp/tools/cmake/3.23.1/share/cmake-3.23/Modules/CMakeCXXCompilerABI.cpp
-- CMAKE_ASM_COMPILER_RANLIB=C:/Esp/tools/xtensa-esp32-elf/esp-2021r2-patch5-8.4.0/xtensa-esp32-elf/bin/xtensa-esp32-elf-gcc-ranlib.exe
-- CMAKE_ASM_COMPILER_RANLIB=C:/Esp/tools/xtensa-esp32-elf/esp-2021r2-patch5-8.4.0/xtensa-esp32-elf/bin/xtensa-esp32-elf-gcc-ranlib.exe
-- CMAKE_ASM_COMPILER_VERSION=
-- CMAKE_ASM_COMPILER_WORKS=1
-- CMAKE_ASM_COMPILE_OBJECT=<CMAKE_ASM_COMPILER> <DEFINES> <INCLUDES> <FLAGS> -o <OBJECT> -c <SOURCE>
-- CMAKE_ASM_COMPILE_OPTIONS_CREATE_PCH=-x;-include;<PCH_HEADER>
-- CMAKE_ASM_COMPILE_OPTIONS_INVALID_PCH=-Winvalid-pch
-- CMAKE_ASM_COMPILE_OPTIONS_PIC=-fPIC
-- CMAKE_ASM_COMPILE_OPTIONS_SYSROOT=--sysroot=
-- CMAKE_ASM_COMPILE_OPTIONS_USE_PCH=-include;<PCH_HEADER>
-- CMAKE_ASM_CREATE_ASSEMBLY_SOURCE=<CMAKE_ASM_COMPILER> <DEFINES> <INCLUDES> <FLAGS> -S <SOURCE> -o <ASSEMBLY_SOURCE>
-- CMAKE_ASM_CREATE_PREPROCESSED_SOURCE=<CMAKE_ASM_COMPILER> <DEFINES> <INCLUDES> <FLAGS> -E <SOURCE> > <PREPROCESSED_SOURCE>
-- CMAKE_ASM_CREATE_STATIC_LIBRARY=<CMAKE_AR> cr <TARGET> <LINK_FLAGS> <OBJECTS> ;<CMAKE_RANLIB> <TARGET>
-- CMAKE_ASM_FLAGS=-mlongcalls 
-- CMAKE_ASM_FLAGS_DEBUG=-g
-- CMAKE_ASM_FLAGS_DEBUG_INIT= -g
-- CMAKE_ASM_FLAGS_INIT=  
-- CMAKE_ASM_FLAGS_MINSIZEREL=-Os -DNDEBUG
-- CMAKE_ASM_FLAGS_MINSIZEREL_INIT= -Os -DNDEBUG
-- CMAKE_ASM_FLAGS_RELEASE=-O3 -DNDEBUG
-- CMAKE_ASM_FLAGS_RELEASE_INIT= -O3 -DNDEBUG
-- CMAKE_ASM_FLAGS_RELWITHDEBINFO=-O2 -g -DNDEBUG
-- CMAKE_ASM_FLAGS_RELWITHDEBINFO_INIT= -O2 -g -DNDEBUG
-- CMAKE_ASM_IGNORE_EXTENSIONS=h;H;o;O;obj;OBJ;def;DEF;rc;RC
-- CMAKE_ASM_INFOMATION_LOADED=1
-- CMAKE_ASM_LINKER_PREFERENCE=0
-- CMAKE_ASM_LINKER_WRAPPER_FLAG=-Wl,
-- CMAKE_ASM_LINKER_WRAPPER_FLAG_SEP=,
-- CMAKE_ASM_LINK_EXECUTABLE=<CMAKE_ASM_COMPILER> <FLAGS> <CMAKE_ASM_LINK_FLAGS> <LINK_FLAGS> <OBJECTS> -o <TARGET> <LINK_LIBRARIES>
-- CMAKE_ASM_OUTPUT_EXTENSION=.obj
-- CMAKE_ASM_SOURCE_FILE_EXTENSIONS=s;S;asm
-- CMAKE_ASM_VERBOSE_FLAG=-v
-- CMAKE_AUTOGEN_ORIGIN_DEPENDS=ON
-- CMAKE_AUTOMOC_COMPILER_PREDEFINES=ON
-- CMAKE_AUTOMOC_MACRO_NAMES=Q_OBJECT;Q_GADGET;Q_NAMESPACE;Q_NAMESPACE_EXPORT
-- CMAKE_AUTOMOC_PATH_PREFIX=OFF
-- CMAKE_BASE_NAME=xtensa-esp32-elf-gcc
-- CMAKE_BINARY_DIR=D:/Arduino/Projects/KaRadio32_4/build
-- CMAKE_BUILD_TOOL=C:/Esp/tools/ninja/1.10.2/ninja.exe
-- CMAKE_BUILD_TYPE=
-- CMAKE_C11_COMPILE_FEATURES=c_std_11;c_static_assert
-- CMAKE_C11_EXTENSION_COMPILE_OPTION=-std=gnu11
-- CMAKE_C11_STANDARD_COMPILE_OPTION=-std=c11
-- CMAKE_C11_STANDARD__HAS_FULL_SUPPORT=ON
-- CMAKE_C17_COMPILE_FEATURES=c_std_17
-- CMAKE_C17_EXTENSION_COMPILE_OPTION=-std=gnu17
-- CMAKE_C17_STANDARD_COMPILE_OPTION=-std=c17
-- CMAKE_C23_COMPILE_FEATURES=
-- CMAKE_C90_COMPILE_FEATURES=c_std_90;c_function_prototypes
-- CMAKE_C90_EXTENSION_COMPILE_OPTION=-std=gnu90
-- CMAKE_C90_STANDARD_COMPILE_OPTION=-std=c90
-- CMAKE_C90_STANDARD__HAS_FULL_SUPPORT=ON
-- CMAKE_C99_COMPILE_FEATURES=c_std_99;c_restrict;c_variadic_macros
-- CMAKE_C99_EXTENSION_COMPILE_OPTION=-std=gnu99
-- CMAKE_C99_STANDARD_COMPILE_OPTION=-std=c99
-- CMAKE_C99_STANDARD__HAS_FULL_SUPPORT=ON
-- CMAKE_CACHEFILE_DIR=d:/Arduino/Projects/KaRadio32_4/build
-- CMAKE_CACHE_MAJOR_VERSION=3
-- CMAKE_CACHE_MINOR_VERSION=23
-- CMAKE_CACHE_PATCH_VERSION=1
-- CMAKE_CFG_INTDIR=.
-- CMAKE_COMMAND=C:/Esp/tools/cmake/3.23.1/bin/cmake.exe
-- CMAKE_COMPILER_IS_GNUCC=1
-- CMAKE_COMPILER_IS_GNUCXX=1
-- CMAKE_CPACK_COMMAND=C:/Esp/tools/cmake/3.23.1/bin/cpack.exe
-- CMAKE_CROSSCOMPILING=TRUE
-- CMAKE_CTEST_COMMAND=C:/Esp/tools/cmake/3.23.1/bin/ctest.exe
-- CMAKE_CURRENT_BINARY_DIR=D:/Arduino/Projects/KaRadio32_4/build/esp-idf/wolfssl
-- CMAKE_CURRENT_LIST_DIR=D:/Arduino/Projects/KaRadio32_4/components/wolfssl
-- CMAKE_CURRENT_LIST_FILE=D:/Arduino/Projects/KaRadio32_4/components/wolfssl/CMakeLists.txt
-- CMAKE_CURRENT_SOURCE_DIR=.
-- CMAKE_CXX11_COMPILE_FEATURES=cxx_std_11;cxx_alias_templates;cxx_alignas;cxx_alignof;cxx_attributes;cxx_auto_type;cxx_constexpr;cxx_decltype;cxx_decltype_incomplete_return_types;cxx_default_function_template_args;cxx_defaulted_functions;cxx_defaulted_move_initializers;cxx_delegating_constructors;cxx_deleted_functions;cxx_enum_forward_declarations;cxx_explicit_conversions;cxx_extended_friend_declarations;cxx_extern_templates;cxx_final;cxx_func_identifier;cxx_generalized_initializers;cxx_inheriting_constructors;cxx_inline_namespaces;cxx_lambdas;cxx_local_type_template_args;cxx_long_long_type;cxx_noexcept;cxx_nonstatic_member_init;cxx_nullptr;cxx_override;cxx_range_for;cxx_raw_string_literals;cxx_reference_qualified_functions;cxx_right_angle_brackets;cxx_rvalue_references;cxx_sizeof_member;cxx_static_assert;cxx_strong_enums;cxx_thread_local;cxx_trailing_return_types;cxx_unicode_literals;cxx_uniform_initialization;cxx_unrestricted_unions;cxx_user_literals;cxx_variadic_macros;cxx_variadic_templates
-- CMAKE_CXX11_EXTENSION_COMPILE_OPTION=-std=gnu++11
-- CMAKE_CXX11_STANDARD_COMPILE_OPTION=-std=c++11
-- CMAKE_CXX11_STANDARD__HAS_FULL_SUPPORT=ON
-- CMAKE_CXX14_COMPILE_FEATURES=cxx_std_14;cxx_aggregate_default_initializers;cxx_attribute_deprecated;cxx_binary_literals;cxx_contextual_conversions;cxx_decltype_auto;cxx_digit_separators;cxx_generic_lambdas;cxx_lambda_init_captures;cxx_relaxed_constexpr;cxx_return_type_deduction;cxx_variable_templates
-- CMAKE_CXX14_EXTENSION_COMPILE_OPTION=-std=gnu++14
-- CMAKE_CXX14_STANDARD_COMPILE_OPTION=-std=c++14
-- CMAKE_CXX14_STANDARD__HAS_FULL_SUPPORT=ON
-- CMAKE_CXX17_COMPILE_FEATURES=cxx_std_17
-- CMAKE_CXX17_EXTENSION_COMPILE_OPTION=-std=gnu++17
-- CMAKE_CXX17_STANDARD_COMPILE_OPTION=-std=c++17
-- CMAKE_CXX20_COMPILE_FEATURES=cxx_std_20
-- CMAKE_CXX20_EXTENSION_COMPILE_OPTION=-std=gnu++2a
-- CMAKE_CXX20_STANDARD_COMPILE_OPTION=-std=c++2a
-- CMAKE_CXX23_COMPILE_FEATURES=
-- CMAKE_CXX98_COMPILE_FEATURES=cxx_std_98;cxx_template_template_parameters
-- CMAKE_CXX98_EXTENSION_COMPILE_OPTION=-std=gnu++98
-- CMAKE_CXX98_STANDARD_COMPILE_OPTION=-std=c++98
-- CMAKE_CXX98_STANDARD__HAS_FULL_SUPPORT=ON
-- CMAKE_CXX_ABI_COMPILED=TRUE
-- CMAKE_CXX_ARCHIVE_APPEND=<CMAKE_AR> q <TARGET> <LINK_FLAGS> <OBJECTS>
-- CMAKE_CXX_ARCHIVE_APPEND_IPO="C:/Esp/tools/xtensa-esp32-elf/esp-2021r2-patch5-8.4.0/xtensa-esp32-elf/bin/xtensa-esp32-elf-gcc-ar.exe" r <TARGET> <LINK_FLAGS> <OBJECTS>
-- CMAKE_CXX_ARCHIVE_CREATE=<CMAKE_AR> qc <TARGET> <LINK_FLAGS> <OBJECTS>
-- CMAKE_CXX_ARCHIVE_CREATE_IPO="C:/Esp/tools/xtensa-esp32-elf/esp-2021r2-patch5-8.4.0/xtensa-esp32-elf/bin/xtensa-esp32-elf-gcc-ar.exe" cr <TARGET> <LINK_FLAGS> <OBJECTS>
-- CMAKE_CXX_ARCHIVE_FINISH=<CMAKE_RANLIB> <TARGET>
-- CMAKE_CXX_ARCHIVE_FINISH_IPO="C:/Esp/tools/xtensa-esp32-elf/esp-2021r2-patch5-8.4.0/xtensa-esp32-elf/bin/xtensa-esp32-elf-gcc-ranlib.exe" <TARGET>
-- CMAKE_CXX_BYTE_ORDER=LITTLE_ENDIAN
-- CMAKE_CXX_CL_SHOWINCLUDES_PREFIX=
-- CMAKE_CXX_COMPILER=C:/Esp/tools/xtensa-esp32-elf/esp-2021r2-patch5-8.4.0/xtensa-esp32-elf/bin/xtensa-esp32-elf-g++.exe
-- CMAKE_CXX_COMPILER_ABI=ELF
-- CMAKE_CXX_COMPILER_AR=C:/Esp/tools/xtensa-esp32-elf/esp-2021r2-patch5-8.4.0/xtensa-esp32-elf/bin/xtensa-esp32-elf-gcc-ar.exe
-- CMAKE_CXX_COMPILER_AR=C:/Esp/tools/xtensa-esp32-elf/esp-2021r2-patch5-8.4.0/xtensa-esp32-elf/bin/xtensa-esp32-elf-gcc-ar.exe
-- CMAKE_CXX_COMPILER_ARG1=
-- CMAKE_CXX_COMPILER_ENV_VAR=CXX
-- CMAKE_CXX_COMPILER_FRONTEND_VARIANT=
-- CMAKE_CXX_COMPILER_ID=GNU
-- CMAKE_CXX_COMPILER_ID_RUN=1
-- CMAKE_CXX_COMPILER_LOADED=1
-- CMAKE_CXX_COMPILER_PREDEFINES_COMMAND=C:/Esp/tools/xtensa-esp32-elf/esp-2021r2-patch5-8.4.0/xtensa-esp32-elf/bin/xtensa-esp32-elf-g++.exe;-dM;-E;-c;C:/Esp/tools/cmake/3.23.1/share/cmake-3.23/Modules/CMakeCXXCompilerABI.cpp
-- CMAKE_CXX_COMPILER_RANLIB=C:/Esp/tools/xtensa-esp32-elf/esp-2021r2-patch5-8.4.0/xtensa-esp32-elf/bin/xtensa-esp32-elf-gcc-ranlib.exe
-- CMAKE_CXX_COMPILER_RANLIB=C:/Esp/tools/xtensa-esp32-elf/esp-2021r2-patch5-8.4.0/xtensa-esp32-elf/bin/xtensa-esp32-elf-gcc-ranlib.exe
-- CMAKE_CXX_COMPILER_VERSION=8.4.0
-- CMAKE_CXX_COMPILER_VERSION_INTERNAL=
-- CMAKE_CXX_COMPILER_WORKS=TRUE
-- CMAKE_CXX_COMPILER_WRAPPER=
-- CMAKE_CXX_COMPILE_FEATURES=cxx_std_98;cxx_template_template_parameters;cxx_std_11;cxx_alias_templates;cxx_alignas;cxx_alignof;cxx_attributes;cxx_auto_type;cxx_constexpr;cxx_decltype;cxx_decltype_incomplete_return_types;cxx_default_function_template_args;cxx_defaulted_functions;cxx_defaulted_move_initializers;cxx_delegating_constructors;cxx_deleted_functions;cxx_enum_forward_declarations;cxx_explicit_conversions;cxx_extended_friend_declarations;cxx_extern_templates;cxx_final;cxx_func_identifier;cxx_generalized_initializers;cxx_inheriting_constructors;cxx_inline_namespaces;cxx_lambdas;cxx_local_type_template_args;cxx_long_long_type;cxx_noexcept;cxx_nonstatic_member_init;cxx_nullptr;cxx_override;cxx_range_for;cxx_raw_string_literals;cxx_reference_qualified_functions;cxx_right_angle_brackets;cxx_rvalue_references;cxx_sizeof_member;cxx_static_assert;cxx_strong_enums;cxx_thread_local;cxx_trailing_return_types;cxx_unicode_literals;cxx_uniform_initialization;cxx_unrestricted_unions;cxx_user_literals;cxx_variadic_macros;cxx_variadic_templates;cxx_std_14;cxx_aggregate_default_initializers;cxx_attribute_deprecated;cxx_binary_literals;cxx_contextual_conversions;cxx_decltype_auto;cxx_digit_separators;cxx_generic_lambdas;cxx_lambda_init_captures;cxx_relaxed_constexpr;cxx_return_type_deduction;cxx_variable_templates;cxx_std_17;cxx_std_20
-- CMAKE_CXX_COMPILE_OBJECT=<CMAKE_CXX_COMPILER> <DEFINES> <INCLUDES> <FLAGS> -o <OBJECT> -c <SOURCE>
-- CMAKE_CXX_COMPILE_OPTIONS_CREATE_PCH=-x;c++-header;-include;<PCH_HEADER>
-- CMAKE_CXX_COMPILE_OPTIONS_EXPLICIT_LANGUAGE=-x;c++
-- CMAKE_CXX_COMPILE_OPTIONS_INVALID_PCH=-Winvalid-pch
-- CMAKE_CXX_COMPILE_OPTIONS_IPO=-flto;-fno-fat-lto-objects
-- CMAKE_CXX_COMPILE_OPTIONS_PIC=-fPIC
-- CMAKE_CXX_COMPILE_OPTIONS_PIE=-fPIE
-- CMAKE_CXX_COMPILE_OPTIONS_SYSROOT=--sysroot=
-- CMAKE_CXX_COMPILE_OPTIONS_USE_PCH=-include;<PCH_HEADER>
-- CMAKE_CXX_COMPILE_OPTIONS_VISIBILITY=-fvisibility=
-- CMAKE_CXX_COMPILE_OPTIONS_VISIBILITY_INLINES_HIDDEN=-fvisibility-inlines-hidden
-- CMAKE_CXX_CREATE_ASSEMBLY_SOURCE=<CMAKE_CXX_COMPILER> <DEFINES> <INCLUDES> <FLAGS> -S <SOURCE> -o <ASSEMBLY_SOURCE>
-- CMAKE_CXX_CREATE_PREPROCESSED_SOURCE=<CMAKE_CXX_COMPILER> <DEFINES> <INCLUDES> <FLAGS> -E <SOURCE> > <PREPROCESSED_SOURCE>
-- CMAKE_CXX_CREATE_SHARED_LIBRARY=<CMAKE_CXX_COMPILER> <CMAKE_SHARED_LIBRARY_CXX_FLAGS> <LANGUAGE_COMPILE_FLAGS> <LINK_FLAGS> <CMAKE_SHARED_LIBRARY_CREATE_CXX_FLAGS> <SONAME_FLAG><TARGET_SONAME> -o <TARGET> <OBJECTS> <LINK_LIBRARIES>
-- CMAKE_CXX_CREATE_SHARED_MODULE=<CMAKE_CXX_COMPILER> <CMAKE_SHARED_LIBRARY_CXX_FLAGS> <LANGUAGE_COMPILE_FLAGS> <LINK_FLAGS> <CMAKE_SHARED_LIBRARY_CREATE_CXX_FLAGS> <SONAME_FLAG><TARGET_SONAME> -o <TARGET> <OBJECTS> <LINK_LIBRARIES>
-- CMAKE_CXX_EXTENSIONS_COMPUTED_DEFAULT=ON
-- CMAKE_CXX_EXTENSIONS_DEFAULT=ON
-- CMAKE_CXX_FLAGS=-mlongcalls -Wno-frame-address  -DWOLFSSL_USER_SETTINGS
-- CMAKE_CXX_FLAGS=-mlongcalls -Wno-frame-address  -DWOLFSSL_USER_SETTINGS
-- CMAKE_CXX_FLAGS_DEBUG=-g
-- CMAKE_CXX_FLAGS_DEBUG_INIT= -g
-- CMAKE_CXX_FLAGS_INIT=  
-- CMAKE_CXX_FLAGS_MINSIZEREL=-Os -DNDEBUG
-- CMAKE_CXX_FLAGS_MINSIZEREL_INIT= -Os -DNDEBUG
-- CMAKE_CXX_FLAGS_RELEASE=-O3 -DNDEBUG
-- CMAKE_CXX_FLAGS_RELEASE_INIT= -O3 -DNDEBUG
-- CMAKE_CXX_FLAGS_RELWITHDEBINFO=-O2 -g -DNDEBUG
-- CMAKE_CXX_FLAGS_RELWITHDEBINFO_INIT= -O2 -g -DNDEBUG
-- CMAKE_CXX_IGNORE_EXTENSIONS=inl;h;hpp;HPP;H;o;O;obj;OBJ;def;DEF;rc;RC
-- CMAKE_CXX_IMPLICIT_INCLUDE_DIRECTORIES=C:/Esp/tools/xtensa-esp32-elf/esp-2021r2-patch5-8.4.0/xtensa-esp32-elf/xtensa-esp32-elf/include/c++/8.4.0;C:/Esp/tools/xtensa-esp32-elf/esp-2021r2-patch5-8.4.0/xtensa-esp32-elf/xtensa-esp32-elf/include/c++/8.4.0/xtensa-esp32-elf;C:/Esp/tools/xtensa-esp32-elf/esp-2021r2-patch5-8.4.0/xtensa-esp32-elf/xtensa-esp32-elf/include/c++/8.4.0/backward;C:/Esp/tools/xtensa-esp32-elf/esp-2021r2-patch5-8.4.0/xtensa-esp32-elf/lib/gcc/xtensa-esp32-elf/8.4.0/include;C:/Esp/tools/xtensa-esp32-elf/esp-2021r2-patch5-8.4.0/xtensa-esp32-elf/lib/gcc/xtensa-esp32-elf/8.4.0/include-fixed;C:/Esp/tools/xtensa-esp32-elf/esp-2021r2-patch5-8.4.0/xtensa-esp32-elf/xtensa-esp32-elf/sys-include;C:/Esp/tools/xtensa-esp32-elf/esp-2021r2-patch5-8.4.0/xtensa-esp32-elf/xtensa-esp32-elf/include
-- CMAKE_CXX_IMPLICIT_LINK_DIRECTORIES=C:/Esp/tools/xtensa-esp32-elf/esp-2021r2-patch5-8.4.0/xtensa-esp32-elf/lib/gcc/xtensa-esp32-elf/8.4.0;C:/Esp/tools/xtensa-esp32-elf/esp-2021r2-patch5-8.4.0/xtensa-esp32-elf/lib/gcc;C:/Esp/tools/xtensa-esp32-elf/esp-2021r2-patch5-8.4.0/xtensa-esp32-elf/xtensa-esp32-elf/lib
-- CMAKE_CXX_IMPLICIT_LINK_FRAMEWORK_DIRECTORIES=
-- CMAKE_CXX_IMPLICIT_LINK_LIBRARIES=stdc++;m;gcc;c;nosys;c;gcc
-- CMAKE_CXX_INFORMATION_LOADED=1
-- CMAKE_CXX_LIBRARY_ARCHITECTURE=
-- CMAKE_CXX_LINKER_PREFERENCE=30
-- CMAKE_CXX_LINKER_PREFERENCE_PROPAGATES=1
-- CMAKE_CXX_LINKER_WRAPPER_FLAG=-Wl,
-- CMAKE_CXX_LINKER_WRAPPER_FLAG_SEP=,
-- CMAKE_CXX_LINK_EXECUTABLE=<CMAKE_CXX_COMPILER> <FLAGS> <CMAKE_CXX_LINK_FLAGS> <LINK_FLAGS> <OBJECTS> -o <TARGET> <LINK_LIBRARIES>
-- CMAKE_CXX_LINK_OPTIONS_NO_PIE=-no-pie
-- CMAKE_CXX_LINK_OPTIONS_PIE=-fPIE;-pie
-- CMAKE_CXX_LINK_WHAT_YOU_USE_FLAG=LINKER:--no-as-needed
-- CMAKE_CXX_OUTPUT_EXTENSION=.obj
-- CMAKE_CXX_PLATFORM_ID=
-- CMAKE_CXX_SIMULATE_ID=
-- CMAKE_CXX_SIMULATE_VERSION=
-- CMAKE_CXX_SIZEOF_DATA_PTR=4
-- CMAKE_CXX_SOURCE_FILE_EXTENSIONS=C;M;c++;cc;cpp;cxx;mm;mpp;CPP;ixx;cppm
-- CMAKE_CXX_STANDARD_COMPUTED_DEFAULT=14
-- CMAKE_CXX_STANDARD_DEFAULT=14
-- CMAKE_CXX_VERBOSE_FLAG=-v
-- CMAKE_C_ABI_COMPILED=TRUE
-- CMAKE_C_ARCHIVE_APPEND=<CMAKE_AR> q <TARGET> <LINK_FLAGS> <OBJECTS>
-- CMAKE_C_ARCHIVE_APPEND_IPO="C:/Esp/tools/xtensa-esp32-elf/esp-2021r2-patch5-8.4.0/xtensa-esp32-elf/bin/xtensa-esp32-elf-gcc-ar.exe" r <TARGET> <LINK_FLAGS> <OBJECTS>
-- CMAKE_C_ARCHIVE_CREATE=<CMAKE_AR> qc <TARGET> <LINK_FLAGS> <OBJECTS>
-- CMAKE_C_ARCHIVE_CREATE_IPO="C:/Esp/tools/xtensa-esp32-elf/esp-2021r2-patch5-8.4.0/xtensa-esp32-elf/bin/xtensa-esp32-elf-gcc-ar.exe" cr <TARGET> <LINK_FLAGS> <OBJECTS>
-- CMAKE_C_ARCHIVE_FINISH=<CMAKE_RANLIB> <TARGET>
-- CMAKE_C_ARCHIVE_FINISH_IPO="C:/Esp/tools/xtensa-esp32-elf/esp-2021r2-patch5-8.4.0/xtensa-esp32-elf/bin/xtensa-esp32-elf-gcc-ranlib.exe" <TARGET>
-- CMAKE_C_BYTE_ORDER=LITTLE_ENDIAN
-- CMAKE_C_CL_SHOWINCLUDES_PREFIX=
-- CMAKE_C_COMPILER=C:/Esp/tools/xtensa-esp32-elf/esp-2021r2-patch5-8.4.0/xtensa-esp32-elf/bin/xtensa-esp32-elf-gcc.exe
-- CMAKE_C_COMPILER_ABI=ELF
-- CMAKE_C_COMPILER_AR=C:/Esp/tools/xtensa-esp32-elf/esp-2021r2-patch5-8.4.0/xtensa-esp32-elf/bin/xtensa-esp32-elf-gcc-ar.exe
-- CMAKE_C_COMPILER_AR=C:/Esp/tools/xtensa-esp32-elf/esp-2021r2-patch5-8.4.0/xtensa-esp32-elf/bin/xtensa-esp32-elf-gcc-ar.exe
-- CMAKE_C_COMPILER_ARG1=
-- CMAKE_C_COMPILER_ENV_VAR=CC
-- CMAKE_C_COMPILER_FRONTEND_VARIANT=
-- CMAKE_C_COMPILER_ID=GNU
-- CMAKE_C_COMPILER_ID_RUN=1
-- CMAKE_C_COMPILER_LOADED=1
-- CMAKE_C_COMPILER_PREDEFINES_COMMAND=C:/Esp/tools/xtensa-esp32-elf/esp-2021r2-patch5-8.4.0/xtensa-esp32-elf/bin/xtensa-esp32-elf-gcc.exe;-dM;-E;-c;C:/Esp/tools/cmake/3.23.1/share/cmake-3.23/Modules/CMakeCXXCompilerABI.cpp
-- CMAKE_C_COMPILER_RANLIB=C:/Esp/tools/xtensa-esp32-elf/esp-2021r2-patch5-8.4.0/xtensa-esp32-elf/bin/xtensa-esp32-elf-gcc-ranlib.exe
-- CMAKE_C_COMPILER_RANLIB=C:/Esp/tools/xtensa-esp32-elf/esp-2021r2-patch5-8.4.0/xtensa-esp32-elf/bin/xtensa-esp32-elf-gcc-ranlib.exe
-- CMAKE_C_COMPILER_VERSION=8.4.0
-- CMAKE_C_COMPILER_VERSION_INTERNAL=
-- CMAKE_C_COMPILER_WORKS=TRUE
-- CMAKE_C_COMPILER_WRAPPER=
-- CMAKE_C_COMPILE_FEATURES=c_std_90;c_function_prototypes;c_std_99;c_restrict;c_variadic_macros;c_std_11;c_static_assert;c_std_17
-- CMAKE_C_COMPILE_OBJECT=<CMAKE_C_COMPILER> <DEFINES> <INCLUDES> <FLAGS> -o <OBJECT> -c <SOURCE>
-- CMAKE_C_COMPILE_OPTIONS_CREATE_PCH=-x;c-header;-include;<PCH_HEADER>
-- CMAKE_C_COMPILE_OPTIONS_EXPLICIT_LANGUAGE=-x;c
-- CMAKE_C_COMPILE_OPTIONS_INVALID_PCH=-Winvalid-pch
-- CMAKE_C_COMPILE_OPTIONS_IPO=-flto;-fno-fat-lto-objects
-- CMAKE_C_COMPILE_OPTIONS_PIC=-fPIC
-- CMAKE_C_COMPILE_OPTIONS_PIE=-fPIE
-- CMAKE_C_COMPILE_OPTIONS_SYSROOT=--sysroot=
-- CMAKE_C_COMPILE_OPTIONS_USE_PCH=-include;<PCH_HEADER>
-- CMAKE_C_COMPILE_OPTIONS_VISIBILITY=-fvisibility=
-- CMAKE_C_CREATE_ASSEMBLY_SOURCE=<CMAKE_C_COMPILER> <DEFINES> <INCLUDES> <FLAGS> -S <SOURCE> -o <ASSEMBLY_SOURCE>
-- CMAKE_C_CREATE_PREPROCESSED_SOURCE=<CMAKE_C_COMPILER> <DEFINES> <INCLUDES> <FLAGS> -E <SOURCE> > <PREPROCESSED_SOURCE>
-- CMAKE_C_CREATE_SHARED_LIBRARY=<CMAKE_C_COMPILER> <CMAKE_SHARED_LIBRARY_C_FLAGS> <LANGUAGE_COMPILE_FLAGS> <LINK_FLAGS> <CMAKE_SHARED_LIBRARY_CREATE_C_FLAGS> <SONAME_FLAG><TARGET_SONAME> -o <TARGET> <OBJECTS> <LINK_LIBRARIES>
-- CMAKE_C_CREATE_SHARED_MODULE=<CMAKE_C_COMPILER> <CMAKE_SHARED_LIBRARY_C_FLAGS> <LANGUAGE_COMPILE_FLAGS> <LINK_FLAGS> <CMAKE_SHARED_LIBRARY_CREATE_C_FLAGS> <SONAME_FLAG><TARGET_SONAME> -o <TARGET> <OBJECTS> <LINK_LIBRARIES>
-- CMAKE_C_EXTENSIONS_COMPUTED_DEFAULT=ON
-- CMAKE_C_EXTENSIONS_DEFAULT=ON
-- CMAKE_C_FLAGS=-mlongcalls -Wno-frame-address  -DWOLFSSL_USER_SETTINGS -DWOLFSSL_CMAKE_REQUIRED_ESP_TLS=1
-- CMAKE_C_FLAGS=-mlongcalls -Wno-frame-address  -DWOLFSSL_USER_SETTINGS -DWOLFSSL_CMAKE_REQUIRED_ESP_TLS=1
-- CMAKE_C_FLAGS_DEBUG=-g
-- CMAKE_C_FLAGS_DEBUG_INIT= -g
-- CMAKE_C_FLAGS_INIT=  
-- CMAKE_C_FLAGS_MINSIZEREL=-Os -DNDEBUG
-- CMAKE_C_FLAGS_MINSIZEREL_INIT= -Os -DNDEBUG
-- CMAKE_C_FLAGS_RELEASE=-O3 -DNDEBUG
-- CMAKE_C_FLAGS_RELEASE_INIT= -O3 -DNDEBUG
-- CMAKE_C_FLAGS_RELWITHDEBINFO=-O2 -g -DNDEBUG
-- CMAKE_C_FLAGS_RELWITHDEBINFO_INIT= -O2 -g -DNDEBUG
-- CMAKE_C_IGNORE_EXTENSIONS=h;H;o;O;obj;OBJ;def;DEF;rc;RC
-- CMAKE_C_IMPLICIT_INCLUDE_DIRECTORIES=C:/Esp/tools/xtensa-esp32-elf/esp-2021r2-patch5-8.4.0/xtensa-esp32-elf/lib/gcc/xtensa-esp32-elf/8.4.0/include;C:/Esp/tools/xtensa-esp32-elf/esp-2021r2-patch5-8.4.0/xtensa-esp32-elf/lib/gcc/xtensa-esp32-elf/8.4.0/include-fixed;C:/Esp/tools/xtensa-esp32-elf/esp-2021r2-patch5-8.4.0/xtensa-esp32-elf/xtensa-esp32-elf/sys-include;C:/Esp/tools/xtensa-esp32-elf/esp-2021r2-patch5-8.4.0/xtensa-esp32-elf/xtensa-esp32-elf/include
-- CMAKE_C_IMPLICIT_LINK_DIRECTORIES=C:/Esp/tools/xtensa-esp32-elf/esp-2021r2-patch5-8.4.0/xtensa-esp32-elf/lib/gcc/xtensa-esp32-elf/8.4.0;C:/Esp/tools/xtensa-esp32-elf/esp-2021r2-patch5-8.4.0/xtensa-esp32-elf/lib/gcc;C:/Esp/tools/xtensa-esp32-elf/esp-2021r2-patch5-8.4.0/xtensa-esp32-elf/xtensa-esp32-elf/lib
-- CMAKE_C_IMPLICIT_LINK_FRAMEWORK_DIRECTORIES=
-- CMAKE_C_IMPLICIT_LINK_LIBRARIES=gcc;c;nosys;c;gcc
-- CMAKE_C_INFORMATION_LOADED=1
-- CMAKE_C_LIBRARY_ARCHITECTURE=
-- CMAKE_C_LINKER_PREFERENCE=10
-- CMAKE_C_LINKER_WRAPPER_FLAG=-Wl,
-- CMAKE_C_LINKER_WRAPPER_FLAG_SEP=,
-- CMAKE_C_LINK_EXECUTABLE=<CMAKE_C_COMPILER> <FLAGS> <CMAKE_C_LINK_FLAGS> <LINK_FLAGS> <OBJECTS> -o <TARGET> <LINK_LIBRARIES>
-- CMAKE_C_LINK_OPTIONS_NO_PIE=-no-pie
-- CMAKE_C_LINK_OPTIONS_PIE=-fPIE;-pie
-- CMAKE_C_LINK_WHAT_YOU_USE_FLAG=LINKER:--no-as-needed
-- CMAKE_C_OUTPUT_EXTENSION=.obj
-- CMAKE_C_PLATFORM_ID=
-- CMAKE_C_SIMULATE_ID=
-- CMAKE_C_SIMULATE_VERSION=
-- CMAKE_C_SIZEOF_DATA_PTR=4
-- CMAKE_C_SOURCE_FILE_EXTENSIONS=c;m
-- CMAKE_C_STANDARD_COMPUTED_DEFAULT=17
-- CMAKE_C_STANDARD_DEFAULT=17
-- CMAKE_C_VERBOSE_FLAG=-v
-- CMAKE_DEPFILE_FLAGS_ASM=-MD -MT <DEP_TARGET> -MF <DEP_FILE>
-- CMAKE_DEPFILE_FLAGS_C=-MD -MT <DEP_TARGET> -MF <DEP_FILE>
-- CMAKE_DEPFILE_FLAGS_CXX=-MD -MT <DEP_TARGET> -MF <DEP_FILE>
-- CMAKE_DLLTOOL=CMAKE_DLLTOOL-NOTFOUND
-- CMAKE_DL_LIBS=dl
-- CMAKE_EDIT_COMMAND=C:/Esp/tools/cmake/3.23.1/bin/cmake-gui.exe
-- CMAKE_EFFECTIVE_SYSTEM_NAME=Generic
-- CMAKE_EXECUTABLE_FORMAT=ELF
-- CMAKE_EXECUTABLE_SUFFIX=
-- CMAKE_EXE_LINKER_FLAGS=
-- CMAKE_EXE_LINKER_FLAGS_DEBUG=
-- CMAKE_EXE_LINKER_FLAGS_INIT=  
-- CMAKE_EXE_LINKER_FLAGS_MINSIZEREL=
-- CMAKE_EXE_LINKER_FLAGS_RELEASE=
-- CMAKE_EXE_LINKER_FLAGS_RELWITHDEBINFO=
-- CMAKE_EXPORT_COMPILE_COMMANDS=ON
-- CMAKE_EXPORT_COMPILE_COMMANDS=ON
-- CMAKE_EXTRA_GENERATOR=
-- CMAKE_FILES_DIRECTORY=/CMakeFiles
-- CMAKE_FIND_LIBRARY_PREFIXES=lib
-- CMAKE_FIND_LIBRARY_SUFFIXES=.so;.a
-- CMAKE_GENERATOR=Ninja
-- CMAKE_GENERATOR_INSTANCE=
-- CMAKE_GENERATOR_PLATFORM=
-- CMAKE_GENERATOR_TOOLSET=
-- CMAKE_HOME_DIRECTORY=D:/Arduino/Projects/KaRadio32_4
-- CMAKE_HOST_SYSTEM=Windows-10.0.22631
-- CMAKE_HOST_SYSTEM_NAME=Windows
-- CMAKE_HOST_SYSTEM_PROCESSOR=AMD64
-- CMAKE_HOST_SYSTEM_VERSION=10.0.22631
-- CMAKE_HOST_WIN32=1
-- CMAKE_INCLUDE_FLAG_ASM=-I
-- CMAKE_INCLUDE_FLAG_C=-I
-- CMAKE_INCLUDE_FLAG_CXX=-I
-- CMAKE_INCLUDE_SYSTEM_FLAG_ASM=-isystem 
-- CMAKE_INCLUDE_SYSTEM_FLAG_C=-isystem 
-- CMAKE_INCLUDE_SYSTEM_FLAG_CXX=-isystem 
-- CMAKE_INSTALL_BINDIR=bin
-- CMAKE_INSTALL_DATADIR=
-- CMAKE_INSTALL_DATAROOTDIR=share
-- CMAKE_INSTALL_DEFAULT_COMPONENT_NAME=Unspecified
-- CMAKE_INSTALL_DOCDIR=
-- CMAKE_INSTALL_INCLUDEDIR=include
-- CMAKE_INSTALL_INFODIR=
-- CMAKE_INSTALL_LIBDIR=lib
-- CMAKE_INSTALL_LIBEXECDIR=libexec
-- CMAKE_INSTALL_LOCALEDIR=
-- CMAKE_INSTALL_LOCALSTATEDIR=var
-- CMAKE_INSTALL_MANDIR=
-- CMAKE_INSTALL_OLDINCLUDEDIR=/usr/include
-- CMAKE_INSTALL_PREFIX=C:/Program Files (x86)/KaRadio32
-- CMAKE_INSTALL_RUNSTATEDIR=
-- CMAKE_INSTALL_SBINDIR=sbin
-- CMAKE_INSTALL_SHAREDSTATEDIR=com
-- CMAKE_INSTALL_SYSCONFDIR=etc
-- CMAKE_INTERNAL_PLATFORM_ABI=ELF
-- CMAKE_LIBRARY_PATH_FLAG=-L
-- CMAKE_LIBRARY_PATH_TERMINATOR=
-- CMAKE_LINKER=C:/Esp/tools/xtensa-esp32-elf/esp-2021r2-patch5-8.4.0/xtensa-esp32-elf/bin/xtensa-esp32-elf-ld.exe
-- CMAKE_LINKER=C:/Esp/tools/xtensa-esp32-elf/esp-2021r2-patch5-8.4.0/xtensa-esp32-elf/bin/xtensa-esp32-elf-ld.exe
-- CMAKE_LINK_LIBRARY_FLAG=-l
-- CMAKE_LINK_LIBRARY_SUFFIX=
-- CMAKE_LINK_WHAT_YOU_USE_CHECK=ldd;-u;-r
-- CMAKE_MAJOR_VERSION=3
-- CMAKE_MAKE_PROGRAM=C:/Esp/tools/ninja/1.10.2/ninja.exe
-- CMAKE_MATCH_0=
-- CMAKE_MATCH_COUNT=0
-- CMAKE_MINIMUM_REQUIRED_VERSION=3.16
-- CMAKE_MINOR_VERSION=23
-- CMAKE_MODULE_LINKER_FLAGS=
-- CMAKE_MODULE_LINKER_FLAGS_DEBUG=
-- CMAKE_MODULE_LINKER_FLAGS_INIT=  
-- CMAKE_MODULE_LINKER_FLAGS_MINSIZEREL=
-- CMAKE_MODULE_LINKER_FLAGS_RELEASE=
-- CMAKE_MODULE_LINKER_FLAGS_RELWITHDEBINFO=
-- CMAKE_MODULE_PATH=C:/Esp/frameworks/esp-idf-v4.4.8/tools/cmake;C:/Esp/frameworks/esp-idf-v4.4.8/tools/cmake/third_party
-- CMAKE_MT=
-- CMAKE_NM=C:/Esp/tools/xtensa-esp32-elf/esp-2021r2-patch5-8.4.0/xtensa-esp32-elf/bin/xtensa-esp32-elf-nm.exe
-- CMAKE_NUMBER_OF_MAKEFILES=112
-- CMAKE_OBJCOPY=C:/Esp/tools/xtensa-esp32-elf/esp-2021r2-patch5-8.4.0/xtensa-esp32-elf/bin/xtensa-esp32-elf-objcopy.exe
-- CMAKE_OBJDUMP=C:/Esp/tools/xtensa-esp32-elf/esp-2021r2-patch5-8.4.0/xtensa-esp32-elf/bin/xtensa-esp32-elf-objdump.exe
-- CMAKE_PARENT_LIST_FILE=D:/Arduino/Projects/KaRadio32_4/components/wolfssl/CMakeLists.txt
-- CMAKE_PATCH_VERSION=1
-- CMAKE_PCH_EXTENSION=.gch
-- CMAKE_PCH_PROLOGUE=#pragma GCC system_header
-- CMAKE_PLATFORM_INFO_DIR=D:/Arduino/Projects/KaRadio32_4/build/CMakeFiles/3.23.1
-- CMAKE_PLATFORM_INFO_INITIALIZED=1
-- CMAKE_PROJECT_DESCRIPTION=
-- CMAKE_PROJECT_HOMEPAGE_URL=
-- CMAKE_PROJECT_NAME=KaRadio32_C_BT
-- CMAKE_RANLIB=C:/Esp/tools/xtensa-esp32-elf/esp-2021r2-patch5-8.4.0/xtensa-esp32-elf/bin/xtensa-esp32-elf-ranlib.exe
-- CMAKE_RANLIB=C:/Esp/tools/xtensa-esp32-elf/esp-2021r2-patch5-8.4.0/xtensa-esp32-elf/bin/xtensa-esp32-elf-ranlib.exe
-- CMAKE_READELF=C:/Esp/tools/xtensa-esp32-elf/esp-2021r2-patch5-8.4.0/xtensa-esp32-elf/bin/xtensa-esp32-elf-readelf.exe
-- CMAKE_ROOT=C:/Esp/tools/cmake/3.23.1/share/cmake-3.23
-- CMAKE_SHARED_LIBRARY_ASM_FLAGS=-fPIC
-- CMAKE_SHARED_LIBRARY_CREATE_ASM_FLAGS=-shared
-- CMAKE_SHARED_LIBRARY_CREATE_CXX_FLAGS=-shared
-- CMAKE_SHARED_LIBRARY_CREATE_C_FLAGS=-shared
-- CMAKE_SHARED_LIBRARY_CXX_FLAGS=-fPIC
-- CMAKE_SHARED_LIBRARY_C_FLAGS=-fPIC
-- CMAKE_SHARED_LIBRARY_LINK_C_FLAGS=
-- CMAKE_SHARED_LIBRARY_PREFIX=lib
-- CMAKE_SHARED_LIBRARY_RUNTIME_C_FLAG=
-- CMAKE_SHARED_LIBRARY_RUNTIME_C_FLAG_SEP=
-- CMAKE_SHARED_LIBRARY_SUFFIX=.so
-- CMAKE_SHARED_LINKER_FLAGS=
-- CMAKE_SHARED_LINKER_FLAGS_DEBUG=
-- CMAKE_SHARED_LINKER_FLAGS_INIT=  
-- CMAKE_SHARED_LINKER_FLAGS_MINSIZEREL=
-- CMAKE_SHARED_LINKER_FLAGS_RELEASE=
-- CMAKE_SHARED_LINKER_FLAGS_RELWITHDEBINFO=
-- CMAKE_SHARED_MODULE_CREATE_CXX_FLAGS=-shared
-- CMAKE_SHARED_MODULE_CREATE_C_FLAGS=-shared
-- CMAKE_SHARED_MODULE_CXX_FLAGS=-fPIC
-- CMAKE_SHARED_MODULE_C_FLAGS=-fPIC
-- CMAKE_SHARED_MODULE_PREFIX=lib
-- CMAKE_SHARED_MODULE_SUFFIX=.so
-- CMAKE_SIZEOF_VOID_P=4
-- CMAKE_SKIP_INSTALL_RPATH=NO
-- CMAKE_SKIP_RPATH=NO
-- CMAKE_SOURCE_DIR=D:/Arduino/Projects/KaRadio32_4
-- CMAKE_STATIC_LIBRARY_PREFIX=lib
-- CMAKE_STATIC_LIBRARY_SUFFIX=.a
-- CMAKE_STATIC_LINKER_FLAGS=
-- CMAKE_STATIC_LINKER_FLAGS_DEBUG=
-- CMAKE_STATIC_LINKER_FLAGS_MINSIZEREL=
-- CMAKE_STATIC_LINKER_FLAGS_RELEASE=
-- CMAKE_STATIC_LINKER_FLAGS_RELWITHDEBINFO=
-- CMAKE_STRIP=C:/Esp/tools/xtensa-esp32-elf/esp-2021r2-patch5-8.4.0/xtensa-esp32-elf/bin/xtensa-esp32-elf-strip.exe
-- CMAKE_SYSTEM=Generic
-- CMAKE_SYSTEM_INCLUDE_PATH=/include
-- CMAKE_SYSTEM_INFO_FILE=Platform/Generic
-- CMAKE_SYSTEM_LIBRARY_PATH=/lib
-- CMAKE_SYSTEM_LOADED=1
-- CMAKE_SYSTEM_NAME=Generic
-- CMAKE_SYSTEM_PROCESSOR=
-- CMAKE_SYSTEM_PROGRAM_PATH=/bin
-- CMAKE_SYSTEM_SPECIFIC_INFORMATION_LOADED=1
-- CMAKE_SYSTEM_SPECIFIC_INITIALIZE_LOADED=1
-- CMAKE_SYSTEM_VERSION=
-- CMAKE_TOOLCHAIN_FILE=C:/Esp/frameworks/esp-idf-v4.4.8/tools/cmake/toolchain-esp32.cmake
-- CMAKE_TOOLCHAIN_FILE=C:/Esp/frameworks/esp-idf-v4.4.8/tools/cmake/toolchain-esp32.cmake
-- CMAKE_TWEAK_VERSION=0
-- CMAKE_VERBOSE_MAKEFILE=FALSE
-- CMAKE_VERSION=3.23.1
-- COMPILE_DEFINITIONS=-D_GNU_SOURCE;-DIDF_VER="v4.4.8-dirty";-DESP_PLATFORM
-- COMPILE_OPTIONS=-ffunction-sections;-fdata-sections;-Wall;-Werror=all;-Wno-error=unused-function;-Wno-error=unused-variable;-Wno-error=deprecated-declarations;-Wextra;-Wno-unused-parameter;-Wno-sign-compare;-ggdb
-- COMPONENT_ADD_INCLUDEDIRS=./include\;D:/Arduino/Projects/KaRadio32_4/components/wolfssl/\;D:/Arduino/Projects/KaRadio32_4/components/wolfssl/wolfssl/\;D:/Arduino/Projects/KaRadio32_4/components/wolfssl/wolfssl/wolfcrypt/\;D:/Arduino/Projects/KaRadio32_4/components/wolfssl/wolfssl/wolfcrypt/port/Espressif\;C:/Esp/frameworks/esp-idf-v4.4.8/components/freertos/include/freertos/\;C:/Esp/frameworks/esp-idf-v4.4.8/components/esp_event/include\;C:/Esp/frameworks/esp-idf-v4.4.8/components/esp_netif/include\;C:/Esp/frameworks/esp-idf-v4.4.8/components/esp_wifi/include\;D:/Arduino/Projects/KaRadio32_4/components/wolfssl/wolfssl/\;D:/Arduino/Projects/KaRadio32_4/components/wolfssl/wolfssl/wolfcrypt/
-- COMPONENT_ALIAS=idf::wolfssl
-- COMPONENT_DIR=D:/Arduino/Projects/KaRadio32_4/components/wolfssl
-- COMPONENT_LIB=__idf_wolfssl
-- COMPONENT_NAME=wolfssl
-- COMPONENT_PATH=D:/Arduino/Projects/KaRadio32_4/components/wolfssl
-- COMPONENT_REQUIRES=lwip;
-- COMPONENT_SRCDIRS=D:/Arduino/Projects/KaRadio32_4/components/wolfssl/src/\;D:/Arduino/Projects/KaRadio32_4/components/wolfssl/wolfcrypt/src\;D:/Arduino/Projects/KaRadio32_4/components/wolfssl/wolfcrypt/src/port/Espressif\;D:/Arduino/Projects/KaRadio32_4/components/wolfssl/wolfcrypt/src/port/Espressif/esp_crt_bundle\;D:/Arduino/Projects/KaRadio32_4/components/wolfssl/wolfcrypt/src/port/atmel\;D:/Arduino/Projects/KaRadio32_4/components/wolfssl/src/
-- COMPONENT_SRCEXCLUDE=D:/Arduino/Projects/KaRadio32_4/components/wolfssl/src/bio.c\;D:/Arduino/Projects/KaRadio32_4/components/wolfssl/src/conf.c\;D:/Arduino/Projects/KaRadio32_4/components/wolfssl/src/misc.c\;D:/Arduino/Projects/KaRadio32_4/components/wolfssl/src/pk.c\;D:/Arduino/Projects/KaRadio32_4/components/wolfssl/src/ssl_asn1.c\;D:/Arduino/Projects/KaRadio32_4/components/wolfssl/src/ssl_bn.c\;D:/Arduino/Projects/KaRadio32_4/components/wolfssl/src/ssl_certman.c\;D:/Arduino/Projects/KaRadio32_4/components/wolfssl/src/ssl_crypto.c\;D:/Arduino/Projects/KaRadio32_4/components/wolfssl/src/ssl_load.c\;D:/Arduino/Projects/KaRadio32_4/components/wolfssl/src/ssl_misc.c\;D:/Arduino/Projects/KaRadio32_4/components/wolfssl/src/ssl_p7p12.c\;D:/Arduino/Projects/KaRadio32_4/components/wolfssl/src/ssl_sess.c\;D:/Arduino/Projects/KaRadio32_4/components/wolfssl/src/x509.c\;D:/Arduino/Projects/KaRadio32_4/components/wolfssl/src/x509_str.c\;D:/Arduino/Projects/KaRadio32_4/components/wolfssl/wolfcrypt/src/ext_kyber.c\;D:/Arduino/Projects/KaRadio32_4/components/wolfssl/wolfssl/wolfcrypt/ext_kyber.h\;D:/Arduino/Projects/KaRadio32_4/components/wolfssl/wolfcrypt/src/evp.c\;D:/Arduino/Projects/KaRadio32_4/components/wolfssl/wolfcrypt/src/misc.c\;D:/Arduino/Projects/KaRadio32_4/components/wolfssl/wolfcrypt/src/sp_sm2_arm32.c\;D:/Arduino/Projects/KaRadio32_4/components/wolfssl/wolfcrypt/src/sp_sm2_arm64.c\;D:/Arduino/Projects/KaRadio32_4/components/wolfssl/wolfcrypt/src/sp_sm2_armthumb.c\;D:/Arduino/Projects/KaRadio32_4/components/wolfssl/wolfcrypt/src/sp_sm2_c32.c\;D:/Arduino/Projects/KaRadio32_4/components/wolfssl/wolfcrypt/src/sp_sm2_c64.c\;D:/Arduino/Projects/KaRadio32_4/components/wolfssl/wolfcrypt/src/sp_sm2_cortexm.c\;D:/Arduino/Projects/KaRadio32_4/components/wolfssl/wolfcrypt/src/sp_sm2_x86_64.c\;D:/Arduino/Projects/KaRadio32_4/components/wolfssl/wolfcrypt/src/sp_sm2_x86_64_asm.S\;D:/Arduino/Projects/KaRadio32_4/components/wolfssl/examples\;D:/Arduino/Projects/KaRadio32_4
-- COMPONENT_TARGET=__idf_wolfssl
-- CONFIGS_LIST = CONFIG_IDF_CMAKE;CONFIG_IDF_TARGET_ARCH_XTENSA;CONFIG_IDF_TARGET;CONFI ... (truncated)
-- CONFIG_A2DP_ENABLE=y
-- CONFIG_ADC2_DISABLE_DAC=y
-- CONFIG_ADC_CAL_EFUSE_TP_ENABLE=y
-- CONFIG_ADC_CAL_EFUSE_VREF_ENABLE=y
-- CONFIG_ADC_CAL_LUT_ENABLE=y
-- CONFIG_ADC_DISABLE_DAC=y
-- CONFIG_ADC_FORCE_XPD_FSM=
-- CONFIG_APPTRACE_DEST_JTAG=
-- CONFIG_APPTRACE_DEST_NONE=y
-- CONFIG_APPTRACE_LOCK_ENABLE=y
-- CONFIG_APP_BUILD_BOOTLOADER=y
-- CONFIG_APP_BUILD_GENERATE_BINARIES=y
-- CONFIG_APP_BUILD_TYPE_APP_2NDBOOT=y
-- CONFIG_APP_BUILD_TYPE_ELF_RAM=
-- CONFIG_APP_BUILD_USE_FLASH_SECTIONS=y
-- CONFIG_APP_COMPILE_TIME_DATE=y
-- CONFIG_APP_EXCLUDE_PROJECT_NAME_VAR=
-- CONFIG_APP_EXCLUDE_PROJECT_VER_VAR=
-- CONFIG_APP_PROJECT_VER_FROM_CONFIG=
-- CONFIG_APP_RETRIEVE_LEN_ELF_SHA=9
-- CONFIG_APP_ROLLBACK_ENABLE=
-- CONFIG_ASIO_SSL_SUPPORT=
-- CONFIG_AUDIO_OUTPUT_MODE=0
-- CONFIG_AUDIO_OUTPUT_MODE_DAC_BUILT_IN=
-- CONFIG_AUDIO_OUTPUT_MODE_I2S=y
-- CONFIG_AUDIO_OUTPUT_MODE_I2S_32=
-- CONFIG_AUDIO_OUTPUT_MODE_I2S_MERUS=
-- CONFIG_AUDIO_OUTPUT_MODE_PDM=
-- CONFIG_AUDIO_OUTPUT_MODE_SPDIF=
-- CONFIG_AUDIO_OUTPUT_MODE_VS1053=
-- CONFIG_BLE_MESH=
-- CONFIG_BLINK_GPIO=2
-- CONFIG_BLINK_LED_GPIO=y
-- CONFIG_BLINK_LED_RMT=
-- CONFIG_BLINK_PERIOD=1000
-- CONFIG_BLUEDROID_ENABLED=y
-- CONFIG_BLUEDROID_MEM_DEBUG=
-- CONFIG_BLUEDROID_PINNED_TO_CORE=0
-- CONFIG_BLUEDROID_PINNED_TO_CORE_0=y
-- CONFIG_BLUEDROID_PINNED_TO_CORE_1=
-- CONFIG_BOOTLOADER_APP_ROLLBACK_ENABLE=
-- CONFIG_BOOTLOADER_APP_TEST=
-- CONFIG_BOOTLOADER_COMPILER_OPTIMIZATION_DEBUG=
-- CONFIG_BOOTLOADER_COMPILER_OPTIMIZATION_NONE=
-- CONFIG_BOOTLOADER_COMPILER_OPTIMIZATION_PERF=
-- CONFIG_BOOTLOADER_COMPILER_OPTIMIZATION_SIZE=y
-- CONFIG_BOOTLOADER_CUSTOM_RESERVE_RTC=
-- CONFIG_BOOTLOADER_FACTORY_RESET=
-- CONFIG_BOOTLOADER_FLASH_DC_AWARE=
-- CONFIG_BOOTLOADER_FLASH_XMC_SUPPORT=y
-- CONFIG_BOOTLOADER_LOG_LEVEL=3
-- CONFIG_BOOTLOADER_LOG_LEVEL_DEBUG=
-- CONFIG_BOOTLOADER_LOG_LEVEL_ERROR=
-- CONFIG_BOOTLOADER_LOG_LEVEL_INFO=y
-- CONFIG_BOOTLOADER_LOG_LEVEL_NONE=
-- CONFIG_BOOTLOADER_LOG_LEVEL_VERBOSE=
-- CONFIG_BOOTLOADER_LOG_LEVEL_WARN=
-- CONFIG_BOOTLOADER_OFFSET_IN_FLASH=0x1000
-- CONFIG_BOOTLOADER_REGION_PROTECTION_ENABLE=
-- CONFIG_BOOTLOADER_RESERVE_RTC_SIZE=0x0
-- CONFIG_BOOTLOADER_SKIP_VALIDATE_ALWAYS=
-- CONFIG_BOOTLOADER_SKIP_VALIDATE_IN_DEEP_SLEEP=
-- CONFIG_BOOTLOADER_SKIP_VALIDATE_ON_POWER_ON=
-- CONFIG_BOOTLOADER_VDDSDIO_BOOST_1_9V=y
-- CONFIG_BOOTLOADER_WDT_DISABLE_IN_USER_CODE=
-- CONFIG_BOOTLOADER_WDT_ENABLE=y
-- CONFIG_BOOTLOADER_WDT_TIME_MS=9000
-- CONFIG_BROWNOUT_DET=y
-- CONFIG_BROWNOUT_DET_LVL=0
-- CONFIG_BROWNOUT_DET_LVL_SEL_0=y
-- CONFIG_BROWNOUT_DET_LVL_SEL_1=
-- CONFIG_BROWNOUT_DET_LVL_SEL_2=
-- CONFIG_BROWNOUT_DET_LVL_SEL_3=
-- CONFIG_BROWNOUT_DET_LVL_SEL_4=
-- CONFIG_BROWNOUT_DET_LVL_SEL_5=
-- CONFIG_BROWNOUT_DET_LVL_SEL_6=
-- CONFIG_BROWNOUT_DET_LVL_SEL_7=
-- CONFIG_BTC_TASK_STACK_SIZE=3072
-- CONFIG_BTDM_BLE_SLEEP_CLOCK_ACCURACY_INDEX_EFF=1
-- CONFIG_BTDM_CONTROLLER_BLE_MAX_CONN_EFF=0
-- CONFIG_BTDM_CONTROLLER_BR_EDR_MAX_ACL_CONN=2
-- CONFIG_BTDM_CONTROLLER_BR_EDR_MAX_ACL_CONN_EFF=2
-- CONFIG_BTDM_CONTROLLER_BR_EDR_MAX_SYNC_CONN=0
-- CONFIG_BTDM_CONTROLLER_BR_EDR_MAX_SYNC_CONN_EFF=0
-- CONFIG_BTDM_CONTROLLER_HCI_MODE_UART_H4=
-- CONFIG_BTDM_CONTROLLER_HCI_MODE_VHCI=y
-- CONFIG_BTDM_CONTROLLER_MODEM_SLEEP=y
-- CONFIG_BTDM_CONTROLLER_MODE_BLE_ONLY=
-- CONFIG_BTDM_CONTROLLER_MODE_BR_EDR_ONLY=y
-- CONFIG_BTDM_CONTROLLER_MODE_BTDM=
-- CONFIG_BTDM_CONTROLLER_PINNED_TO_CORE=0
-- CONFIG_BTDM_CTRL_BLE_MAX_CONN_EFF=0
-- CONFIG_BTDM_CTRL_BR_EDR_MAX_ACL_CONN=2
-- CONFIG_BTDM_CTRL_BR_EDR_MAX_ACL_CONN_EFF=2
-- CONFIG_BTDM_CTRL_BR_EDR_MAX_SYNC_CONN=0
-- CONFIG_BTDM_CTRL_BR_EDR_MAX_SYNC_CONN_EFF=0
-- CONFIG_BTDM_CTRL_BR_EDR_SCO_DATA_PATH_EFF=1
-- CONFIG_BTDM_CTRL_BR_EDR_SCO_DATA_PATH_HCI=
-- CONFIG_BTDM_CTRL_BR_EDR_SCO_DATA_PATH_PCM=y
-- CONFIG_BTDM_CTRL_HCI_MODE_UART_H4=
-- CONFIG_BTDM_CTRL_HCI_MODE_VHCI=y
-- CONFIG_BTDM_CTRL_HLI=y
-- CONFIG_BTDM_CTRL_LEGACY_AUTH_VENDOR_EVT=y
-- CONFIG_BTDM_CTRL_LEGACY_AUTH_VENDOR_EVT_EFF=y
-- CONFIG_BTDM_CTRL_LPCLK_SEL_MAIN_XTAL=y
-- CONFIG_BTDM_CTRL_MODEM_SLEEP=y
-- CONFIG_BTDM_CTRL_MODEM_SLEEP_MODE_EVED=
-- CONFIG_BTDM_CTRL_MODEM_SLEEP_MODE_ORIG=y
-- CONFIG_BTDM_CTRL_MODE_BLE_ONLY=
-- CONFIG_BTDM_CTRL_MODE_BR_EDR_ONLY=y
-- CONFIG_BTDM_CTRL_MODE_BTDM=
-- CONFIG_BTDM_CTRL_PCM_POLAR_EFF=0
-- CONFIG_BTDM_CTRL_PCM_POLAR_FALLING_EDGE=y
-- CONFIG_BTDM_CTRL_PCM_POLAR_RISING_EDGE=
-- CONFIG_BTDM_CTRL_PCM_ROLE_EDGE_CONFIG=y
-- CONFIG_BTDM_CTRL_PCM_ROLE_EFF=0
-- CONFIG_BTDM_CTRL_PCM_ROLE_MASTER=y
-- CONFIG_BTDM_CTRL_PCM_ROLE_SLAVE=
-- CONFIG_BTDM_CTRL_PINNED_TO_CORE=0
-- CONFIG_BTDM_CTRL_PINNED_TO_CORE_0=y
-- CONFIG_BTDM_CTRL_PINNED_TO_CORE_1=
-- CONFIG_BTDM_CTRL_SCAN_BACKOFF_UPPERLIMITMAX=
-- CONFIG_BTDM_RESERVE_DRAM=0xdb5c
-- CONFIG_BTU_TASK_STACK_SIZE=4352
-- CONFIG_BT_A2DP_ENABLE=y
-- CONFIG_BT_ACL_CONNECTIONS=4
-- CONFIG_BT_ALARM_MAX_NUM=50
-- CONFIG_BT_ALLOCATION_FROM_SPIRAM_FIRST=y
-- CONFIG_BT_BLE_DYNAMIC_ENV_MEMORY=y
-- CONFIG_BT_BLE_ENABLED=
-- CONFIG_BT_BLE_RPA_SUPPORTED=
-- CONFIG_BT_BLUEDROID_ENABLED=y
-- CONFIG_BT_BLUEDROID_MEM_DEBUG=
-- CONFIG_BT_BLUEDROID_PINNED_TO_CORE=0
-- CONFIG_BT_BLUEDROID_PINNED_TO_CORE_0=y
-- CONFIG_BT_BLUEDROID_PINNED_TO_CORE_1=
-- CONFIG_BT_BTC_TASK_STACK_SIZE=3072
-- CONFIG_BT_BTU_TASK_STACK_SIZE=4352
-- CONFIG_BT_CLASSIC_ENABLED=y
-- CONFIG_BT_CONTROLLER_ONLY=
-- CONFIG_BT_ENABLED=y
-- CONFIG_BT_HCI_LOG_DEBUG_EN=
-- CONFIG_BT_HFP_ENABLE=
-- CONFIG_BT_HID_ENABLED=
-- CONFIG_BT_MAX_DEVICE_NAME_LEN=32
-- CONFIG_BT_NAME=KaRadio Speaker
-- CONFIG_BT_NIMBLE_ENABLED=
-- CONFIG_BT_SMP_ENABLE=y
-- CONFIG_BT_SMP_MAX_BONDS=5
-- CONFIG_BT_SPEAKER_MODE=y
-- CONFIG_BT_SPP_ENABLED=
-- CONFIG_BT_SSP_ENABLED=
-- CONFIG_BT_STACK_NO_LOG=y
-- CONFIG_CLASSIC_BT_ENABLED=y
-- CONFIG_COAP_LOG_DEFAULT_LEVEL=0
-- CONFIG_COAP_MBEDTLS_DEBUG=
-- CONFIG_COAP_MBEDTLS_PKI=
-- CONFIG_COAP_MBEDTLS_PSK=y
-- CONFIG_COMPATIBLE_PRE_V2_1_BOOTLOADERS=
-- CONFIG_COMPILER_CXX_EXCEPTIONS=
-- CONFIG_COMPILER_CXX_RTTI=
-- CONFIG_COMPILER_DISABLE_GCC8_WARNINGS=
-- CONFIG_COMPILER_DUMP_RTL_FILES=
-- CONFIG_COMPILER_HIDE_PATHS_MACROS=y
-- CONFIG_COMPILER_OPTIMIZATION_ASSERTIONS_DISABLE=
-- CONFIG_COMPILER_OPTIMIZATION_ASSERTIONS_ENABLE=y
-- CONFIG_COMPILER_OPTIMIZATION_ASSERTIONS_SILENT=
-- CONFIG_COMPILER_OPTIMIZATION_ASSERTION_LEVEL=2
-- CONFIG_COMPILER_OPTIMIZATION_CHECKS_SILENT=
-- CONFIG_COMPILER_OPTIMIZATION_DEFAULT=y
-- CONFIG_COMPILER_OPTIMIZATION_LEVEL_DEBUG=y
-- CONFIG_COMPILER_OPTIMIZATION_LEVEL_RELEASE=
-- CONFIG_COMPILER_OPTIMIZATION_NONE=
-- CONFIG_COMPILER_OPTIMIZATION_PERF=
-- CONFIG_COMPILER_OPTIMIZATION_SIZE=
-- CONFIG_COMPILER_STACK_CHECK_MODE_ALL=
-- CONFIG_COMPILER_STACK_CHECK_MODE_NONE=y
-- CONFIG_COMPILER_STACK_CHECK_MODE_NORM=
-- CONFIG_COMPILER_STACK_CHECK_MODE_STRONG=
-- CONFIG_COMPILER_WARN_WRITE_STRINGS=
-- CONFIG_CONSOLE_UART=y
-- CONFIG_CONSOLE_UART_BAUDRATE=115200
-- CONFIG_CONSOLE_UART_CUSTOM=
-- CONFIG_CONSOLE_UART_DEFAULT=y
-- CONFIG_CONSOLE_UART_NUM=0
-- CONFIG_CUSTOM_SETTING_WOLFSSL_ROOT=~/workspace/components/wolfssl
-- CONFIG_CXX_EXCEPTIONS=
-- CONFIG_D0WD_PSRAM_CLK_IO=17
-- CONFIG_D0WD_PSRAM_CS_IO=16
-- CONFIG_D2WD_PSRAM_CLK_IO=9
-- CONFIG_D2WD_PSRAM_CS_IO=10
-- CONFIG_DIR=D:/Arduino/Projects/KaRadio32_4/build/config
-- CONFIG_DISABLE_BASIC_ROM_CONSOLE=
-- CONFIG_DISABLE_GCC8_WARNINGS=
-- CONFIG_DISPLAY_TYPE_ALL=
-- CONFIG_DISPLAY_TYPE_COLOR=y
-- CONFIG_DISPLAY_TYPE_MONO=
-- CONFIG_DISPLAY_TYPE_NONE=
-- CONFIG_EFUSE_CODE_SCHEME_COMPAT_3_4=y
-- CONFIG_EFUSE_CODE_SCHEME_COMPAT_NONE=
-- CONFIG_EFUSE_CODE_SCHEME_COMPAT_REPEAT=
-- CONFIG_EFUSE_CUSTOM_TABLE=
-- CONFIG_EFUSE_MAX_BLK_LEN=192
-- CONFIG_EFUSE_VIRTUAL=
-- CONFIG_ENABLE_STATIC_TASK_CLEAN_UP_HOOK=
-- CONFIG_ENV_PATH=D:/Arduino/Projects/KaRadio32_4/build/config.env
-- CONFIG_ESP32C3_LIGHTSLEEP_GPIO_RESET_WORKAROUND=
-- CONFIG_ESP32S2_PANIC_GDBSTUB=
-- CONFIG_ESP32S2_PANIC_PRINT_HALT=y
-- CONFIG_ESP32S2_PANIC_PRINT_REBOOT=
-- CONFIG_ESP32S2_PANIC_SILENT_REBOOT=
-- CONFIG_ESP32_APPTRACE_DEST_NONE=y
-- CONFIG_ESP32_APPTRACE_DEST_TRAX=
-- CONFIG_ESP32_APPTRACE_LOCK_ENABLE=y
-- CONFIG_ESP32_BROWNOUT_DET=y
-- CONFIG_ESP32_BROWNOUT_DET_LVL=0
-- CONFIG_ESP32_BROWNOUT_DET_LVL_SEL_0=y
-- CONFIG_ESP32_BROWNOUT_DET_LVL_SEL_1=
-- CONFIG_ESP32_BROWNOUT_DET_LVL_SEL_2=
-- CONFIG_ESP32_BROWNOUT_DET_LVL_SEL_3=
-- CONFIG_ESP32_BROWNOUT_DET_LVL_SEL_4=
-- CONFIG_ESP32_BROWNOUT_DET_LVL_SEL_5=
-- CONFIG_ESP32_BROWNOUT_DET_LVL_SEL_6=
-- CONFIG_ESP32_BROWNOUT_DET_LVL_SEL_7=
-- CONFIG_ESP32_COMPATIBLE_PRE_V2_1_BOOTLOADERS=
-- CONFIG_ESP32_COMPATIBLE_PRE_V3_1_BOOTLOADERS=
-- CONFIG_ESP32_DEBUG_OCDAWARE=y
-- CONFIG_ESP32_DEBUG_STUBS_ENABLE=
-- CONFIG_ESP32_DEEP_SLEEP_WAKEUP_DELAY=2000
-- CONFIG_ESP32_DEFAULT_CPU_FREQ_160=
-- CONFIG_ESP32_DEFAULT_CPU_FREQ_240=y
-- CONFIG_ESP32_DEFAULT_CPU_FREQ_80=
-- CONFIG_ESP32_DEFAULT_CPU_FREQ_MHZ=240
-- CONFIG_ESP32_DEFAULT_PTHREAD_CORE_0=
-- CONFIG_ESP32_DEFAULT_PTHREAD_CORE_1=
-- CONFIG_ESP32_DEFAULT_PTHREAD_CORE_NO_AFFINITY=y
-- CONFIG_ESP32_DISABLE_BASIC_ROM_CONSOLE=
-- CONFIG_ESP32_DPORT_DIS_INTERRUPT_LVL=5
-- CONFIG_ESP32_DPORT_WORKAROUND=y
-- CONFIG_ESP32_ECO3_CACHE_LOCK_FIX=y
-- CONFIG_ESP32_ENABLE_COREDUMP_TO_FLASH=
-- CONFIG_ESP32_ENABLE_COREDUMP_TO_NONE=y
-- CONFIG_ESP32_ENABLE_COREDUMP_TO_UART=
-- CONFIG_ESP32_PHY_CALIBRATION_AND_DATA_STORAGE=y
-- CONFIG_ESP32_PHY_INIT_DATA_IN_PARTITION=
-- CONFIG_ESP32_PHY_MAX_TX_POWER=20
-- CONFIG_ESP32_PHY_MAX_WIFI_TX_POWER=20
-- CONFIG_ESP32_PTHREAD_STACK_MIN=512
-- CONFIG_ESP32_PTHREAD_TASK_CORE_DEFAULT=-1
-- CONFIG_ESP32_PTHREAD_TASK_NAME_DEFAULT=pthread
-- CONFIG_ESP32_PTHREAD_TASK_PRIO_DEFAULT=5
-- CONFIG_ESP32_PTHREAD_TASK_STACK_SIZE_DEFAULT=2048
-- CONFIG_ESP32_REDUCE_PHY_TX_POWER=
-- CONFIG_ESP32_REV_MAX_FULL=399
-- CONFIG_ESP32_REV_MAX_FULL_STR_OPT=y
-- CONFIG_ESP32_REV_MIN=0
-- CONFIG_ESP32_REV_MIN_0=y
-- CONFIG_ESP32_REV_MIN_1=
-- CONFIG_ESP32_REV_MIN_1_1=
-- CONFIG_ESP32_REV_MIN_2=
-- CONFIG_ESP32_REV_MIN_3=
-- CONFIG_ESP32_REV_MIN_3_1=
-- CONFIG_ESP32_REV_MIN_FULL=0
-- CONFIG_ESP32_RTC_CLK_CAL_CYCLES=1024
-- CONFIG_ESP32_RTC_CLK_SRC_EXT_CRYS=
-- CONFIG_ESP32_RTC_CLK_SRC_EXT_OSC=
-- CONFIG_ESP32_RTC_CLK_SRC_INT_8MD256=
-- CONFIG_ESP32_RTC_CLK_SRC_INT_RC=y
-- CONFIG_ESP32_RTC_CLOCK_SOURCE_EXTERNAL_CRYSTAL=
-- CONFIG_ESP32_RTC_CLOCK_SOURCE_EXTERNAL_OSC=
-- CONFIG_ESP32_RTC_CLOCK_SOURCE_INTERNAL_8MD256=
-- CONFIG_ESP32_RTC_CLOCK_SOURCE_INTERNAL_RC=y
-- CONFIG_ESP32_SPIRAM_SUPPORT=y
-- CONFIG_ESP32_TIME_SYSCALL_USE_FRC1=
-- CONFIG_ESP32_TIME_SYSCALL_USE_NONE=
-- CONFIG_ESP32_TIME_SYSCALL_USE_RTC=
-- CONFIG_ESP32_TIME_SYSCALL_USE_RTC_FRC1=y
-- CONFIG_ESP32_TRACEMEM_RESERVE_DRAM=0x0
-- CONFIG_ESP32_TRAX=
-- CONFIG_ESP32_ULP_COPROC_ENABLED=
-- CONFIG_ESP32_ULP_COPROC_RESERVE_MEM=0
-- CONFIG_ESP32_UNIVERSAL_MAC_ADDRESSES=4
-- CONFIG_ESP32_UNIVERSAL_MAC_ADDRESSES_FOUR=y
-- CONFIG_ESP32_UNIVERSAL_MAC_ADDRESSES_TWO=
-- CONFIG_ESP32_USE_FIXED_STATIC_RAM_SIZE=
-- CONFIG_ESP32_WIFI_AMPDU_RX_ENABLED=y
-- CONFIG_ESP32_WIFI_AMPDU_TX_ENABLED=y
-- CONFIG_ESP32_WIFI_AMSDU_TX_ENABLED=
-- CONFIG_ESP32_WIFI_CACHE_TX_BUFFER_NUM=32
-- CONFIG_ESP32_WIFI_CSI_ENABLED=
-- CONFIG_ESP32_WIFI_DYNAMIC_RX_BUFFER_NUM=32
-- CONFIG_ESP32_WIFI_ENABLED=y
-- CONFIG_ESP32_WIFI_ENABLE_WPA3_SAE=
-- CONFIG_ESP32_WIFI_IRAM_OPT=
-- CONFIG_ESP32_WIFI_MGMT_SBUF_NUM=32
-- CONFIG_ESP32_WIFI_NVS_ENABLED=y
-- CONFIG_ESP32_WIFI_RX_BA_WIN=6
-- CONFIG_ESP32_WIFI_RX_IRAM_OPT=
-- CONFIG_ESP32_WIFI_SOFTAP_BEACON_MAX_LEN=752
-- CONFIG_ESP32_WIFI_STATIC_RX_BUFFER_NUM=10
-- CONFIG_ESP32_WIFI_STATIC_TX_BUFFER=y
-- CONFIG_ESP32_WIFI_STATIC_TX_BUFFER_NUM=16
-- CONFIG_ESP32_WIFI_SW_COEXIST_ENABLE=y
-- CONFIG_ESP32_WIFI_TASK_PINNED_TO_CORE_0=y
-- CONFIG_ESP32_WIFI_TASK_PINNED_TO_CORE_1=
-- CONFIG_ESP32_WIFI_TX_BA_WIN=6
-- CONFIG_ESP32_WIFI_TX_BUFFER_TYPE=0
-- CONFIG_ESP32_XTAL_FREQ=40
-- CONFIG_ESP32_XTAL_FREQ_26=
-- CONFIG_ESP32_XTAL_FREQ_40=y
-- CONFIG_ESP32_XTAL_FREQ_AUTO=
-- CONFIG_ESPTOOLPY_AFTER=hard_reset
-- CONFIG_ESPTOOLPY_AFTER_NORESET=
-- CONFIG_ESPTOOLPY_AFTER_RESET=y
-- CONFIG_ESPTOOLPY_BAUD_OTHER_VAL=115200
-- CONFIG_ESPTOOLPY_BEFORE=default_reset
-- CONFIG_ESPTOOLPY_BEFORE_NORESET=
-- CONFIG_ESPTOOLPY_BEFORE_RESET=y
-- CONFIG_ESPTOOLPY_FLASHFREQ=80m
-- CONFIG_ESPTOOLPY_FLASHFREQ_20M=
-- CONFIG_ESPTOOLPY_FLASHFREQ_26M=
-- CONFIG_ESPTOOLPY_FLASHFREQ_40M=
-- CONFIG_ESPTOOLPY_FLASHFREQ_80M=y
-- CONFIG_ESPTOOLPY_FLASHMODE=dio
-- CONFIG_ESPTOOLPY_FLASHMODE_DIO=y
-- CONFIG_ESPTOOLPY_FLASHMODE_DOUT=
-- CONFIG_ESPTOOLPY_FLASHMODE_QIO=
-- CONFIG_ESPTOOLPY_FLASHMODE_QOUT=
-- CONFIG_ESPTOOLPY_FLASHSIZE=8MB
-- CONFIG_ESPTOOLPY_FLASHSIZE_128MB=
-- CONFIG_ESPTOOLPY_FLASHSIZE_16MB=
-- CONFIG_ESPTOOLPY_FLASHSIZE_1MB=
-- CONFIG_ESPTOOLPY_FLASHSIZE_2MB=
-- CONFIG_ESPTOOLPY_FLASHSIZE_32MB=
-- CONFIG_ESPTOOLPY_FLASHSIZE_4MB=
-- CONFIG_ESPTOOLPY_FLASHSIZE_64MB=
-- CONFIG_ESPTOOLPY_FLASHSIZE_8MB=y
-- CONFIG_ESPTOOLPY_FLASHSIZE_DETECT=y
-- CONFIG_ESPTOOLPY_FLASH_SAMPLE_MODE_STR=y
-- CONFIG_ESPTOOLPY_MONITOR_BAUD=115200
-- CONFIG_ESPTOOLPY_MONITOR_BAUD_115200B=y
-- CONFIG_ESPTOOLPY_MONITOR_BAUD_230400B=
-- CONFIG_ESPTOOLPY_MONITOR_BAUD_2MB=
-- CONFIG_ESPTOOLPY_MONITOR_BAUD_57600B=
-- CONFIG_ESPTOOLPY_MONITOR_BAUD_921600B=
-- CONFIG_ESPTOOLPY_MONITOR_BAUD_9600B=
-- CONFIG_ESPTOOLPY_MONITOR_BAUD_CONSOLE=
-- CONFIG_ESPTOOLPY_MONITOR_BAUD_OTHER=
-- CONFIG_ESPTOOLPY_MONITOR_BAUD_OTHER_VAL=115200
-- CONFIG_ESPTOOLPY_NO_STUB=
-- CONFIG_ESP_CONSOLE_MULTIPLE_UART=y
-- CONFIG_ESP_CONSOLE_NONE=
-- CONFIG_ESP_CONSOLE_UART=y
-- CONFIG_ESP_CONSOLE_UART_BAUDRATE=115200
-- CONFIG_ESP_CONSOLE_UART_CUSTOM=
-- CONFIG_ESP_CONSOLE_UART_DEFAULT=y
-- CONFIG_ESP_CONSOLE_UART_NONE=
-- CONFIG_ESP_CONSOLE_UART_NUM=0
-- CONFIG_ESP_COREDUMP_ENABLE_TO_FLASH=
-- CONFIG_ESP_COREDUMP_ENABLE_TO_NONE=y
-- CONFIG_ESP_COREDUMP_ENABLE_TO_UART=
-- CONFIG_ESP_DEBUG_STUBS_ENABLE=
-- CONFIG_ESP_DEBUG_WOLFSSL=
-- CONFIG_ESP_ENABLE_WOLFMQTT=
-- CONFIG_ESP_ENABLE_WOLFSSH=y
-- CONFIG_ESP_ERR_TO_NAME_LOOKUP=y
-- CONFIG_ESP_EVENT_LOOP_PROFILING=
-- CONFIG_ESP_EVENT_POST_FROM_IRAM_ISR=y
-- CONFIG_ESP_EVENT_POST_FROM_ISR=y
-- CONFIG_ESP_GRATUITOUS_ARP=y
-- CONFIG_ESP_HTTPS_SERVER_ENABLE=
-- CONFIG_ESP_HTTP_CLIENT_ENABLE_BASIC_AUTH=
-- CONFIG_ESP_HTTP_CLIENT_ENABLE_DIGEST_AUTH=y
-- CONFIG_ESP_HTTP_CLIENT_ENABLE_HTTPS=y
-- CONFIG_ESP_INT_WDT=y
-- CONFIG_ESP_INT_WDT_CHECK_CPU1=y
-- CONFIG_ESP_INT_WDT_TIMEOUT_MS=3000
-- CONFIG_ESP_IPC_ISR_ENABLE=y
-- CONFIG_ESP_IPC_TASK_STACK_SIZE=1024
-- CONFIG_ESP_IPC_USES_CALLERS_PRIORITY=y
-- CONFIG_ESP_MAC_ADDR_UNIVERSE_BT=y
-- CONFIG_ESP_MAC_ADDR_UNIVERSE_ETH=y
-- CONFIG_ESP_MAC_ADDR_UNIVERSE_WIFI_AP=y
-- CONFIG_ESP_MAC_ADDR_UNIVERSE_WIFI_STA=y
-- CONFIG_ESP_MAC_IGNORE_MAC_CRC_ERROR=
-- CONFIG_ESP_MAIN_TASK_AFFINITY=0x0
-- CONFIG_ESP_MAIN_TASK_AFFINITY_CPU0=y
-- CONFIG_ESP_MAIN_TASK_AFFINITY_CPU1=
-- CONFIG_ESP_MAIN_TASK_AFFINITY_NO_AFFINITY=
-- CONFIG_ESP_MAIN_TASK_STACK_SIZE=3584
-- CONFIG_ESP_MINIMAL_SHARED_STACK_SIZE=2048
-- CONFIG_ESP_NETIF_IP_LOST_TIMER_INTERVAL=120
-- CONFIG_ESP_NETIF_LOOPBACK=
-- CONFIG_ESP_NETIF_TCPIP_ADAPTER_COMPATIBLE_LAYER=y
-- CONFIG_ESP_NETIF_TCPIP_LWIP=y
-- CONFIG_ESP_PANIC_HANDLER_IRAM=
-- CONFIG_ESP_PHY_CALIBRATION_AND_DATA_STORAGE=y
-- CONFIG_ESP_PHY_CALIBRATION_MODE=0
-- CONFIG_ESP_PHY_INIT_DATA_IN_PARTITION=
-- CONFIG_ESP_PHY_MAX_TX_POWER=20
-- CONFIG_ESP_PHY_MAX_WIFI_TX_POWER=20
-- CONFIG_ESP_PHY_REDUCE_TX_POWER=
-- CONFIG_ESP_PHY_RF_CAL_FULL=
-- CONFIG_ESP_PHY_RF_CAL_NONE=
-- CONFIG_ESP_PHY_RF_CAL_PARTIAL=y
-- CONFIG_ESP_REV_MAX_FULL=399
-- CONFIG_ESP_REV_MIN_FULL=0
-- CONFIG_ESP_SLEEP_FLASH_LEAKAGE_WORKAROUND=y
-- CONFIG_ESP_SLEEP_GPIO_ENABLE_INTERNAL_RESISTORS=y
-- CONFIG_ESP_SLEEP_GPIO_RESET_WORKAROUND=
-- CONFIG_ESP_SLEEP_MSPI_NEED_ALL_IO_PU=
-- CONFIG_ESP_SLEEP_PSRAM_LEAKAGE_WORKAROUND=y
-- CONFIG_ESP_SLEEP_RTC_BUS_ISO_WORKAROUND=y
-- CONFIG_ESP_SYSTEM_CHECK_INT_LEVEL_5=y
-- CONFIG_ESP_SYSTEM_EVENT_QUEUE_SIZE=32
-- CONFIG_ESP_SYSTEM_EVENT_TASK_STACK_SIZE=2304
-- CONFIG_ESP_SYSTEM_GDBSTUB_RUNTIME=
-- CONFIG_ESP_SYSTEM_PANIC_GDBSTUB=
-- CONFIG_ESP_SYSTEM_PANIC_PRINT_HALT=y
-- CONFIG_ESP_SYSTEM_PANIC_PRINT_REBOOT=
-- CONFIG_ESP_SYSTEM_PANIC_SILENT_REBOOT=
-- CONFIG_ESP_TASK_WDT=y
-- CONFIG_ESP_TASK_WDT_CHECK_IDLE_TASK_CPU0=y
-- CONFIG_ESP_TASK_WDT_CHECK_IDLE_TASK_CPU1=y
-- CONFIG_ESP_TASK_WDT_PANIC=
-- CONFIG_ESP_TASK_WDT_TIMEOUT_S=5
-- CONFIG_ESP_TCP_KEEP_CONNECTION_WHEN_IP_CHANGES=
-- CONFIG_ESP_TIMER_IMPL_FRC2=
-- CONFIG_ESP_TIMER_IMPL_TG0_LAC=y
-- CONFIG_ESP_TIMER_INTERRUPT_LEVEL=1
-- CONFIG_ESP_TIMER_PROFILING=y
-- CONFIG_ESP_TIMER_SUPPORTS_ISR_DISPATCH_METHOD=
-- CONFIG_ESP_TIMER_TASK_STACK_SIZE=3584
-- CONFIG_ESP_TIME_FUNCS_USE_ESP_TIMER=y
-- CONFIG_ESP_TIME_FUNCS_USE_RTC_TIMER=y
-- CONFIG_ESP_TLS_INSECURE=
-- CONFIG_ESP_TLS_PSK_VERIFICATION=
-- CONFIG_ESP_TLS_SERVER=
-- CONFIG_ESP_TLS_USING_MBEDTLS=
-- CONFIG_ESP_TLS_USING_WOLFSSL=y
-- CONFIG_ESP_TLS_USING_WOLFSSL_SPECIFIED=y
-- CONFIG_ESP_WIFI_DYNAMIC_RX_MGMT_BUF=0
-- CONFIG_ESP_WIFI_DYNAMIC_RX_MGMT_BUFFER=
-- CONFIG_ESP_WIFI_ESPNOW_MAX_ENCRYPT_NUM=2
-- CONFIG_ESP_WIFI_GMAC_SUPPORT=y
-- CONFIG_ESP_WIFI_RX_MGMT_BUF_NUM_DEF=5
-- CONFIG_ESP_WIFI_SLP_BEACON_LOST_OPT=
-- CONFIG_ESP_WIFI_SLP_IRAM_OPT=
-- CONFIG_ESP_WIFI_SOFTAP_SUPPORT=y
-- CONFIG_ESP_WIFI_STATIC_RX_MGMT_BUFFER=y
-- CONFIG_ESP_WIFI_STA_DISCONNECTED_PM_ENABLE=y
-- CONFIG_ESP_WOLFSSL_ALT_HARDWARE_ACCELERATION=
-- CONFIG_ESP_WOLFSSL_BENCHMARK=
-- CONFIG_ESP_WOLFSSL_DEBUG_ESP_HW_MOD_RSAMAX_BITS=
-- CONFIG_ESP_WOLFSSL_DEBUG_ESP_HW_MULTI_RSAMAX_BITS=
-- CONFIG_ESP_WOLFSSL_DEBUG_WOLFMQTT=
-- CONFIG_ESP_WOLFSSL_DEBUG_WOLFSSH=
-- CONFIG_ESP_WOLFSSL_DEBUG_WOLFSSL=
-- CONFIG_ESP_WOLFSSL_DISABLE_MY_ECC=
-- CONFIG_ESP_WOLFSSL_ENABLE_KYBER=
-- CONFIG_ESP_WOLFSSL_ENABLE_MY_USE_RSA=
-- CONFIG_ESP_WOLFSSL_EXPERIMENTAL_SETTINGS=
-- CONFIG_ESP_WOLFSSL_NO_USE_FAST_MATH=
-- CONFIG_ESP_WOLFSSL_SMALL_CERT_VERIFY=y
-- CONFIG_ESP_WOLFSSL_TEST_LOOP=
-- CONFIG_ESP_WOLFSSL_TFM_TIMING_RESISTANT=y
-- CONFIG_ESP_WOLFSSL_WC_NO_HARDEN=
-- CONFIG_ETH_DMA_BUFFER_SIZE=512
-- CONFIG_ETH_DMA_RX_BUFFER_NUM=10
-- CONFIG_ETH_DMA_TX_BUFFER_NUM=10
-- CONFIG_ETH_ENABLED=y
-- CONFIG_ETH_PHY_INTERFACE_RMII=y
-- CONFIG_ETH_RMII_CLK_INPUT=y
-- CONFIG_ETH_RMII_CLK_IN_GPIO=0
-- CONFIG_ETH_RMII_CLK_OUTPUT=
-- CONFIG_ETH_SPI_ETHERNET_DM9051=
-- CONFIG_ETH_SPI_ETHERNET_KSZ8851SNL=
-- CONFIG_ETH_SPI_ETHERNET_W5500=
-- CONFIG_ETH_USE_ESP32_EMAC=y
-- CONFIG_ETH_USE_OPENETH=
-- CONFIG_ETH_USE_SPI_ETHERNET=y
-- CONFIG_EVENT_LOOP_PROFILING=
-- CONFIG_FATFS_ALLOC_PREFER_EXTRAM=y
-- CONFIG_FATFS_CODEPAGE=437
-- CONFIG_FATFS_CODEPAGE_437=y
-- CONFIG_FATFS_CODEPAGE_720=
-- CONFIG_FATFS_CODEPAGE_737=
-- CONFIG_FATFS_CODEPAGE_771=
-- CONFIG_FATFS_CODEPAGE_775=
-- CONFIG_FATFS_CODEPAGE_850=
-- CONFIG_FATFS_CODEPAGE_852=
-- CONFIG_FATFS_CODEPAGE_855=
-- CONFIG_FATFS_CODEPAGE_857=
-- CONFIG_FATFS_CODEPAGE_860=
-- CONFIG_FATFS_CODEPAGE_861=
-- CONFIG_FATFS_CODEPAGE_862=
-- CONFIG_FATFS_CODEPAGE_863=
-- CONFIG_FATFS_CODEPAGE_864=
-- CONFIG_FATFS_CODEPAGE_865=
-- CONFIG_FATFS_CODEPAGE_866=
-- CONFIG_FATFS_CODEPAGE_869=
-- CONFIG_FATFS_CODEPAGE_932=
-- CONFIG_FATFS_CODEPAGE_936=
-- CONFIG_FATFS_CODEPAGE_949=
-- CONFIG_FATFS_CODEPAGE_950=
-- CONFIG_FATFS_CODEPAGE_DYNAMIC=
-- CONFIG_FATFS_FS_LOCK=0
-- CONFIG_FATFS_LFN_HEAP=
-- CONFIG_FATFS_LFN_NONE=y
-- CONFIG_FATFS_LFN_STACK=
-- CONFIG_FATFS_PER_FILE_CACHE=y
-- CONFIG_FATFS_TIMEOUT_MS=10000
-- CONFIG_FATFS_USE_FASTSEEK=
-- CONFIG_FLASHMODE_DIO=y
-- CONFIG_FLASHMODE_DOUT=
-- CONFIG_FLASHMODE_QIO=
-- CONFIG_FLASHMODE_QOUT=
-- CONFIG_FLASH_ENCRYPTION_ENABLED=
-- CONFIG_FMB_COMM_MODE_ASCII_EN=y
-- CONFIG_FMB_COMM_MODE_RTU_EN=y
-- CONFIG_FMB_COMM_MODE_TCP_EN=y
-- CONFIG_FMB_CONTROLLER_NOTIFY_QUEUE_SIZE=20
-- CONFIG_FMB_CONTROLLER_NOTIFY_TIMEOUT=20
-- CONFIG_FMB_CONTROLLER_SLAVE_ID=0x112233
-- CONFIG_FMB_CONTROLLER_SLAVE_ID_SUPPORT=y
-- CONFIG_FMB_CONTROLLER_STACK_SIZE=4096
-- CONFIG_FMB_EVENT_QUEUE_TIMEOUT=20
-- CONFIG_FMB_MASTER_DELAY_MS_CONVERT=200
-- CONFIG_FMB_MASTER_TIMEOUT_MS_RESPOND=150
-- CONFIG_FMB_PORT_TASK_AFFINITY=0x0
-- CONFIG_FMB_PORT_TASK_AFFINITY_CPU0=y
-- CONFIG_FMB_PORT_TASK_AFFINITY_CPU1=
-- CONFIG_FMB_PORT_TASK_AFFINITY_NO_AFFINITY=
-- CONFIG_FMB_PORT_TASK_PRIO=10
-- CONFIG_FMB_PORT_TASK_STACK_SIZE=4096
-- CONFIG_FMB_QUEUE_LENGTH=20
-- CONFIG_FMB_SERIAL_ASCII_BITS_PER_SYMB=8
-- CONFIG_FMB_SERIAL_ASCII_TIMEOUT_RESPOND_MS=1000
-- CONFIG_FMB_SERIAL_BUF_SIZE=256
-- CONFIG_FMB_TCP_CONNECTION_TOUT_SEC=20
-- CONFIG_FMB_TCP_PORT_DEFAULT=502
-- CONFIG_FMB_TCP_PORT_MAX_CONN=5
-- CONFIG_FMB_TIMER_PORT_ENABLED=
-- CONFIG_FMB_TIMER_USE_ISR_DISPATCH_METHOD=
-- CONFIG_FOUR_UNIVERSAL_MAC_ADDRESS=y
-- CONFIG_FREERTOS_ASSERT_DISABLE=
-- CONFIG_FREERTOS_ASSERT_FAIL_ABORT=y
-- CONFIG_FREERTOS_ASSERT_FAIL_PRINT_CONTINUE=
-- CONFIG_FREERTOS_ASSERT_ON_UNTESTED_FUNCTION=y
-- CONFIG_FREERTOS_CHECK_MUTEX_GIVEN_BY_OWNER=y
-- CONFIG_FREERTOS_CHECK_PORT_CRITICAL_COMPLIANCE=
-- CONFIG_FREERTOS_CHECK_STACKOVERFLOW_CANARY=y
-- CONFIG_FREERTOS_CHECK_STACKOVERFLOW_NONE=
-- CONFIG_FREERTOS_CHECK_STACKOVERFLOW_PTRVAL=
-- CONFIG_FREERTOS_CORETIMER_0=y
-- CONFIG_FREERTOS_CORETIMER_1=
-- CONFIG_FREERTOS_DEBUG_OCDAWARE=y
-- CONFIG_FREERTOS_ENABLE_STATIC_TASK_CLEAN_UP=
-- CONFIG_FREERTOS_ENABLE_TASK_SNAPSHOT=y
-- CONFIG_FREERTOS_FPU_IN_ISR=
-- CONFIG_FREERTOS_GENERATE_RUN_TIME_STATS=
-- CONFIG_FREERTOS_HZ=1000
-- CONFIG_FREERTOS_IDLE_TASK_STACKSIZE=2048
-- CONFIG_FREERTOS_INTERRUPT_BACKTRACE=y
-- CONFIG_FREERTOS_ISR_STACKSIZE=1536
-- CONFIG_FREERTOS_LEGACY_HOOKS=
-- CONFIG_FREERTOS_MAX_TASK_NAME_LEN=16
-- CONFIG_FREERTOS_NO_AFFINITY=0x7fffffff
-- CONFIG_FREERTOS_PLACE_FUNCTIONS_INTO_FLASH=
-- CONFIG_FREERTOS_PLACE_SNAPSHOT_FUNS_INTO_FLASH=y
-- CONFIG_FREERTOS_QUEUE_REGISTRY_SIZE=0
-- CONFIG_FREERTOS_SUPPORT_STATIC_ALLOCATION=y
-- CONFIG_FREERTOS_SYSTICK_USES_CCOUNT=y
-- CONFIG_FREERTOS_TASK_FUNCTION_WRAPPER=y
-- CONFIG_FREERTOS_THREAD_LOCAL_STORAGE_POINTERS=1
-- CONFIG_FREERTOS_TICK_SUPPORT_CORETIMER=y
-- CONFIG_FREERTOS_TIMER_QUEUE_LENGTH=10
-- CONFIG_FREERTOS_TIMER_TASK_PRIORITY=1
-- CONFIG_FREERTOS_TIMER_TASK_STACK_DEPTH=2048
-- CONFIG_FREERTOS_UNICORE=
-- CONFIG_FREERTOS_USE_TRACE_FACILITY=
-- CONFIG_FREERTOS_WATCHPOINT_END_OF_STACK=
-- CONFIG_GARP_TMR_INTERVAL=60
-- CONFIG_GDMA_CTRL_FUNC_IN_IRAM=
-- CONFIG_GDMA_ISR_IRAM_SAFE=
-- CONFIG_GPIO_ESP32_SUPPORT_SWITCH_SLP_PULL=
-- CONFIG_HAL_ASSERTION_DISABLE=
-- CONFIG_HAL_ASSERTION_ENABLE=
-- CONFIG_HAL_ASSERTION_EQUALS_SYSTEM=y
-- CONFIG_HAL_ASSERTION_SILIENT=
-- CONFIG_HAL_DEFAULT_ASSERTION_LEVEL=2
-- CONFIG_HEAP_ABORT_WHEN_ALLOCATION_FAILS=
-- CONFIG_HEAP_POISONING_COMPREHENSIVE=
-- CONFIG_HEAP_POISONING_DISABLED=y
-- CONFIG_HEAP_POISONING_LIGHT=
-- CONFIG_HEAP_TRACING_OFF=y
-- CONFIG_HEAP_TRACING_STANDALONE=
-- CONFIG_HEAP_TRACING_TOHOST=
-- CONFIG_HFP_ENABLE=
-- CONFIG_HTTPD_ERR_RESP_NO_DELAY=y
-- CONFIG_HTTPD_LOG_PURGE_DATA=
-- CONFIG_HTTPD_MAX_REQ_HDR_LEN=512
-- CONFIG_HTTPD_MAX_URI_LEN=384
-- CONFIG_HTTPD_PURGE_BUF_LEN=32
-- CONFIG_HTTPD_WS_SUPPORT=
-- CONFIG_IDF_CMAKE=y
-- CONFIG_IDF_FIRMWARE_CHIP_ID=0x0
-- CONFIG_IDF_TARGET=esp32
-- CONFIG_IDF_TARGET_ARCH_XTENSA=y
-- CONFIG_IDF_TARGET_ESP32=y
-- CONFIG_IGNORE_ESP_IDF_WOLFSSL_COMPONENT=y
-- CONFIG_IGNORE_LOCAL_WOLFSSL_COMPONENT=
-- CONFIG_INT_WDT=y
-- CONFIG_INT_WDT_CHECK_CPU1=y
-- CONFIG_INT_WDT_TIMEOUT_MS=3000
-- CONFIG_IPC_TASK_STACK_SIZE=1024
-- CONFIG_ISR_ENC=
-- CONFIG_JSMN_PARENT_LINKS=
-- CONFIG_JSMN_STRICT=
-- CONFIG_L2_TO_L3_COPY=
-- CONFIG_LCD_PANEL_IO_FORMAT_BUF_SIZE=16
-- CONFIG_LEGACY_INCLUDE_COMMON_HEADERS=
-- CONFIG_LOG_BOOTLOADER_LEVEL=3
-- CONFIG_LOG_BOOTLOADER_LEVEL_DEBUG=
-- CONFIG_LOG_BOOTLOADER_LEVEL_ERROR=
-- CONFIG_LOG_BOOTLOADER_LEVEL_INFO=y
-- CONFIG_LOG_BOOTLOADER_LEVEL_NONE=
-- CONFIG_LOG_BOOTLOADER_LEVEL_VERBOSE=
-- CONFIG_LOG_BOOTLOADER_LEVEL_WARN=
-- CONFIG_LOG_COLORS=y
-- CONFIG_LOG_DEFAULT_LEVEL=2
-- CONFIG_LOG_DEFAULT_LEVEL_DEBUG=
-- CONFIG_LOG_DEFAULT_LEVEL_ERROR=
-- CONFIG_LOG_DEFAULT_LEVEL_INFO=
-- CONFIG_LOG_DEFAULT_LEVEL_NONE=
-- CONFIG_LOG_DEFAULT_LEVEL_VERBOSE=
-- CONFIG_LOG_DEFAULT_LEVEL_WARN=y
-- CONFIG_LOG_MAXIMUM_EQUALS_DEFAULT=
-- CONFIG_LOG_MAXIMUM_LEVEL=3
-- CONFIG_LOG_MAXIMUM_LEVEL_DEBUG=
-- CONFIG_LOG_MAXIMUM_LEVEL_INFO=y
-- CONFIG_LOG_MAXIMUM_LEVEL_VERBOSE=
-- CONFIG_LOG_TIMESTAMP_SOURCE_RTOS=
-- CONFIG_LOG_TIMESTAMP_SOURCE_SYSTEM=y
-- CONFIG_LWIP_AUTOIP=
-- CONFIG_LWIP_BROADCAST_PING=
-- CONFIG_LWIP_CHECKSUM_CHECK_ICMP=y
-- CONFIG_LWIP_CHECKSUM_CHECK_IP=
-- CONFIG_LWIP_CHECKSUM_CHECK_UDP=
-- CONFIG_LWIP_CHECK_THREAD_SAFETY=
-- CONFIG_LWIP_DEBUG=
-- CONFIG_LWIP_DHCPS=y
-- CONFIG_LWIP_DHCPS_LEASE_UNIT=60
-- CONFIG_LWIP_DHCPS_MAX_STATION_NUM=4
-- CONFIG_LWIP_DHCP_COARSE_TIMER_SECS=1
-- CONFIG_LWIP_DHCP_DISABLE_CLIENT_ID=
-- CONFIG_LWIP_DHCP_DISABLE_VENDOR_CLASS_ID=y
-- CONFIG_LWIP_DHCP_DOES_ARP_CHECK=y
-- CONFIG_LWIP_DHCP_GET_NTP_SRV=
-- CONFIG_LWIP_DHCP_OPTIONS_LEN=68
-- CONFIG_LWIP_DHCP_RESTORE_LAST_IP=
-- CONFIG_LWIP_DNS_MAX_SERVERS=2
-- CONFIG_LWIP_DNS_SUPPORT_MDNS_QUERIES=y
-- CONFIG_LWIP_ESP_GRATUITOUS_ARP=y
-- CONFIG_LWIP_ESP_LWIP_ASSERT=y
-- CONFIG_LWIP_ESP_MLDV6_REPORT=
-- CONFIG_LWIP_ETHARP_TRUST_IP_MAC=
-- CONFIG_LWIP_GARP_TMR_INTERVAL=60
-- CONFIG_LWIP_HOOK_IP6_ROUTE_CUSTOM=
-- CONFIG_LWIP_HOOK_IP6_ROUTE_DEFAULT=
-- CONFIG_LWIP_HOOK_IP6_ROUTE_NONE=y
-- CONFIG_LWIP_HOOK_ND6_GET_GW_CUSTOM=
-- CONFIG_LWIP_HOOK_ND6_GET_GW_DEFAULT=
-- CONFIG_LWIP_HOOK_ND6_GET_GW_NONE=y
-- CONFIG_LWIP_HOOK_NETCONN_EXT_RESOLVE_CUSTOM=
-- CONFIG_LWIP_HOOK_NETCONN_EXT_RESOLVE_DEFAULT=
-- CONFIG_LWIP_HOOK_NETCONN_EXT_RESOLVE_NONE=y
-- CONFIG_LWIP_HOOK_TCP_ISN_CUSTOM=
-- CONFIG_LWIP_HOOK_TCP_ISN_DEFAULT=y
-- CONFIG_LWIP_HOOK_TCP_ISN_NONE=
-- CONFIG_LWIP_ICMP=y
-- CONFIG_LWIP_IP4_FRAG=y
-- CONFIG_LWIP_IP4_REASSEMBLY=
-- CONFIG_LWIP_IP6_FRAG=y
-- CONFIG_LWIP_IP6_REASSEMBLY=
-- CONFIG_LWIP_IPV6=y
-- CONFIG_LWIP_IPV6_AUTOCONFIG=
-- CONFIG_LWIP_IPV6_FORWARD=
-- CONFIG_LWIP_IPV6_MEMP_NUM_ND6_QUEUE=3
-- CONFIG_LWIP_IPV6_ND6_NUM_NEIGHBORS=5
-- CONFIG_LWIP_IPV6_NUM_ADDRESSES=3
-- CONFIG_LWIP_IP_DEFAULT_TTL=64
-- CONFIG_LWIP_IP_FORWARD=
-- CONFIG_LWIP_IRAM_OPTIMIZATION=
-- CONFIG_LWIP_L2_TO_L3_COPY=
-- CONFIG_LWIP_LOCAL_HOSTNAME=karadio
-- CONFIG_LWIP_LOOPBACK_MAX_PBUFS=4
-- CONFIG_LWIP_MAX_ACTIVE_TCP=8
-- CONFIG_LWIP_MAX_LISTENING_TCP=8
-- CONFIG_LWIP_MAX_RAW_PCBS=12
-- CONFIG_LWIP_MAX_SOCKETS=10
-- CONFIG_LWIP_MAX_UDP_PCBS=12
-- CONFIG_LWIP_MULTICAST_PING=
-- CONFIG_LWIP_NETBUF_RECVINFO=
-- CONFIG_LWIP_NETIF_API=
-- CONFIG_LWIP_NETIF_LOOPBACK=y
-- CONFIG_LWIP_NETIF_STATUS_CALLBACK=
-- CONFIG_LWIP_PPP_SUPPORT=
-- CONFIG_LWIP_SLIP_SUPPORT=
-- CONFIG_LWIP_SNTP_MAX_SERVERS=1
-- CONFIG_LWIP_SNTP_UPDATE_DELAY=3600000
-- CONFIG_LWIP_SO_LINGER=
-- CONFIG_LWIP_SO_RCVBUF=
-- CONFIG_LWIP_SO_REUSE=y
-- CONFIG_LWIP_SO_REUSE_RXTOALL=y
-- CONFIG_LWIP_STATS=
-- CONFIG_LWIP_TCPIP_CORE_LOCKING=
-- CONFIG_LWIP_TCPIP_RECVMBOX_SIZE=16
-- CONFIG_LWIP_TCPIP_TASK_AFFINITY=0x7fffffff
-- CONFIG_LWIP_TCPIP_TASK_AFFINITY_CPU0=
-- CONFIG_LWIP_TCPIP_TASK_AFFINITY_CPU1=
-- CONFIG_LWIP_TCPIP_TASK_AFFINITY_NO_AFFINITY=y
-- CONFIG_LWIP_TCPIP_TASK_PRIO=18
-- CONFIG_LWIP_TCPIP_TASK_STACK_SIZE=3072
-- CONFIG_LWIP_TCP_FIN_WAIT_TIMEOUT=20000
-- CONFIG_LWIP_TCP_HIGH_SPEED_RETRANSMISSION=y
-- CONFIG_LWIP_TCP_KEEP_CONNECTION_WHEN_IP_CHANGES=
-- CONFIG_LWIP_TCP_MAXRTX=12
-- CONFIG_LWIP_TCP_MSL=60000
-- CONFIG_LWIP_TCP_MSS=1440
-- CONFIG_LWIP_TCP_OOSEQ_MAX_PBUFS=4
-- CONFIG_LWIP_TCP_OOSEQ_TIMEOUT=3
-- CONFIG_LWIP_TCP_OVERSIZE_DISABLE=
-- CONFIG_LWIP_TCP_OVERSIZE_MSS=y
-- CONFIG_LWIP_TCP_OVERSIZE_QUARTER_MSS=
-- CONFIG_LWIP_TCP_QUEUE_OOSEQ=y
-- CONFIG_LWIP_TCP_RECVMBOX_SIZE=16
-- CONFIG_LWIP_TCP_RTO_TIME=1500
-- CONFIG_LWIP_TCP_SACK_OUT=
-- CONFIG_LWIP_TCP_SND_BUF_DEFAULT=5760
-- CONFIG_LWIP_TCP_SYNMAXRTX=12
-- CONFIG_LWIP_TCP_TMR_INTERVAL=250
-- CONFIG_LWIP_TCP_WND_DEFAULT=5760
-- CONFIG_LWIP_TIMERS_ONDEMAND=y
-- CONFIG_LWIP_UDP_RECVMBOX_SIZE=6
-- CONFIG_LWIP_USE_ONLY_LWIP_SELECT=
-- CONFIG_LWIP_WND_SCALE=
-- CONFIG_MAIN_TASK_STACK_SIZE=3584
-- CONFIG_MBEDTLS_AES_C=y
-- CONFIG_MBEDTLS_ASYMMETRIC_CONTENT_LEN=y
-- CONFIG_MBEDTLS_ATCA_HW_ECDSA_SIGN=
-- CONFIG_MBEDTLS_ATCA_HW_ECDSA_VERIFY=
-- CONFIG_MBEDTLS_BLOWFISH_C=
-- CONFIG_MBEDTLS_CAMELLIA_C=
-- CONFIG_MBEDTLS_CCM_C=y
-- CONFIG_MBEDTLS_CERTIFICATE_BUNDLE=
-- CONFIG_MBEDTLS_CHACHA20_C=
-- CONFIG_MBEDTLS_CLIENT_SSL_SESSION_TICKETS=y
-- CONFIG_MBEDTLS_CMAC_C=y
-- CONFIG_MBEDTLS_CUSTOM_MEM_ALLOC=
-- CONFIG_MBEDTLS_DEBUG=
-- CONFIG_MBEDTLS_DEFAULT_MEM_ALLOC=
-- CONFIG_MBEDTLS_DES_C=
-- CONFIG_MBEDTLS_DYNAMIC_BUFFER=
-- CONFIG_MBEDTLS_ECDH_C=y
-- CONFIG_MBEDTLS_ECDSA_C=y
-- CONFIG_MBEDTLS_ECDSA_DETERMINISTIC=y
-- CONFIG_MBEDTLS_ECJPAKE_C=
-- CONFIG_MBEDTLS_ECP_C=y
-- CONFIG_MBEDTLS_ECP_DP_BP256R1_ENABLED=y
-- CONFIG_MBEDTLS_ECP_DP_BP384R1_ENABLED=y
-- CONFIG_MBEDTLS_ECP_DP_BP512R1_ENABLED=y
-- CONFIG_MBEDTLS_ECP_DP_CURVE25519_ENABLED=y
-- CONFIG_MBEDTLS_ECP_DP_SECP192K1_ENABLED=y
-- CONFIG_MBEDTLS_ECP_DP_SECP192R1_ENABLED=y
-- CONFIG_MBEDTLS_ECP_DP_SECP224K1_ENABLED=y
-- CONFIG_MBEDTLS_ECP_DP_SECP224R1_ENABLED=y
-- CONFIG_MBEDTLS_ECP_DP_SECP256K1_ENABLED=y
-- CONFIG_MBEDTLS_ECP_DP_SECP256R1_ENABLED=y
-- CONFIG_MBEDTLS_ECP_DP_SECP384R1_ENABLED=y
-- CONFIG_MBEDTLS_ECP_DP_SECP521R1_ENABLED=y
-- CONFIG_MBEDTLS_ECP_NIST_OPTIM=y
-- CONFIG_MBEDTLS_ECP_RESTARTABLE=
-- CONFIG_MBEDTLS_EXTERNAL_MEM_ALLOC=y
-- CONFIG_MBEDTLS_GCM_C=y
-- CONFIG_MBEDTLS_HARDWARE_AES=y
-- CONFIG_MBEDTLS_HARDWARE_MPI=y
-- CONFIG_MBEDTLS_HARDWARE_SHA=y
-- CONFIG_MBEDTLS_HAVE_TIME=y
-- CONFIG_MBEDTLS_HAVE_TIME_DATE=
-- CONFIG_MBEDTLS_HKDF_C=
-- CONFIG_MBEDTLS_INTERNAL_MEM_ALLOC=
-- CONFIG_MBEDTLS_KEY_EXCHANGE_DHE_RSA=y
-- CONFIG_MBEDTLS_KEY_EXCHANGE_ECDHE_ECDSA=y
-- CONFIG_MBEDTLS_KEY_EXCHANGE_ECDHE_RSA=y
-- CONFIG_MBEDTLS_KEY_EXCHANGE_ECDH_ECDSA=y
-- CONFIG_MBEDTLS_KEY_EXCHANGE_ECDH_RSA=y
-- CONFIG_MBEDTLS_KEY_EXCHANGE_ELLIPTIC_CURVE=y
-- CONFIG_MBEDTLS_KEY_EXCHANGE_RSA=y
-- CONFIG_MBEDTLS_LARGE_KEY_SOFTWARE_MPI=
-- CONFIG_MBEDTLS_NIST_KW_C=
-- CONFIG_MBEDTLS_PEM_PARSE_C=y
-- CONFIG_MBEDTLS_PEM_WRITE_C=y
-- CONFIG_MBEDTLS_POLY1305_C=
-- CONFIG_MBEDTLS_PSK_MODES=
-- CONFIG_MBEDTLS_RC4_DISABLED=y
-- CONFIG_MBEDTLS_RC4_ENABLED=
-- CONFIG_MBEDTLS_RC4_ENABLED_NO_DEFAULT=
-- CONFIG_MBEDTLS_RIPEMD160_C=
-- CONFIG_MBEDTLS_ROM_MD5=
-- CONFIG_MBEDTLS_SECURITY_RISKS=
-- CONFIG_MBEDTLS_SERVER_SSL_SESSION_TICKETS=y
-- CONFIG_MBEDTLS_SHA512_C=y
-- CONFIG_MBEDTLS_SSL_ALPN=y
-- CONFIG_MBEDTLS_SSL_CONTEXT_SERIALIZATION=
-- CONFIG_MBEDTLS_SSL_IN_CONTENT_LEN=16384
-- CONFIG_MBEDTLS_SSL_KEEP_PEER_CERTIFICATE=y
-- CONFIG_MBEDTLS_SSL_OUT_CONTENT_LEN=4096
-- CONFIG_MBEDTLS_SSL_PROTO_DTLS=
-- CONFIG_MBEDTLS_SSL_PROTO_GMTSSL1_1=
-- CONFIG_MBEDTLS_SSL_PROTO_SSL3=
-- CONFIG_MBEDTLS_SSL_PROTO_TLS1=
-- CONFIG_MBEDTLS_SSL_PROTO_TLS1_1=y
-- CONFIG_MBEDTLS_SSL_PROTO_TLS1_2=y
-- CONFIG_MBEDTLS_SSL_RENEGOTIATION=y
-- CONFIG_MBEDTLS_SSL_VARIABLE_BUFFER_LENGTH=
-- CONFIG_MBEDTLS_THREADING_C=
-- CONFIG_MBEDTLS_TLS_CLIENT=y
-- CONFIG_MBEDTLS_TLS_CLIENT_ONLY=
-- CONFIG_MBEDTLS_TLS_DISABLED=
-- CONFIG_MBEDTLS_TLS_ENABLED=y
-- CONFIG_MBEDTLS_TLS_SERVER=y
-- CONFIG_MBEDTLS_TLS_SERVER_AND_CLIENT=y
-- CONFIG_MBEDTLS_TLS_SERVER_ONLY=
-- CONFIG_MBEDTLS_X509_CHECK_EXTENDED_KEY_USAGE=y
-- CONFIG_MBEDTLS_X509_CHECK_KEY_USAGE=y
-- CONFIG_MBEDTLS_X509_CRL_PARSE_C=y
-- CONFIG_MBEDTLS_X509_CSR_PARSE_C=y
-- CONFIG_MBEDTLS_X509_TRUSTED_CERT_CALLBACK=
-- CONFIG_MBEDTLS_XTEA_C=
-- CONFIG_MB_CONTROLLER_NOTIFY_QUEUE_SIZE=20
-- CONFIG_MB_CONTROLLER_NOTIFY_TIMEOUT=20
-- CONFIG_MB_CONTROLLER_SLAVE_ID=0x112233
-- CONFIG_MB_CONTROLLER_SLAVE_ID_SUPPORT=y
-- CONFIG_MB_CONTROLLER_STACK_SIZE=4096
-- CONFIG_MB_EVENT_QUEUE_TIMEOUT=20
-- CONFIG_MB_MASTER_DELAY_MS_CONVERT=200
-- CONFIG_MB_MASTER_TIMEOUT_MS_RESPOND=150
-- CONFIG_MB_QUEUE_LENGTH=20
-- CONFIG_MB_SERIAL_BUF_SIZE=256
-- CONFIG_MB_SERIAL_TASK_PRIO=10
-- CONFIG_MB_SERIAL_TASK_STACK_SIZE=4096
-- CONFIG_MB_TIMER_PORT_ENABLED=
-- CONFIG_MCPWM_ISR_IN_IRAM=
-- CONFIG_MDNS_MAX_SERVICES=10
-- CONFIG_MDNS_MULTIPLE_INSTANCE=y
-- CONFIG_MDNS_NETWORKING_SOCKET=
-- CONFIG_MDNS_SERVICE_ADD_TIMEOUT_MS=2000
-- CONFIG_MDNS_STRICT_MODE=
-- CONFIG_MDNS_TASK_AFFINITY=0x0
-- CONFIG_MDNS_TASK_AFFINITY_CPU0=y
-- CONFIG_MDNS_TASK_AFFINITY_CPU1=
-- CONFIG_MDNS_TASK_AFFINITY_NO_AFFINITY=
-- CONFIG_MDNS_TASK_PRIORITY=1
-- CONFIG_MDNS_TASK_STACK_SIZE=4096
-- CONFIG_MDNS_TIMER_PERIOD_MS=100
-- CONFIG_MONITOR_BAUD=115200
-- CONFIG_MONITOR_BAUD_115200B=y
-- CONFIG_MONITOR_BAUD_230400B=
-- CONFIG_MONITOR_BAUD_2MB=
-- CONFIG_MONITOR_BAUD_57600B=
-- CONFIG_MONITOR_BAUD_921600B=
-- CONFIG_MONITOR_BAUD_9600B=
-- CONFIG_MONITOR_BAUD_OTHER=
-- CONFIG_MONITOR_BAUD_OTHER_VAL=115200
-- CONFIG_MQTT_CUSTOM_OUTBOX=
-- CONFIG_MQTT_MSG_ID_INCREMENTAL=
-- CONFIG_MQTT_PROTOCOL_311=y
-- CONFIG_MQTT_REPORT_DELETED_MESSAGES=
-- CONFIG_MQTT_SKIP_PUBLISH_IF_DISCONNECTED=
-- CONFIG_MQTT_TASK_CORE_SELECTION_ENABLED=
-- CONFIG_MQTT_TRANSPORT_SSL=y
-- CONFIG_MQTT_TRANSPORT_WEBSOCKET=y
-- CONFIG_MQTT_TRANSPORT_WEBSOCKET_SECURE=y
-- CONFIG_MQTT_USE_CUSTOM_CONFIG=
-- CONFIG_NEWLIB_NANO_FORMAT=
-- CONFIG_NEWLIB_STDIN_LINE_ENDING_CR=y
-- CONFIG_NEWLIB_STDIN_LINE_ENDING_CRLF=
-- CONFIG_NEWLIB_STDIN_LINE_ENDING_LF=
-- CONFIG_NEWLIB_STDOUT_LINE_ENDING_CR=
-- CONFIG_NEWLIB_STDOUT_LINE_ENDING_CRLF=y
-- CONFIG_NEWLIB_STDOUT_LINE_ENDING_LF=
-- CONFIG_NIMBLE_ENABLED=
-- CONFIG_NUMBER_OF_UNIVERSAL_MAC_ADDRESS=4
-- CONFIG_NVS_ASSERT_ERROR_CHECK=
-- CONFIG_OPENSSL_ASSERT_DO_NOTHING=
-- CONFIG_OPENSSL_ASSERT_EXIT=y
-- CONFIG_OPENSSL_DEBUG=
-- CONFIG_OPENSSL_ERROR_STACK=y
-- CONFIG_OPENTHREAD_ENABLED=
-- CONFIG_OPTIMIZATION_ASSERTIONS_DISABLED=
-- CONFIG_OPTIMIZATION_ASSERTIONS_ENABLED=y
-- CONFIG_OPTIMIZATION_ASSERTIONS_SILENT=
-- CONFIG_OPTIMIZATION_ASSERTION_LEVEL=2
-- CONFIG_OTA_ALLOW_HTTP=
-- CONFIG_PARTITION_TABLE_CUSTOM=y
-- CONFIG_PARTITION_TABLE_CUSTOM_FILENAME=partitions.csv
-- CONFIG_PARTITION_TABLE_FILENAME=partitions.csv
-- CONFIG_PARTITION_TABLE_MD5=y
-- CONFIG_PARTITION_TABLE_OFFSET=0x8000
-- CONFIG_PARTITION_TABLE_SINGLE_APP=
-- CONFIG_PARTITION_TABLE_SINGLE_APP_LARGE=
-- CONFIG_PARTITION_TABLE_TWO_OTA=
-- CONFIG_PCNT_ENC=y
-- CONFIG_PICO_PSRAM_CS_IO=10
-- CONFIG_PM_ENABLE=
-- CONFIG_POST_EVENTS_FROM_IRAM_ISR=y
-- CONFIG_POST_EVENTS_FROM_ISR=y
-- CONFIG_PPP_SUPPORT=
-- CONFIG_PTHREAD_DEFAULT_CORE_0=
-- CONFIG_PTHREAD_DEFAULT_CORE_1=
-- CONFIG_PTHREAD_DEFAULT_CORE_NO_AFFINITY=y
-- CONFIG_PTHREAD_STACK_MIN=512
-- CONFIG_PTHREAD_TASK_CORE_DEFAULT=-1
-- CONFIG_PTHREAD_TASK_NAME_DEFAULT=pthread
-- CONFIG_PTHREAD_TASK_PRIO_DEFAULT=5
-- CONFIG_PTHREAD_TASK_STACK_SIZE_DEFAULT=2048
-- CONFIG_RINGBUF_PLACE_FUNCTIONS_INTO_FLASH=y
-- CONFIG_RINGBUF_PLACE_ISR_FUNCTIONS_INTO_FLASH=
-- CONFIG_RTCIO_SUPPORT_RTC_GPIO_DESC=
-- CONFIG_SDK_TOOLCHAIN_SUPPORTS_TIME_WIDE_64_BITS=
-- CONFIG_SDK_TOOLPREFIX=xtensa-esp32-elf-
-- CONFIG_SECURE_BOOT=
-- CONFIG_SECURE_FLASH_ENC_ENABLED=
-- CONFIG_SECURE_SIGNED_APPS_NO_SECURE_BOOT=
-- CONFIG_SEMIHOSTFS_MAX_MOUNT_POINTS=1
-- CONFIG_SMP_ENABLE=y
-- CONFIG_SPIFFS_API_DBG=
-- CONFIG_SPIFFS_CACHE=y
-- CONFIG_SPIFFS_CACHE_DBG=
-- CONFIG_SPIFFS_CACHE_STATS=
-- CONFIG_SPIFFS_CACHE_WR=y
-- CONFIG_SPIFFS_CHECK_DBG=
-- CONFIG_SPIFFS_DBG=
-- CONFIG_SPIFFS_FOLLOW_SYMLINKS=
-- CONFIG_SPIFFS_GC_DBG=
-- CONFIG_SPIFFS_GC_MAX_RUNS=10
-- CONFIG_SPIFFS_GC_STATS=
-- CONFIG_SPIFFS_MAX_PARTITIONS=3
-- CONFIG_SPIFFS_META_LENGTH=4
-- CONFIG_SPIFFS_OBJ_NAME_LEN=32
-- CONFIG_SPIFFS_PAGE_CHECK=y
-- CONFIG_SPIFFS_PAGE_SIZE=256
-- CONFIG_SPIFFS_TEST_VISUALISATION=
-- CONFIG_SPIFFS_USE_MAGIC=y
-- CONFIG_SPIFFS_USE_MAGIC_LENGTH=y
-- CONFIG_SPIFFS_USE_MTIME=y
-- CONFIG_SPIRAM=y
-- CONFIG_SPIRAM_2T_MODE=y
-- CONFIG_SPIRAM_ALLOW_BSS_SEG_EXTERNAL_MEMORY=
-- CONFIG_SPIRAM_ALLOW_NOINIT_SEG_EXTERNAL_MEMORY=
-- CONFIG_SPIRAM_ALLOW_STACK_EXTERNAL_MEMORY=
-- CONFIG_SPIRAM_BANKSWITCH_ENABLE=
-- CONFIG_SPIRAM_BOOT_INIT=y
-- CONFIG_SPIRAM_CACHE_LIBCHAR_IN_IRAM=
-- CONFIG_SPIRAM_CACHE_LIBENV_IN_IRAM=
-- CONFIG_SPIRAM_CACHE_LIBFILE_IN_IRAM=
-- CONFIG_SPIRAM_CACHE_LIBIO_IN_IRAM=
-- CONFIG_SPIRAM_CACHE_LIBJMP_IN_IRAM=
-- CONFIG_SPIRAM_CACHE_LIBMATH_IN_IRAM=
-- CONFIG_SPIRAM_CACHE_LIBMEM_IN_IRAM=
-- CONFIG_SPIRAM_CACHE_LIBMISC_IN_IRAM=
-- CONFIG_SPIRAM_CACHE_LIBNUMPARSER_IN_IRAM=
-- CONFIG_SPIRAM_CACHE_LIBRAND_IN_IRAM=
-- CONFIG_SPIRAM_CACHE_LIBSTR_IN_IRAM=
-- CONFIG_SPIRAM_CACHE_LIBTIME_IN_IRAM=
-- CONFIG_SPIRAM_CACHE_WORKAROUND=y
-- CONFIG_SPIRAM_CACHE_WORKAROUND_STRATEGY_DUPLDST=
-- CONFIG_SPIRAM_CACHE_WORKAROUND_STRATEGY_MEMW=y
-- CONFIG_SPIRAM_CACHE_WORKAROUND_STRATEGY_NOPS=
-- CONFIG_SPIRAM_CUSTOM_SPIWP_SD3_PIN=
-- CONFIG_SPIRAM_IGNORE_NOTFOUND=y
-- CONFIG_SPIRAM_MALLOC_ALWAYSINTERNAL=16384
-- CONFIG_SPIRAM_MALLOC_RESERVE_INTERNAL=32768
-- CONFIG_SPIRAM_MEMTEST=y
-- CONFIG_SPIRAM_OCCUPY_HSPI_HOST=
-- CONFIG_SPIRAM_OCCUPY_NO_HOST=
-- CONFIG_SPIRAM_OCCUPY_VSPI_HOST=y
-- CONFIG_SPIRAM_SIZE=-1
-- CONFIG_SPIRAM_SPEED_40M=
-- CONFIG_SPIRAM_SPEED_80M=y
-- CONFIG_SPIRAM_SPIWP_SD3_PIN=7
-- CONFIG_SPIRAM_SUPPORT=y
-- CONFIG_SPIRAM_TRY_ALLOCATE_WIFI_LWIP=y
-- CONFIG_SPIRAM_TYPE_AUTO=y
-- CONFIG_SPIRAM_TYPE_ESPPSRAM16=
-- CONFIG_SPIRAM_TYPE_ESPPSRAM32=
-- CONFIG_SPIRAM_TYPE_ESPPSRAM64=
-- CONFIG_SPIRAM_USE_CAPS_ALLOC=
-- CONFIG_SPIRAM_USE_MALLOC=y
-- CONFIG_SPIRAM_USE_MEMMAP=
-- CONFIG_SPI_FLASH_BYPASS_BLOCK_ERASE=
-- CONFIG_SPI_FLASH_CHECK_ERASE_TIMEOUT_DISABLED=
-- CONFIG_SPI_FLASH_DANGEROUS_WRITE_ABORTS=y
-- CONFIG_SPI_FLASH_DANGEROUS_WRITE_ALLOWED=
-- CONFIG_SPI_FLASH_DANGEROUS_WRITE_FAILS=
-- CONFIG_SPI_FLASH_ENABLE_COUNTERS=
-- CONFIG_SPI_FLASH_ENABLE_ENCRYPTED_READ_WRITE=y
-- CONFIG_SPI_FLASH_ERASE_YIELD_DURATION_MS=20
-- CONFIG_SPI_FLASH_ERASE_YIELD_TICKS=1
-- CONFIG_SPI_FLASH_OVERRIDE_CHIP_DRIVER_LIST=
-- CONFIG_SPI_FLASH_ROM_DRIVER_PATCH=y
-- CONFIG_SPI_FLASH_SHARE_SPI1_BUS=
-- CONFIG_SPI_FLASH_SIZE_OVERRIDE=
-- CONFIG_SPI_FLASH_SUPPORT_BOYA_CHIP=
-- CONFIG_SPI_FLASH_SUPPORT_GD_CHIP=y
-- CONFIG_SPI_FLASH_SUPPORT_ISSI_CHIP=y
-- CONFIG_SPI_FLASH_SUPPORT_MXIC_CHIP=y
-- CONFIG_SPI_FLASH_SUPPORT_TH_CHIP=
-- CONFIG_SPI_FLASH_SUPPORT_WINBOND_CHIP=y
-- CONFIG_SPI_FLASH_USE_LEGACY_IMPL=
-- CONFIG_SPI_FLASH_VERIFY_WRITE=
-- CONFIG_SPI_FLASH_WRITE_CHUNK_SIZE=8192
-- CONFIG_SPI_FLASH_WRITING_DANGEROUS_REGIONS_ABORTS=y
-- CONFIG_SPI_FLASH_WRITING_DANGEROUS_REGIONS_ALLOWED=
-- CONFIG_SPI_FLASH_WRITING_DANGEROUS_REGIONS_FAILS=
-- CONFIG_SPI_FLASH_YIELD_DURING_ERASE=y
-- CONFIG_SPI_MASTER_IN_IRAM=
-- CONFIG_SPI_MASTER_ISR_IN_IRAM=y
-- CONFIG_SPI_SLAVE_IN_IRAM=
-- CONFIG_SPI_SLAVE_ISR_IN_IRAM=y
-- CONFIG_STACK_CHECK_ALL=
-- CONFIG_STACK_CHECK_NONE=y
-- CONFIG_STACK_CHECK_NORM=
-- CONFIG_STACK_CHECK_STRONG=
-- CONFIG_SUPPORT_TERMIOS=y
-- CONFIG_SUPPRESS_SELECT_DEBUG_OUTPUT=y
-- CONFIG_SW_COEXIST_ENABLE=y
-- CONFIG_SYSTEM_EVENT_QUEUE_SIZE=32
-- CONFIG_SYSTEM_EVENT_TASK_STACK_SIZE=2304
-- CONFIG_TASK_WDT=y
-- CONFIG_TASK_WDT_CHECK_IDLE_TASK_CPU0=y
-- CONFIG_TASK_WDT_CHECK_IDLE_TASK_CPU1=y
-- CONFIG_TASK_WDT_PANIC=
-- CONFIG_TASK_WDT_TIMEOUT_S=5
-- CONFIG_TCPIP_RECVMBOX_SIZE=16
-- CONFIG_TCPIP_TASK_AFFINITY=0x7fffffff
-- CONFIG_TCPIP_TASK_AFFINITY_CPU0=
-- CONFIG_TCPIP_TASK_AFFINITY_CPU1=
-- CONFIG_TCPIP_TASK_AFFINITY_NO_AFFINITY=y
-- CONFIG_TCPIP_TASK_STACK_SIZE=3072
-- CONFIG_TCP_MAXRTX=12
-- CONFIG_TCP_MSL=60000
-- CONFIG_TCP_MSS=1440
-- CONFIG_TCP_OVERSIZE_DISABLE=
-- CONFIG_TCP_OVERSIZE_MSS=y
-- CONFIG_TCP_OVERSIZE_QUARTER_MSS=
-- CONFIG_TCP_QUEUE_OOSEQ=y
-- CONFIG_TCP_RECVMBOX_SIZE=16
-- CONFIG_TCP_SND_BUF_DEFAULT=5760
-- CONFIG_TCP_SYNMAXRTX=12
-- CONFIG_TCP_WND_DEFAULT=5760
-- CONFIG_TIMER_QUEUE_LENGTH=10
-- CONFIG_TIMER_TASK_PRIORITY=1
-- CONFIG_TIMER_TASK_STACK_DEPTH=2048
-- CONFIG_TIMER_TASK_STACK_SIZE=3584
-- CONFIG_TLS_STACK_WOLFSSL=y
-- CONFIG_TOOLPREFIX=xtensa-esp32-elf-
-- CONFIG_TRACEMEM_RESERVE_DRAM=0x0
-- CONFIG_TWAI_ERRATA_FIX_BUS_OFF_REC=
-- CONFIG_TWAI_ERRATA_FIX_LISTEN_ONLY_DOM=
-- CONFIG_TWAI_ERRATA_FIX_RX_FIFO_CORRUPT=
-- CONFIG_TWAI_ERRATA_FIX_RX_FRAME_INVALID=
-- CONFIG_TWAI_ERRATA_FIX_TX_INTR_LOST=
-- CONFIG_TWAI_ISR_IN_IRAM=
-- CONFIG_TWO_UNIVERSAL_MAC_ADDRESS=
-- CONFIG_UART_ISR_IN_IRAM=
-- CONFIG_UDP_RECVMBOX_SIZE=6
-- CONFIG_ULP_COPROC_ENABLED=
-- CONFIG_ULP_COPROC_RESERVE_MEM=0
-- CONFIG_UNITY_ENABLE_64BIT=
-- CONFIG_UNITY_ENABLE_BACKTRACE_ON_FAIL=
-- CONFIG_UNITY_ENABLE_COLOR=
-- CONFIG_UNITY_ENABLE_DOUBLE=y
-- CONFIG_UNITY_ENABLE_FIXTURE=
-- CONFIG_UNITY_ENABLE_FLOAT=y
-- CONFIG_UNITY_ENABLE_IDF_TEST_RUNNER=y
-- CONFIG_USE_ONLY_LWIP_SELECT=
-- CONFIG_USE_WOLFSSL_ESP_SDK_TIME=y
-- CONFIG_USE_WOLFSSL_ESP_SDK_WIFI=y
-- CONFIG_VFS_SEMIHOSTFS_MAX_MOUNT_POINTS=1
-- CONFIG_VFS_SUPPORT_DIR=y
-- CONFIG_VFS_SUPPORT_IO=y
-- CONFIG_VFS_SUPPORT_SELECT=y
-- CONFIG_VFS_SUPPORT_TERMIOS=y
-- CONFIG_VFS_SUPPRESS_SELECT_DEBUG_OUTPUT=y
-- CONFIG_WARN_WRITE_STRINGS=
-- CONFIG_WIFI_LWIP_ALLOCATION_FROM_SPIRAM_FIRST=y
-- CONFIG_WIFI_PASSWORD=myssid
-- CONFIG_WIFI_PROV_AUTOSTOP_TIMEOUT=30
-- CONFIG_WIFI_PROV_BLE_BONDING=
-- CONFIG_WIFI_PROV_BLE_FORCE_ENCRYPTION=
-- CONFIG_WIFI_PROV_KEEP_BLE_ON_AFTER_PROV=
-- CONFIG_WIFI_PROV_SCAN_MAX_ENTRIES=16
-- CONFIG_WIFI_SSID=myssid
-- CONFIG_WL_SECTOR_SIZE=4096
-- CONFIG_WL_SECTOR_SIZE_4096=y
-- CONFIG_WL_SECTOR_SIZE_512=
-- CONFIG_WOLFSSL_ALLOW_TLS12=y
-- CONFIG_WOLFSSL_ALLOW_TLS13=y
-- CONFIG_WOLFSSL_ALT_CERT_CHAINS=
-- CONFIG_WOLFSSL_APPLE_HOMEKIT=
-- CONFIG_WOLFSSL_ASN_ALLOW_0_SERIAL=y
-- CONFIG_WOLFSSL_CERTIFICATE_BUNDLE=y
-- CONFIG_WOLFSSL_CERTIFICATE_BUNDLE_DEFAULT_CMN=
-- CONFIG_WOLFSSL_CERTIFICATE_BUNDLE_DEFAULT_FULL=y
-- CONFIG_WOLFSSL_CERTIFICATE_BUNDLE_DEFAULT_NONE=
-- CONFIG_WOLFSSL_CERTIFICATE_BUNDLE_DEPRECATED_LIST=
-- CONFIG_WOLFSSL_CERTIFICATE_BUNDLE_MAX_CERTS=200
-- CONFIG_WOLFSSL_CUSTOM_CERTIFICATE_BUNDLE=
-- CONFIG_WOLFSSL_HAVE_ALPN=y
-- CONFIG_WOLFSSL_HAVE_OCSP=
-- CONFIG_WOLFSSL_HAVE_TLS_EXTENSIONS=y
-- CONFIG_WOLFSSL_NO_ASN_STRICT=
-- CONFIG_WPA_11KV_SUPPORT=
-- CONFIG_WPA_DEBUG_PRINT=
-- CONFIG_WPA_DPP_SUPPORT=
-- CONFIG_WPA_MBEDTLS_CRYPTO=y
-- CONFIG_WPA_MBO_SUPPORT=
-- CONFIG_WPA_SUITE_B_192=
-- CONFIG_WPA_TESTING_OPTIONS=
-- CONFIG_WPA_WAPI_PSK=
-- CONFIG_WPA_WPS_STRICT=
-- CONFIG_WS_BUFFER_SIZE=1576
-- CONFIG_WS_TRANSPORT=y
-- CXX_COMPILE_OPTIONS=-std=gnu++11
-- C_COMPILER_SUPPORTS_WFORMAT_SIGNEDNESS=1
-- C_COMPILE_OPTIONS=-std=gnu99
-- DEFAULT_CRT_DIR=D:/Arduino/Projects/KaRadio32_4/components/wolfssl/wolfcrypt/src/port/Espressif/esp_crt_bundle
-- DISPLAY_ALL=0
-- DISPLAY_COLOR=1
-- DISPLAY_MONO=0
-- DISPLAY_NONE=0
-- DISPLAY_SUFFIX=_C
-- ENABLE_PROGRAMS=
-- ENABLE_TESTING=
-- ENABLE_ZLIB_SUPPORT=OFF
-- END_PROJECT_NAME=KaRadio32_C_BT
-- ESPEFUSEPY=C:/Esp/python_env/idf4.4_py3.11_env/Scripts/python.exe;C:/Esp/frameworks/esp-idf-v4.4.8/components/esptool_py/esptool/espefuse.py
-- ESPFLASHFREQ=80m
-- ESPFLASHMODE=dio
-- ESPFLASHSIZE=detect
-- ESPMONITOR=C:/Esp/python_env/idf4.4_py3.11_env/Scripts/python.exe;C:/Esp/frameworks/esp-idf-v4.4.8/tools/idf_monitor.py
-- ESPSECUREPY=C:/Esp/python_env/idf4.4_py3.11_env/Scripts/python.exe;C:/Esp/frameworks/esp-idf-v4.4.8/components/esptool_py/esptool/espsecure.py
-- ESPTOOLPY=C:/Esp/python_env/idf4.4_py3.11_env/Scripts/python.exe;;C:/Esp/frameworks/esp-idf-v4.4.8/components/esptool_py/esptool/esptool.py;--chip;esp32
-- ESPTOOLPY_CHIP=esp32
-- ESPTOOLPY_FLASH_OPTIONS=--flash_mode;dio;--flash_freq;80m;--flash_size;8MB
-- ESP_PLATFORM=1
-- ESP_PLATFORM=1
-- EXCLUDE_ASM=D:/Arduino/Projects/KaRadio32_4
-- EXTRA_CMAKE_ARGS=
-- EXTRA_COMPONENT_DIRS=D:/Arduino/Projects/KaRadio32_4/components/wolfssl/src/\;D:/Arduino/Projects/KaRadio32_4/components/wolfssl/wolfcrypt/src\;D:/Arduino/Projects/KaRadio32_4/components/wolfssl/wolfcrypt/src/port/Espressif\;D:/Arduino/Projects/KaRadio32_4/components/wolfssl/wolfcrypt/src/port/Espressif/esp_crt_bundle\;D:/Arduino/Projects/KaRadio32_4/components/wolfssl/wolfcrypt/src/port/atmel\;D:/Arduino/Projects/KaRadio32_4/components/wolfssl/src/
-- FIND_PACKAGE_MESSAGE_DETAILS_Git=[C:/Esp/tools/idf-git/2.44.0/cmd/git.exe][v2.44.0.windows.1()]
-- FIND_PACKAGE_MESSAGE_DETAILS_Python3=[C:/Esp/python_env/idf4.4_py3.11_env/Scripts/python.exe][cfound components: Interpreter ][v3.11.2()]
-- FOUND_WOLFSSL=D:/Arduino/Projects/KaRadio32_4/components/wolfssl
-- GENERATE_CERT_BUNDLEPY=C:/Esp/python_env/idf4.4_py3.11_env/Scripts/python.exe;D:/Arduino/Projects/KaRadio32_4/components/wolfssl/wolfcrypt/src/port/Espressif/esp_crt_bundle/gen_crt_bundle.py
-- GIT_EXECUTABLE=C:/Esp/tools/idf-git/2.44.0/cmd/git.exe
-- GIT_FOUND=TRUE
-- GIT_VERSION_STRING=2.44.0.windows.1
-- Git_FOUND=TRUE
-- IDFTOOL=C:/Esp/python_env/idf4.4_py3.11_env/Scripts/python.exe;C:/Esp/frameworks/esp-idf-v4.4.8/tools/idf.py
-- IDF_COMPONENT_MANAGER=1
-- IDF_PATH=C:/Esp/frameworks/esp-idf-v4.4.8
-- IDF_TARGET=esp32
-- IDF_TARGET=esp32
-- IDF_TOOLCHAIN=gcc
-- IDF_VER=v4.4.8-dirty
-- IDF_VERSION_MAJOR=4
-- IDF_VERSION_MINOR=4
-- IDF_VERSION_PATCH=8
-- INCLUDE_DIRECTORIES=D:/Arduino/Projects/KaRadio32_4/build/config
-- INCLUDE_PATH=D:/Arduino/Projects/KaRadio32_4/components/wolfssl
-- INSTALL_MBEDTLS_HEADERS=ON
-- IS_WOLSSL_ESP_IDF_COMPONENT=0
-- KCONFIGS=C:/Esp/frameworks/esp-idf-v4.4.8/components/app_trace/Kconfig;C:/Esp/frameworks/esp-idf-v4.4.8/components/asio/Kconfig;C:/Esp/frameworks/esp-idf-v4.4.8/components/bt/Kconfig;C:/Esp/frameworks/esp-idf-v4.4.8/components/coap/Kconfig;C:/Esp/frameworks/esp-idf-v4.4.8/components/driver/Kconfig;C:/Esp/frameworks/esp-idf-v4.4.8/components/efuse/Kconfig;C:/Esp/frameworks/esp-idf-v4.4.8/components/esp-tls/Kconfig;C:/Esp/frameworks/esp-idf-v4.4.8/components/esp32/Kconfig;C:/Esp/frameworks/esp-idf-v4.4.8/components/esp_adc_cal/Kconfig;C:/Esp/frameworks/esp-idf-v4.4.8/components/esp_common/Kconfig;C:/Esp/frameworks/esp-idf-v4.4.8/components/esp_eth/Kconfig;C:/Esp/frameworks/esp-idf-v4.4.8/components/esp_event/Kconfig;C:/Esp/frameworks/esp-idf-v4.4.8/components/esp_gdbstub/Kconfig;C:/Esp/frameworks/esp-idf-v4.4.8/components/esp_http_client/Kconfig;C:/Esp/frameworks/esp-idf-v4.4.8/components/esp_http_server/Kconfig;C:/Esp/frameworks/esp-idf-v4.4.8/components/esp_https_ota/Kconfig;C:/Esp/frameworks/esp-idf-v4.4.8/components/esp_https_server/Kconfig;C:/Esp/frameworks/esp-idf-v4.4.8/components/esp_hw_support/Kconfig;C:/Esp/frameworks/esp-idf-v4.4.8/components/esp_ipc/Kconfig;C:/Esp/frameworks/esp-idf-v4.4.8/components/esp_lcd/Kconfig;C:/Esp/frameworks/esp-idf-v4.4.8/components/esp_netif/Kconfig;C:/Esp/frameworks/esp-idf-v4.4.8/components/esp_phy/Kconfig;C:/Esp/frameworks/esp-idf-v4.4.8/components/esp_pm/Kconfig;C:/Esp/frameworks/esp-idf-v4.4.8/components/esp_ringbuf/Kconfig;C:/Esp/frameworks/esp-idf-v4.4.8/components/esp_system/Kconfig;C:/Esp/frameworks/esp-idf-v4.4.8/components/esp_timer/Kconfig;C:/Esp/frameworks/esp-idf-v4.4.8/components/esp_wifi/Kconfig;C:/Esp/frameworks/esp-idf-v4.4.8/components/espcoredump/Kconfig;C:/Esp/frameworks/esp-idf-v4.4.8/components/fatfs/Kconfig;C:/Esp/frameworks/esp-idf-v4.4.8/components/freemodbus/Kconfig;C:/Esp/frameworks/esp-idf-v4.4.8/components/freertos/Kconfig;C:/Esp/frameworks/esp-idf-v4.4.8/components/hal/Kconfig;C:/Esp/frameworks/esp-idf-v4.4.8/components/heap/Kconfig;C:/Esp/frameworks/esp-idf-v4.4.8/components/ieee802154/Kconfig;C:/Esp/frameworks/esp-idf-v4.4.8/components/jsmn/Kconfig;C:/Esp/frameworks/esp-idf-v4.4.8/components/libsodium/Kconfig;C:/Esp/frameworks/esp-idf-v4.4.8/components/log/Kconfig;C:/Esp/frameworks/esp-idf-v4.4.8/components/lwip/Kconfig;C:/Esp/frameworks/esp-idf-v4.4.8/components/mbedtls/Kconfig;C:/Esp/frameworks/esp-idf-v4.4.8/components/mdns/Kconfig;C:/Esp/frameworks/esp-idf-v4.4.8/components/mqtt/Kconfig;C:/Esp/frameworks/esp-idf-v4.4.8/components/newlib/Kconfig;C:/Esp/frameworks/esp-idf-v4.4.8/components/nvs_flash/Kconfig;C:/Esp/frameworks/esp-idf-v4.4.8/components/openssl/Kconfig;C:/Esp/frameworks/esp-idf-v4.4.8/components/openthread/Kconfig;C:/Esp/frameworks/esp-idf-v4.4.8/components/pthread/Kconfig;C:/Esp/frameworks/esp-idf-v4.4.8/components/spi_flash/Kconfig;C:/Esp/frameworks/esp-idf-v4.4.8/components/spiffs/Kconfig;C:/Esp/frameworks/esp-idf-v4.4.8/components/tcp_transport/Kconfig;C:/Esp/frameworks/esp-idf-v4.4.8/components/tinyusb/Kconfig;C:/Esp/frameworks/esp-idf-v4.4.8/components/unity/Kconfig;C:/Esp/frameworks/esp-idf-v4.4.8/components/usb/Kconfig;C:/Esp/frameworks/esp-idf-v4.4.8/components/vfs/Kconfig;C:/Esp/frameworks/esp-idf-v4.4.8/components/wear_levelling/Kconfig;C:/Esp/frameworks/esp-idf-v4.4.8/components/wifi_provisioning/Kconfig;C:/Esp/frameworks/esp-idf-v4.4.8/components/wpa_supplicant/Kconfig;D:/Arduino/Projects/KaRadio32_4/components/wolfssl/Kconfig
-- KCONFIG_PROJBUILDS=C:/Esp/frameworks/esp-idf-v4.4.8/components/app_update/Kconfig.projbuild;C:/Esp/frameworks/esp-idf-v4.4.8/components/bootloader/Kconfig.projbuild;C:/Esp/frameworks/esp-idf-v4.4.8/components/esp_rom/Kconfig.projbuild;C:/Esp/frameworks/esp-idf-v4.4.8/components/esptool_py/Kconfig.projbuild;C:/Esp/frameworks/esp-idf-v4.4.8/components/partition_table/Kconfig.projbuild;D:/Arduino/Projects/KaRadio32_4/main/Kconfig.projbuild
-- KaRadio32_BINARY_DIR=D:/Arduino/Projects/KaRadio32_4/build
-- KaRadio32_C_BT_BINARY_DIR=D:/Arduino/Projects/KaRadio32_4/build
-- KaRadio32_C_BT_DESCRIPTION=
-- KaRadio32_C_BT_HOMEPAGE_URL=
-- KaRadio32_C_BT_IS_TOP_LEVEL=ON
-- KaRadio32_C_BT_SOURCE_DIR=D:/Arduino/Projects/KaRadio32_4
-- KaRadio32_IS_TOP_LEVEL=ON
-- KaRadio32_SOURCE_DIR=D:/Arduino/Projects/KaRadio32_4
-- LINK_OPTIONS=-Wl,--gc-sections
-- LINK_WITH_PTHREAD=OFF
-- LINK_WITH_TRUSTED_STORAGE=OFF
-- MBEDTLS_CONFIG_FILE=
-- MBEDTLS_FATAL_WARNINGS=ON
-- MBEDTLS_USER_CONFIG_FILE=
-- Mbed TLS_BINARY_DIR=D:/Arduino/Projects/KaRadio32_4/build/esp-idf/mbedtls/mbedtls
-- Mbed TLS_IS_TOP_LEVEL=OFF
-- Mbed TLS_SOURCE_DIR=C:/Esp/frameworks/esp-idf-v4.4.8/components/mbedtls/mbedtls
-- PARTITION_CSV_PATH=D:/Arduino/Projects/KaRadio32_4/partitions.csv
-- PARTITION_TABLE_CHECK_SIZES_TOOL_PATH=C:/Esp/frameworks/esp-idf-v4.4.8/components/partition_table/check_sizes.py
-- PARTITION_TABLE_OFFSET=0x8000
-- PROJECT_BIN=$<TARGET_PROPERTY:__idf_build_target,EXECUTABLE_NAME>.bin
-- PROJECT_BINARY_DIR=D:/Arduino/Projects/KaRadio32_4/build/esp-idf
-- PROJECT_DESCRIPTION=
-- PROJECT_DIR=D:/Arduino/Projects/KaRadio32_4
-- PROJECT_HOMEPAGE_URL=
-- PROJECT_IS_TOP_LEVEL=ON
-- PROJECT_NAME=esp-idf
-- PROJECT_SOURCE_DIR=C:/Esp/frameworks/esp-idf-v4.4.8
-- PROJECT_VER=2.4.4
-- PROJECT_VERSION=
-- PROJECT_VERSION_MAJOR=
-- PROJECT_VERSION_MINOR=
-- PROJECT_VERSION_PATCH=
-- PROJECT_VERSION_TWEAK=
-- PYTHON=C:/Esp/python_env/idf4.4_py3.11_env/Scripts/python.exe
-- PYTHON_DEPS_CHECKED=1
-- RTOS_IDF_PATH=C:/Esp/frameworks/esp-idf-v4.4.8/components/freertos/include/freertos
-- RUN_CONFIGURE=ON
-- SDKCONFIG=D:/Arduino/Projects/KaRadio32_4/sdkconfig
-- SDKCONFIG_CMAKE=D:/Arduino/Projects/KaRadio32_4/build/config/sdkconfig.cmake
-- SDKCONFIG_CONTENT=#
# Automatically generated file. DO NOT EDIT.
# Espressif IoT Development Framework (ESP-IDF) Project Configuration
#
CONFIG_IDF_CMAKE=y
CONFIG_IDF_TARGET_ARCH_XTENSA=y
CONFIG_IDF_TARGET="esp32"
CONFIG_IDF_TARGET_ESP32=y
CONFIG_IDF_FIRMWARE_CHIP_ID=0x0000

#
# SDK tool configuration
#
CONFIG_SDK_TOOLPREFIX="xtensa-esp32-elf-"
# CONFIG_SDK_TOOLCHAIN_SUPPORTS_TIME_WIDE_64_BITS is not set
# end of SDK tool configuration

#
# Build type
#
CONFIG_APP_BUILD_TYPE_APP_2NDBOOT=y
# CONFIG_APP_BUILD_TYPE_ELF_RAM is not set
CONFIG_APP_BUILD_GENERATE_BINARIES=y
CONFIG_APP_BUILD_BOOTLOADER=y
CONFIG_APP_BUILD_USE_FLASH_SECTIONS=y
# end of Build type

#
# Application manager
#
CONFIG_APP_COMPILE_TIME_DATE=y
# CONFIG_APP_EXCLUDE_PROJECT_VER_VAR is not set
# CONFIG_APP_EXCLUDE_PROJECT_NAME_VAR is not set
# CONFIG_APP_PROJECT_VER_FROM_CONFIG is not set
CONFIG_APP_RETRIEVE_LEN_ELF_SHA=9
# end of Application manager

#
# Bootloader config
#
CONFIG_BOOTLOADER_OFFSET_IN_FLASH=0x1000
CONFIG_BOOTLOADER_COMPILER_OPTIMIZATION_SIZE=y
# CONFIG_BOOTLOADER_COMPILER_OPTIMIZATION_DEBUG is not set
# CONFIG_BOOTLOADER_COMPILER_OPTIMIZATION_PERF is not set
# CONFIG_BOOTLOADER_COMPILER_OPTIMIZATION_NONE is not set
# CONFIG_BOOTLOADER_LOG_LEVEL_NONE is not set
# CONFIG_BOOTLOADER_LOG_LEVEL_ERROR is not set
# CONFIG_BOOTLOADER_LOG_LEVEL_WARN is not set
CONFIG_BOOTLOADER_LOG_LEVEL_INFO=y
# CONFIG_BOOTLOADER_LOG_LEVEL_DEBUG is not set
# CONFIG_BOOTLOADER_LOG_LEVEL_VERBOSE is not set
CONFIG_BOOTLOADER_LOG_LEVEL=3

#
# Serial Flash Configurations
#
# CONFIG_BOOTLOADER_FLASH_DC_AWARE is not set
CONFIG_BOOTLOADER_FLASH_XMC_SUPPORT=y
# end of Serial Flash Configurations

CONFIG_BOOTLOADER_VDDSDIO_BOOST_1_9V=y
# CONFIG_BOOTLOADER_FACTORY_RESET is not set
# CONFIG_BOOTLOADER_APP_TEST is not set
# CONFIG_BOOTLOADER_REGION_PROTECTION_ENABLE is not set
CONFIG_BOOTLOADER_WDT_ENABLE=y
# CONFIG_BOOTLOADER_WDT_DISABLE_IN_USER_CODE is not set
CONFIG_BOOTLOADER_WDT_TIME_MS=9000
# CONFIG_BOOTLOADER_APP_ROLLBACK_ENABLE is not set
# CONFIG_BOOTLOADER_SKIP_VALIDATE_IN_DEEP_SLEEP is not set
# CONFIG_BOOTLOADER_SKIP_VALIDATE_ON_POWER_ON is not set
# CONFIG_BOOTLOADER_SKIP_VALIDATE_ALWAYS is not set
CONFIG_BOOTLOADER_RESERVE_RTC_SIZE=0
# CONFIG_BOOTLOADER_CUSTOM_RESERVE_RTC is not set
# end of Bootloader config

#
# Security features
#
# CONFIG_SECURE_SIGNED_APPS_NO_SECURE_BOOT is not set
# CONFIG_SECURE_BOOT is not set
# CONFIG_SECURE_FLASH_ENC_ENABLED is not set
# end of Security features

#
# Serial flasher config
#
CONFIG_ESPTOOLPY_BAUD_OTHER_VAL=115200
# CONFIG_ESPTOOLPY_NO_STUB is not set
# CONFIG_ESPTOOLPY_FLASHMODE_QIO is not set
# CONFIG_ESPTOOLPY_FLASHMODE_QOUT is not set
CONFIG_ESPTOOLPY_FLASHMODE_DIO=y
# CONFIG_ESPTOOLPY_FLASHMODE_DOUT is not set
CONFIG_ESPTOOLPY_FLASH_SAMPLE_MODE_STR=y
CONFIG_ESPTOOLPY_FLASHMODE="dio"
CONFIG_ESPTOOLPY_FLASHFREQ_80M=y
# CONFIG_ESPTOOLPY_FLASHFREQ_40M is not set
# CONFIG_ESPTOOLPY_FLASHFREQ_26M is not set
# CONFIG_ESPTOOLPY_FLASHFREQ_20M is not set
CONFIG_ESPTOOLPY_FLASHFREQ="80m"
# CONFIG_ESPTOOLPY_FLASHSIZE_1MB is not set
# CONFIG_ESPTOOLPY_FLASHSIZE_2MB is not set
# CONFIG_ESPTOOLPY_FLASHSIZE_4MB is not set
CONFIG_ESPTOOLPY_FLASHSIZE_8MB=y
# CONFIG_ESPTOOLPY_FLASHSIZE_16MB is not set
# CONFIG_ESPTOOLPY_FLASHSIZE_32MB is not set
# CONFIG_ESPTOOLPY_FLASHSIZE_64MB is not set
# CONFIG_ESPTOOLPY_FLASHSIZE_128MB is not set
CONFIG_ESPTOOLPY_FLASHSIZE="8MB"
CONFIG_ESPTOOLPY_FLASHSIZE_DETECT=y
CONFIG_ESPTOOLPY_BEFORE_RESET=y
# CONFIG_ESPTOOLPY_BEFORE_NORESET is not set
CONFIG_ESPTOOLPY_BEFORE="default_reset"
CONFIG_ESPTOOLPY_AFTER_RESET=y
# CONFIG_ESPTOOLPY_AFTER_NORESET is not set
CONFIG_ESPTOOLPY_AFTER="hard_reset"
# CONFIG_ESPTOOLPY_MONITOR_BAUD_CONSOLE is not set
# CONFIG_ESPTOOLPY_MONITOR_BAUD_9600B is not set
# CONFIG_ESPTOOLPY_MONITOR_BAUD_57600B is not set
CONFIG_ESPTOOLPY_MONITOR_BAUD_115200B=y
# CONFIG_ESPTOOLPY_MONITOR_BAUD_230400B is not set
# CONFIG_ESPTOOLPY_MONITOR_BAUD_921600B is not set
# CONFIG_ESPTOOLPY_MONITOR_BAUD_2MB is not set
# CONFIG_ESPTOOLPY_MONITOR_BAUD_OTHER is not set
CONFIG_ESPTOOLPY_MONITOR_BAUD_OTHER_VAL=115200
CONFIG_ESPTOOLPY_MONITOR_BAUD=115200
# end of Serial flasher config

#
# Partition Table
#
# CONFIG_PARTITION_TABLE_SINGLE_APP is not set
# CONFIG_PARTITION_TABLE_SINGLE_APP_LARGE is not set
# CONFIG_PARTITION_TABLE_TWO_OTA is not set
CONFIG_PARTITION_TABLE_CUSTOM=y
CONFIG_PARTITION_TABLE_CUSTOM_FILENAME="partitions.csv"
CONFIG_PARTITION_TABLE_FILENAME="partitions.csv"
CONFIG_PARTITION_TABLE_OFFSET=0x8000
CONFIG_PARTITION_TABLE_MD5=y
# end of Partition Table

#
# Web Radio / Bluetooth Speaker
#

#
# Wifi Configuration
#
CONFIG_WIFI_SSID="myssid"
CONFIG_WIFI_PASSWORD="myssid"
# end of Wifi Configuration

#
# Audio Output
#
CONFIG_AUDIO_OUTPUT_MODE_I2S=y
# CONFIG_AUDIO_OUTPUT_MODE_I2S_MERUS is not set
# CONFIG_AUDIO_OUTPUT_MODE_DAC_BUILT_IN is not set
# CONFIG_AUDIO_OUTPUT_MODE_PDM is not set
# CONFIG_AUDIO_OUTPUT_MODE_VS1053 is not set
# CONFIG_AUDIO_OUTPUT_MODE_SPDIF is not set
# CONFIG_AUDIO_OUTPUT_MODE_I2S_32 is not set
CONFIG_AUDIO_OUTPUT_MODE=0
# end of Audio Output

#
# Encoder
#
CONFIG_PCNT_ENC=y
# CONFIG_ISR_ENC is not set
# end of Encoder

#
# Display
#
# CONFIG_DISPLAY_TYPE_NONE is not set
# CONFIG_DISPLAY_TYPE_MONO is not set
CONFIG_DISPLAY_TYPE_COLOR=y
# CONFIG_DISPLAY_TYPE_ALL is not set
# end of Display

CONFIG_BT_SPEAKER_MODE=y
CONFIG_BT_NAME="KaRadio Speaker"

#
# LED Configuration
#
CONFIG_BLINK_LED_GPIO=y
# CONFIG_BLINK_LED_RMT is not set
CONFIG_BLINK_GPIO=2
CONFIG_BLINK_PERIOD=1000
# end of LED Configuration
# end of Web Radio / Bluetooth Speaker

#
# Compiler options
#
CONFIG_COMPILER_OPTIMIZATION_DEFAULT=y
# CONFIG_COMPILER_OPTIMIZATION_SIZE is not set
# CONFIG_COMPILER_OPTIMIZATION_PERF is not set
# CONFIG_COMPILER_OPTIMIZATION_NONE is not set
CONFIG_COMPILER_OPTIMIZATION_ASSERTIONS_ENABLE=y
# CONFIG_COMPILER_OPTIMIZATION_ASSERTIONS_SILENT is not set
# CONFIG_COMPILER_OPTIMIZATION_ASSERTIONS_DISABLE is not set
CONFIG_COMPILER_OPTIMIZATION_ASSERTION_LEVEL=2
# CONFIG_COMPILER_OPTIMIZATION_CHECKS_SILENT is not set
CONFIG_COMPILER_HIDE_PATHS_MACROS=y
# CONFIG_COMPILER_CXX_EXCEPTIONS is not set
# CONFIG_COMPILER_CXX_RTTI is not set
CONFIG_COMPILER_STACK_CHECK_MODE_NONE=y
# CONFIG_COMPILER_STACK_CHECK_MODE_NORM is not set
# CONFIG_COMPILER_STACK_CHECK_MODE_STRONG is not set
# CONFIG_COMPILER_STACK_CHECK_MODE_ALL is not set
# CONFIG_COMPILER_WARN_WRITE_STRINGS is not set
# CONFIG_COMPILER_DISABLE_GCC8_WARNINGS is not set
# CONFIG_COMPILER_DUMP_RTL_FILES is not set
# end of Compiler options

#
# Component config
#

#
# Application Level Tracing
#
# CONFIG_APPTRACE_DEST_JTAG is not set
CONFIG_APPTRACE_DEST_NONE=y
CONFIG_APPTRACE_LOCK_ENABLE=y
# end of Application Level Tracing

#
# ESP-ASIO
#
# CONFIG_ASIO_SSL_SUPPORT is not set
# end of ESP-ASIO

#
# Bluetooth
#
CONFIG_BT_ENABLED=y

#
# Bluetooth controller
#
# CONFIG_BTDM_CTRL_MODE_BLE_ONLY is not set
CONFIG_BTDM_CTRL_MODE_BR_EDR_ONLY=y
# CONFIG_BTDM_CTRL_MODE_BTDM is not set
CONFIG_BTDM_CTRL_BR_EDR_MAX_ACL_CONN=2
CONFIG_BTDM_CTRL_BR_EDR_MAX_SYNC_CONN=0
# CONFIG_BTDM_CTRL_BR_EDR_SCO_DATA_PATH_HCI is not set
CONFIG_BTDM_CTRL_BR_EDR_SCO_DATA_PATH_PCM=y
CONFIG_BTDM_CTRL_BR_EDR_SCO_DATA_PATH_EFF=1
CONFIG_BTDM_CTRL_PCM_ROLE_EDGE_CONFIG=y
CONFIG_BTDM_CTRL_PCM_ROLE_MASTER=y
# CONFIG_BTDM_CTRL_PCM_ROLE_SLAVE is not set
CONFIG_BTDM_CTRL_PCM_POLAR_FALLING_EDGE=y
# CONFIG_BTDM_CTRL_PCM_POLAR_RISING_EDGE is not set
CONFIG_BTDM_CTRL_PCM_ROLE_EFF=0
CONFIG_BTDM_CTRL_PCM_POLAR_EFF=0
CONFIG_BTDM_CTRL_LEGACY_AUTH_VENDOR_EVT=y
CONFIG_BTDM_CTRL_LEGACY_AUTH_VENDOR_EVT_EFF=y
CONFIG_BTDM_CTRL_BLE_MAX_CONN_EFF=0
CONFIG_BTDM_CTRL_BR_EDR_MAX_ACL_CONN_EFF=2
CONFIG_BTDM_CTRL_BR_EDR_MAX_SYNC_CONN_EFF=0
CONFIG_BTDM_CTRL_PINNED_TO_CORE_0=y
# CONFIG_BTDM_CTRL_PINNED_TO_CORE_1 is not set
CONFIG_BTDM_CTRL_PINNED_TO_CORE=0
CONFIG_BTDM_CTRL_HCI_MODE_VHCI=y
# CONFIG_BTDM_CTRL_HCI_MODE_UART_H4 is not set

#
# MODEM SLEEP Options
#
CONFIG_BTDM_CTRL_MODEM_SLEEP=y
CONFIG_BTDM_CTRL_MODEM_SLEEP_MODE_ORIG=y
# CONFIG_BTDM_CTRL_MODEM_SLEEP_MODE_EVED is not set
CONFIG_BTDM_CTRL_LPCLK_SEL_MAIN_XTAL=y
# end of MODEM SLEEP Options

CONFIG_BTDM_BLE_SLEEP_CLOCK_ACCURACY_INDEX_EFF=1
# CONFIG_BTDM_CTRL_SCAN_BACKOFF_UPPERLIMITMAX is not set
CONFIG_BTDM_RESERVE_DRAM=0xdb5c
CONFIG_BTDM_CTRL_HLI=y
# end of Bluetooth controller

CONFIG_BT_BLUEDROID_ENABLED=y
# CONFIG_BT_NIMBLE_ENABLED is not set
# CONFIG_BT_CONTROLLER_ONLY is not set

#
# Bluedroid Options
#
CONFIG_BT_BTC_TASK_STACK_SIZE=3072
CONFIG_BT_BLUEDROID_PINNED_TO_CORE_0=y
# CONFIG_BT_BLUEDROID_PINNED_TO_CORE_1 is not set
CONFIG_BT_BLUEDROID_PINNED_TO_CORE=0
CONFIG_BT_BTU_TASK_STACK_SIZE=4352
# CONFIG_BT_BLUEDROID_MEM_DEBUG is not set
CONFIG_BT_CLASSIC_ENABLED=y
CONFIG_BT_A2DP_ENABLE=y
# CONFIG_BT_SPP_ENABLED is not set
# CONFIG_BT_HFP_ENABLE is not set
# CONFIG_BT_HID_ENABLED is not set
# CONFIG_BT_SSP_ENABLED is not set
# CONFIG_BT_BLE_ENABLED is not set
CONFIG_BT_STACK_NO_LOG=y
CONFIG_BT_ACL_CONNECTIONS=4
CONFIG_BT_ALLOCATION_FROM_SPIRAM_FIRST=y
CONFIG_BT_BLE_DYNAMIC_ENV_MEMORY=y
CONFIG_BT_SMP_ENABLE=y
CONFIG_BT_SMP_MAX_BONDS=5
CONFIG_BT_MAX_DEVICE_NAME_LEN=32
# CONFIG_BT_BLE_RPA_SUPPORTED is not set
# end of Bluedroid Options

# CONFIG_BT_HCI_LOG_DEBUG_EN is not set

#
# Common Options
#
CONFIG_BT_ALARM_MAX_NUM=50
# end of Common Options
# end of Bluetooth

# CONFIG_BLE_MESH is not set

#
# CoAP Configuration
#
CONFIG_COAP_MBEDTLS_PSK=y
# CONFIG_COAP_MBEDTLS_PKI is not set
# CONFIG_COAP_MBEDTLS_DEBUG is not set
CONFIG_COAP_LOG_DEFAULT_LEVEL=0
# end of CoAP Configuration

#
# Driver configurations
#

#
# ADC configuration
#
# CONFIG_ADC_FORCE_XPD_FSM is not set
CONFIG_ADC_DISABLE_DAC=y
# end of ADC configuration

#
# MCPWM configuration
#
# CONFIG_MCPWM_ISR_IN_IRAM is not set
# end of MCPWM configuration

#
# SPI configuration
#
# CONFIG_SPI_MASTER_IN_IRAM is not set
CONFIG_SPI_MASTER_ISR_IN_IRAM=y
# CONFIG_SPI_SLAVE_IN_IRAM is not set
CONFIG_SPI_SLAVE_ISR_IN_IRAM=y
# end of SPI configuration

#
# TWAI configuration
#
# CONFIG_TWAI_ISR_IN_IRAM is not set
# CONFIG_TWAI_ERRATA_FIX_BUS_OFF_REC is not set
# CONFIG_TWAI_ERRATA_FIX_TX_INTR_LOST is not set
# CONFIG_TWAI_ERRATA_FIX_RX_FRAME_INVALID is not set
# CONFIG_TWAI_ERRATA_FIX_RX_FIFO_CORRUPT is not set
# CONFIG_TWAI_ERRATA_FIX_LISTEN_ONLY_DOM is not set
# end of TWAI configuration

#
# UART configuration
#
# CONFIG_UART_ISR_IN_IRAM is not set
# end of UART configuration

#
# RTCIO configuration
#
# CONFIG_RTCIO_SUPPORT_RTC_GPIO_DESC is not set
# end of RTCIO configuration

#
# GPIO Configuration
#
# CONFIG_GPIO_ESP32_SUPPORT_SWITCH_SLP_PULL is not set
# end of GPIO Configuration

#
# GDMA Configuration
#
# CONFIG_GDMA_CTRL_FUNC_IN_IRAM is not set
# CONFIG_GDMA_ISR_IRAM_SAFE is not set
# end of GDMA Configuration
# end of Driver configurations

#
# eFuse Bit Manager
#
# CONFIG_EFUSE_CUSTOM_TABLE is not set
# CONFIG_EFUSE_VIRTUAL is not set
# CONFIG_EFUSE_CODE_SCHEME_COMPAT_NONE is not set
CONFIG_EFUSE_CODE_SCHEME_COMPAT_3_4=y
# CONFIG_EFUSE_CODE_SCHEME_COMPAT_REPEAT is not set
CONFIG_EFUSE_MAX_BLK_LEN=192
# end of eFuse Bit Manager

#
# ESP-TLS
#
# CONFIG_ESP_TLS_USING_MBEDTLS is not set
CONFIG_ESP_TLS_USING_WOLFSSL=y
# CONFIG_ESP_TLS_SERVER is not set
# CONFIG_ESP_TLS_PSK_VERIFICATION is not set
# CONFIG_ESP_TLS_INSECURE is not set
CONFIG_ESP_WOLFSSL_SMALL_CERT_VERIFY=y
# CONFIG_ESP_DEBUG_WOLFSSL is not set
# end of ESP-TLS

#
# ESP32-specific
#
CONFIG_ESP32_ECO3_CACHE_LOCK_FIX=y
CONFIG_ESP32_REV_MIN_0=y
# CONFIG_ESP32_REV_MIN_1 is not set
# CONFIG_ESP32_REV_MIN_1_1 is not set
# CONFIG_ESP32_REV_MIN_2 is not set
# CONFIG_ESP32_REV_MIN_3 is not set
# CONFIG_ESP32_REV_MIN_3_1 is not set
CONFIG_ESP32_REV_MIN=0
CONFIG_ESP32_REV_MIN_FULL=0
CONFIG_ESP_REV_MIN_FULL=0
CONFIG_ESP32_REV_MAX_FULL_STR_OPT=y
CONFIG_ESP32_REV_MAX_FULL=399
CONFIG_ESP_REV_MAX_FULL=399
CONFIG_ESP32_DPORT_WORKAROUND=y
# CONFIG_ESP32_DEFAULT_CPU_FREQ_80 is not set
# CONFIG_ESP32_DEFAULT_CPU_FREQ_160 is not set
CONFIG_ESP32_DEFAULT_CPU_FREQ_240=y
CONFIG_ESP32_DEFAULT_CPU_FREQ_MHZ=240
CONFIG_ESP32_SPIRAM_SUPPORT=y

#
# SPI RAM config
#
CONFIG_SPIRAM_TYPE_AUTO=y
# CONFIG_SPIRAM_TYPE_ESPPSRAM16 is not set
# CONFIG_SPIRAM_TYPE_ESPPSRAM32 is not set
# CONFIG_SPIRAM_TYPE_ESPPSRAM64 is not set
CONFIG_SPIRAM_SIZE=-1
# CONFIG_SPIRAM_SPEED_40M is not set
CONFIG_SPIRAM_SPEED_80M=y
CONFIG_SPIRAM=y
CONFIG_SPIRAM_BOOT_INIT=y
CONFIG_SPIRAM_IGNORE_NOTFOUND=y
# CONFIG_SPIRAM_USE_MEMMAP is not set
# CONFIG_SPIRAM_USE_CAPS_ALLOC is not set
CONFIG_SPIRAM_USE_MALLOC=y
CONFIG_SPIRAM_MEMTEST=y
CONFIG_SPIRAM_MALLOC_ALWAYSINTERNAL=16384
CONFIG_SPIRAM_TRY_ALLOCATE_WIFI_LWIP=y
CONFIG_SPIRAM_MALLOC_RESERVE_INTERNAL=32768
# CONFIG_SPIRAM_ALLOW_BSS_SEG_EXTERNAL_MEMORY is not set
# CONFIG_SPIRAM_ALLOW_NOINIT_SEG_EXTERNAL_MEMORY is not set
CONFIG_SPIRAM_CACHE_WORKAROUND=y

#
# SPIRAM cache workaround debugging
#
CONFIG_SPIRAM_CACHE_WORKAROUND_STRATEGY_MEMW=y
# CONFIG_SPIRAM_CACHE_WORKAROUND_STRATEGY_DUPLDST is not set
# CONFIG_SPIRAM_CACHE_WORKAROUND_STRATEGY_NOPS is not set
# end of SPIRAM cache workaround debugging

#
# SPIRAM workaround libraries placement
#
# CONFIG_SPIRAM_CACHE_LIBJMP_IN_IRAM is not set
# CONFIG_SPIRAM_CACHE_LIBMATH_IN_IRAM is not set
# CONFIG_SPIRAM_CACHE_LIBNUMPARSER_IN_IRAM is not set
# CONFIG_SPIRAM_CACHE_LIBIO_IN_IRAM is not set
# CONFIG_SPIRAM_CACHE_LIBTIME_IN_IRAM is not set
# CONFIG_SPIRAM_CACHE_LIBCHAR_IN_IRAM is not set
# CONFIG_SPIRAM_CACHE_LIBMEM_IN_IRAM is not set
# CONFIG_SPIRAM_CACHE_LIBSTR_IN_IRAM is not set
# CONFIG_SPIRAM_CACHE_LIBRAND_IN_IRAM is not set
# CONFIG_SPIRAM_CACHE_LIBENV_IN_IRAM is not set
# CONFIG_SPIRAM_CACHE_LIBFILE_IN_IRAM is not set
# CONFIG_SPIRAM_CACHE_LIBMISC_IN_IRAM is not set
# end of SPIRAM workaround libraries placement

# CONFIG_SPIRAM_BANKSWITCH_ENABLE is not set
# CONFIG_SPIRAM_ALLOW_STACK_EXTERNAL_MEMORY is not set
# CONFIG_SPIRAM_OCCUPY_HSPI_HOST is not set
CONFIG_SPIRAM_OCCUPY_VSPI_HOST=y
# CONFIG_SPIRAM_OCCUPY_NO_HOST is not set

#
# PSRAM clock and cs IO for ESP32-DOWD
#
CONFIG_D0WD_PSRAM_CLK_IO=17
CONFIG_D0WD_PSRAM_CS_IO=16
# end of PSRAM clock and cs IO for ESP32-DOWD

#
# PSRAM clock and cs IO for ESP32-D2WD
#
CONFIG_D2WD_PSRAM_CLK_IO=9
CONFIG_D2WD_PSRAM_CS_IO=10
# end of PSRAM clock and cs IO for ESP32-D2WD

#
# PSRAM clock and cs IO for ESP32-PICO
#
CONFIG_PICO_PSRAM_CS_IO=10
# end of PSRAM clock and cs IO for ESP32-PICO

# CONFIG_SPIRAM_CUSTOM_SPIWP_SD3_PIN is not set
CONFIG_SPIRAM_SPIWP_SD3_PIN=7
CONFIG_SPIRAM_2T_MODE=y
# end of SPI RAM config

# CONFIG_ESP32_TRAX is not set
CONFIG_ESP32_TRACEMEM_RESERVE_DRAM=0x0
# CONFIG_ESP32_ULP_COPROC_ENABLED is not set
CONFIG_ESP32_ULP_COPROC_RESERVE_MEM=0
CONFIG_ESP32_DEBUG_OCDAWARE=y
CONFIG_ESP32_BROWNOUT_DET=y
CONFIG_ESP32_BROWNOUT_DET_LVL_SEL_0=y
# CONFIG_ESP32_BROWNOUT_DET_LVL_SEL_1 is not set
# CONFIG_ESP32_BROWNOUT_DET_LVL_SEL_2 is not set
# CONFIG_ESP32_BROWNOUT_DET_LVL_SEL_3 is not set
# CONFIG_ESP32_BROWNOUT_DET_LVL_SEL_4 is not set
# CONFIG_ESP32_BROWNOUT_DET_LVL_SEL_5 is not set
# CONFIG_ESP32_BROWNOUT_DET_LVL_SEL_6 is not set
# CONFIG_ESP32_BROWNOUT_DET_LVL_SEL_7 is not set
CONFIG_ESP32_BROWNOUT_DET_LVL=0
CONFIG_ESP32_TIME_SYSCALL_USE_RTC_FRC1=y
# CONFIG_ESP32_TIME_SYSCALL_USE_RTC is not set
# CONFIG_ESP32_TIME_SYSCALL_USE_FRC1 is not set
# CONFIG_ESP32_TIME_SYSCALL_USE_NONE is not set
CONFIG_ESP32_RTC_CLK_SRC_INT_RC=y
# CONFIG_ESP32_RTC_CLK_SRC_EXT_CRYS is not set
# CONFIG_ESP32_RTC_CLK_SRC_EXT_OSC is not set
# CONFIG_ESP32_RTC_CLK_SRC_INT_8MD256 is not set
CONFIG_ESP32_RTC_CLK_CAL_CYCLES=1024
CONFIG_ESP32_DEEP_SLEEP_WAKEUP_DELAY=2000
CONFIG_ESP32_XTAL_FREQ_40=y
# CONFIG_ESP32_XTAL_FREQ_26 is not set
# CONFIG_ESP32_XTAL_FREQ_AUTO is not set
CONFIG_ESP32_XTAL_FREQ=40
# CONFIG_ESP32_DISABLE_BASIC_ROM_CONSOLE is not set
# CONFIG_ESP32_COMPATIBLE_PRE_V2_1_BOOTLOADERS is not set
# CONFIG_ESP32_COMPATIBLE_PRE_V3_1_BOOTLOADERS is not set
# CONFIG_ESP32_USE_FIXED_STATIC_RAM_SIZE is not set
CONFIG_ESP32_DPORT_DIS_INTERRUPT_LVL=5
# end of ESP32-specific

#
# ADC-Calibration
#
CONFIG_ADC_CAL_EFUSE_TP_ENABLE=y
CONFIG_ADC_CAL_EFUSE_VREF_ENABLE=y
CONFIG_ADC_CAL_LUT_ENABLE=y
# end of ADC-Calibration

#
# Common ESP-related
#
CONFIG_ESP_ERR_TO_NAME_LOOKUP=y
# end of Common ESP-related

#
# Ethernet
#
CONFIG_ETH_ENABLED=y
CONFIG_ETH_USE_ESP32_EMAC=y
CONFIG_ETH_PHY_INTERFACE_RMII=y
CONFIG_ETH_RMII_CLK_INPUT=y
# CONFIG_ETH_RMII_CLK_OUTPUT is not set
CONFIG_ETH_RMII_CLK_IN_GPIO=0
CONFIG_ETH_DMA_BUFFER_SIZE=512
CONFIG_ETH_DMA_RX_BUFFER_NUM=10
CONFIG_ETH_DMA_TX_BUFFER_NUM=10
CONFIG_ETH_USE_SPI_ETHERNET=y
# CONFIG_ETH_SPI_ETHERNET_DM9051 is not set
# CONFIG_ETH_SPI_ETHERNET_W5500 is not set
# CONFIG_ETH_SPI_ETHERNET_KSZ8851SNL is not set
# CONFIG_ETH_USE_OPENETH is not set
# end of Ethernet

#
# Event Loop Library
#
# CONFIG_ESP_EVENT_LOOP_PROFILING is not set
CONFIG_ESP_EVENT_POST_FROM_ISR=y
CONFIG_ESP_EVENT_POST_FROM_IRAM_ISR=y
# end of Event Loop Library

#
# GDB Stub
#
# end of GDB Stub

#
# ESP HTTP client
#
CONFIG_ESP_HTTP_CLIENT_ENABLE_HTTPS=y
# CONFIG_ESP_HTTP_CLIENT_ENABLE_BASIC_AUTH is not set
CONFIG_ESP_HTTP_CLIENT_ENABLE_DIGEST_AUTH=y
# end of ESP HTTP client

#
# HTTP Server
#
CONFIG_HTTPD_MAX_REQ_HDR_LEN=512
CONFIG_HTTPD_MAX_URI_LEN=384
CONFIG_HTTPD_ERR_RESP_NO_DELAY=y
CONFIG_HTTPD_PURGE_BUF_LEN=32
# CONFIG_HTTPD_LOG_PURGE_DATA is not set
# CONFIG_HTTPD_WS_SUPPORT is not set
# end of HTTP Server

#
# ESP HTTPS OTA
#
# CONFIG_OTA_ALLOW_HTTP is not set
# end of ESP HTTPS OTA

#
# ESP HTTPS server
#
# CONFIG_ESP_HTTPS_SERVER_ENABLE is not set
# end of ESP HTTPS server

#
# Hardware Settings
#

#
# MAC Config
#
CONFIG_ESP_MAC_ADDR_UNIVERSE_WIFI_STA=y
CONFIG_ESP_MAC_ADDR_UNIVERSE_WIFI_AP=y
CONFIG_ESP_MAC_ADDR_UNIVERSE_BT=y
CONFIG_ESP_MAC_ADDR_UNIVERSE_ETH=y
# CONFIG_ESP32_UNIVERSAL_MAC_ADDRESSES_TWO is not set
CONFIG_ESP32_UNIVERSAL_MAC_ADDRESSES_FOUR=y
CONFIG_ESP32_UNIVERSAL_MAC_ADDRESSES=4
# CONFIG_ESP_MAC_IGNORE_MAC_CRC_ERROR is not set
# end of MAC Config

#
# Sleep Config
#
CONFIG_ESP_SLEEP_RTC_BUS_ISO_WORKAROUND=y
# CONFIG_ESP_SLEEP_GPIO_RESET_WORKAROUND is not set
CONFIG_ESP_SLEEP_PSRAM_LEAKAGE_WORKAROUND=y
CONFIG_ESP_SLEEP_FLASH_LEAKAGE_WORKAROUND=y
# CONFIG_ESP_SLEEP_MSPI_NEED_ALL_IO_PU is not set
CONFIG_ESP_SLEEP_GPIO_ENABLE_INTERNAL_RESISTORS=y
# end of Sleep Config

#
# RTC Clock Config
#
# end of RTC Clock Config
# end of Hardware Settings

#
# IPC (Inter-Processor Call)
#
CONFIG_ESP_IPC_TASK_STACK_SIZE=1024
CONFIG_ESP_IPC_USES_CALLERS_PRIORITY=y
CONFIG_ESP_IPC_ISR_ENABLE=y
# end of IPC (Inter-Processor Call)

#
# LCD and Touch Panel
#

#
# LCD Touch Drivers are maintained in the IDF Component Registry
#

#
# LCD Peripheral Configuration
#
CONFIG_LCD_PANEL_IO_FORMAT_BUF_SIZE=16
# end of LCD Peripheral Configuration
# end of LCD and Touch Panel

#
# ESP NETIF Adapter
#
CONFIG_ESP_NETIF_IP_LOST_TIMER_INTERVAL=120
CONFIG_ESP_NETIF_TCPIP_LWIP=y
# CONFIG_ESP_NETIF_LOOPBACK is not set
CONFIG_ESP_NETIF_TCPIP_ADAPTER_COMPATIBLE_LAYER=y
# end of ESP NETIF Adapter

#
# PHY
#
CONFIG_ESP_PHY_CALIBRATION_AND_DATA_STORAGE=y
# CONFIG_ESP_PHY_INIT_DATA_IN_PARTITION is not set
CONFIG_ESP_PHY_MAX_WIFI_TX_POWER=20
CONFIG_ESP_PHY_MAX_TX_POWER=20
# CONFIG_ESP_PHY_REDUCE_TX_POWER is not set
CONFIG_ESP_PHY_RF_CAL_PARTIAL=y
# CONFIG_ESP_PHY_RF_CAL_NONE is not set
# CONFIG_ESP_PHY_RF_CAL_FULL is not set
CONFIG_ESP_PHY_CALIBRATION_MODE=0
# end of PHY

#
# Power Management
#
# CONFIG_PM_ENABLE is not set
# end of Power Management

#
# ESP Ringbuf
#
CONFIG_RINGBUF_PLACE_FUNCTIONS_INTO_FLASH=y
# CONFIG_RINGBUF_PLACE_ISR_FUNCTIONS_INTO_FLASH is not set
# end of ESP Ringbuf

#
# ESP System Settings
#
CONFIG_ESP_SYSTEM_PANIC_PRINT_HALT=y
# CONFIG_ESP_SYSTEM_PANIC_PRINT_REBOOT is not set
# CONFIG_ESP_SYSTEM_PANIC_SILENT_REBOOT is not set
# CONFIG_ESP_SYSTEM_PANIC_GDBSTUB is not set
# CONFIG_ESP_SYSTEM_GDBSTUB_RUNTIME is not set

#
# Memory protection
#
# end of Memory protection

CONFIG_ESP_SYSTEM_EVENT_QUEUE_SIZE=32
CONFIG_ESP_SYSTEM_EVENT_TASK_STACK_SIZE=2304
CONFIG_ESP_MAIN_TASK_STACK_SIZE=3584
CONFIG_ESP_MAIN_TASK_AFFINITY_CPU0=y
# CONFIG_ESP_MAIN_TASK_AFFINITY_CPU1 is not set
# CONFIG_ESP_MAIN_TASK_AFFINITY_NO_AFFINITY is not set
CONFIG_ESP_MAIN_TASK_AFFINITY=0x0
CONFIG_ESP_MINIMAL_SHARED_STACK_SIZE=2048
CONFIG_ESP_CONSOLE_UART_DEFAULT=y
# CONFIG_ESP_CONSOLE_UART_CUSTOM is not set
# CONFIG_ESP_CONSOLE_NONE is not set
CONFIG_ESP_CONSOLE_UART=y
CONFIG_ESP_CONSOLE_MULTIPLE_UART=y
CONFIG_ESP_CONSOLE_UART_NUM=0
CONFIG_ESP_CONSOLE_UART_BAUDRATE=115200
CONFIG_ESP_INT_WDT=y
CONFIG_ESP_INT_WDT_TIMEOUT_MS=3000
CONFIG_ESP_INT_WDT_CHECK_CPU1=y
CONFIG_ESP_TASK_WDT=y
# CONFIG_ESP_TASK_WDT_PANIC is not set
CONFIG_ESP_TASK_WDT_TIMEOUT_S=5
CONFIG_ESP_TASK_WDT_CHECK_IDLE_TASK_CPU0=y
CONFIG_ESP_TASK_WDT_CHECK_IDLE_TASK_CPU1=y
# CONFIG_ESP_PANIC_HANDLER_IRAM is not set
# CONFIG_ESP_DEBUG_STUBS_ENABLE is not set
CONFIG_ESP_SYSTEM_CHECK_INT_LEVEL_5=y
# end of ESP System Settings

#
# High resolution timer (esp_timer)
#
CONFIG_ESP_TIMER_PROFILING=y
CONFIG_ESP_TIME_FUNCS_USE_RTC_TIMER=y
CONFIG_ESP_TIME_FUNCS_USE_ESP_TIMER=y
CONFIG_ESP_TIMER_TASK_STACK_SIZE=3584
CONFIG_ESP_TIMER_INTERRUPT_LEVEL=1
# CONFIG_ESP_TIMER_SUPPORTS_ISR_DISPATCH_METHOD is not set
# CONFIG_ESP_TIMER_IMPL_FRC2 is not set
CONFIG_ESP_TIMER_IMPL_TG0_LAC=y
# end of High resolution timer (esp_timer)

#
# Wi-Fi
#
CONFIG_ESP32_WIFI_ENABLED=y
CONFIG_ESP32_WIFI_SW_COEXIST_ENABLE=y
CONFIG_ESP32_WIFI_STATIC_RX_BUFFER_NUM=10
CONFIG_ESP32_WIFI_DYNAMIC_RX_BUFFER_NUM=32
CONFIG_ESP32_WIFI_STATIC_TX_BUFFER=y
CONFIG_ESP32_WIFI_TX_BUFFER_TYPE=0
CONFIG_ESP32_WIFI_STATIC_TX_BUFFER_NUM=16
CONFIG_ESP32_WIFI_CACHE_TX_BUFFER_NUM=32
CONFIG_ESP_WIFI_STATIC_RX_MGMT_BUFFER=y
# CONFIG_ESP_WIFI_DYNAMIC_RX_MGMT_BUFFER is not set
CONFIG_ESP_WIFI_DYNAMIC_RX_MGMT_BUF=0
CONFIG_ESP_WIFI_RX_MGMT_BUF_NUM_DEF=5
# CONFIG_ESP32_WIFI_CSI_ENABLED is not set
CONFIG_ESP32_WIFI_AMPDU_TX_ENABLED=y
CONFIG_ESP32_WIFI_TX_BA_WIN=6
CONFIG_ESP32_WIFI_AMPDU_RX_ENABLED=y
CONFIG_ESP32_WIFI_RX_BA_WIN=6
# CONFIG_ESP32_WIFI_AMSDU_TX_ENABLED is not set
CONFIG_ESP32_WIFI_NVS_ENABLED=y
CONFIG_ESP32_WIFI_TASK_PINNED_TO_CORE_0=y
# CONFIG_ESP32_WIFI_TASK_PINNED_TO_CORE_1 is not set
CONFIG_ESP32_WIFI_SOFTAP_BEACON_MAX_LEN=752
CONFIG_ESP32_WIFI_MGMT_SBUF_NUM=32
# CONFIG_ESP32_WIFI_IRAM_OPT is not set
# CONFIG_ESP32_WIFI_RX_IRAM_OPT is not set
# CONFIG_ESP32_WIFI_ENABLE_WPA3_SAE is not set
# CONFIG_ESP_WIFI_SLP_IRAM_OPT is not set
CONFIG_ESP_WIFI_STA_DISCONNECTED_PM_ENABLE=y
CONFIG_ESP_WIFI_GMAC_SUPPORT=y
CONFIG_ESP_WIFI_SOFTAP_SUPPORT=y
# CONFIG_ESP_WIFI_SLP_BEACON_LOST_OPT is not set
CONFIG_ESP_WIFI_ESPNOW_MAX_ENCRYPT_NUM=2
# end of Wi-Fi

#
# Core dump
#
# CONFIG_ESP_COREDUMP_ENABLE_TO_FLASH is not set
# CONFIG_ESP_COREDUMP_ENABLE_TO_UART is not set
CONFIG_ESP_COREDUMP_ENABLE_TO_NONE=y
# end of Core dump

#
# FAT Filesystem support
#
# CONFIG_FATFS_CODEPAGE_DYNAMIC is not set
CONFIG_FATFS_CODEPAGE_437=y
# CONFIG_FATFS_CODEPAGE_720 is not set
# CONFIG_FATFS_CODEPAGE_737 is not set
# CONFIG_FATFS_CODEPAGE_771 is not set
# CONFIG_FATFS_CODEPAGE_775 is not set
# CONFIG_FATFS_CODEPAGE_850 is not set
# CONFIG_FATFS_CODEPAGE_852 is not set
# CONFIG_FATFS_CODEPAGE_855 is not set
# CONFIG_FATFS_CODEPAGE_857 is not set
# CONFIG_FATFS_CODEPAGE_860 is not set
# CONFIG_FATFS_CODEPAGE_861 is not set
# CONFIG_FATFS_CODEPAGE_862 is not set
# CONFIG_FATFS_CODEPAGE_863 is not set
# CONFIG_FATFS_CODEPAGE_864 is not set
# CONFIG_FATFS_CODEPAGE_865 is not set
# CONFIG_FATFS_CODEPAGE_866 is not set
# CONFIG_FATFS_CODEPAGE_869 is not set
# CONFIG_FATFS_CODEPAGE_932 is not set
# CONFIG_FATFS_CODEPAGE_936 is not set
# CONFIG_FATFS_CODEPAGE_949 is not set
# CONFIG_FATFS_CODEPAGE_950 is not set
CONFIG_FATFS_CODEPAGE=437
CONFIG_FATFS_LFN_NONE=y
# CONFIG_FATFS_LFN_HEAP is not set
# CONFIG_FATFS_LFN_STACK is not set
CONFIG_FATFS_FS_LOCK=0
CONFIG_FATFS_TIMEOUT_MS=10000
CONFIG_FATFS_PER_FILE_CACHE=y
CONFIG_FATFS_ALLOC_PREFER_EXTRAM=y
# CONFIG_FATFS_USE_FASTSEEK is not set
# end of FAT Filesystem support

#
# Modbus configuration
#
CONFIG_FMB_COMM_MODE_TCP_EN=y
CONFIG_FMB_TCP_PORT_DEFAULT=502
CONFIG_FMB_TCP_PORT_MAX_CONN=5
CONFIG_FMB_TCP_CONNECTION_TOUT_SEC=20
CONFIG_FMB_COMM_MODE_RTU_EN=y
CONFIG_FMB_COMM_MODE_ASCII_EN=y
CONFIG_FMB_MASTER_TIMEOUT_MS_RESPOND=150
CONFIG_FMB_MASTER_DELAY_MS_CONVERT=200
CONFIG_FMB_QUEUE_LENGTH=20
CONFIG_FMB_PORT_TASK_STACK_SIZE=4096
CONFIG_FMB_SERIAL_BUF_SIZE=256
CONFIG_FMB_SERIAL_ASCII_BITS_PER_SYMB=8
CONFIG_FMB_SERIAL_ASCII_TIMEOUT_RESPOND_MS=1000
CONFIG_FMB_PORT_TASK_PRIO=10
# CONFIG_FMB_PORT_TASK_AFFINITY_NO_AFFINITY is not set
CONFIG_FMB_PORT_TASK_AFFINITY_CPU0=y
# CONFIG_FMB_PORT_TASK_AFFINITY_CPU1 is not set
CONFIG_FMB_PORT_TASK_AFFINITY=0x0
CONFIG_FMB_CONTROLLER_SLAVE_ID_SUPPORT=y
CONFIG_FMB_CONTROLLER_SLAVE_ID=0x00112233
CONFIG_FMB_CONTROLLER_NOTIFY_TIMEOUT=20
CONFIG_FMB_CONTROLLER_NOTIFY_QUEUE_SIZE=20
CONFIG_FMB_CONTROLLER_STACK_SIZE=4096
CONFIG_FMB_EVENT_QUEUE_TIMEOUT=20
# CONFIG_FMB_TIMER_PORT_ENABLED is not set
# CONFIG_FMB_TIMER_USE_ISR_DISPATCH_METHOD is not set
# end of Modbus configuration

#
# FreeRTOS
#
# CONFIG_FREERTOS_UNICORE is not set
CONFIG_FREERTOS_NO_AFFINITY=0x7FFFFFFF
CONFIG_FREERTOS_TICK_SUPPORT_CORETIMER=y
CONFIG_FREERTOS_CORETIMER_0=y
# CONFIG_FREERTOS_CORETIMER_1 is not set
CONFIG_FREERTOS_SYSTICK_USES_CCOUNT=y
CONFIG_FREERTOS_HZ=1000
CONFIG_FREERTOS_ASSERT_ON_UNTESTED_FUNCTION=y
# CONFIG_FREERTOS_CHECK_STACKOVERFLOW_NONE is not set
# CONFIG_FREERTOS_CHECK_STACKOVERFLOW_PTRVAL is not set
CONFIG_FREERTOS_CHECK_STACKOVERFLOW_CANARY=y
# CONFIG_FREERTOS_WATCHPOINT_END_OF_STACK is not set
CONFIG_FREERTOS_INTERRUPT_BACKTRACE=y
CONFIG_FREERTOS_THREAD_LOCAL_STORAGE_POINTERS=1
CONFIG_FREERTOS_ASSERT_FAIL_ABORT=y
# CONFIG_FREERTOS_ASSERT_FAIL_PRINT_CONTINUE is not set
# CONFIG_FREERTOS_ASSERT_DISABLE is not set
CONFIG_FREERTOS_IDLE_TASK_STACKSIZE=2048
CONFIG_FREERTOS_ISR_STACKSIZE=1536
# CONFIG_FREERTOS_LEGACY_HOOKS is not set
CONFIG_FREERTOS_MAX_TASK_NAME_LEN=16
CONFIG_FREERTOS_SUPPORT_STATIC_ALLOCATION=y
# CONFIG_FREERTOS_ENABLE_STATIC_TASK_CLEAN_UP is not set
CONFIG_FREERTOS_TIMER_TASK_PRIORITY=1
CONFIG_FREERTOS_TIMER_TASK_STACK_DEPTH=2048
CONFIG_FREERTOS_TIMER_QUEUE_LENGTH=10
CONFIG_FREERTOS_QUEUE_REGISTRY_SIZE=0
# CONFIG_FREERTOS_USE_TRACE_FACILITY is not set
# CONFIG_FREERTOS_GENERATE_RUN_TIME_STATS is not set
CONFIG_FREERTOS_TASK_FUNCTION_WRAPPER=y
CONFIG_FREERTOS_CHECK_MUTEX_GIVEN_BY_OWNER=y
# CONFIG_FREERTOS_CHECK_PORT_CRITICAL_COMPLIANCE is not set
# CONFIG_FREERTOS_PLACE_FUNCTIONS_INTO_FLASH is not set
CONFIG_FREERTOS_DEBUG_OCDAWARE=y
# CONFIG_FREERTOS_FPU_IN_ISR is not set
CONFIG_FREERTOS_ENABLE_TASK_SNAPSHOT=y
CONFIG_FREERTOS_PLACE_SNAPSHOT_FUNS_INTO_FLASH=y
# end of FreeRTOS

#
# Hardware Abstraction Layer (HAL) and Low Level (LL)
#
CONFIG_HAL_ASSERTION_EQUALS_SYSTEM=y
# CONFIG_HAL_ASSERTION_DISABLE is not set
# CONFIG_HAL_ASSERTION_SILIENT is not set
# CONFIG_HAL_ASSERTION_ENABLE is not set
CONFIG_HAL_DEFAULT_ASSERTION_LEVEL=2
# end of Hardware Abstraction Layer (HAL) and Low Level (LL)

#
# Heap memory debugging
#
CONFIG_HEAP_POISONING_DISABLED=y
# CONFIG_HEAP_POISONING_LIGHT is not set
# CONFIG_HEAP_POISONING_COMPREHENSIVE is not set
CONFIG_HEAP_TRACING_OFF=y
# CONFIG_HEAP_TRACING_STANDALONE is not set
# CONFIG_HEAP_TRACING_TOHOST is not set
# CONFIG_HEAP_ABORT_WHEN_ALLOCATION_FAILS is not set
# end of Heap memory debugging

#
# jsmn
#
# CONFIG_JSMN_PARENT_LINKS is not set
# CONFIG_JSMN_STRICT is not set
# end of jsmn

#
# libsodium
#
# end of libsodium

#
# Log output
#
# CONFIG_LOG_DEFAULT_LEVEL_NONE is not set
# CONFIG_LOG_DEFAULT_LEVEL_ERROR is not set
CONFIG_LOG_DEFAULT_LEVEL_WARN=y
# CONFIG_LOG_DEFAULT_LEVEL_INFO is not set
# CONFIG_LOG_DEFAULT_LEVEL_DEBUG is not set
# CONFIG_LOG_DEFAULT_LEVEL_VERBOSE is not set
CONFIG_LOG_DEFAULT_LEVEL=2
# CONFIG_LOG_MAXIMUM_EQUALS_DEFAULT is not set
CONFIG_LOG_MAXIMUM_LEVEL_INFO=y
# CONFIG_LOG_MAXIMUM_LEVEL_DEBUG is not set
# CONFIG_LOG_MAXIMUM_LEVEL_VERBOSE is not set
CONFIG_LOG_MAXIMUM_LEVEL=3
CONFIG_LOG_COLORS=y
# CONFIG_LOG_TIMESTAMP_SOURCE_RTOS is not set
CONFIG_LOG_TIMESTAMP_SOURCE_SYSTEM=y
# end of Log output

#
# LWIP
#
CONFIG_LWIP_LOCAL_HOSTNAME="karadio"
# CONFIG_LWIP_NETIF_API is not set
CONFIG_LWIP_TCPIP_TASK_PRIO=18
# CONFIG_LWIP_TCPIP_CORE_LOCKING is not set
# CONFIG_LWIP_CHECK_THREAD_SAFETY is not set
CONFIG_LWIP_DNS_SUPPORT_MDNS_QUERIES=y
# CONFIG_LWIP_L2_TO_L3_COPY is not set
# CONFIG_LWIP_IRAM_OPTIMIZATION is not set
CONFIG_LWIP_TIMERS_ONDEMAND=y
CONFIG_LWIP_MAX_SOCKETS=10
# CONFIG_LWIP_USE_ONLY_LWIP_SELECT is not set
# CONFIG_LWIP_SO_LINGER is not set
CONFIG_LWIP_SO_REUSE=y
CONFIG_LWIP_SO_REUSE_RXTOALL=y
# CONFIG_LWIP_SO_RCVBUF is not set
# CONFIG_LWIP_NETBUF_RECVINFO is not set
CONFIG_LWIP_IP_DEFAULT_TTL=64
CONFIG_LWIP_IP4_FRAG=y
CONFIG_LWIP_IP6_FRAG=y
# CONFIG_LWIP_IP4_REASSEMBLY is not set
# CONFIG_LWIP_IP6_REASSEMBLY is not set
# CONFIG_LWIP_IP_FORWARD is not set
# CONFIG_LWIP_STATS is not set
# CONFIG_LWIP_ETHARP_TRUST_IP_MAC is not set
CONFIG_LWIP_ESP_GRATUITOUS_ARP=y
CONFIG_LWIP_GARP_TMR_INTERVAL=60
# CONFIG_LWIP_ESP_MLDV6_REPORT is not set
CONFIG_LWIP_TCPIP_RECVMBOX_SIZE=16
CONFIG_LWIP_DHCP_DOES_ARP_CHECK=y
# CONFIG_LWIP_DHCP_DISABLE_CLIENT_ID is not set
CONFIG_LWIP_DHCP_DISABLE_VENDOR_CLASS_ID=y
# CONFIG_LWIP_DHCP_RESTORE_LAST_IP is not set
CONFIG_LWIP_DHCP_OPTIONS_LEN=68
CONFIG_LWIP_DHCP_COARSE_TIMER_SECS=1

#
# DHCP server
#
CONFIG_LWIP_DHCPS=y
CONFIG_LWIP_DHCPS_LEASE_UNIT=60
CONFIG_LWIP_DHCPS_MAX_STATION_NUM=4
# end of DHCP server

# CONFIG_LWIP_AUTOIP is not set
CONFIG_LWIP_IPV6=y
# CONFIG_LWIP_IPV6_AUTOCONFIG is not set
CONFIG_LWIP_IPV6_NUM_ADDRESSES=3
# CONFIG_LWIP_IPV6_FORWARD is not set
# CONFIG_LWIP_NETIF_STATUS_CALLBACK is not set
CONFIG_LWIP_NETIF_LOOPBACK=y
CONFIG_LWIP_LOOPBACK_MAX_PBUFS=4

#
# TCP
#
CONFIG_LWIP_MAX_ACTIVE_TCP=8
CONFIG_LWIP_MAX_LISTENING_TCP=8
CONFIG_LWIP_TCP_HIGH_SPEED_RETRANSMISSION=y
CONFIG_LWIP_TCP_MAXRTX=12
CONFIG_LWIP_TCP_SYNMAXRTX=12
CONFIG_LWIP_TCP_MSS=1440
CONFIG_LWIP_TCP_TMR_INTERVAL=250
CONFIG_LWIP_TCP_MSL=60000
CONFIG_LWIP_TCP_FIN_WAIT_TIMEOUT=20000
CONFIG_LWIP_TCP_SND_BUF_DEFAULT=5760
CONFIG_LWIP_TCP_WND_DEFAULT=5760
CONFIG_LWIP_TCP_RECVMBOX_SIZE=16
CONFIG_LWIP_TCP_QUEUE_OOSEQ=y
CONFIG_LWIP_TCP_OOSEQ_TIMEOUT=3
CONFIG_LWIP_TCP_OOSEQ_MAX_PBUFS=4
# CONFIG_LWIP_TCP_SACK_OUT is not set
# CONFIG_LWIP_TCP_KEEP_CONNECTION_WHEN_IP_CHANGES is not set
CONFIG_LWIP_TCP_OVERSIZE_MSS=y
# CONFIG_LWIP_TCP_OVERSIZE_QUARTER_MSS is not set
# CONFIG_LWIP_TCP_OVERSIZE_DISABLE is not set
# CONFIG_LWIP_WND_SCALE is not set
CONFIG_LWIP_TCP_RTO_TIME=1500
# end of TCP

#
# UDP
#
CONFIG_LWIP_MAX_UDP_PCBS=12
CONFIG_LWIP_UDP_RECVMBOX_SIZE=6
# end of UDP

#
# Checksums
#
# CONFIG_LWIP_CHECKSUM_CHECK_IP is not set
# CONFIG_LWIP_CHECKSUM_CHECK_UDP is not set
CONFIG_LWIP_CHECKSUM_CHECK_ICMP=y
# end of Checksums

CONFIG_LWIP_TCPIP_TASK_STACK_SIZE=3072
CONFIG_LWIP_TCPIP_TASK_AFFINITY_NO_AFFINITY=y
# CONFIG_LWIP_TCPIP_TASK_AFFINITY_CPU0 is not set
# CONFIG_LWIP_TCPIP_TASK_AFFINITY_CPU1 is not set
CONFIG_LWIP_TCPIP_TASK_AFFINITY=0x7FFFFFFF
# CONFIG_LWIP_PPP_SUPPORT is not set
CONFIG_LWIP_IPV6_MEMP_NUM_ND6_QUEUE=3
CONFIG_LWIP_IPV6_ND6_NUM_NEIGHBORS=5
# CONFIG_LWIP_SLIP_SUPPORT is not set

#
# ICMP
#
CONFIG_LWIP_ICMP=y
# CONFIG_LWIP_MULTICAST_PING is not set
# CONFIG_LWIP_BROADCAST_PING is not set
# end of ICMP

#
# LWIP RAW API
#
CONFIG_LWIP_MAX_RAW_PCBS=12
# end of LWIP RAW API

#
# SNTP
#
CONFIG_LWIP_SNTP_MAX_SERVERS=1
# CONFIG_LWIP_DHCP_GET_NTP_SRV is not set
CONFIG_LWIP_SNTP_UPDATE_DELAY=3600000
# end of SNTP

#
# DNS
#
CONFIG_LWIP_DNS_MAX_SERVERS=2
# end of DNS

CONFIG_LWIP_ESP_LWIP_ASSERT=y

#
# Hooks
#
# CONFIG_LWIP_HOOK_TCP_ISN_NONE is not set
CONFIG_LWIP_HOOK_TCP_ISN_DEFAULT=y
# CONFIG_LWIP_HOOK_TCP_ISN_CUSTOM is not set
CONFIG_LWIP_HOOK_IP6_ROUTE_NONE=y
# CONFIG_LWIP_HOOK_IP6_ROUTE_DEFAULT is not set
# CONFIG_LWIP_HOOK_IP6_ROUTE_CUSTOM is not set
CONFIG_LWIP_HOOK_ND6_GET_GW_NONE=y
# CONFIG_LWIP_HOOK_ND6_GET_GW_DEFAULT is not set
# CONFIG_LWIP_HOOK_ND6_GET_GW_CUSTOM is not set
CONFIG_LWIP_HOOK_NETCONN_EXT_RESOLVE_NONE=y
# CONFIG_LWIP_HOOK_NETCONN_EXT_RESOLVE_DEFAULT is not set
# CONFIG_LWIP_HOOK_NETCONN_EXT_RESOLVE_CUSTOM is not set
# end of Hooks

# CONFIG_LWIP_DEBUG is not set
# end of LWIP

#
# mbedTLS
#
# CONFIG_MBEDTLS_INTERNAL_MEM_ALLOC is not set
CONFIG_MBEDTLS_EXTERNAL_MEM_ALLOC=y
# CONFIG_MBEDTLS_DEFAULT_MEM_ALLOC is not set
# CONFIG_MBEDTLS_CUSTOM_MEM_ALLOC is not set
CONFIG_MBEDTLS_ASYMMETRIC_CONTENT_LEN=y
CONFIG_MBEDTLS_SSL_IN_CONTENT_LEN=16384
CONFIG_MBEDTLS_SSL_OUT_CONTENT_LEN=4096
# CONFIG_MBEDTLS_DYNAMIC_BUFFER is not set
# CONFIG_MBEDTLS_DEBUG is not set

#
# mbedTLS v2.28.x related
#
# CONFIG_MBEDTLS_SSL_VARIABLE_BUFFER_LENGTH is not set
# CONFIG_MBEDTLS_X509_TRUSTED_CERT_CALLBACK is not set
# CONFIG_MBEDTLS_SSL_CONTEXT_SERIALIZATION is not set
CONFIG_MBEDTLS_SSL_KEEP_PEER_CERTIFICATE=y
# end of mbedTLS v2.28.x related

#
# Certificate Bundle
#
# CONFIG_MBEDTLS_CERTIFICATE_BUNDLE is not set
# end of Certificate Bundle

# CONFIG_MBEDTLS_ECP_RESTARTABLE is not set
CONFIG_MBEDTLS_CMAC_C=y
CONFIG_MBEDTLS_HARDWARE_AES=y
CONFIG_MBEDTLS_HARDWARE_MPI=y
CONFIG_MBEDTLS_HARDWARE_SHA=y
# CONFIG_MBEDTLS_ROM_MD5 is not set
# CONFIG_MBEDTLS_ATCA_HW_ECDSA_SIGN is not set
# CONFIG_MBEDTLS_ATCA_HW_ECDSA_VERIFY is not set
CONFIG_MBEDTLS_HAVE_TIME=y
# CONFIG_MBEDTLS_HAVE_TIME_DATE is not set
CONFIG_MBEDTLS_ECDSA_DETERMINISTIC=y
CONFIG_MBEDTLS_SHA512_C=y
CONFIG_MBEDTLS_TLS_SERVER_AND_CLIENT=y
# CONFIG_MBEDTLS_TLS_SERVER_ONLY is not set
# CONFIG_MBEDTLS_TLS_CLIENT_ONLY is not set
# CONFIG_MBEDTLS_TLS_DISABLED is not set
CONFIG_MBEDTLS_TLS_SERVER=y
CONFIG_MBEDTLS_TLS_CLIENT=y
CONFIG_MBEDTLS_TLS_ENABLED=y

#
# TLS Key Exchange Methods
#
# CONFIG_MBEDTLS_PSK_MODES is not set
CONFIG_MBEDTLS_KEY_EXCHANGE_RSA=y
CONFIG_MBEDTLS_KEY_EXCHANGE_DHE_RSA=y
CONFIG_MBEDTLS_KEY_EXCHANGE_ELLIPTIC_CURVE=y
CONFIG_MBEDTLS_KEY_EXCHANGE_ECDHE_RSA=y
CONFIG_MBEDTLS_KEY_EXCHANGE_ECDHE_ECDSA=y
CONFIG_MBEDTLS_KEY_EXCHANGE_ECDH_ECDSA=y
CONFIG_MBEDTLS_KEY_EXCHANGE_ECDH_RSA=y
# end of TLS Key Exchange Methods

CONFIG_MBEDTLS_SSL_RENEGOTIATION=y
# CONFIG_MBEDTLS_SSL_PROTO_SSL3 is not set
# CONFIG_MBEDTLS_SSL_PROTO_TLS1 is not set
CONFIG_MBEDTLS_SSL_PROTO_TLS1_1=y
CONFIG_MBEDTLS_SSL_PROTO_TLS1_2=y
# CONFIG_MBEDTLS_SSL_PROTO_GMTSSL1_1 is not set
# CONFIG_MBEDTLS_SSL_PROTO_DTLS is not set
CONFIG_MBEDTLS_SSL_ALPN=y
CONFIG_MBEDTLS_CLIENT_SSL_SESSION_TICKETS=y
CONFIG_MBEDTLS_X509_CHECK_KEY_USAGE=y
CONFIG_MBEDTLS_X509_CHECK_EXTENDED_KEY_USAGE=y
CONFIG_MBEDTLS_SERVER_SSL_SESSION_TICKETS=y

#
# Symmetric Ciphers
#
CONFIG_MBEDTLS_AES_C=y
# CONFIG_MBEDTLS_CAMELLIA_C is not set
# CONFIG_MBEDTLS_DES_C is not set
CONFIG_MBEDTLS_RC4_DISABLED=y
# CONFIG_MBEDTLS_RC4_ENABLED_NO_DEFAULT is not set
# CONFIG_MBEDTLS_RC4_ENABLED is not set
# CONFIG_MBEDTLS_BLOWFISH_C is not set
# CONFIG_MBEDTLS_XTEA_C is not set
CONFIG_MBEDTLS_CCM_C=y
CONFIG_MBEDTLS_GCM_C=y
# CONFIG_MBEDTLS_NIST_KW_C is not set
# end of Symmetric Ciphers

# CONFIG_MBEDTLS_RIPEMD160_C is not set

#
# Certificates
#
CONFIG_MBEDTLS_PEM_PARSE_C=y
CONFIG_MBEDTLS_PEM_WRITE_C=y
CONFIG_MBEDTLS_X509_CRL_PARSE_C=y
CONFIG_MBEDTLS_X509_CSR_PARSE_C=y
# end of Certificates

CONFIG_MBEDTLS_ECP_C=y
CONFIG_MBEDTLS_ECDH_C=y
CONFIG_MBEDTLS_ECDSA_C=y
# CONFIG_MBEDTLS_ECJPAKE_C is not set
CONFIG_MBEDTLS_ECP_DP_SECP192R1_ENABLED=y
CONFIG_MBEDTLS_ECP_DP_SECP224R1_ENABLED=y
CONFIG_MBEDTLS_ECP_DP_SECP256R1_ENABLED=y
CONFIG_MBEDTLS_ECP_DP_SECP384R1_ENABLED=y
CONFIG_MBEDTLS_ECP_DP_SECP521R1_ENABLED=y
CONFIG_MBEDTLS_ECP_DP_SECP192K1_ENABLED=y
CONFIG_MBEDTLS_ECP_DP_SECP224K1_ENABLED=y
CONFIG_MBEDTLS_ECP_DP_SECP256K1_ENABLED=y
CONFIG_MBEDTLS_ECP_DP_BP256R1_ENABLED=y
CONFIG_MBEDTLS_ECP_DP_BP384R1_ENABLED=y
CONFIG_MBEDTLS_ECP_DP_BP512R1_ENABLED=y
CONFIG_MBEDTLS_ECP_DP_CURVE25519_ENABLED=y
CONFIG_MBEDTLS_ECP_NIST_OPTIM=y
# CONFIG_MBEDTLS_POLY1305_C is not set
# CONFIG_MBEDTLS_CHACHA20_C is not set
# CONFIG_MBEDTLS_HKDF_C is not set
# CONFIG_MBEDTLS_THREADING_C is not set
# CONFIG_MBEDTLS_LARGE_KEY_SOFTWARE_MPI is not set
# CONFIG_MBEDTLS_SECURITY_RISKS is not set
# end of mbedTLS

#
# mDNS
#
CONFIG_MDNS_MAX_SERVICES=10
CONFIG_MDNS_TASK_PRIORITY=1
CONFIG_MDNS_TASK_STACK_SIZE=4096
# CONFIG_MDNS_TASK_AFFINITY_NO_AFFINITY is not set
CONFIG_MDNS_TASK_AFFINITY_CPU0=y
# CONFIG_MDNS_TASK_AFFINITY_CPU1 is not set
CONFIG_MDNS_TASK_AFFINITY=0x0
CONFIG_MDNS_SERVICE_ADD_TIMEOUT_MS=2000
# CONFIG_MDNS_STRICT_MODE is not set
CONFIG_MDNS_TIMER_PERIOD_MS=100
# CONFIG_MDNS_NETWORKING_SOCKET is not set
CONFIG_MDNS_MULTIPLE_INSTANCE=y
# end of mDNS

#
# ESP-MQTT Configurations
#
CONFIG_MQTT_PROTOCOL_311=y
CONFIG_MQTT_TRANSPORT_SSL=y
CONFIG_MQTT_TRANSPORT_WEBSOCKET=y
CONFIG_MQTT_TRANSPORT_WEBSOCKET_SECURE=y
# CONFIG_MQTT_MSG_ID_INCREMENTAL is not set
# CONFIG_MQTT_SKIP_PUBLISH_IF_DISCONNECTED is not set
# CONFIG_MQTT_REPORT_DELETED_MESSAGES is not set
# CONFIG_MQTT_USE_CUSTOM_CONFIG is not set
# CONFIG_MQTT_TASK_CORE_SELECTION_ENABLED is not set
# CONFIG_MQTT_CUSTOM_OUTBOX is not set
# end of ESP-MQTT Configurations

#
# Newlib
#
CONFIG_NEWLIB_STDOUT_LINE_ENDING_CRLF=y
# CONFIG_NEWLIB_STDOUT_LINE_ENDING_LF is not set
# CONFIG_NEWLIB_STDOUT_LINE_ENDING_CR is not set
# CONFIG_NEWLIB_STDIN_LINE_ENDING_CRLF is not set
# CONFIG_NEWLIB_STDIN_LINE_ENDING_LF is not set
CONFIG_NEWLIB_STDIN_LINE_ENDING_CR=y
# CONFIG_NEWLIB_NANO_FORMAT is not set
# end of Newlib

#
# NVS
#
# CONFIG_NVS_ASSERT_ERROR_CHECK is not set
# end of NVS

#
# OpenSSL
#
# CONFIG_OPENSSL_DEBUG is not set
CONFIG_OPENSSL_ERROR_STACK=y
# CONFIG_OPENSSL_ASSERT_DO_NOTHING is not set
CONFIG_OPENSSL_ASSERT_EXIT=y
# end of OpenSSL

#
# OpenThread
#
# CONFIG_OPENTHREAD_ENABLED is not set
# end of OpenThread

#
# PThreads
#
CONFIG_PTHREAD_TASK_PRIO_DEFAULT=5
CONFIG_PTHREAD_TASK_STACK_SIZE_DEFAULT=2048
CONFIG_PTHREAD_STACK_MIN=512
CONFIG_PTHREAD_DEFAULT_CORE_NO_AFFINITY=y
# CONFIG_PTHREAD_DEFAULT_CORE_0 is not set
# CONFIG_PTHREAD_DEFAULT_CORE_1 is not set
CONFIG_PTHREAD_TASK_CORE_DEFAULT=-1
CONFIG_PTHREAD_TASK_NAME_DEFAULT="pthread"
# end of PThreads

#
# Main Flash configuration
#

#
# Optional and Experimental Features (READ DOCS FIRST)
#

#
# Features here require specific hardware (READ DOCS FIRST!)
#
# end of Optional and Experimental Features (READ DOCS FIRST)
# end of Main Flash configuration

#
# SPI Flash driver
#
# CONFIG_SPI_FLASH_VERIFY_WRITE is not set
# CONFIG_SPI_FLASH_ENABLE_COUNTERS is not set
CONFIG_SPI_FLASH_ROM_DRIVER_PATCH=y
CONFIG_SPI_FLASH_DANGEROUS_WRITE_ABORTS=y
# CONFIG_SPI_FLASH_DANGEROUS_WRITE_FAILS is not set
# CONFIG_SPI_FLASH_DANGEROUS_WRITE_ALLOWED is not set
# CONFIG_SPI_FLASH_USE_LEGACY_IMPL is not set
# CONFIG_SPI_FLASH_SHARE_SPI1_BUS is not set
# CONFIG_SPI_FLASH_BYPASS_BLOCK_ERASE is not set
CONFIG_SPI_FLASH_YIELD_DURING_ERASE=y
CONFIG_SPI_FLASH_ERASE_YIELD_DURATION_MS=20
CONFIG_SPI_FLASH_ERASE_YIELD_TICKS=1
CONFIG_SPI_FLASH_WRITE_CHUNK_SIZE=8192
# CONFIG_SPI_FLASH_SIZE_OVERRIDE is not set
# CONFIG_SPI_FLASH_CHECK_ERASE_TIMEOUT_DISABLED is not set
# CONFIG_SPI_FLASH_OVERRIDE_CHIP_DRIVER_LIST is not set

#
# Auto-detect flash chips
#
CONFIG_SPI_FLASH_SUPPORT_ISSI_CHIP=y
CONFIG_SPI_FLASH_SUPPORT_MXIC_CHIP=y
CONFIG_SPI_FLASH_SUPPORT_GD_CHIP=y
CONFIG_SPI_FLASH_SUPPORT_WINBOND_CHIP=y
# CONFIG_SPI_FLASH_SUPPORT_BOYA_CHIP is not set
# CONFIG_SPI_FLASH_SUPPORT_TH_CHIP is not set
# end of Auto-detect flash chips

CONFIG_SPI_FLASH_ENABLE_ENCRYPTED_READ_WRITE=y
# end of SPI Flash driver

#
# SPIFFS Configuration
#
CONFIG_SPIFFS_MAX_PARTITIONS=3

#
# SPIFFS Cache Configuration
#
CONFIG_SPIFFS_CACHE=y
CONFIG_SPIFFS_CACHE_WR=y
# CONFIG_SPIFFS_CACHE_STATS is not set
# end of SPIFFS Cache Configuration

CONFIG_SPIFFS_PAGE_CHECK=y
CONFIG_SPIFFS_GC_MAX_RUNS=10
# CONFIG_SPIFFS_GC_STATS is not set
CONFIG_SPIFFS_PAGE_SIZE=256
CONFIG_SPIFFS_OBJ_NAME_LEN=32
# CONFIG_SPIFFS_FOLLOW_SYMLINKS is not set
CONFIG_SPIFFS_USE_MAGIC=y
CONFIG_SPIFFS_USE_MAGIC_LENGTH=y
CONFIG_SPIFFS_META_LENGTH=4
CONFIG_SPIFFS_USE_MTIME=y

#
# Debug Configuration
#
# CONFIG_SPIFFS_DBG is not set
# CONFIG_SPIFFS_API_DBG is not set
# CONFIG_SPIFFS_GC_DBG is not set
# CONFIG_SPIFFS_CACHE_DBG is not set
# CONFIG_SPIFFS_CHECK_DBG is not set
# CONFIG_SPIFFS_TEST_VISUALISATION is not set
# end of Debug Configuration
# end of SPIFFS Configuration

#
# TCP Transport
#

#
# Websocket
#
CONFIG_WS_TRANSPORT=y
CONFIG_WS_BUFFER_SIZE=1576
# end of Websocket
# end of TCP Transport

#
# Unity unit testing library
#
CONFIG_UNITY_ENABLE_FLOAT=y
CONFIG_UNITY_ENABLE_DOUBLE=y
# CONFIG_UNITY_ENABLE_64BIT is not set
# CONFIG_UNITY_ENABLE_COLOR is not set
CONFIG_UNITY_ENABLE_IDF_TEST_RUNNER=y
# CONFIG_UNITY_ENABLE_FIXTURE is not set
# CONFIG_UNITY_ENABLE_BACKTRACE_ON_FAIL is not set
# end of Unity unit testing library

#
# Root Hub configuration
#
# end of Root Hub configuration

#
# Virtual file system
#
CONFIG_VFS_SUPPORT_IO=y
CONFIG_VFS_SUPPORT_DIR=y
CONFIG_VFS_SUPPORT_SELECT=y
CONFIG_VFS_SUPPRESS_SELECT_DEBUG_OUTPUT=y
CONFIG_VFS_SUPPORT_TERMIOS=y

#
# Host File System I/O (Semihosting)
#
CONFIG_VFS_SEMIHOSTFS_MAX_MOUNT_POINTS=1
# end of Host File System I/O (Semihosting)
# end of Virtual file system

#
# Wear Levelling
#
# CONFIG_WL_SECTOR_SIZE_512 is not set
CONFIG_WL_SECTOR_SIZE_4096=y
CONFIG_WL_SECTOR_SIZE=4096
# end of Wear Levelling

#
# Wi-Fi Provisioning Manager
#
CONFIG_WIFI_PROV_SCAN_MAX_ENTRIES=16
CONFIG_WIFI_PROV_AUTOSTOP_TIMEOUT=30
# CONFIG_WIFI_PROV_BLE_BONDING is not set
# CONFIG_WIFI_PROV_BLE_FORCE_ENCRYPTION is not set
# CONFIG_WIFI_PROV_KEEP_BLE_ON_AFTER_PROV is not set
# end of Wi-Fi Provisioning Manager

#
# Supplicant
#
CONFIG_WPA_MBEDTLS_CRYPTO=y
# CONFIG_WPA_WAPI_PSK is not set
# CONFIG_WPA_SUITE_B_192 is not set
# CONFIG_WPA_DEBUG_PRINT is not set
# CONFIG_WPA_TESTING_OPTIONS is not set
# CONFIG_WPA_WPS_STRICT is not set
# CONFIG_WPA_11KV_SUPPORT is not set
# CONFIG_WPA_MBO_SUPPORT is not set
# CONFIG_WPA_DPP_SUPPORT is not set
# end of Supplicant

#
# wolfSSL
#

#
# Hardening
#
# CONFIG_ESP_WOLFSSL_WC_NO_HARDEN is not set
CONFIG_ESP_WOLFSSL_TFM_TIMING_RESISTANT=y
# end of Hardening

#
# Apple HomeKit
#
# CONFIG_WOLFSSL_APPLE_HOMEKIT is not set
# end of Apple HomeKit

# CONFIG_ESP_WOLFSSL_DISABLE_MY_ECC is not set
# CONFIG_ESP_WOLFSSL_ENABLE_MY_USE_RSA is not set
# CONFIG_ESP_WOLFSSL_BENCHMARK is not set
CONFIG_ESP_TLS_USING_WOLFSSL_SPECIFIED=y
# CONFIG_ESP_WOLFSSL_NO_USE_FAST_MATH is not set

#
# Protocol Config
#
CONFIG_WOLFSSL_HAVE_ALPN=y
CONFIG_WOLFSSL_ALLOW_TLS13=y
CONFIG_WOLFSSL_ALLOW_TLS12=y
CONFIG_WOLFSSL_HAVE_TLS_EXTENSIONS=y
# CONFIG_WOLFSSL_ALT_CERT_CHAINS is not set
# CONFIG_WOLFSSL_HAVE_OCSP is not set
# end of Protocol Config

CONFIG_TLS_STACK_WOLFSSL=y

#
# wolfSSL ESP-TLS
#

#
# Certificate Bundle
#
CONFIG_WOLFSSL_CERTIFICATE_BUNDLE=y
# CONFIG_WOLFSSL_NO_ASN_STRICT is not set
CONFIG_WOLFSSL_ASN_ALLOW_0_SERIAL=y
CONFIG_WOLFSSL_CERTIFICATE_BUNDLE_DEFAULT_FULL=y
# CONFIG_WOLFSSL_CERTIFICATE_BUNDLE_DEFAULT_CMN is not set
# CONFIG_WOLFSSL_CERTIFICATE_BUNDLE_DEFAULT_NONE is not set
# CONFIG_WOLFSSL_CUSTOM_CERTIFICATE_BUNDLE is not set
# CONFIG_WOLFSSL_CERTIFICATE_BUNDLE_DEPRECATED_LIST is not set
CONFIG_WOLFSSL_CERTIFICATE_BUNDLE_MAX_CERTS=200
# end of Certificate Bundle
# end of wolfSSL ESP-TLS

# CONFIG_ESP_WOLFSSL_ALT_HARDWARE_ACCELERATION is not set

#
# wolfSSL Hardware Acceleration
#
# CONFIG_ESP_WOLFSSL_DEBUG_ESP_HW_MULTI_RSAMAX_BITS is not set
# CONFIG_ESP_WOLFSSL_DEBUG_ESP_HW_MOD_RSAMAX_BITS is not set
# end of wolfSSL Hardware Acceleration

#
# wolfSSL Experimental Options
#
# CONFIG_ESP_WOLFSSL_EXPERIMENTAL_SETTINGS is not set
# CONFIG_ESP_WOLFSSL_ENABLE_KYBER is not set
# end of wolfSSL Experimental Options

#
# wolfSSL Debug Options
#
# CONFIG_ESP_WOLFSSL_DEBUG_WOLFSSL is not set
# CONFIG_ESP_WOLFSSL_TEST_LOOP is not set
# end of wolfSSL Debug Options

#
# wolfSSL Customization
#
CONFIG_CUSTOM_SETTING_WOLFSSL_ROOT="~/workspace/components/wolfssl"
# end of wolfSSL Customization

#
# Component Config
#
CONFIG_IGNORE_ESP_IDF_WOLFSSL_COMPONENT=y
# CONFIG_IGNORE_LOCAL_WOLFSSL_COMPONENT is not set
# end of Component Config

#
# Utility Config
#
CONFIG_USE_WOLFSSL_ESP_SDK_TIME=y
CONFIG_USE_WOLFSSL_ESP_SDK_WIFI=y
# end of Utility Config
# end of wolfSSL

#
# wolfSSH
#
CONFIG_ESP_ENABLE_WOLFSSH=y
# CONFIG_ESP_WOLFSSL_DEBUG_WOLFSSH is not set
# end of wolfSSH

#
# wolfMQTT
#
# CONFIG_ESP_ENABLE_WOLFMQTT is not set
# CONFIG_ESP_WOLFSSL_DEBUG_WOLFMQTT is not set
# end of wolfMQTT
# end of Component config

#
# Compatibility options
#
# CONFIG_LEGACY_INCLUDE_COMMON_HEADERS is not set
# end of Compatibility options

# Deprecated options for backward compatibility
CONFIG_TOOLPREFIX="xtensa-esp32-elf-"
# CONFIG_LOG_BOOTLOADER_LEVEL_NONE is not set
# CONFIG_LOG_BOOTLOADER_LEVEL_ERROR is not set
# CONFIG_LOG_BOOTLOADER_LEVEL_WARN is not set
CONFIG_LOG_BOOTLOADER_LEVEL_INFO=y
# CONFIG_LOG_BOOTLOADER_LEVEL_DEBUG is not set
# CONFIG_LOG_BOOTLOADER_LEVEL_VERBOSE is not set
CONFIG_LOG_BOOTLOADER_LEVEL=3
# CONFIG_APP_ROLLBACK_ENABLE is not set
# CONFIG_FLASH_ENCRYPTION_ENABLED is not set
# CONFIG_FLASHMODE_QIO is not set
# CONFIG_FLASHMODE_QOUT is not set
CONFIG_FLASHMODE_DIO=y
# CONFIG_FLASHMODE_DOUT is not set
# CONFIG_MONITOR_BAUD_9600B is not set
# CONFIG_MONITOR_BAUD_57600B is not set
CONFIG_MONITOR_BAUD_115200B=y
# CONFIG_MONITOR_BAUD_230400B is not set
# CONFIG_MONITOR_BAUD_921600B is not set
# CONFIG_MONITOR_BAUD_2MB is not set
# CONFIG_MONITOR_BAUD_OTHER is not set
CONFIG_MONITOR_BAUD_OTHER_VAL=115200
CONFIG_MONITOR_BAUD=115200
CONFIG_COMPILER_OPTIMIZATION_LEVEL_DEBUG=y
# CONFIG_COMPILER_OPTIMIZATION_LEVEL_RELEASE is not set
CONFIG_OPTIMIZATION_ASSERTIONS_ENABLED=y
# CONFIG_OPTIMIZATION_ASSERTIONS_SILENT is not set
# CONFIG_OPTIMIZATION_ASSERTIONS_DISABLED is not set
CONFIG_OPTIMIZATION_ASSERTION_LEVEL=2
# CONFIG_CXX_EXCEPTIONS is not set
CONFIG_STACK_CHECK_NONE=y
# CONFIG_STACK_CHECK_NORM is not set
# CONFIG_STACK_CHECK_STRONG is not set
# CONFIG_STACK_CHECK_ALL is not set
# CONFIG_WARN_WRITE_STRINGS is not set
# CONFIG_DISABLE_GCC8_WARNINGS is not set
# CONFIG_ESP32_APPTRACE_DEST_TRAX is not set
CONFIG_ESP32_APPTRACE_DEST_NONE=y
CONFIG_ESP32_APPTRACE_LOCK_ENABLE=y
# CONFIG_BTDM_CONTROLLER_MODE_BLE_ONLY is not set
CONFIG_BTDM_CONTROLLER_MODE_BR_EDR_ONLY=y
# CONFIG_BTDM_CONTROLLER_MODE_BTDM is not set
CONFIG_BTDM_CONTROLLER_BR_EDR_MAX_ACL_CONN=2
CONFIG_BTDM_CONTROLLER_BR_EDR_MAX_SYNC_CONN=0
CONFIG_BTDM_CONTROLLER_BLE_MAX_CONN_EFF=0
CONFIG_BTDM_CONTROLLER_BR_EDR_MAX_ACL_CONN_EFF=2
CONFIG_BTDM_CONTROLLER_BR_EDR_MAX_SYNC_CONN_EFF=0
CONFIG_BTDM_CONTROLLER_PINNED_TO_CORE=0
CONFIG_BTDM_CONTROLLER_HCI_MODE_VHCI=y
# CONFIG_BTDM_CONTROLLER_HCI_MODE_UART_H4 is not set
CONFIG_BTDM_CONTROLLER_MODEM_SLEEP=y
CONFIG_BLUEDROID_ENABLED=y
# CONFIG_NIMBLE_ENABLED is not set
CONFIG_BTC_TASK_STACK_SIZE=3072
CONFIG_BLUEDROID_PINNED_TO_CORE_0=y
# CONFIG_BLUEDROID_PINNED_TO_CORE_1 is not set
CONFIG_BLUEDROID_PINNED_TO_CORE=0
CONFIG_BTU_TASK_STACK_SIZE=4352
# CONFIG_BLUEDROID_MEM_DEBUG is not set
CONFIG_CLASSIC_BT_ENABLED=y
CONFIG_A2DP_ENABLE=y
# CONFIG_HFP_ENABLE is not set
CONFIG_SMP_ENABLE=y
CONFIG_ADC2_DISABLE_DAC=y
CONFIG_SPIRAM_SUPPORT=y
CONFIG_WIFI_LWIP_ALLOCATION_FROM_SPIRAM_FIRST=y
CONFIG_TRACEMEM_RESERVE_DRAM=0x0
# CONFIG_ULP_COPROC_ENABLED is not set
CONFIG_ULP_COPROC_RESERVE_MEM=0
CONFIG_BROWNOUT_DET=y
CONFIG_BROWNOUT_DET_LVL_SEL_0=y
# CONFIG_BROWNOUT_DET_LVL_SEL_1 is not set
# CONFIG_BROWNOUT_DET_LVL_SEL_2 is not set
# CONFIG_BROWNOUT_DET_LVL_SEL_3 is not set
# CONFIG_BROWNOUT_DET_LVL_SEL_4 is not set
# CONFIG_BROWNOUT_DET_LVL_SEL_5 is not set
# CONFIG_BROWNOUT_DET_LVL_SEL_6 is not set
# CONFIG_BROWNOUT_DET_LVL_SEL_7 is not set
CONFIG_BROWNOUT_DET_LVL=0
CONFIG_ESP32_RTC_CLOCK_SOURCE_INTERNAL_RC=y
# CONFIG_ESP32_RTC_CLOCK_SOURCE_EXTERNAL_CRYSTAL is not set
# CONFIG_ESP32_RTC_CLOCK_SOURCE_EXTERNAL_OSC is not set
# CONFIG_ESP32_RTC_CLOCK_SOURCE_INTERNAL_8MD256 is not set
# CONFIG_DISABLE_BASIC_ROM_CONSOLE is not set
# CONFIG_COMPATIBLE_PRE_V2_1_BOOTLOADERS is not set
# CONFIG_EVENT_LOOP_PROFILING is not set
CONFIG_POST_EVENTS_FROM_ISR=y
CONFIG_POST_EVENTS_FROM_IRAM_ISR=y
# CONFIG_TWO_UNIVERSAL_MAC_ADDRESS is not set
CONFIG_FOUR_UNIVERSAL_MAC_ADDRESS=y
CONFIG_NUMBER_OF_UNIVERSAL_MAC_ADDRESS=4
# CONFIG_ESP32C3_LIGHTSLEEP_GPIO_RESET_WORKAROUND is not set
CONFIG_IPC_TASK_STACK_SIZE=1024
CONFIG_ESP32_PHY_CALIBRATION_AND_DATA_STORAGE=y
# CONFIG_ESP32_PHY_INIT_DATA_IN_PARTITION is not set
CONFIG_ESP32_PHY_MAX_WIFI_TX_POWER=20
CONFIG_ESP32_PHY_MAX_TX_POWER=20
# CONFIG_ESP32_REDUCE_PHY_TX_POWER is not set
CONFIG_ESP32S2_PANIC_PRINT_HALT=y
# CONFIG_ESP32S2_PANIC_PRINT_REBOOT is not set
# CONFIG_ESP32S2_PANIC_SILENT_REBOOT is not set
# CONFIG_ESP32S2_PANIC_GDBSTUB is not set
CONFIG_SYSTEM_EVENT_QUEUE_SIZE=32
CONFIG_SYSTEM_EVENT_TASK_STACK_SIZE=2304
CONFIG_MAIN_TASK_STACK_SIZE=3584
CONFIG_CONSOLE_UART_DEFAULT=y
# CONFIG_CONSOLE_UART_CUSTOM is not set
# CONFIG_ESP_CONSOLE_UART_NONE is not set
CONFIG_CONSOLE_UART=y
CONFIG_CONSOLE_UART_NUM=0
CONFIG_CONSOLE_UART_BAUDRATE=115200
CONFIG_INT_WDT=y
CONFIG_INT_WDT_TIMEOUT_MS=3000
CONFIG_INT_WDT_CHECK_CPU1=y
CONFIG_TASK_WDT=y
# CONFIG_TASK_WDT_PANIC is not set
CONFIG_TASK_WDT_TIMEOUT_S=5
CONFIG_TASK_WDT_CHECK_IDLE_TASK_CPU0=y
CONFIG_TASK_WDT_CHECK_IDLE_TASK_CPU1=y
# CONFIG_ESP32_DEBUG_STUBS_ENABLE is not set
CONFIG_TIMER_TASK_STACK_SIZE=3584
CONFIG_SW_COEXIST_ENABLE=y
# CONFIG_ESP32_ENABLE_COREDUMP_TO_FLASH is not set
# CONFIG_ESP32_ENABLE_COREDUMP_TO_UART is not set
CONFIG_ESP32_ENABLE_COREDUMP_TO_NONE=y
CONFIG_MB_MASTER_TIMEOUT_MS_RESPOND=150
CONFIG_MB_MASTER_DELAY_MS_CONVERT=200
CONFIG_MB_QUEUE_LENGTH=20
CONFIG_MB_SERIAL_TASK_STACK_SIZE=4096
CONFIG_MB_SERIAL_BUF_SIZE=256
CONFIG_MB_SERIAL_TASK_PRIO=10
CONFIG_MB_CONTROLLER_SLAVE_ID_SUPPORT=y
CONFIG_MB_CONTROLLER_SLAVE_ID=0x00112233
CONFIG_MB_CONTROLLER_NOTIFY_TIMEOUT=20
CONFIG_MB_CONTROLLER_NOTIFY_QUEUE_SIZE=20
CONFIG_MB_CONTROLLER_STACK_SIZE=4096
CONFIG_MB_EVENT_QUEUE_TIMEOUT=20
# CONFIG_MB_TIMER_PORT_ENABLED is not set
# CONFIG_ENABLE_STATIC_TASK_CLEAN_UP_HOOK is not set
CONFIG_TIMER_TASK_PRIORITY=1
CONFIG_TIMER_TASK_STACK_DEPTH=2048
CONFIG_TIMER_QUEUE_LENGTH=10
# CONFIG_L2_TO_L3_COPY is not set
# CONFIG_USE_ONLY_LWIP_SELECT is not set
CONFIG_ESP_GRATUITOUS_ARP=y
CONFIG_GARP_TMR_INTERVAL=60
CONFIG_TCPIP_RECVMBOX_SIZE=16
CONFIG_TCP_MAXRTX=12
CONFIG_TCP_SYNMAXRTX=12
CONFIG_TCP_MSS=1440
CONFIG_TCP_MSL=60000
CONFIG_TCP_SND_BUF_DEFAULT=5760
CONFIG_TCP_WND_DEFAULT=5760
CONFIG_TCP_RECVMBOX_SIZE=16
CONFIG_TCP_QUEUE_OOSEQ=y
# CONFIG_ESP_TCP_KEEP_CONNECTION_WHEN_IP_CHANGES is not set
CONFIG_TCP_OVERSIZE_MSS=y
# CONFIG_TCP_OVERSIZE_QUARTER_MSS is not set
# CONFIG_TCP_OVERSIZE_DISABLE is not set
CONFIG_UDP_RECVMBOX_SIZE=6
CONFIG_TCPIP_TASK_STACK_SIZE=3072
CONFIG_TCPIP_TASK_AFFINITY_NO_AFFINITY=y
# CONFIG_TCPIP_TASK_AFFINITY_CPU0 is not set
# CONFIG_TCPIP_TASK_AFFINITY_CPU1 is not set
CONFIG_TCPIP_TASK_AFFINITY=0x7FFFFFFF
# CONFIG_PPP_SUPPORT is not set
CONFIG_ESP32_PTHREAD_TASK_PRIO_DEFAULT=5
CONFIG_ESP32_PTHREAD_TASK_STACK_SIZE_DEFAULT=2048
CONFIG_ESP32_PTHREAD_STACK_MIN=512
CONFIG_ESP32_DEFAULT_PTHREAD_CORE_NO_AFFINITY=y
# CONFIG_ESP32_DEFAULT_PTHREAD_CORE_0 is not set
# CONFIG_ESP32_DEFAULT_PTHREAD_CORE_1 is not set
CONFIG_ESP32_PTHREAD_TASK_CORE_DEFAULT=-1
CONFIG_ESP32_PTHREAD_TASK_NAME_DEFAULT="pthread"
CONFIG_SPI_FLASH_WRITING_DANGEROUS_REGIONS_ABORTS=y
# CONFIG_SPI_FLASH_WRITING_DANGEROUS_REGIONS_FAILS is not set
# CONFIG_SPI_FLASH_WRITING_DANGEROUS_REGIONS_ALLOWED is not set
CONFIG_SUPPRESS_SELECT_DEBUG_OUTPUT=y
CONFIG_SUPPORT_TERMIOS=y
CONFIG_SEMIHOSTFS_MAX_MOUNT_POINTS=1
# End of deprecated options

-- SDKCONFIG_DEFAULTS=D:/Arduino/Projects/KaRadio32_4/sdkconfig.defaults
-- SDKCONFIG_FILE=D:/Arduino/Projects/KaRadio32_4/sdkconfig
-- SDKCONFIG_HEADER=D:/Arduino/Projects/KaRadio32_4/build/config/sdkconfig.h
-- SDKCONFIG_JSON=D:/Arduino/Projects/KaRadio32_4/build/config/sdkconfig.json
-- SDKCONFIG_JSON_MENUS=D:/Arduino/Projects/KaRadio32_4/build/config/kconfig_menus.json
-- STR_WOLFSSL_PROJECT_DIR=D://Arduino//Projects//KaRadio32_4//components//wolfssl
-- THIS_ESP_TLS=esp-tls
-- THIS_IDF_PATH=C:/Esp/frameworks/esp-idf-v4.4.8
-- THIS_INCLUDE_DRIVER=driver
-- THIS_INCLUDE_TIMER=esp_timer
-- THIS_USER=Robotyka2B
-- UNIQ_CMAKE_ASM_FLAGS=-mlongcalls 
-- UNIQ_CMAKE_CXX_FLAGS=-mlongcalls -Wno-frame-address 
-- UNIQ_CMAKE_C_FLAGS=-mlongcalls -Wno-frame-address 
-- UNSAFE_BUILD=OFF
-- USE_LOCAL_TEST_BENCH=0
-- USE_PKCS11_HELPER_LIBRARY=OFF
-- USE_SHARED_MBEDTLS_LIBRARY=OFF
-- USE_STATIC_MBEDTLS_LIBRARY=ON
-- VERBOSE_COMPONENT_MESSAGES=1
-- WOLFSSL_ESP_CRT_BUNDLE_DIR=D:/Arduino/Projects/KaRadio32_4/components/wolfssl/wolfcrypt/src/port/Espressif/esp_crt_bundle
-- WOLFSSL_EXTRA_PROJECT_DIR=D:/Arduino/Projects/KaRadio32_4/components/wolfssl/src/
-- WOLFSSL_FOUND_IDF=0
-- WOLFSSL_PROJECT_DIR=D:/Arduino/Projects/KaRadio32_4/components/wolfssl
-- WOLFSSL_ROOT=D:/Arduino/Projects/KaRadio32_4/components/wolfssl
-- _CMAKE_ASM_IPO_MAY_BE_SUPPORTED_BY_COMPILER=NO
-- _CMAKE_ASM_IPO_SUPPORTED_BY_CMAKE=YES
-- _CMAKE_ASM_PIE_MAY_BE_SUPPORTED_BY_LINKER=NO
-- _CMAKE_CXX_IPO_MAY_BE_SUPPORTED_BY_COMPILER=YES
-- _CMAKE_CXX_IPO_SUPPORTED_BY_CMAKE=YES
-- _CMAKE_CXX_PIE_MAY_BE_SUPPORTED_BY_LINKER=YES
-- _CMAKE_C_IPO_MAY_BE_SUPPORTED_BY_COMPILER=YES
-- _CMAKE_C_IPO_SUPPORTED_BY_CMAKE=YES
-- _CMAKE_C_PIE_MAY_BE_SUPPORTED_BY_LINKER=YES
-- _GNUInstallDirs_LAST_CMAKE_INSTALL_PREFIX=C:/Program Files (x86)/KaRadio32
-- _INCLUDED_FILE=NOTFOUND
-- _INCLUDED_SYSTEM_INFO_FILE=C:/Esp/tools/cmake/3.23.1/share/cmake-3.23/Modules/Platform/Generic.cmake
-- _IN_TC=0
-- _Python3_EXECUTABLE=C:/Esp/python_env/idf4.4_py3.11_env/Scripts/python.exe
-- _Python3_INTERPRETER_PROPERTIES=Python;3;11;2;32;;;C:\Esp\tools\idf-python\3.11.2\Lib;C:\Esp\tools\idf-python\3.11.2\Lib;C:\Esp\python_env\idf4.4_py3.11_env\Lib\site-packages;C:\Esp\python_env\idf4.4_py3.11_env\Lib\site-packages
-- _Python3_INTERPRETER_SIGNATURE=a830aa96721ce1dd6617110a45a51c1f
-- __BUILD_COMPONENTS=__idf_esp_ringbuf;__idf_efuse;__idf_esp_ipc;__idf_driver;__idf_esp_pm;__idf_mbedtls;__idf_bootloader;__idf_esptool_py;__idf_partition_table;__idf_app_update;__idf_bootloader_support;__idf_spi_flash;__idf_nvs_flash;__idf_pthread;__idf_esp_gdbstub;__idf_espcoredump;__idf_esp_phy;__idf_esp_system;__idf_esp_rom;__idf_hal;__idf_vfs;__idf_esp_eth;__idf_tcpip_adapter;__idf_esp_netif;__idf_esp_event;__idf_wpa_supplicant;__idf_esp_wifi;__idf_ieee802154;__idf_console;__idf_openthread;__idf_lwip;__idf_log;__idf_heap;__idf_soc;__idf_esp_hw_support;__idf_xtensa;__idf_esp32;__idf_esp_common;__idf_esp_timer;__idf_freertos;__idf_newlib;__idf_cxx;__idf_app_trace;__idf_asio;__idf_bt;__idf_cbor;__idf_unity;__idf_cmock;__idf_coap;__idf_nghttp;__idf_esp-tls;__idf_esp_adc_cal;__idf_esp_hid;__idf_tcp_transport;__idf_esp_http_client;__idf_esp_http_server;__idf_esp_https_ota;__idf_esp_https_server;__idf_esp_lcd;__idf_protobuf-c;__idf_protocomm;__idf_mdns;__idf_esp_local_ctrl;__idf_sdmmc;__idf_esp_serial_slave_link;__idf_esp_websocket_client;__idf_expat;__idf_wear_levelling;__idf_fatfs;__idf_freemodbus;__idf_idf_test;__idf_jsmn;__idf_json;__idf_libsodium;__idf_mqtt;__idf_openssl;__idf_perfmon;__idf_spiffs;__idf_usb;__idf_tinyusb;__idf_ulp;__idf_wifi_provisioning;__idf_main;__idf_u8g2;__idf_ucglib;__idf_fifo;__idf_common;__idf_fdk-aac-oreo-m8;__idf_fdk-aac_decoder;__idf_audio_renderer;__idf_mad;__idf_mp3_decoder;__idf_audio_player;__idf_MerusAudio;__idf_bt_speaker;__idf_esp_idf_lib_helpers;__idf_led_strip;__idf_wolfssl;__idf_xpt2046
-- __BUILD_COMPONENT_TARGETS=___idf_esp_ringbuf;___idf_efuse;___idf_esp_ipc;___idf_driver;___idf_esp_pm;___idf_mbedtls;___idf_bootloader;___idf_esptool_py;___idf_partition_table;___idf_app_update;___idf_bootloader_support;___idf_spi_flash;___idf_nvs_flash;___idf_pthread;___idf_esp_gdbstub;___idf_espcoredump;___idf_esp_phy;___idf_esp_system;___idf_esp_rom;___idf_hal;___idf_vfs;___idf_esp_eth;___idf_tcpip_adapter;___idf_esp_netif;___idf_esp_event;___idf_wpa_supplicant;___idf_esp_wifi;___idf_ieee802154;___idf_console;___idf_openthread;___idf_lwip;___idf_log;___idf_heap;___idf_soc;___idf_esp_hw_support;___idf_xtensa;___idf_esp32;___idf_esp_common;___idf_esp_timer;___idf_freertos;___idf_newlib;___idf_cxx;___idf_app_trace;___idf_asio;___idf_bt;___idf_cbor;___idf_unity;___idf_cmock;___idf_coap;___idf_nghttp;___idf_esp-tls;___idf_esp_adc_cal;___idf_esp_hid;___idf_tcp_transport;___idf_esp_http_client;___idf_esp_http_server;___idf_esp_https_ota;___idf_esp_https_server;___idf_esp_lcd;___idf_protobuf-c;___idf_protocomm;___idf_mdns;___idf_esp_local_ctrl;___idf_sdmmc;___idf_esp_serial_slave_link;___idf_esp_websocket_client;___idf_expat;___idf_wear_levelling;___idf_fatfs;___idf_freemodbus;___idf_idf_test;___idf_jsmn;___idf_json;___idf_libsodium;___idf_mqtt;___idf_openssl;___idf_perfmon;___idf_spiffs;___idf_usb;___idf_tinyusb;___idf_ulp;___idf_wifi_provisioning;___idf_main;___idf_u8g2;___idf_ucglib;___idf_fifo;___idf_common;___idf_fdk-aac-oreo-m8;___idf_fdk-aac_decoder;___idf_audio_renderer;___idf_mad;___idf_mp3_decoder;___idf_audio_player;___idf_MerusAudio;___idf_bt_speaker;___idf_esp_idf_lib_helpers;___idf_led_strip;___idf_wolfssl;___idf_xpt2046
-- __BUILD_DIR=D:/Arduino/Projects/KaRadio32_4/build
-- __BUILD_PROPERTIES=PYTHON;__BUILD_PROPERTIES;IDF_PATH;__PREFIX;__CHECK_PYTHON;IDF_COMPONENT_MANAGER;COMPILE_DEFINITIONS;COMPILE_OPTIONS;C_COMPILE_OPTIONS;CXX_COMPILE_OPTIONS;LINK_OPTIONS;__COMPONENT_TARGETS;__COMPONENT_REQUIRES_COMMON;IDF_VER;__ROOT_KCONFIG;__ROOT_SDKCONFIG_RENAME;__OUTPUT_SDKCONFIG;EXTRA_CMAKE_ARGS;__COMPONENT_MANAGER_INTERFACE_VERSION;BOOTLOADER_BUILD;IDF_TARGET;PROJECT_DIR;PROJECT_NAME;PROJECT_VER;BUILD_DIR;SDKCONFIG;SDKCONFIG_DEFAULTS;__COMPONENT_NAMES_RESOLVED;__COMPONENT_TARGETS_RESOLVED;__BUILD_COMPONENT_TARGETS;__BUILD_COMPONENTS;BUILD_COMPONENT_ALIASES;BUILD_COMPONENTS;___COMPONENT_REQUIRES_COMMON;KCONFIGS;KCONFIG_PROJBUILDS;CONFIG_ENV_PATH;INCLUDE_DIRECTORIES;SDKCONFIG_HEADER;SDKCONFIG_JSON;SDKCONFIG_CMAKE;SDKCONFIG_JSON_MENUS;CONFIG_DIR;__CONFIG_VARIABLES
-- __CHECK_PYTHON=0
-- __COMPILER_CMAKE_COMMON_COMPILER_MACROS=1
-- __COMPILER_GNU=1
-- __COMPONENTS=app_trace;app_update;asio;bootloader;bootloader_support;bt;cbor;cmock;coap;console;cxx;driver;efuse;esp-tls;esp32;esp32c3;esp32h2;esp32s2;esp32s3;esp_adc_cal;esp_common;esp_eth;esp_event;esp_gdbstub;esp_hid;esp_http_client;esp_http_server;esp_https_ota;esp_https_server;esp_hw_support;esp_ipc;esp_lcd;esp_local_ctrl;esp_netif;esp_phy;esp_pm;esp_ringbuf;esp_rom;esp_serial_slave_link;esp_system;esp_timer;esp_websocket_client;esp_wifi;espcoredump;esptool_py;expat;fatfs;freemodbus;freertos;hal;heap;idf_test;ieee802154;jsmn;json;libsodium;linux;log;lwip;mbedtls;mdns;mqtt;newlib;nghttp;nvs_flash;openssl;openthread;partition_table;perfmon;protobuf-c;protocomm;pthread;riscv;sdmmc;soc;spi_flash;spiffs;tcp_transport;tcpip_adapter;tinyusb;touch_element;ulp;unity;usb;vfs;wear_levelling;wifi_provisioning;wpa_supplicant;xtensa;main;MerusAudio;audio_player;audio_renderer;bt_speaker;common;esp_idf_lib_helpers;fdk-aac-oreo-m8;fdk-aac_decoder;fifo;led_strip;mad;mp3_decoder;u8g2;ucglib;wolfssl;xpt2046;
-- __COMPONENT_MANAGER_INTERFACE_VERSION=1
-- __COMPONENT_NAMES_RESOLVED=app_trace;app_update;asio;bootloader;bootloader_support;bt;cbor;cmock;coap;console;cxx;driver;efuse;esp-tls;esp32;esp32c3;esp32h2;esp32s2;esp32s3;esp_adc_cal;esp_common;esp_eth;esp_event;esp_gdbstub;esp_hid;esp_http_client;esp_http_server;esp_https_ota;esp_https_server;esp_hw_support;esp_ipc;esp_lcd;esp_local_ctrl;esp_netif;esp_phy;esp_pm;esp_ringbuf;esp_rom;esp_serial_slave_link;esp_system;esp_timer;esp_websocket_client;esp_wifi;espcoredump;esptool_py;expat;fatfs;freemodbus;freertos;hal;heap;idf_test;ieee802154;jsmn;json;libsodium;linux;log;lwip;mbedtls;mdns;mqtt;newlib;nghttp;nvs_flash;openssl;openthread;partition_table;perfmon;protobuf-c;protocomm;pthread;riscv;sdmmc;soc;spi_flash;spiffs;tcp_transport;tcpip_adapter;tinyusb;touch_element;ulp;unity;usb;vfs;wear_levelling;wifi_provisioning;wpa_supplicant;xtensa;main;MerusAudio;audio_player;audio_renderer;bt_speaker;common;esp_idf_lib_helpers;fdk-aac-oreo-m8;fdk-aac_decoder;fifo;led_strip;mad;mp3_decoder;u8g2;ucglib;wolfssl;xpt2046
-- __COMPONENT_REQUIRES_COMMON=cxx;newlib;freertos;esp_hw_support;heap;log;lwip;soc;hal;esp_rom;esp_common;esp_system;esp32
-- __COMPONENT_TARGETS = ___idf_app_trace;___idf_app_update;___idf_asio;___idf_bootloader;___id ... (truncated)
-- __COMPONENT_TARGETS_RESOLVED=___idf_app_trace;___idf_app_update;___idf_asio;___idf_bootloader;___idf_bootloader_support;___idf_bt;___idf_cbor;___idf_cmock;___idf_coap;___idf_console;___idf_cxx;___idf_driver;___idf_efuse;___idf_esp-tls;___idf_esp32;___idf_esp32c3;___idf_esp32h2;___idf_esp32s2;___idf_esp32s3;___idf_esp_adc_cal;___idf_esp_common;___idf_esp_eth;___idf_esp_event;___idf_esp_gdbstub;___idf_esp_hid;___idf_esp_http_client;___idf_esp_http_server;___idf_esp_https_ota;___idf_esp_https_server;___idf_esp_hw_support;___idf_esp_ipc;___idf_esp_lcd;___idf_esp_local_ctrl;___idf_esp_netif;___idf_esp_phy;___idf_esp_pm;___idf_esp_ringbuf;___idf_esp_rom;___idf_esp_serial_slave_link;___idf_esp_system;___idf_esp_timer;___idf_esp_websocket_client;___idf_esp_wifi;___idf_espcoredump;___idf_esptool_py;___idf_expat;___idf_fatfs;___idf_freemodbus;___idf_freertos;___idf_hal;___idf_heap;___idf_idf_test;___idf_ieee802154;___idf_jsmn;___idf_json;___idf_libsodium;___idf_linux;___idf_log;___idf_lwip;___idf_mbedtls;___idf_mdns;___idf_mqtt;___idf_newlib;___idf_nghttp;___idf_nvs_flash;___idf_openssl;___idf_openthread;___idf_partition_table;___idf_perfmon;___idf_protobuf-c;___idf_protocomm;___idf_pthread;___idf_riscv;___idf_sdmmc;___idf_soc;___idf_spi_flash;___idf_spiffs;___idf_tcp_transport;___idf_tcpip_adapter;___idf_tinyusb;___idf_touch_element;___idf_ulp;___idf_unity;___idf_usb;___idf_vfs;___idf_wear_levelling;___idf_wifi_provisioning;___idf_wpa_supplicant;___idf_xtensa;___idf_main;___idf_MerusAudio;___idf_audio_player;___idf_audio_renderer;___idf_bt_speaker;___idf_common;___idf_esp_idf_lib_helpers;___idf_fdk-aac-oreo-m8;___idf_fdk-aac_decoder;___idf_fifo;___idf_led_strip;___idf_mad;___idf_mp3_decoder;___idf_u8g2;___idf_ucglib;___idf_wolfssl;___idf_xpt2046
-- __CONFIG_VARIABLES = CONFIG_IDF_CMAKE;CONFIG_IDF_TARGET_ARCH_XTENSA;CONFIG_IDF_TARGET;CONFI ... (truncated)
-- __OUTPUT_SDKCONFIG=1
-- __PREFIX=idf
-- __PROJECT_DIR=D:/Arduino/Projects/KaRadio32_4
-- __PROJECT_NAME=KaRadio32_C_BT
-- __PROJECT_VER=2.4.4
-- __ROOT_KCONFIG=C:/Esp/frameworks/esp-idf-v4.4.8/Kconfig
-- __ROOT_SDKCONFIG_RENAME=C:/Esp/frameworks/esp-idf-v4.4.8/sdkconfig.rename
-- __SDKCONFIG=D:/Arduino/Projects/KaRadio32_4/sdkconfig
-- __SDKCONFIG_DEFAULTS=D:/Arduino/Projects/KaRadio32_4/sdkconfig.defaults
-- ___COMPONENT_REQUIRES_COMMON=__idf_cxx;__idf_newlib;__idf_freertos;__idf_esp_hw_support;__idf_heap;__idf_log;__idf_lwip;__idf_soc;__idf_hal;__idf_esp_rom;__idf_esp_common;__idf_esp_system;__idf_esp32
-- __component_dir=D:/Arduino/Projects/KaRadio32_4/components/xpt2046
-- __component_name=
-- __contents=components:
  - name: "app_trace"
    path: "C:/Esp/frameworks/esp-idf-v4.4.8/components/app_trace"
  - name: "app_update"
    path: "C:/Esp/frameworks/esp-idf-v4.4.8/components/app_update"
  - name: "asio"
    path: "C:/Esp/frameworks/esp-idf-v4.4.8/components/asio"
  - name: "bootloader"
    path: "C:/Esp/frameworks/esp-idf-v4.4.8/components/bootloader"
  - name: "bootloader_support"
    path: "C:/Esp/frameworks/esp-idf-v4.4.8/components/bootloader_support"
  - name: "bt"
    path: "C:/Esp/frameworks/esp-idf-v4.4.8/components/bt"
  - name: "cbor"
    path: "C:/Esp/frameworks/esp-idf-v4.4.8/components/cbor"
  - name: "cmock"
    path: "C:/Esp/frameworks/esp-idf-v4.4.8/components/cmock"
  - name: "coap"
    path: "C:/Esp/frameworks/esp-idf-v4.4.8/components/coap"
  - name: "console"
    path: "C:/Esp/frameworks/esp-idf-v4.4.8/components/console"
  - name: "cxx"
    path: "C:/Esp/frameworks/esp-idf-v4.4.8/components/cxx"
  - name: "driver"
    path: "C:/Esp/frameworks/esp-idf-v4.4.8/components/driver"
  - name: "efuse"
    path: "C:/Esp/frameworks/esp-idf-v4.4.8/components/efuse"
  - name: "esp-tls"
    path: "C:/Esp/frameworks/esp-idf-v4.4.8/components/esp-tls"
  - name: "esp32"
    path: "C:/Esp/frameworks/esp-idf-v4.4.8/components/esp32"
  - name: "esp32c3"
    path: "C:/Esp/frameworks/esp-idf-v4.4.8/components/esp32c3"
  - name: "esp32h2"
    path: "C:/Esp/frameworks/esp-idf-v4.4.8/components/esp32h2"
  - name: "esp32s2"
    path: "C:/Esp/frameworks/esp-idf-v4.4.8/components/esp32s2"
  - name: "esp32s3"
    path: "C:/Esp/frameworks/esp-idf-v4.4.8/components/esp32s3"
  - name: "esp_adc_cal"
    path: "C:/Esp/frameworks/esp-idf-v4.4.8/components/esp_adc_cal"
  - name: "esp_common"
    path: "C:/Esp/frameworks/esp-idf-v4.4.8/components/esp_common"
  - name: "esp_eth"
    path: "C:/Esp/frameworks/esp-idf-v4.4.8/components/esp_eth"
  - name: "esp_event"
    path: "C:/Esp/frameworks/esp-idf-v4.4.8/components/esp_event"
  - name: "esp_gdbstub"
    path: "C:/Esp/frameworks/esp-idf-v4.4.8/components/esp_gdbstub"
  - name: "esp_hid"
    path: "C:/Esp/frameworks/esp-idf-v4.4.8/components/esp_hid"
  - name: "esp_http_client"
    path: "C:/Esp/frameworks/esp-idf-v4.4.8/components/esp_http_client"
  - name: "esp_http_server"
    path: "C:/Esp/frameworks/esp-idf-v4.4.8/components/esp_http_server"
  - name: "esp_https_ota"
    path: "C:/Esp/frameworks/esp-idf-v4.4.8/components/esp_https_ota"
  - name: "esp_https_server"
    path: "C:/Esp/frameworks/esp-idf-v4.4.8/components/esp_https_server"
  - name: "esp_hw_support"
    path: "C:/Esp/frameworks/esp-idf-v4.4.8/components/esp_hw_support"
  - name: "esp_ipc"
    path: "C:/Esp/frameworks/esp-idf-v4.4.8/components/esp_ipc"
  - name: "esp_lcd"
    path: "C:/Esp/frameworks/esp-idf-v4.4.8/components/esp_lcd"
  - name: "esp_local_ctrl"
    path: "C:/Esp/frameworks/esp-idf-v4.4.8/components/esp_local_ctrl"
  - name: "esp_netif"
    path: "C:/Esp/frameworks/esp-idf-v4.4.8/components/esp_netif"
  - name: "esp_phy"
    path: "C:/Esp/frameworks/esp-idf-v4.4.8/components/esp_phy"
  - name: "esp_pm"
    path: "C:/Esp/frameworks/esp-idf-v4.4.8/components/esp_pm"
  - name: "esp_ringbuf"
    path: "C:/Esp/frameworks/esp-idf-v4.4.8/components/esp_ringbuf"
  - name: "esp_rom"
    path: "C:/Esp/frameworks/esp-idf-v4.4.8/components/esp_rom"
  - name: "esp_serial_slave_link"
    path: "C:/Esp/frameworks/esp-idf-v4.4.8/components/esp_serial_slave_link"
  - name: "esp_system"
    path: "C:/Esp/frameworks/esp-idf-v4.4.8/components/esp_system"
  - name: "esp_timer"
    path: "C:/Esp/frameworks/esp-idf-v4.4.8/components/esp_timer"
  - name: "esp_websocket_client"
    path: "C:/Esp/frameworks/esp-idf-v4.4.8/components/esp_websocket_client"
  - name: "esp_wifi"
    path: "C:/Esp/frameworks/esp-idf-v4.4.8/components/esp_wifi"
  - name: "espcoredump"
    path: "C:/Esp/frameworks/esp-idf-v4.4.8/components/espcoredump"
  - name: "esptool_py"
    path: "C:/Esp/frameworks/esp-idf-v4.4.8/components/esptool_py"
  - name: "expat"
    path: "C:/Esp/frameworks/esp-idf-v4.4.8/components/expat"
  - name: "fatfs"
    path: "C:/Esp/frameworks/esp-idf-v4.4.8/components/fatfs"
  - name: "freemodbus"
    path: "C:/Esp/frameworks/esp-idf-v4.4.8/components/freemodbus"
  - name: "freertos"
    path: "C:/Esp/frameworks/esp-idf-v4.4.8/components/freertos"
  - name: "hal"
    path: "C:/Esp/frameworks/esp-idf-v4.4.8/components/hal"
  - name: "heap"
    path: "C:/Esp/frameworks/esp-idf-v4.4.8/components/heap"
  - name: "idf_test"
    path: "C:/Esp/frameworks/esp-idf-v4.4.8/components/idf_test"
  - name: "ieee802154"
    path: "C:/Esp/frameworks/esp-idf-v4.4.8/components/ieee802154"
  - name: "jsmn"
    path: "C:/Esp/frameworks/esp-idf-v4.4.8/components/jsmn"
  - name: "json"
    path: "C:/Esp/frameworks/esp-idf-v4.4.8/components/json"
  - name: "libsodium"
    path: "C:/Esp/frameworks/esp-idf-v4.4.8/components/libsodium"
  - name: "linux"
    path: "C:/Esp/frameworks/esp-idf-v4.4.8/components/linux"
  - name: "log"
    path: "C:/Esp/frameworks/esp-idf-v4.4.8/components/log"
  - name: "lwip"
    path: "C:/Esp/frameworks/esp-idf-v4.4.8/components/lwip"
  - name: "mbedtls"
    path: "C:/Esp/frameworks/esp-idf-v4.4.8/components/mbedtls"
  - name: "mdns"
    path: "C:/Esp/frameworks/esp-idf-v4.4.8/components/mdns"
  - name: "mqtt"
    path: "C:/Esp/frameworks/esp-idf-v4.4.8/components/mqtt"
  - name: "newlib"
    path: "C:/Esp/frameworks/esp-idf-v4.4.8/components/newlib"
  - name: "nghttp"
    path: "C:/Esp/frameworks/esp-idf-v4.4.8/components/nghttp"
  - name: "nvs_flash"
    path: "C:/Esp/frameworks/esp-idf-v4.4.8/components/nvs_flash"
  - name: "openssl"
    path: "C:/Esp/frameworks/esp-idf-v4.4.8/components/openssl"
  - name: "openthread"
    path: "C:/Esp/frameworks/esp-idf-v4.4.8/components/openthread"
  - name: "partition_table"
    path: "C:/Esp/frameworks/esp-idf-v4.4.8/components/partition_table"
  - name: "perfmon"
    path: "C:/Esp/frameworks/esp-idf-v4.4.8/components/perfmon"
  - name: "protobuf-c"
    path: "C:/Esp/frameworks/esp-idf-v4.4.8/components/protobuf-c"
  - name: "protocomm"
    path: "C:/Esp/frameworks/esp-idf-v4.4.8/components/protocomm"
  - name: "pthread"
    path: "C:/Esp/frameworks/esp-idf-v4.4.8/components/pthread"
  - name: "riscv"
    path: "C:/Esp/frameworks/esp-idf-v4.4.8/components/riscv"
  - name: "sdmmc"
    path: "C:/Esp/frameworks/esp-idf-v4.4.8/components/sdmmc"
  - name: "soc"
    path: "C:/Esp/frameworks/esp-idf-v4.4.8/components/soc"
  - name: "spi_flash"
    path: "C:/Esp/frameworks/esp-idf-v4.4.8/components/spi_flash"
  - name: "spiffs"
    path: "C:/Esp/frameworks/esp-idf-v4.4.8/components/spiffs"
  - name: "tcp_transport"
    path: "C:/Esp/frameworks/esp-idf-v4.4.8/components/tcp_transport"
  - name: "tcpip_adapter"
    path: "C:/Esp/frameworks/esp-idf-v4.4.8/components/tcpip_adapter"
  - name: "tinyusb"
    path: "C:/Esp/frameworks/esp-idf-v4.4.8/components/tinyusb"
  - name: "touch_element"
    path: "C:/Esp/frameworks/esp-idf-v4.4.8/components/touch_element"
  - name: "ulp"
    path: "C:/Esp/frameworks/esp-idf-v4.4.8/components/ulp"
  - name: "unity"
    path: "C:/Esp/frameworks/esp-idf-v4.4.8/components/unity"
  - name: "usb"
    path: "C:/Esp/frameworks/esp-idf-v4.4.8/components/usb"
  - name: "vfs"
    path: "C:/Esp/frameworks/esp-idf-v4.4.8/components/vfs"
  - name: "wear_levelling"
    path: "C:/Esp/frameworks/esp-idf-v4.4.8/components/wear_levelling"
  - name: "wifi_provisioning"
    path: "C:/Esp/frameworks/esp-idf-v4.4.8/components/wifi_provisioning"
  - name: "wpa_supplicant"
    path: "C:/Esp/frameworks/esp-idf-v4.4.8/components/wpa_supplicant"
  - name: "xtensa"
    path: "C:/Esp/frameworks/esp-idf-v4.4.8/components/xtensa"
  - name: "main"
    path: "D:/Arduino/Projects/KaRadio32_4/main"
  - name: "MerusAudio"
    path: "D:/Arduino/Projects/KaRadio32_4/components/MerusAudio"
  - name: "audio_player"
    path: "D:/Arduino/Projects/KaRadio32_4/components/audio_player"
  - name: "audio_renderer"
    path: "D:/Arduino/Projects/KaRadio32_4/components/audio_renderer"
  - name: "bt_speaker"
    path: "D:/Arduino/Projects/KaRadio32_4/components/bt_speaker"
  - name: "common"
    path: "D:/Arduino/Projects/KaRadio32_4/components/common"
  - name: "esp_idf_lib_helpers"
    path: "D:/Arduino/Projects/KaRadio32_4/components/esp_idf_lib_helpers"
  - name: "fdk-aac-oreo-m8"
    path: "D:/Arduino/Projects/KaRadio32_4/components/fdk-aac-oreo-m8"
  - name: "fdk-aac_decoder"
    path: "D:/Arduino/Projects/KaRadio32_4/components/fdk-aac_decoder"
  - name: "fifo"
    path: "D:/Arduino/Projects/KaRadio32_4/components/fifo"
  - name: "led_strip"
    path: "D:/Arduino/Projects/KaRadio32_4/components/led_strip"
  - name: "mad"
    path: "D:/Arduino/Projects/KaRadio32_4/components/mad"
  - name: "mp3_decoder"
    path: "D:/Arduino/Projects/KaRadio32_4/components/mp3_decoder"
  - name: "u8g2"
    path: "D:/Arduino/Projects/KaRadio32_4/components/u8g2"
  - name: "ucglib"
    path: "D:/Arduino/Projects/KaRadio32_4/components/ucglib"
  - name: "wolfssl"
    path: "D:/Arduino/Projects/KaRadio32_4/components/wolfssl"
  - name: "xpt2046"
    path: "D:/Arduino/Projects/KaRadio32_4/components/xpt2046"

-- __get_git_revision_description=YES
-- __idf_MerusAudio_LIB_DEPENDS = general;__idf_cxx;general;__idf_newlib;general;__idf_freertos;general; ... (truncated)
-- __idf_app_trace_LIB_DEPENDS = general;__idf_cxx;general;__idf_newlib;general;__idf_freertos;general; ... (truncated)
-- __idf_app_update_LIB_DEPENDS = general;__idf_cxx;general;__idf_newlib;general;__idf_freertos;general; ... (truncated)
-- __idf_asio_LIB_DEPENDS = general;__idf_cxx;general;__idf_newlib;general;__idf_freertos;general; ... (truncated)
-- __idf_audio_player_LIB_DEPENDS = general;__idf_cxx;general;__idf_newlib;general;__idf_freertos;general; ... (truncated)
-- __idf_audio_renderer_LIB_DEPENDS = general;__idf_cxx;general;__idf_newlib;general;__idf_freertos;general; ... (truncated)
-- __idf_bootloader_support_LIB_DEPENDS = general;__idf_cxx;general;__idf_newlib;general;__idf_freertos;general; ... (truncated)
-- __idf_bt_LIB_DEPENDS = general;__idf_cxx;general;__idf_newlib;general;__idf_freertos;general; ... (truncated)
-- __idf_bt_speaker_LIB_DEPENDS = general;__idf_cxx;general;__idf_newlib;general;__idf_freertos;general; ... (truncated)
-- __idf_cbor_LIB_DEPENDS = general;__idf_cxx;general;__idf_newlib;general;__idf_freertos;general; ... (truncated)
-- __idf_cmock_LIB_DEPENDS = general;__idf_cxx;general;__idf_newlib;general;__idf_freertos;general; ... (truncated)
-- __idf_coap_LIB_DEPENDS = general;__idf_cxx;general;__idf_newlib;general;__idf_freertos;general; ... (truncated)
-- __idf_common_LIB_DEPENDS = general;__idf_cxx;general;__idf_newlib;general;__idf_freertos;general; ... (truncated)
-- __idf_component_context = 1 ... (truncated)
-- __idf_console_LIB_DEPENDS = general;__idf_cxx;general;__idf_newlib;general;__idf_freertos;general; ... (truncated)
-- __idf_cxx_LIB_DEPENDS = general;__idf_newlib;general;__idf_freertos;general;__idf_esp_hw_suppo ... (truncated)
-- __idf_driver_LIB_DEPENDS = general;__idf_cxx;general;__idf_newlib;general;__idf_freertos;general; ... (truncated)
-- __idf_efuse_LIB_DEPENDS = general;__idf_cxx;general;__idf_newlib;general;__idf_freertos;general; ... (truncated)
-- __idf_esp-tls_LIB_DEPENDS = general;__idf_cxx;general;__idf_newlib;general;__idf_freertos;general; ... (truncated)
-- __idf_esp_adc_cal_LIB_DEPENDS = general;__idf_cxx;general;__idf_newlib;general;__idf_freertos;general; ... (truncated)
-- __idf_esp_common_LIB_DEPENDS = general;__idf_cxx;general;__idf_newlib;general;__idf_freertos;general; ... (truncated)
-- __idf_esp_eth_LIB_DEPENDS = general;__idf_cxx;general;__idf_newlib;general;__idf_freertos;general; ... (truncated)
-- __idf_esp_event_LIB_DEPENDS = general;__idf_cxx;general;__idf_newlib;general;__idf_freertos;general; ... (truncated)
-- __idf_esp_gdbstub_LIB_DEPENDS = general;__idf_cxx;general;__idf_newlib;general;__idf_freertos;general; ... (truncated)
-- __idf_esp_hid_LIB_DEPENDS = general;__idf_cxx;general;__idf_newlib;general;__idf_freertos;general; ... (truncated)
-- __idf_esp_http_client_LIB_DEPENDS = general;__idf_cxx;general;__idf_newlib;general;__idf_freertos;general; ... (truncated)
-- __idf_esp_http_server_LIB_DEPENDS = general;__idf_cxx;general;__idf_newlib;general;__idf_freertos;general; ... (truncated)
-- __idf_esp_https_ota_LIB_DEPENDS = general;__idf_cxx;general;__idf_newlib;general;__idf_freertos;general; ... (truncated)
-- __idf_esp_hw_support_LIB_DEPENDS = general;__idf_cxx;general;__idf_newlib;general;__idf_freertos;general; ... (truncated)
-- __idf_esp_ipc_LIB_DEPENDS = general;__idf_cxx;general;__idf_newlib;general;__idf_freertos;general; ... (truncated)
-- __idf_esp_lcd_LIB_DEPENDS = general;__idf_cxx;general;__idf_newlib;general;__idf_freertos;general; ... (truncated)
-- __idf_esp_local_ctrl_LIB_DEPENDS = general;__idf_cxx;general;__idf_newlib;general;__idf_freertos;general; ... (truncated)
-- __idf_esp_netif_LIB_DEPENDS = general;__idf_cxx;general;__idf_newlib;general;__idf_freertos;general; ... (truncated)
-- __idf_esp_phy_LIB_DEPENDS = general;__idf_cxx;general;__idf_newlib;general;__idf_freertos;general; ... (truncated)
-- __idf_esp_pm_LIB_DEPENDS = general;__idf_cxx;general;__idf_newlib;general;__idf_freertos;general; ... (truncated)
-- __idf_esp_ringbuf_LIB_DEPENDS = general;__idf_cxx;general;__idf_newlib;general;__idf_freertos;general; ... (truncated)
-- __idf_esp_rom_LIB_DEPENDS = general;__idf_cxx;general;__idf_newlib;general;__idf_freertos;general; ... (truncated)
-- __idf_esp_serial_slave_link_LIB_DEPENDS = general;__idf_cxx;general;__idf_newlib;general;__idf_freertos;general; ... (truncated)
-- __idf_esp_system_LIB_DEPENDS = general;__idf_cxx;general;__idf_newlib;general;__idf_freertos;general; ... (truncated)
-- __idf_esp_timer_LIB_DEPENDS = general;__idf_cxx;general;__idf_newlib;general;__idf_freertos;general; ... (truncated)
-- __idf_esp_websocket_client_LIB_DEPENDS = general;__idf_cxx;general;__idf_newlib;general;__idf_freertos;general; ... (truncated)
-- __idf_esp_wifi_LIB_DEPENDS = general;__idf_cxx;general;__idf_newlib;general;__idf_freertos;general; ... (truncated)
-- __idf_espcoredump_LIB_DEPENDS = general;__idf_cxx;general;__idf_newlib;general;__idf_freertos;general; ... (truncated)
-- __idf_expat_LIB_DEPENDS = general;__idf_cxx;general;__idf_newlib;general;__idf_freertos;general; ... (truncated)
-- __idf_fatfs_LIB_DEPENDS = general;__idf_cxx;general;__idf_newlib;general;__idf_freertos;general; ... (truncated)
-- __idf_fdk-aac-oreo-m8_LIB_DEPENDS = general;__idf_cxx;general;__idf_newlib;general;__idf_freertos;general; ... (truncated)
-- __idf_fdk-aac_decoder_LIB_DEPENDS = general;__idf_cxx;general;__idf_newlib;general;__idf_freertos;general; ... (truncated)
-- __idf_fifo_LIB_DEPENDS = general;__idf_cxx;general;__idf_newlib;general;__idf_freertos;general; ... (truncated)
-- __idf_freemodbus_LIB_DEPENDS = general;__idf_cxx;general;__idf_newlib;general;__idf_freertos;general; ... (truncated)
-- __idf_freertos_LIB_DEPENDS = general;__idf_cxx;general;__idf_newlib;general;__idf_esp_hw_support;ge ... (truncated)
-- __idf_hal_LIB_DEPENDS = general;__idf_cxx;general;__idf_newlib;general;__idf_freertos;general; ... (truncated)
-- __idf_heap_LIB_DEPENDS = general;__idf_cxx;general;__idf_newlib;general;__idf_freertos;general; ... (truncated)
-- __idf_jsmn_LIB_DEPENDS = general;__idf_cxx;general;__idf_newlib;general;__idf_freertos;general; ... (truncated)
-- __idf_json_LIB_DEPENDS = general;__idf_cxx;general;__idf_newlib;general;__idf_freertos;general; ... (truncated)
-- __idf_led_strip_LIB_DEPENDS = general;__idf_cxx;general;__idf_newlib;general;__idf_freertos;general; ... (truncated)
-- __idf_libsodium_LIB_DEPENDS = general;__idf_cxx;general;__idf_newlib;general;__idf_freertos;general; ... (truncated)
-- __idf_log_LIB_DEPENDS = general;__idf_cxx;general;__idf_newlib;general;__idf_freertos;general; ... (truncated)
-- __idf_lwip_LIB_DEPENDS = general;__idf_cxx;general;__idf_newlib;general;__idf_freertos;general; ... (truncated)
-- __idf_mad_LIB_DEPENDS = general;__idf_cxx;general;__idf_newlib;general;__idf_freertos;general; ... (truncated)
-- __idf_main_LIB_DEPENDS = general;__idf_cxx;general;__idf_newlib;general;__idf_freertos;general; ... (truncated)
-- __idf_mdns_LIB_DEPENDS = general;__idf_cxx;general;__idf_newlib;general;__idf_freertos;general; ... (truncated)
-- __idf_mp3_decoder_LIB_DEPENDS = general;__idf_cxx;general;__idf_newlib;general;__idf_freertos;general; ... (truncated)
-- __idf_mqtt_LIB_DEPENDS = general;__idf_cxx;general;__idf_newlib;general;__idf_freertos;general; ... (truncated)
-- __idf_newlib_LIB_DEPENDS = general;__idf_cxx;general;__idf_freertos;general;__idf_esp_hw_support; ... (truncated)
-- __idf_nghttp_LIB_DEPENDS = general;__idf_cxx;general;__idf_newlib;general;__idf_freertos;general; ... (truncated)
-- __idf_nvs_flash_LIB_DEPENDS = general;__idf_cxx;general;__idf_newlib;general;__idf_freertos;general; ... (truncated)
-- __idf_openssl_LIB_DEPENDS = general;__idf_cxx;general;__idf_newlib;general;__idf_freertos;general; ... (truncated)
-- __idf_perfmon_LIB_DEPENDS = general;__idf_cxx;general;__idf_newlib;general;__idf_freertos;general; ... (truncated)
-- __idf_protobuf-c_LIB_DEPENDS = general;__idf_cxx;general;__idf_newlib;general;__idf_freertos;general; ... (truncated)
-- __idf_protocomm_LIB_DEPENDS = general;__idf_cxx;general;__idf_newlib;general;__idf_freertos;general; ... (truncated)
-- __idf_pthread_LIB_DEPENDS = general;__idf_cxx;general;__idf_newlib;general;__idf_freertos;general; ... (truncated)
-- __idf_sdmmc_LIB_DEPENDS = general;__idf_cxx;general;__idf_newlib;general;__idf_freertos;general; ... (truncated)
-- __idf_soc_LIB_DEPENDS = general;__idf_cxx;general;__idf_newlib;general;__idf_freertos;general; ... (truncated)
-- __idf_spi_flash_LIB_DEPENDS = general;__idf_cxx;general;__idf_newlib;general;__idf_freertos;general; ... (truncated)
-- __idf_spiffs_LIB_DEPENDS = general;__idf_cxx;general;__idf_newlib;general;__idf_freertos;general; ... (truncated)
-- __idf_tcp_transport_LIB_DEPENDS = general;__idf_cxx;general;__idf_newlib;general;__idf_freertos;general; ... (truncated)
-- __idf_tcpip_adapter_LIB_DEPENDS = general;__idf_cxx;general;__idf_newlib;general;__idf_freertos;general; ... (truncated)
-- __idf_u8g2_LIB_DEPENDS = general;__idf_cxx;general;__idf_newlib;general;__idf_freertos;general; ... (truncated)
-- __idf_ucglib_LIB_DEPENDS = general;__idf_cxx;general;__idf_newlib;general;__idf_freertos;general; ... (truncated)
-- __idf_ulp_LIB_DEPENDS = general;__idf_cxx;general;__idf_newlib;general;__idf_freertos;general; ... (truncated)
-- __idf_unity_LIB_DEPENDS = general;__idf_cxx;general;__idf_newlib;general;__idf_freertos;general; ... (truncated)
-- __idf_vfs_LIB_DEPENDS = general;__idf_cxx;general;__idf_newlib;general;__idf_freertos;general; ... (truncated)
-- __idf_wear_levelling_LIB_DEPENDS = general;__idf_cxx;general;__idf_newlib;general;__idf_freertos;general; ... (truncated)
-- __idf_wifi_provisioning_LIB_DEPENDS = general;__idf_cxx;general;__idf_newlib;general;__idf_freertos;general; ... (truncated)
-- __idf_wolfssl_LIB_DEPENDS = general;__idf_cxx;general;__idf_newlib;general;__idf_freertos;general; ... (truncated)
-- __idf_wpa_supplicant_LIB_DEPENDS = general;__idf_cxx;general;__idf_newlib;general;__idf_freertos;general; ... (truncated)
-- __idf_xpt2046_LIB_DEPENDS = general;__idf_cxx;general;__idf_newlib;general;__idf_freertos;general; ... (truncated)
-- __idf_xtensa_LIB_DEPENDS = general;__idf_cxx;general;__idf_newlib;general;__idf_freertos;general; ... (truncated)
-- __lto_flags=-flto;-fno-fat-lto-objects
-- __pch_header_C=c-header
-- __pch_header_CXX=c++-header
-- __pch_header_OBJC=objective-c-header
-- __pch_header_OBJCXX=objective-c++-header
-- _gitdescmoddir=C:/Esp/frameworks/esp-idf-v4.4.8/tools/cmake/third_party
-- _idf_path=C:/Esp/frameworks/esp-idf-v4.4.8
-- _match=CONFIG_BT_SPEAKER_MODE=y
-- _name=wolfssl
-- _sdkconfig_defaults=D:/Arduino/Projects/KaRadio32_4/sdkconfig.defaults
-- alias=idf::wolfssl
-- args=--input;D:/Arduino/Projects/KaRadio32_4/components/wolfssl/wolfcrypt/src/port/Espressif/esp_crt_bundle/cacrt_all.pem;D:/Arduino/Projects/KaRadio32_4/components/wolfssl/wolfcrypt/src/port/Espressif/esp_crt_bundle/cacrt_local.pem;-q
-- bootloader_binary_files = D:/Arduino/Projects/KaRadio32_4/build/bootloader/bootloader.elf;D:/Ard ... (truncated)
-- build_component_targets=___idf_esp_ringbuf;___idf_efuse;___idf_esp_ipc;___idf_driver;___idf_esp_pm;___idf_mbedtls;___idf_bootloader;___idf_esptool_py;___idf_partition_table;___idf_app_update;___idf_bootloader_support;___idf_spi_flash;___idf_nvs_flash;___idf_pthread;___idf_esp_gdbstub;___idf_espcoredump;___idf_esp_phy;___idf_esp_system;___idf_esp_rom;___idf_hal;___idf_vfs;___idf_esp_eth;___idf_tcpip_adapter;___idf_esp_netif;___idf_esp_event;___idf_wpa_supplicant;___idf_esp_wifi;___idf_ieee802154;___idf_console;___idf_openthread;___idf_lwip;___idf_log;___idf_heap;___idf_soc;___idf_esp_hw_support;___idf_xtensa;___idf_esp32;___idf_esp_common;___idf_esp_timer;___idf_freertos;___idf_newlib;___idf_cxx;___idf_app_trace;___idf_asio;___idf_bt;___idf_cbor;___idf_unity;___idf_cmock;___idf_coap;___idf_nghttp;___idf_esp-tls;___idf_esp_adc_cal;___idf_esp_hid;___idf_tcp_transport;___idf_esp_http_client;___idf_esp_http_server;___idf_esp_https_ota;___idf_esp_https_server;___idf_esp_lcd;___idf_protobuf-c;___idf_protocomm;___idf_mdns;___idf_esp_local_ctrl;___idf_sdmmc;___idf_esp_serial_slave_link;___idf_esp_websocket_client;___idf_expat;___idf_wear_levelling;___idf_fatfs;___idf_freemodbus;___idf_idf_test;___idf_jsmn;___idf_json;___idf_libsodium;___idf_mqtt;___idf_openssl;___idf_perfmon;___idf_spiffs;___idf_usb;___idf_tinyusb;___idf_ulp;___idf_wifi_provisioning;___idf_main;___idf_u8g2;___idf_ucglib;___idf_fifo;___idf_common;___idf_fdk-aac-oreo-m8;___idf_fdk-aac_decoder;___idf_audio_renderer;___idf_mad;___idf_mp3_decoder;___idf_audio_player;___idf_MerusAudio;___idf_bt_speaker;___idf_esp_idf_lib_helpers;___idf_led_strip;___idf_wolfssl;___idf_xpt2046
-- build_dir=D:/Arduino/Projects/KaRadio32_4/build
-- build_prefix=idf
-- build_properties=PYTHON;__BUILD_PROPERTIES;IDF_PATH;__PREFIX;__CHECK_PYTHON;IDF_COMPONENT_MANAGER;COMPILE_DEFINITIONS;COMPILE_OPTIONS;C_COMPILE_OPTIONS;CXX_COMPILE_OPTIONS;LINK_OPTIONS;__COMPONENT_TARGETS;__COMPONENT_REQUIRES_COMMON;IDF_VER;__ROOT_KCONFIG;__ROOT_SDKCONFIG_RENAME;__OUTPUT_SDKCONFIG;EXTRA_CMAKE_ARGS;__COMPONENT_MANAGER_INTERFACE_VERSION;BOOTLOADER_BUILD;IDF_TARGET;PROJECT_DIR;PROJECT_NAME;PROJECT_VER;BUILD_DIR;SDKCONFIG;SDKCONFIG_DEFAULTS;__COMPONENT_NAMES_RESOLVED;__COMPONENT_TARGETS_RESOLVED;__BUILD_COMPONENT_TARGETS;__BUILD_COMPONENTS;BUILD_COMPONENT_ALIASES;BUILD_COMPONENTS;___COMPONENT_REQUIRES_COMMON;KCONFIGS;KCONFIG_PROJBUILDS;CONFIG_ENV_PATH;INCLUDE_DIRECTORIES;SDKCONFIG_HEADER;SDKCONFIG_JSON;SDKCONFIG_CMAKE;SDKCONFIG_JSON_MENUS;CONFIG_DIR;__CONFIG_VARIABLES
-- build_property=
-- bundle_name=x509_crt_bundle_wolfssl
-- c_compile_options=-Wno-old-style-declaration
-- chip_model=esp32
-- common_req=
-- common_reqs=cxx;newlib;freertos;esp_hw_support;heap;log;lwip;soc;hal;esp_rom;esp_common;esp_system;esp32
-- compile_options=-Og;-fmacro-prefix-map=D:/Arduino/Projects/KaRadio32_4=.;-fmacro-prefix-map=C:/Esp/frameworks/esp-idf-v4.4.8=IDF;-fstrict-volatile-bitfields;-Wno-error=unused-but-set-variable;-fno-jump-tables;-fno-tree-switch-conversion
-- component=
-- component_manager_interface_version=1
-- component_target=___idf_wolfssl
-- component_targets = ___idf_app_trace;___idf_app_update;___idf_asio;___idf_bootloader;___id ... (truncated)
-- components=app_trace;app_update;asio;bootloader;bootloader_support;bt;cbor;cmock;coap;console;cxx;driver;efuse;esp-tls;esp32;esp32c3;esp32h2;esp32s2;esp32s3;esp_adc_cal;esp_common;esp_eth;esp_event;esp_gdbstub;esp_hid;esp_http_client;esp_http_server;esp_https_ota;esp_https_server;esp_hw_support;esp_ipc;esp_lcd;esp_local_ctrl;esp_netif;esp_phy;esp_pm;esp_ringbuf;esp_rom;esp_serial_slave_link;esp_system;esp_timer;esp_websocket_client;esp_wifi;espcoredump;esptool_py;expat;fatfs;freemodbus;freertos;hal;heap;idf_test;ieee802154;jsmn;json;libsodium;linux;log;lwip;mbedtls;mdns;mqtt;newlib;nghttp;nvs_flash;openssl;openthread;partition_table;perfmon;protobuf-c;protocomm;pthread;riscv;sdmmc;soc;spi_flash;spiffs;tcp_transport;tcpip_adapter;tinyusb;touch_element;ulp;unity;usb;vfs;wear_levelling;wifi_provisioning;wpa_supplicant;xtensa;main;MerusAudio;audio_player;audio_renderer;bt_speaker;common;esp_idf_lib_helpers;fdk-aac-oreo-m8;fdk-aac_decoder;fifo;led_strip;mad;mp3_decoder;u8g2;ucglib;wolfssl;xpt2046
-- crt_bundle=D:/Arduino/Projects/KaRadio32_4/build/esp-idf/wolfssl/x509_crt_bundle_wolfssl
-- crt_paths=D:/Arduino/Projects/KaRadio32_4/components/wolfssl/wolfcrypt/src/port/Espressif/esp_crt_bundle/cacrt_all.pem;D:/Arduino/Projects/KaRadio32_4/components/wolfssl/wolfcrypt/src/port/Espressif/esp_crt_bundle/cacrt_local.pem
-- ctng_version_warning=Check Getting Started documentation or proceed at own risk.

-- cxx_compile_options=-fno-exceptions;-fno-rtti
-- dir=D:/Arduino/Projects/KaRadio32_4/components/wolfssl
-- elf=$<TARGET_PROPERTY:__idf_build_target,EXECUTABLE>
-- elf_dir=$<TARGET_PROPERTY:__idf_build_target,EXECUTABLE_DIR>
-- elf_name=$<TARGET_PROPERTY:__idf_build_target,EXECUTABLE_NAME>
-- env_idf_target=esp32
-- env_idf_toolchain=gcc
-- error=
-- esp-idf_BINARY_DIR=D:/Arduino/Projects/KaRadio32_4/build/esp-idf
-- esp-idf_BINARY_DIR=D:/Arduino/Projects/KaRadio32_4/build/esp-idf
-- esp-idf_IS_TOP_LEVEL=OFF
-- esp-idf_SOURCE_DIR=C:/Esp/frameworks/esp-idf-v4.4.8
-- esp-idf_SOURCE_DIR=C:/Esp/frameworks/esp-idf-v4.4.8
-- esp-idf_VERSION=
-- esp-idf_VERSION_MAJOR=
-- esp-idf_VERSION_MINOR=
-- esp-idf_VERSION_PATCH=
-- esp-idf_VERSION_TWEAK=
-- esptool_elf2image_args=--elf-sha256-offset;0xb0;--min-rev-full;0;--max-rev-full;399
-- esptool_flash_main_args=--before=default_reset;--after=hard_reset
-- expected_gcc=8.4.0
-- expected_toolchain=esp-2021r2-patch5
-- extension=
-- flash_deps=partition_table_bin;app;bootloader
-- github_path=
-- idf_component_manager=1
-- idf_path=C:/Esp/frameworks/esp-idf-v4.4.8
-- idf_target=esp32
-- lang=
-- lib=__idf_esp32
-- link_options=-fno-rtti;-fno-lto
-- local_components_list_file=D:/Arduino/Projects/KaRadio32_4/build/local_components_list.temp.yml
-- managed_components=
-- managed_components_list_file=D:/Arduino/Projects/KaRadio32_4/build/managed_components_list.temp.cmake
-- mbedcrypto_LIB_DEPENDS=general;__idf_cxx;general;__idf_newlib;general;__idf_freertos;general;__idf_esp_hw_support;general;__idf_heap;general;__idf_log;general;__idf_lwip;general;__idf_soc;general;__idf_hal;general;__idf_esp_rom;general;__idf_esp_common;general;__idf_esp_system;general;__idf_esp32;
-- mbedtls_LIB_DEPENDS=general;__idf_cxx;general;__idf_newlib;general;__idf_freertos;general;__idf_esp_hw_support;general;__idf_heap;general;__idf_log;general;__idf_lwip;general;__idf_soc;general;__idf_hal;general;__idf_esp_rom;general;__idf_esp_common;general;__idf_esp_system;general;__idf_esp32;general;mbedx509;
-- mbedx509_LIB_DEPENDS=general;__idf_cxx;general;__idf_newlib;general;__idf_freertos;general;__idf_esp_hw_support;general;__idf_heap;general;__idf_log;general;__idf_lwip;general;__idf_soc;general;__idf_hal;general;__idf_esp_rom;general;__idf_esp_common;general;__idf_esp_system;general;__idf_esp32;general;mbedcrypto;
-- min_rev=0
-- monitor_rev_args=--revision;0
-- multi_value=COMPONENTS;SDKCONFIG_DEFAULTS
-- prefix=idf
-- project_dir=D:/Arduino/Projects/KaRadio32_4
-- project_ver=2.4.4
-- python=C:/Esp/python_env/idf4.4_py3.11_env/Scripts/python.exe
-- result=0
-- sdkconfig=D:/Arduino/Projects/KaRadio32_4/sdkconfig
-- sdkconfig_cmake=D:/Arduino/Projects/KaRadio32_4/build/config/sdkconfig.cmake
-- sdkconfig_default=
-- sdkconfig_defaults=D:/Arduino/Projects/KaRadio32_4/sdkconfig.defaults
-- single_value=PROJECT_DIR;PROJECT_VER;PROJECT_NAME;BUILD_DIR;SDKCONFIG
-- target=esp32
-- test_components=
-- toolchain_file_global=C:/Esp/frameworks/esp-idf-v4.4.8/tools/cmake/toolchain-esp32.cmake
-- type=
-- unsigned_project_binary=$<TARGET_PROPERTY:__idf_build_target,EXECUTABLE_NAME>.bin
-- val = CONFIG_IDF_CMAKE;CONFIG_IDF_TARGET_ARCH_XTENSA;CONFIG_IDF_TARGET;CONFI ... (truncated)
-- 
-- ALL VARIABLES END
-- 
-- DETECTED_PROJECT_NAME=KaRadio32_C_BT
-- COMPONENT_TARGET=__idf_wolfssl
-- Using wolfSSL in D:/Arduino/Projects/KaRadio32_4/components/wolfssl
-- PIO_WOLFSSL_ROOT =  D:/Arduino/Projects/KaRadio32_4/components/wolfssl
-- PLATFORMIO_BUILD_DIR = 
-- wolfSSL will be used for ESP-TLS
-- ************************************************************************************************
-- wolfSSL component config complete!
-- ************************************************************************************************
-- Components: MerusAudio app_trace app_update asio audio_player audio_renderer bootloader bootloader_support bt bt_speaker cbor cmock coap common console cxx driver efuse esp-tls esp32 esp_adc_cal esp_common esp_eth esp_event esp_gdbstub esp_hid esp_http_client esp_http_server esp_https_ota esp_https_server esp_hw_support esp_idf_lib_helpers esp_ipc esp_lcd esp_local_ctrl esp_netif esp_phy esp_pm esp_ringbuf esp_rom esp_serial_slave_link esp_system esp_timer esp_websocket_client esp_wifi espcoredump esptool_py expat fatfs fdk-aac-oreo-m8 fdk-aac_decoder fifo freemodbus freertos hal heap idf_test ieee802154 jsmn json led_strip libsodium log lwip mad main mbedtls mdns mp3_decoder mqtt newlib nghttp nvs_flash openssl openthread partition_table perfmon protobuf-c protocomm pthread sdmmc soc spi_flash spiffs tcp_transport tcpip_adapter tinyusb u8g2 ucglib ulp unity usb vfs wear_levelling wifi_provisioning wolfssl wpa_supplicant xpt2046 xtensa
-- Component paths: D:/Arduino/Projects/KaRadio32_4/components/MerusAudio C:/Esp/frameworks/esp-idf-v4.4.8/components/app_trace C:/Esp/frameworks/esp-idf-v4.4.8/components/app_update C:/Esp/frameworks/esp-idf-v4.4.8/components/asio D:/Arduino/Projects/KaRadio32_4/components/audio_player D:/Arduino/Projects/KaRadio32_4/components/audio_renderer C:/Esp/frameworks/esp-idf-v4.4.8/components/bootloader C:/Esp/frameworks/esp-idf-v4.4.8/components/bootloader_support C:/Esp/frameworks/esp-idf-v4.4.8/components/bt D:/Arduino/Projects/KaRadio32_4/components/bt_speaker C:/Esp/frameworks/esp-idf-v4.4.8/components/cbor C:/Esp/frameworks/esp-idf-v4.4.8/components/cmock C:/Esp/frameworks/esp-idf-v4.4.8/components/coap D:/Arduino/Projects/KaRadio32_4/components/common C:/Esp/frameworks/esp-idf-v4.4.8/components/console C:/Esp/frameworks/esp-idf-v4.4.8/components/cxx C:/Esp/frameworks/esp-idf-v4.4.8/components/driver C:/Esp/frameworks/esp-idf-v4.4.8/components/efuse C:/Esp/frameworks/esp-idf-v4.4.8/components/esp-tls C:/Esp/frameworks/esp-idf-v4.4.8/components/esp32 C:/Esp/frameworks/esp-idf-v4.4.8/components/esp_adc_cal C:/Esp/frameworks/esp-idf-v4.4.8/components/esp_common C:/Esp/frameworks/esp-idf-v4.4.8/components/esp_eth C:/Esp/frameworks/esp-idf-v4.4.8/components/esp_event C:/Esp/frameworks/esp-idf-v4.4.8/components/esp_gdbstub C:/Esp/frameworks/esp-idf-v4.4.8/components/esp_hid C:/Esp/frameworks/esp-idf-v4.4.8/components/esp_http_client C:/Esp/frameworks/esp-idf-v4.4.8/components/esp_http_server C:/Esp/frameworks/esp-idf-v4.4.8/components/esp_https_ota C:/Esp/frameworks/esp-idf-v4.4.8/components/esp_https_server C:/Esp/frameworks/esp-idf-v4.4.8/components/esp_hw_support D:/Arduino/Projects/KaRadio32_4/components/esp_idf_lib_helpers C:/Esp/frameworks/esp-idf-v4.4.8/components/esp_ipc C:/Esp/frameworks/esp-idf-v4.4.8/components/esp_lcd C:/Esp/frameworks/esp-idf-v4.4.8/components/esp_local_ctrl C:/Esp/frameworks/esp-idf-v4.4.8/components/esp_netif C:/Esp/frameworks/esp-idf-v4.4.8/components/esp_phy C:/Esp/frameworks/esp-idf-v4.4.8/components/esp_pm C:/Esp/frameworks/esp-idf-v4.4.8/components/esp_ringbuf C:/Esp/frameworks/esp-idf-v4.4.8/components/esp_rom C:/Esp/frameworks/esp-idf-v4.4.8/components/esp_serial_slave_link C:/Esp/frameworks/esp-idf-v4.4.8/components/esp_system C:/Esp/frameworks/esp-idf-v4.4.8/components/esp_timer C:/Esp/frameworks/esp-idf-v4.4.8/components/esp_websocket_client C:/Esp/frameworks/esp-idf-v4.4.8/components/esp_wifi C:/Esp/frameworks/esp-idf-v4.4.8/components/espcoredump C:/Esp/frameworks/esp-idf-v4.4.8/components/esptool_py C:/Esp/frameworks/esp-idf-v4.4.8/components/expat C:/Esp/frameworks/esp-idf-v4.4.8/components/fatfs D:/Arduino/Projects/KaRadio32_4/components/fdk-aac-oreo-m8 D:/Arduino/Projects/KaRadio32_4/components/fdk-aac_decoder D:/Arduino/Projects/KaRadio32_4/components/fifo C:/Esp/frameworks/esp-idf-v4.4.8/components/freemodbus C:/Esp/frameworks/esp-idf-v4.4.8/components/freertos C:/Esp/frameworks/esp-idf-v4.4.8/components/hal C:/Esp/frameworks/esp-idf-v4.4.8/components/heap C:/Esp/frameworks/esp-idf-v4.4.8/components/idf_test C:/Esp/frameworks/esp-idf-v4.4.8/components/ieee802154 C:/Esp/frameworks/esp-idf-v4.4.8/components/jsmn C:/Esp/frameworks/esp-idf-v4.4.8/components/json D:/Arduino/Projects/KaRadio32_4/components/led_strip C:/Esp/frameworks/esp-idf-v4.4.8/components/libsodium C:/Esp/frameworks/esp-idf-v4.4.8/components/log C:/Esp/frameworks/esp-idf-v4.4.8/components/lwip D:/Arduino/Projects/KaRadio32_4/components/mad D:/Arduino/Projects/KaRadio32_4/main C:/Esp/frameworks/esp-idf-v4.4.8/components/mbedtls C:/Esp/frameworks/esp-idf-v4.4.8/components/mdns D:/Arduino/Projects/KaRadio32_4/components/mp3_decoder C:/Esp/frameworks/esp-idf-v4.4.8/components/mqtt C:/Esp/frameworks/esp-idf-v4.4.8/components/newlib C:/Esp/frameworks/esp-idf-v4.4.8/components/nghttp C:/Esp/frameworks/esp-idf-v4.4.8/components/nvs_flash C:/Esp/frameworks/esp-idf-v4.4.8/components/openssl C:/Esp/frameworks/esp-idf-v4.4.8/components/openthread C:/Esp/frameworks/esp-idf-v4.4.8/components/partition_table C:/Esp/frameworks/esp-idf-v4.4.8/components/perfmon C:/Esp/frameworks/esp-idf-v4.4.8/components/protobuf-c C:/Esp/frameworks/esp-idf-v4.4.8/components/protocomm C:/Esp/frameworks/esp-idf-v4.4.8/components/pthread C:/Esp/frameworks/esp-idf-v4.4.8/components/sdmmc C:/Esp/frameworks/esp-idf-v4.4.8/components/soc C:/Esp/frameworks/esp-idf-v4.4.8/components/spi_flash C:/Esp/frameworks/esp-idf-v4.4.8/components/spiffs C:/Esp/frameworks/esp-idf-v4.4.8/components/tcp_transport C:/Esp/frameworks/esp-idf-v4.4.8/components/tcpip_adapter C:/Esp/frameworks/esp-idf-v4.4.8/components/tinyusb D:/Arduino/Projects/KaRadio32_4/components/u8g2 D:/Arduino/Projects/KaRadio32_4/components/ucglib C:/Esp/frameworks/esp-idf-v4.4.8/components/ulp C:/Esp/frameworks/esp-idf-v4.4.8/components/unity C:/Esp/frameworks/esp-idf-v4.4.8/components/usb C:/Esp/frameworks/esp-idf-v4.4.8/components/vfs C:/Esp/frameworks/esp-idf-v4.4.8/components/wear_levelling C:/Esp/frameworks/esp-idf-v4.4.8/components/wifi_provisioning D:/Arduino/Projects/KaRadio32_4/components/wolfssl C:/Esp/frameworks/esp-idf-v4.4.8/components/wpa_supplicant D:/Arduino/Projects/KaRadio32_4/components/xpt2046 C:/Esp/frameworks/esp-idf-v4.4.8/components/xtensa
-- Configuring incomplete, errors occurred!
See also "D:/Arduino/Projects/KaRadio32_4/build/CMakeFiles/CMakeOutput.log".
FAILED: build.ninja 
C:\Esp\tools\cmake\3.23.1\bin\cmake.exe --regenerate-during-build -SD:\Arduino\Projects\KaRadio32_4 -BD:\Arduino\Projects\KaRadio32_4\build
ninja: error: rebuilding 'build.ninja': subcommand failed
ninja failed with exit code 1
Executing action: clean
Running ninja in directory D:\Arduino\Projects\KaRadio32_4\build
Executing "ninja clean"...
