STARTFONT 2.1
FONT -FontForge-Gentium Plus-Book-R-Normal--24-240-75-75-P-113-ISO10646-1
SIZE 24 75 75
FONTBOUNDINGBOX 52 41 -16 -11
COMMENT "Generated by fontforge, http://fontforge.sourceforge.net"
COMMENT "Copyright (c) 2003-2012, SIL International (http://scripts.sil.org/)"
STARTPROPERTIES 39
FOUNDRY "FontForge"
FAMILY_NAME "Gentium Plus"
WEIGHT_NAME "Book"
SLANT "R"
SETWIDTH_NAME "Normal"
ADD_STYLE_NAME ""
PIXEL_SIZE 24
POINT_SIZE 240
RESOLUTION_X 75
RESOLUTION_Y 75
SPACING "P"
AVERAGE_WIDTH 113
CHARSET_REGISTRY "ISO10646"
CHARSET_ENCODING "1"
FONTNAME_REGISTRY ""
CHARSET_COLLECTIONS "ISO8859-2 ISO8859-5 ISO8859-7 ISO8859-9 ISO8859-4 ISO10646-1"
FONT_NAME "GentiumPlus"
FACE_NAME "Gentium Plus"
COPYRIGHT "Copyright (c) 2003-2012, SIL International (http://scripts.sil.org/)"
FONT_VERSION "1.510"
FONT_ASCENT 19
FONT_DESCENT 5
UNDERLINE_POSITION -4
UNDERLINE_THICKNESS 2
X_HEIGHT 10
CAP_HEIGHT 14
RAW_ASCENT 799
RAW_DESCENT 200
NORM_SPACE 5
RELATIVE_WEIGHT 40
RELATIVE_SETWIDTH 50
SUPERSCRIPT_X 0
SUPERSCRIPT_Y 14
SUPERSCRIPT_SIZE 10
SUBSCRIPT_X 0
SUBSCRIPT_Y 14
SUBSCRIPT_SIZE 10
AVG_LOWERCASE_WIDTH 116
AVG_UPPERCASE_WIDTH 147
ENDPROPERTIES
CHARS 5775
STARTCHAR space
ENCODING 32
SWIDTH 220 0
DWIDTH 5 0
BBX 1 1 0 0
BITMAP
00
ENDCHAR
STARTCHAR exclam
ENCODING 33
SWIDTH 271 0
DWIDTH 7 0
BBX 3 17 2 0
BITMAP
40
C0
C0
C0
C0
C0
C0
C0
C0
C0
40
40
40
00
60
E0
E0
ENDCHAR
STARTCHAR quotedbl
ENCODING 34
SWIDTH 424 0
DWIDTH 10 0
BBX 6 7 2 10
BITMAP
CC
CC
CC
CC
CC
C4
C4
ENDCHAR
STARTCHAR numbersign
ENCODING 35
SWIDTH 469 0
DWIDTH 11 0
BBX 11 14 1 1
BITMAP
0480
0C80
0880
0980
7FE0
7FC0
1100
1200
FF80
FF80
2600
2400
6400
4C00
ENDCHAR
STARTCHAR dollar
ENCODING 36
SWIDTH 469 0
DWIDTH 11 0
BBX 9 18 1 -2
BITMAP
0C00
0C00
3F80
6D80
CC80
CC00
EC00
7C00
3F00
0F00
0D80
0D80
8D80
CD80
EF00
7E00
0C00
0C00
ENDCHAR
STARTCHAR percent
ENCODING 37
SWIDTH 689 0
DWIDTH 17 0
BBX 15 15 1 0
BITMAP
0008
3810
6C30
C660
C640
C6C0
6580
3B38
026C
06C6
0CC6
08C6
18C6
3064
6038
ENDCHAR
STARTCHAR ampersand
ENCODING 38
SWIDTH 666 0
DWIDTH 16 0
BBX 15 17 1 0
BITMAP
0F00
1B80
3180
3180
3180
3300
3E00
1C00
24FE
6470
C230
C130
C1B0
E0A0
F0E0
7FB8
3E1C
ENDCHAR
STARTCHAR quotesingle
ENCODING 39
SWIDTH 250 0
DWIDTH 6 0
BBX 2 7 2 10
BITMAP
C0
C0
C0
C0
C0
C0
C0
ENDCHAR
STARTCHAR parenleft
ENCODING 40
SWIDTH 316 0
DWIDTH 8 0
BBX 6 23 1 -4
BITMAP
04
18
10
30
60
60
60
C0
C0
C0
C0
C0
C0
C0
C0
C0
60
60
60
30
30
18
0C
ENDCHAR
STARTCHAR parenright
ENCODING 41
SWIDTH 316 0
DWIDTH 8 0
BBX 6 23 0 -4
BITMAP
C0
60
30
30
18
18
18
0C
0C
0C
0C
0C
0C
0C
0C
0C
18
18
18
30
20
60
80
ENDCHAR
STARTCHAR asterisk
ENCODING 42
SWIDTH 446 0
DWIDTH 11 0
BBX 9 10 1 8
BITMAP
0800
0800
8900
EB80
3C00
1C00
EB80
C980
0800
0800
ENDCHAR
STARTCHAR plus
ENCODING 43
SWIDTH 410 0
DWIDTH 10 0
BBX 10 9 0 2
BITMAP
0C00
0C00
0C00
0C00
7FC0
8C00
0C00
0C00
0C00
ENDCHAR
STARTCHAR comma
ENCODING 44
SWIDTH 229 0
DWIDTH 6 0
BBX 4 6 1 -4
BITMAP
70
F0
30
20
20
40
ENDCHAR
STARTCHAR hyphen
ENCODING 45
SWIDTH 336 0
DWIDTH 8 0
BBX 6 2 1 5
BITMAP
FC
FC
ENDCHAR
STARTCHAR period
ENCODING 46
SWIDTH 229 0
DWIDTH 6 0
BBX 3 3 1 0
BITMAP
60
E0
E0
ENDCHAR
STARTCHAR slash
ENCODING 47
SWIDTH 469 0
DWIDTH 11 0
BBX 10 23 1 -4
BITMAP
00C0
0180
0180
0100
0300
0300
0200
0600
0600
0C00
0C00
0C00
1800
1800
1000
3000
3000
6000
6000
6000
C000
C000
8000
ENDCHAR
STARTCHAR zero
ENCODING 48
SWIDTH 469 0
DWIDTH 11 0
BBX 9 15 1 0
BITMAP
1C00
3E00
6700
4300
C180
C180
C180
C180
C180
C180
C180
6300
7300
3E00
1C00
ENDCHAR
STARTCHAR one
ENCODING 49
SWIDTH 469 0
DWIDTH 11 0
BBX 9 15 1 0
BITMAP
0C00
3C00
CC00
0C00
0C00
0C00
0C00
0C00
0C00
0C00
0C00
0C00
0C00
0C00
7F80
ENDCHAR
STARTCHAR two
ENCODING 50
SWIDTH 469 0
DWIDTH 12 0
BBX 9 14 1 0
BITMAP
1F00
2380
6180
4180
0180
0300
0200
0600
0C00
0800
1080
2080
7F80
FF80
ENDCHAR
STARTCHAR three
ENCODING 51
SWIDTH 469 0
DWIDTH 11 0
BBX 9 14 0 0
BITMAP
1F00
3380
6180
0180
0100
0200
0F00
0180
0180
0180
0180
0180
C300
7C00
ENDCHAR
STARTCHAR four
ENCODING 52
SWIDTH 469 0
DWIDTH 12 0
BBX 10 15 1 0
BITMAP
0300
0700
0700
0B00
1B00
1300
3300
2300
6300
C300
FFC0
0300
0300
0300
0FC0
ENDCHAR
STARTCHAR five
ENCODING 53
SWIDTH 469 0
DWIDTH 11 0
BBX 9 14 1 0
BITMAP
3F80
7F00
6000
4000
4000
7E00
4300
0180
0180
0180
0180
0100
C300
3C00
ENDCHAR
STARTCHAR six
ENCODING 54
SWIDTH 469 0
DWIDTH 11 0
BBX 9 15 1 0
BITMAP
0300
0C00
1800
3000
6000
4000
DE00
E300
C180
C180
C180
C180
6100
6300
1E00
ENDCHAR
STARTCHAR seven
ENCODING 55
SWIDTH 469 0
DWIDTH 11 0
BBX 9 14 1 0
BITMAP
7F80
FF80
8100
8100
0300
0200
0200
0400
0400
0800
1800
1800
3000
2000
ENDCHAR
STARTCHAR eight
ENCODING 56
SWIDTH 469 0
DWIDTH 12 0
BBX 10 14 1 0
BITMAP
3E00
6380
E180
C180
E100
7A00
1F00
2380
61C0
C0C0
C0C0
C0C0
6180
3E00
ENDCHAR
STARTCHAR nine
ENCODING 57
SWIDTH 469 0
DWIDTH 11 0
BBX 9 15 1 -1
BITMAP
1E00
6300
4300
C180
C180
C180
C180
6380
3D80
0100
0300
0600
0E00
1800
6000
ENDCHAR
STARTCHAR colon
ENCODING 58
SWIDTH 229 0
DWIDTH 6 0
BBX 3 12 1 0
BITMAP
60
E0
E0
00
00
00
00
00
00
60
E0
E0
ENDCHAR
STARTCHAR semicolon
ENCODING 59
SWIDTH 229 0
DWIDTH 6 0
BBX 4 16 1 -4
BITMAP
60
E0
E0
00
00
00
00
00
00
00
70
F0
30
20
20
40
ENDCHAR
STARTCHAR less
ENCODING 60
SWIDTH 438 0
DWIDTH 11 0
BBX 9 8 1 3
BITMAP
0180
0780
3C00
F000
E000
3C00
0F00
0180
ENDCHAR
STARTCHAR equal
ENCODING 61
SWIDTH 438 0
DWIDTH 11 0
BBX 9 5 1 4
BITMAP
FF80
0000
0000
0000
FF80
ENDCHAR
STARTCHAR greater
ENCODING 62
SWIDTH 438 0
DWIDTH 11 0
BBX 9 8 1 3
BITMAP
C000
F800
1E00
0780
0780
1C00
F000
8000
ENDCHAR
STARTCHAR question
ENCODING 63
SWIDTH 433 0
DWIDTH 10 0
BBX 8 17 1 0
BITMAP
3E
67
C3
C3
03
03
06
06
0C
1C
18
18
18
00
18
38
38
ENDCHAR
STARTCHAR at
ENCODING 64
SWIDTH 807 0
DWIDTH 20 0
BBX 18 21 1 -5
BITMAP
01F800
07FE00
0E0F00
180380
300180
61E9C0
6238C0
C418C0
CC18C0
CC18C0
CC18C0
CC18C0
CE1980
E63980
67DF00
738C00
700000
380100
1E0600
0FFC00
03F000
ENDCHAR
STARTCHAR A
ENCODING 65
SWIDTH 595 0
DWIDTH 14 0
BBX 14 15 0 0
BITMAP
0100
0300
0300
0780
0580
04C0
0CC0
08C0
0860
1FE0
1060
1030
3030
2030
F87C
ENDCHAR
STARTCHAR B
ENCODING 66
SWIDTH 549 0
DWIDTH 13 0
BBX 12 15 0 0
BITMAP
7F80
B0C0
3060
3060
3060
3080
3FC0
30E0
3070
3030
3030
3030
3030
3060
FF80
ENDCHAR
STARTCHAR C
ENCODING 67
SWIDTH 536 0
DWIDTH 13 0
BBX 11 15 1 0
BITMAP
07C0
1860
2000
6000
4000
C000
C000
C000
C000
C000
E000
7020
7840
3F80
0F00
ENDCHAR
STARTCHAR D
ENCODING 68
SWIDTH 592 0
DWIDTH 14 0
BBX 13 15 0 0
BITMAP
7F80
B0E0
3070
3030
3018
3018
3018
3018
3018
3018
3010
3030
3060
30C0
FF80
ENDCHAR
STARTCHAR E
ENCODING 69
SWIDTH 496 0
DWIDTH 12 0
BBX 11 15 0 0
BITMAP
FFC0
3040
3040
3000
3000
3000
3F80
3100
3000
3000
3000
3000
3020
3020
FFE0
ENDCHAR
STARTCHAR F
ENCODING 70
SWIDTH 478 0
DWIDTH 11 0
BBX 10 15 0 0
BITMAP
FFC0
3040
3040
3000
3000
3000
3F80
3100
3000
3000
3000
3000
3000
3000
FC00
ENDCHAR
STARTCHAR G
ENCODING 71
SWIDTH 583 0
DWIDTH 14 0
BBX 12 15 1 0
BITMAP
07C0
1860
2000
6000
4000
C000
C000
C1F0
C060
C060
E060
6060
7860
3FC0
0F00
ENDCHAR
STARTCHAR H
ENCODING 72
SWIDTH 653 0
DWIDTH 16 0
BBX 15 15 0 0
BITMAP
FC7E
3018
3018
3018
3018
3018
3018
3FF8
3018
3018
3018
3018
3018
3018
FC7E
ENDCHAR
STARTCHAR I
ENCODING 73
SWIDTH 297 0
DWIDTH 7 0
BBX 6 15 0 0
BITMAP
FC
30
30
30
30
30
30
30
30
30
30
30
30
30
FC
ENDCHAR
STARTCHAR J
ENCODING 74
SWIDTH 305 0
DWIDTH 7 0
BBX 9 20 -2 -5
BITMAP
1F80
0600
0600
0600
0600
0600
0600
0600
0600
0600
0600
0600
0600
0600
0600
0600
0400
8C00
F800
F000
ENDCHAR
STARTCHAR K
ENCODING 75
SWIDTH 578 0
DWIDTH 14 0
BBX 14 15 0 0
BITMAP
FCF8
3060
30C0
3180
3300
3600
3400
3C00
3600
3300
3180
31C0
30E0
3070
FC3C
ENDCHAR
STARTCHAR L
ENCODING 76
SWIDTH 476 0
DWIDTH 11 0
BBX 11 15 0 0
BITMAP
FC00
3000
3000
3000
3000
3000
3000
3000
3000
3000
3000
3000
3020
3020
FFE0
ENDCHAR
STARTCHAR M
ENCODING 77
SWIDTH 806 0
DWIDTH 19 0
BBX 17 15 1 0
BITMAP
F00780
700700
780F00
780B00
680B00
6C1B00
6C1300
663300
662300
632300
636300
614300
61C300
618300
F08F80
ENDCHAR
STARTCHAR N
ENCODING 78
SWIDTH 648 0
DWIDTH 16 0
BBX 16 15 0 0
BITMAP
F03F
300C
380C
3C0C
360C
320C
330C
318C
30CC
306C
306C
303C
301C
301C
FC0C
ENDCHAR
STARTCHAR O
ENCODING 79
SWIDTH 600 0
DWIDTH 14 0
BBX 12 15 1 0
BITMAP
0F00
1FC0
30E0
6060
4070
C030
C030
C030
C030
C030
E060
6060
70C0
3F80
1F00
ENDCHAR
STARTCHAR P
ENCODING 80
SWIDTH 522 0
DWIDTH 13 0
BBX 12 15 0 0
BITMAP
7F80
B0E0
3070
3030
3030
3030
3060
30E0
3F80
3000
3000
3000
3000
3000
FC00
ENDCHAR
STARTCHAR Q
ENCODING 81
SWIDTH 600 0
DWIDTH 14 0
BBX 14 19 1 -4
BITMAP
0F00
1FC0
30E0
6060
4070
C030
C030
C030
C030
C030
E060
6060
70C0
3F80
0F00
0180
00E4
0078
0038
ENDCHAR
STARTCHAR R
ENCODING 82
SWIDTH 561 0
DWIDTH 13 0
BBX 13 15 0 0
BITMAP
7F00
B180
30C0
30C0
30C0
30C0
3180
3E00
3200
3300
3180
3180
30C0
30E0
FC78
ENDCHAR
STARTCHAR S
ENCODING 83
SWIDTH 476 0
DWIDTH 11 0
BBX 9 15 1 0
BITMAP
3E00
6300
C000
C000
E000
7800
3C00
0F00
0380
0180
8180
8180
C300
FF00
3C00
ENDCHAR
STARTCHAR T
ENCODING 84
SWIDTH 550 0
DWIDTH 13 0
BBX 12 15 0 0
BITMAP
FFF0
8610
8610
0600
0600
0600
0600
0600
0600
0600
0600
0600
0600
0600
1F80
ENDCHAR
STARTCHAR U
ENCODING 85
SWIDTH 653 0
DWIDTH 16 0
BBX 16 15 0 0
BITMAP
FC3F
300C
300C
300C
300C
300C
300C
300C
300C
300C
300C
3818
1C38
0FF0
07E0
ENDCHAR
STARTCHAR V
ENCODING 86
SWIDTH 649 0
DWIDTH 16 0
BBX 15 15 0 0
BITMAP
F83E
3008
3018
1818
1810
1830
0C20
0C20
0660
0640
0640
03C0
0380
0380
0100
ENDCHAR
STARTCHAR W
ENCODING 87
SWIDTH 850 0
DWIDTH 20 0
BBX 20 15 0 0
BITMAP
F821F0
306040
3060C0
3070C0
10F080
189080
189880
199980
190980
0D0D00
0F0D00
0E0700
0E0700
060700
040200
ENDCHAR
STARTCHAR X
ENCODING 88
SWIDTH 615 0
DWIDTH 15 0
BBX 14 15 0 0
BITMAP
FC7C
3030
1820
1C60
0CC0
0680
0380
0380
0780
06C0
0CE0
1860
1830
3038
FC7C
ENDCHAR
STARTCHAR Y
ENCODING 89
SWIDTH 594 0
DWIDTH 14 0
BBX 14 15 0 0
BITMAP
E07C
3030
3830
1860
0C40
0CC0
0680
0780
0300
0300
0300
0300
0300
0300
0FC0
ENDCHAR
STARTCHAR Z
ENCODING 90
SWIDTH 522 0
DWIDTH 13 0
BBX 11 15 1 0
BITMAP
7FC0
40E0
8180
0380
0300
0600
0600
0C00
1C00
1800
3000
3000
6020
E060
FFE0
ENDCHAR
STARTCHAR bracketleft
ENCODING 91
SWIDTH 307 0
DWIDTH 7 0
BBX 6 23 1 -4
BITMAP
FC
F8
C0
C0
C0
C0
C0
C0
C0
C0
C0
C0
C0
C0
C0
C0
C0
C0
C0
C0
C0
FC
F8
ENDCHAR
STARTCHAR backslash
ENCODING 92
SWIDTH 469 0
DWIDTH 11 0
BBX 10 23 1 -4
BITMAP
8000
C000
C000
4000
6000
2000
3000
3000
1000
1800
1800
0800
0C00
0400
0600
0600
0200
0300
0300
0100
0180
0080
00C0
ENDCHAR
STARTCHAR bracketright
ENCODING 93
SWIDTH 307 0
DWIDTH 8 0
BBX 6 23 0 -4
BITMAP
7C
FC
0C
0C
0C
0C
0C
0C
0C
0C
0C
0C
0C
0C
0C
0C
0C
0C
0C
0C
0C
7C
FC
ENDCHAR
STARTCHAR asciicircum
ENCODING 94
SWIDTH 492 0
DWIDTH 12 0
BBX 10 11 1 7
BITMAP
0400
0C00
1E00
1600
1600
3300
2300
6180
4180
4180
80C0
ENDCHAR
STARTCHAR underscore
ENCODING 95
SWIDTH 391 0
DWIDTH 9 0
BBX 10 2 0 -3
BITMAP
FFC0
FFC0
ENDCHAR
STARTCHAR grave
ENCODING 96
SWIDTH 318 0
DWIDTH 8 0
BBX 5 5 0 12
BITMAP
E0
60
30
10
08
ENDCHAR
STARTCHAR a
ENCODING 97
SWIDTH 458 0
DWIDTH 11 0
BBX 10 11 1 0
BITMAP
1E00
6300
C300
0300
0700
3B00
4300
C300
C700
FFC0
7300
ENDCHAR
STARTCHAR b
ENCODING 98
SWIDTH 507 0
DWIDTH 12 0
BBX 11 18 0 0
BITMAP
3000
F000
3000
3000
3000
3000
3000
3380
37C0
38E0
3060
3060
3060
3060
3060
38C0
3F80
0F00
ENDCHAR
STARTCHAR c
ENCODING 99
SWIDTH 437 0
DWIDTH 10 0
BBX 9 11 1 0
BITMAP
0F80
3180
6000
C000
C000
C000
C000
E080
7180
7F00
1E00
ENDCHAR
STARTCHAR d
ENCODING 100
SWIDTH 520 0
DWIDTH 12 0
BBX 11 18 1 0
BITMAP
0180
0780
0180
0180
0180
0180
0180
1F80
2380
4180
C180
C180
C180
C180
E180
6380
7DA0
39C0
ENDCHAR
STARTCHAR e
ENCODING 101
SWIDTH 461 0
DWIDTH 11 0
BBX 9 11 1 0
BITMAP
1E00
2300
4180
C180
FF80
C000
C000
E080
7100
7F00
3C00
ENDCHAR
STARTCHAR f
ENCODING 102
SWIDTH 311 0
DWIDTH 7 0
BBX 9 18 0 0
BITMAP
0700
0F80
1980
3000
3000
3000
3000
FE00
3000
3000
3000
3000
3000
3000
3000
3000
3000
FC00
ENDCHAR
STARTCHAR g
ENCODING 103
SWIDTH 487 0
DWIDTH 12 0
BBX 12 17 0 -6
BITMAP
1F30
31E0
60C0
60C0
60C0
3180
1F00
1800
3000
3F00
1FE0
33F0
6030
C030
C020
6040
1F80
ENDCHAR
STARTCHAR h
ENCODING 104
SWIDTH 551 0
DWIDTH 13 0
BBX 13 18 0 0
BITMAP
3000
F000
3000
3000
3000
3000
3000
31C0
37E0
3C60
3860
3060
3060
3060
3060
3060
3060
FDF8
ENDCHAR
STARTCHAR i
ENCODING 105
SWIDTH 270 0
DWIDTH 7 0
BBX 6 16 0 0
BITMAP
30
30
30
00
00
30
F0
30
30
30
30
30
30
30
30
FC
ENDCHAR
STARTCHAR j
ENCODING 106
SWIDTH 258 0
DWIDTH 6 0
BBX 7 22 -3 -6
BITMAP
06
06
06
00
00
06
1E
06
06
06
06
06
06
06
06
06
06
06
04
4C
F8
F0
ENDCHAR
STARTCHAR k
ENCODING 107
SWIDTH 487 0
DWIDTH 12 0
BBX 12 18 0 0
BITMAP
3000
F000
3000
3000
3000
3000
3000
31F0
3080
3100
3600
3C00
3600
3600
3300
3180
30C0
F870
ENDCHAR
STARTCHAR l
ENCODING 108
SWIDTH 270 0
DWIDTH 7 0
BBX 6 18 0 0
BITMAP
30
F0
30
30
30
30
30
30
30
30
30
30
30
30
30
30
30
FC
ENDCHAR
STARTCHAR m
ENCODING 109
SWIDTH 803 0
DWIDTH 20 0
BBX 20 11 0 0
BITMAP
31C780
F7EFC0
3C78C0
3870C0
3060C0
3060C0
3060C0
3060C0
3060C0
3060C0
FDFBF0
ENDCHAR
STARTCHAR n
ENCODING 110
SWIDTH 551 0
DWIDTH 13 0
BBX 13 11 0 0
BITMAP
31C0
F3E0
3460
3860
3060
3060
3060
3060
3060
3060
FDF8
ENDCHAR
STARTCHAR o
ENCODING 111
SWIDTH 502 0
DWIDTH 12 0
BBX 10 11 1 0
BITMAP
1E00
2380
4180
C0C0
C0C0
C0C0
C0C0
C0C0
6180
7100
1E00
ENDCHAR
STARTCHAR p
ENCODING 112
SWIDTH 529 0
DWIDTH 13 0
BBX 12 17 0 -6
BITMAP
31C0
F7E0
3CF0
3870
3030
3030
3030
3020
3860
3FC0
3380
3000
3000
3000
3000
3000
FC00
ENDCHAR
STARTCHAR q
ENCODING 113
SWIDTH 515 0
DWIDTH 12 0
BBX 11 17 1 -6
BITMAP
1E80
2380
6180
C180
C180
C180
C180
E180
6380
7F80
3D80
0180
0180
0180
0180
0180
07E0
ENDCHAR
STARTCHAR r
ENCODING 114
SWIDTH 395 0
DWIDTH 10 0
BBX 9 11 0 0
BITMAP
3380
F780
3C80
3880
3000
3000
3000
3000
3000
3000
FC00
ENDCHAR
STARTCHAR s
ENCODING 115
SWIDTH 386 0
DWIDTH 9 0
BBX 7 11 1 0
BITMAP
7C
CC
C0
E0
78
3C
0E
06
86
84
F8
ENDCHAR
STARTCHAR t
ENCODING 116
SWIDTH 344 0
DWIDTH 8 0
BBX 8 15 0 0
BITMAP
10
30
30
30
FF
30
30
30
30
30
30
30
31
3E
1C
ENDCHAR
STARTCHAR u
ENCODING 117
SWIDTH 529 0
DWIDTH 13 0
BBX 13 11 0 0
BITMAP
30E0
F160
3060
3060
3060
3060
3060
3060
31E0
3F68
1E70
ENDCHAR
STARTCHAR v
ENCODING 118
SWIDTH 493 0
DWIDTH 12 0
BBX 12 11 0 0
BITMAP
F8F0
3040
3040
3080
1880
1980
0900
0D00
0F00
0600
0600
ENDCHAR
STARTCHAR w
ENCODING 119
SWIDTH 706 0
DWIDTH 17 0
BBX 17 11 0 0
BITMAP
F88780
20C200
30C200
314200
116600
1B6400
1A3400
1A3400
0E3800
0C1800
0C1800
ENDCHAR
STARTCHAR x
ENCODING 120
SWIDTH 502 0
DWIDTH 12 0
BBX 12 11 0 0
BITMAP
F9F0
30C0
1880
0D00
0E00
0600
0F00
1980
10C0
20E0
F9F0
ENDCHAR
STARTCHAR y
ENCODING 121
SWIDTH 493 0
DWIDTH 12 0
BBX 13 17 -1 -6
BITMAP
7C78
1820
1820
1860
0C40
0C40
0480
0680
0780
0300
0300
0300
0200
0600
0400
7800
F000
ENDCHAR
STARTCHAR z
ENCODING 122
SWIDTH 424 0
DWIDTH 10 0
BBX 9 11 1 0
BITMAP
7F80
8300
8600
0600
0C00
1800
1800
3000
6080
6080
FF80
ENDCHAR
STARTCHAR braceleft
ENCODING 123
SWIDTH 335 0
DWIDTH 8 0
BBX 7 23 1 -4
BITMAP
02
04
08
18
18
18
18
18
18
18
30
E0
38
18
18
18
18
18
18
18
18
0C
02
ENDCHAR
STARTCHAR bar
ENCODING 124
SWIDTH 244 0
DWIDTH 6 0
BBX 2 26 2 -6
BITMAP
C0
C0
C0
C0
C0
C0
C0
C0
C0
C0
C0
C0
C0
C0
C0
C0
C0
C0
C0
C0
C0
C0
C0
C0
C0
C0
ENDCHAR
STARTCHAR braceright
ENCODING 125
SWIDTH 335 0
DWIDTH 8 0
BBX 7 23 0 -4
BITMAP
80
60
30
30
30
30
30
30
30
30
38
1E
18
30
30
30
30
30
30
30
20
40
80
ENDCHAR
STARTCHAR asciitilde
ENCODING 126
SWIDTH 487 0
DWIDTH 12 0
BBX 10 4 1 6
BITMAP
3840
7C40
8F80
8700
ENDCHAR
STARTCHAR uni00A0
ENCODING 160
SWIDTH 220 0
DWIDTH 5 0
BBX 1 1 0 0
BITMAP
00
ENDCHAR
STARTCHAR exclamdown
ENCODING 161
SWIDTH 271 0
DWIDTH 7 0
BBX 3 18 2 -7
BITMAP
60
E0
C0
00
00
40
C0
C0
C0
C0
C0
C0
C0
C0
C0
C0
C0
C0
ENDCHAR
STARTCHAR cent
ENCODING 162
SWIDTH 469 0
DWIDTH 11 0
BBX 10 15 1 0
BITMAP
0C00
0C00
1F80
2D80
6C80
CC00
CC00
CC00
CC00
CC00
6CC0
7F80
3E00
0C00
0C00
ENDCHAR
STARTCHAR sterling
ENCODING 163
SWIDTH 469 0
DWIDTH 11 0
BBX 10 15 0 -1
BITMAP
0780
18C0
10C0
3080
3000
3000
3000
7E00
B000
3000
3000
3040
2040
7FC0
8380
ENDCHAR
STARTCHAR currency
ENCODING 164
SWIDTH 469 0
DWIDTH 11 0
BBX 7 8 2 3
BITMAP
82
7C
6C
6C
6C
6C
7C
82
ENDCHAR
STARTCHAR yen
ENCODING 165
SWIDTH 469 0
DWIDTH 11 0
BBX 12 14 0 0
BITMAP
E1F0
7060
30C0
1880
1D80
0F00
0700
0600
3FC0
0600
0600
0600
0600
1F80
ENDCHAR
STARTCHAR brokenbar
ENCODING 166
SWIDTH 244 0
DWIDTH 6 0
BBX 2 26 2 -6
BITMAP
C0
C0
C0
C0
C0
C0
C0
C0
C0
C0
C0
80
00
00
00
C0
C0
C0
C0
C0
C0
C0
C0
C0
C0
C0
ENDCHAR
STARTCHAR section
ENCODING 167
SWIDTH 469 0
DWIDTH 11 0
BBX 9 17 1 0
BITMAP
1E00
6300
6100
6000
7800
7C00
CF00
C780
C380
E180
7980
3F00
0F00
4300
4300
6300
3C00
ENDCHAR
STARTCHAR dieresis
ENCODING 168
SWIDTH 391 0
DWIDTH 9 0
BBX 7 3 1 13
BITMAP
C6
C6
C6
ENDCHAR
STARTCHAR copyright
ENCODING 169
SWIDTH 712 0
DWIDTH 18 0
BBX 16 15 1 0
BITMAP
07E0
1818
300C
63E6
6466
C803
D803
D803
D803
DC03
6E16
67E6
300C
1818
07E0
ENDCHAR
STARTCHAR ordfeminine
ENCODING 170
SWIDTH 255 0
DWIDTH 6 0
BBX 6 8 0 7
BITMAP
70
98
18
38
78
78
04
7C
ENDCHAR
STARTCHAR guillemotleft
ENCODING 171
SWIDTH 485 0
DWIDTH 12 0
BBX 9 11 1 0
BITMAP
0880
1100
3300
6200
C600
CC00
E600
6200
3300
1100
0880
ENDCHAR
STARTCHAR logicalnot
ENCODING 172
SWIDTH 469 0
DWIDTH 11 0
BBX 10 6 1 2
BITMAP
FFC0
FFC0
00C0
00C0
00C0
00C0
ENDCHAR
STARTCHAR uni00AD
ENCODING 173
SWIDTH 336 0
DWIDTH 8 0
BBX 6 2 1 5
BITMAP
FC
FC
ENDCHAR
STARTCHAR registered
ENCODING 174
SWIDTH 356 0
DWIDTH 9 0
BBX 8 8 0 9
BITMAP
3C
42
BD
95
99
99
56
3C
ENDCHAR
STARTCHAR macron
ENCODING 175
SWIDTH 493 0
DWIDTH 12 0
BBX 8 2 2 13
BITMAP
FF
FF
ENDCHAR
STARTCHAR degree
ENCODING 176
SWIDTH 357 0
DWIDTH 9 0
BBX 5 5 2 9
BITMAP
70
D8
D8
D8
70
ENDCHAR
STARTCHAR plusminus
ENCODING 177
SWIDTH 410 0
DWIDTH 10 0
BBX 10 10 0 2
BITMAP
0C00
0C00
0C00
0C00
7FC0
8C00
0C00
0C00
0000
7F80
ENDCHAR
STARTCHAR twosuperior
ENCODING 178
SWIDTH 328 0
DWIDTH 8 0
BBX 7 9 0 7
BITMAP
3C
46
46
06
0C
18
30
62
FE
ENDCHAR
STARTCHAR threesuperior
ENCODING 179
SWIDTH 328 0
DWIDTH 8 0
BBX 7 9 0 7
BITMAP
3C
66
06
0C
1E
06
06
8C
78
ENDCHAR
STARTCHAR acute
ENCODING 180
SWIDTH 318 0
DWIDTH 8 0
BBX 4 5 3 12
BITMAP
30
70
60
C0
80
ENDCHAR
STARTCHAR mu
ENCODING 181
SWIDTH 539 0
DWIDTH 13 0
BBX 14 17 -1 -6
BITMAP
3030
F070
3030
3030
3030
3030
3030
3030
38F0
3FF4
3738
3000
3000
3000
3000
3800
3000
ENDCHAR
STARTCHAR paragraph
ENCODING 182
SWIDTH 554 0
DWIDTH 14 0
BBX 12 18 1 -3
BITMAP
1FF0
63C0
C3C0
C3C0
C3C0
C3C0
E3C0
73C0
1FC0
03C0
03C0
03C0
03C0
03C0
03C0
03C0
03C0
0FF0
ENDCHAR
STARTCHAR periodcentered
ENCODING 183
SWIDTH 146 0
DWIDTH 4 0
BBX 2 3 1 7
BITMAP
C0
C0
C0
ENDCHAR
STARTCHAR cedilla
ENCODING 184
SWIDTH 229 0
DWIDTH 6 0
BBX 4 5 1 -5
BITMAP
60
60
70
30
C0
ENDCHAR
STARTCHAR onesuperior
ENCODING 185
SWIDTH 328 0
DWIDTH 8 0
BBX 6 9 1 7
BITMAP
30
F0
30
30
30
30
30
30
FC
ENDCHAR
STARTCHAR ordmasculine
ENCODING 186
SWIDTH 282 0
DWIDTH 7 0
BBX 5 8 1 7
BITMAP
70
58
D8
D8
D8
D0
70
F8
ENDCHAR
STARTCHAR guillemotright
ENCODING 187
SWIDTH 485 0
DWIDTH 12 0
BBX 9 11 2 0
BITMAP
8800
8400
4600
6200
3300
3180
3300
6200
4600
8400
8800
ENDCHAR
STARTCHAR onequarter
ENCODING 188
SWIDTH 585 0
DWIDTH 14 0
BBX 13 14 1 0
BITMAP
3018
F010
3020
3060
3040
30C0
7980
87E0
03E0
0760
0E60
1FF0
1860
30F0
ENDCHAR
STARTCHAR onehalf
ENCODING 189
SWIDTH 585 0
DWIDTH 14 0
BBX 13 14 0 0
BITMAP
3018
F010
3020
3060
3040
3080
7980
8578
0298
0618
0430
0860
18C8
31F8
ENDCHAR
STARTCHAR threequarters
ENCODING 190
SWIDTH 585 0
DWIDTH 15 0
BBX 13 14 1 0
BITMAP
7030
9860
3040
58C0
0C80
8D00
7300
0270
0470
0CB0
0930
11F8
3030
6078
ENDCHAR
STARTCHAR questiondown
ENCODING 191
SWIDTH 433 0
DWIDTH 10 0
BBX 8 18 1 -7
BITMAP
0C
1C
18
00
00
0C
0C
0C
18
18
30
60
C0
C0
C3
C3
E6
7C
ENDCHAR
STARTCHAR Agrave
ENCODING 192
SWIDTH 595 0
DWIDTH 14 0
BBX 14 21 0 0
BITMAP
0800
1C00
0E00
0300
0080
0000
0100
0300
0300
0780
0580
04C0
0CC0
08C0
0860
1FE0
1060
1030
3030
2030
F87C
ENDCHAR
STARTCHAR Aacute
ENCODING 193
SWIDTH 595 0
DWIDTH 14 0
BBX 14 21 0 0
BITMAP
0040
00E0
01C0
0300
0400
0000
0100
0300
0300
0780
0580
04C0
0CC0
08C0
0860
1FE0
1060
1030
3030
2030
F87C
ENDCHAR
STARTCHAR Acircumflex
ENCODING 194
SWIDTH 595 0
DWIDTH 14 0
BBX 14 20 0 0
BITMAP
0300
0780
0CC0
1820
0000
0100
0300
0300
0780
0580
04C0
0CC0
08C0
0860
1FE0
1060
1030
3030
2030
F87C
ENDCHAR
STARTCHAR Atilde
ENCODING 195
SWIDTH 595 0
DWIDTH 14 0
BBX 14 20 0 0
BITMAP
0020
0E20
1F40
0080
0000
0100
0300
0300
0780
0580
04C0
0CC0
08C0
0860
1FE0
1060
1030
3030
2030
F87C
ENDCHAR
STARTCHAR Adieresis
ENCODING 196
SWIDTH 595 0
DWIDTH 14 0
BBX 14 19 0 0
BITMAP
18C0
18C0
18C0
0000
0100
0300
0300
0780
0580
04C0
0CC0
08C0
0860
1FE0
1060
1030
3030
2030
F87C
ENDCHAR
STARTCHAR Aring
ENCODING 197
SWIDTH 595 0
DWIDTH 14 0
BBX 14 21 0 0
BITMAP
0300
0780
0780
0780
0300
0000
0100
0300
0300
0780
0580
04C0
0CC0
08C0
0860
1FE0
1060
1030
3030
2030
F87C
ENDCHAR
STARTCHAR AE
ENCODING 198
SWIDTH 778 0
DWIDTH 19 0
BBX 18 15 0 0
BITMAP
0FFF80
016080
036080
026000
066000
046000
07FF00
0C6200
086000
186000
186000
106000
306040
206040
F9FFC0
ENDCHAR
STARTCHAR Ccedilla
ENCODING 199
SWIDTH 536 0
DWIDTH 13 0
BBX 11 20 1 -5
BITMAP
07C0
1860
2000
6000
4000
C000
C000
C000
C000
C000
E000
6000
7060
3DC0
1F00
0400
0600
0300
0300
0C00
ENDCHAR
STARTCHAR Egrave
ENCODING 200
SWIDTH 496 0
DWIDTH 12 0
BBX 11 21 0 0
BITMAP
1000
3800
1C00
0600
0100
0000
FFC0
3040
3040
3000
3000
3000
3F80
3100
3000
3000
3000
3000
3020
3020
FFE0
ENDCHAR
STARTCHAR Eacute
ENCODING 201
SWIDTH 496 0
DWIDTH 12 0
BBX 11 21 0 0
BITMAP
0080
01C0
0300
0600
0800
0000
FFC0
3040
3040
3000
3000
3000
3F80
3100
3000
3000
3000
3000
3020
3020
FFE0
ENDCHAR
STARTCHAR Ecircumflex
ENCODING 202
SWIDTH 496 0
DWIDTH 12 0
BBX 11 20 0 0
BITMAP
0600
0F00
1980
20C0
0000
FFC0
3040
3040
3000
3000
3000
3F80
3100
3000
3000
3000
3000
3020
3020
FFE0
ENDCHAR
STARTCHAR Edieresis
ENCODING 203
SWIDTH 496 0
DWIDTH 12 0
BBX 11 19 0 0
BITMAP
3180
3180
3180
0000
FFC0
3040
3040
3000
3000
3000
3F80
3100
3000
3000
3000
3000
3020
3020
FFE0
ENDCHAR
STARTCHAR Igrave
ENCODING 204
SWIDTH 297 0
DWIDTH 7 0
BBX 7 21 -1 0
BITMAP
60
70
B8
0C
06
00
7E
18
18
18
18
18
18
18
18
18
18
18
18
18
7E
ENDCHAR
STARTCHAR Iacute
ENCODING 205
SWIDTH 297 0
DWIDTH 7 0
BBX 7 21 0 0
BITMAP
06
0E
1C
30
60
00
FC
30
30
30
30
30
30
30
30
30
30
30
30
30
FC
ENDCHAR
STARTCHAR Icircumflex
ENCODING 206
SWIDTH 297 0
DWIDTH 7 0
BBX 7 20 0 0
BITMAP
38
78
44
82
00
FC
30
30
30
30
30
30
30
30
30
30
30
30
30
FC
ENDCHAR
STARTCHAR Idieresis
ENCODING 207
SWIDTH 297 0
DWIDTH 7 0
BBX 8 19 -1 0
BITMAP
42
E7
42
00
7E
18
18
18
18
18
18
18
18
18
18
18
18
18
7E
ENDCHAR
STARTCHAR Eth
ENCODING 208
SWIDTH 592 0
DWIDTH 14 0
BBX 13 15 0 0
BITMAP
7F80
B0E0
3070
3030
3018
3018
3018
FE18
3018
3018
3010
3030
3060
30C0
FF80
ENDCHAR
STARTCHAR Ntilde
ENCODING 209
SWIDTH 648 0
DWIDTH 16 0
BBX 16 20 0 0
BITMAP
0020
0730
0FC0
0000
0000
F03F
300C
380C
3C0C
360C
320C
330C
318C
30CC
306C
306C
303C
301C
301C
FC0C
ENDCHAR
STARTCHAR Ograve
ENCODING 210
SWIDTH 600 0
DWIDTH 14 0
BBX 12 21 1 0
BITMAP
1000
3800
0C00
0600
0100
0000
0F00
1FC0
30E0
6060
4070
C030
C030
C030
C030
C030
E060
6060
70C0
3F80
1F00
ENDCHAR
STARTCHAR Oacute
ENCODING 211
SWIDTH 600 0
DWIDTH 14 0
BBX 12 21 1 0
BITMAP
0080
01C0
0380
0600
0C00
0000
0F00
1FC0
30E0
6060
4070
C030
C030
C030
C030
C030
E060
6060
70C0
3F80
1F00
ENDCHAR
STARTCHAR Ocircumflex
ENCODING 212
SWIDTH 600 0
DWIDTH 14 0
BBX 12 20 1 0
BITMAP
0600
0F00
1980
3040
0000
0F00
1FC0
30E0
6060
4070
C030
C030
C030
C030
C030
E060
6060
70C0
3F80
1F00
ENDCHAR
STARTCHAR Otilde
ENCODING 213
SWIDTH 600 0
DWIDTH 14 0
BBX 12 20 1 0
BITMAP
0040
0C40
3E80
0100
0000
0F00
1FC0
30E0
6060
4070
C030
C030
C030
C030
C030
E060
6060
70C0
3F80
1F00
ENDCHAR
STARTCHAR Odieresis
ENCODING 214
SWIDTH 600 0
DWIDTH 14 0
BBX 12 19 1 0
BITMAP
1080
3180
3180
0000
0F00
1FC0
30E0
6060
4070
C030
C030
C030
C030
C030
E060
6060
70C0
3F80
1F00
ENDCHAR
STARTCHAR multiply
ENCODING 215
SWIDTH 410 0
DWIDTH 10 0
BBX 8 7 1 3
BITMAP
C3
66
3C
18
3C
66
C3
ENDCHAR
STARTCHAR Oslash
ENCODING 216
SWIDTH 600 0
DWIDTH 14 0
BBX 12 16 1 -1
BITMAP
0F30
1FE0
30E0
6060
60F0
C130
C330
C230
C430
C830
D020
6060
70C0
7F80
CF00
8000
ENDCHAR
STARTCHAR Ugrave
ENCODING 217
SWIDTH 653 0
DWIDTH 16 0
BBX 16 21 0 0
BITMAP
0400
0E00
0700
0180
0040
0000
FC3F
300C
300C
300C
300C
300C
300C
300C
300C
300C
300C
3818
1C38
0FF0
07E0
ENDCHAR
STARTCHAR Uacute
ENCODING 218
SWIDTH 653 0
DWIDTH 16 0
BBX 16 21 0 0
BITMAP
0020
0070
00C0
0180
0200
0000
FC3F
300C
300C
300C
300C
300C
300C
300C
300C
300C
300C
3818
1C38
0FF0
07E0
ENDCHAR
STARTCHAR Ucircumflex
ENCODING 219
SWIDTH 653 0
DWIDTH 16 0
BBX 16 20 0 0
BITMAP
0180
03C0
0660
0830
0000
FC3F
300C
300C
300C
300C
300C
300C
300C
300C
300C
300C
3818
1C38
0FF0
07E0
ENDCHAR
STARTCHAR Udieresis
ENCODING 220
SWIDTH 653 0
DWIDTH 16 0
BBX 16 19 0 0
BITMAP
0C60
0C60
0C60
0000
FC3F
300C
300C
300C
300C
300C
300C
300C
300C
300C
300C
3818
1C38
0FF0
07E0
ENDCHAR
STARTCHAR Yacute
ENCODING 221
SWIDTH 594 0
DWIDTH 14 0
BBX 14 21 0 0
BITMAP
0040
00E0
01C0
0300
0400
0000
E07C
3030
3830
1860
0C40
0CC0
0680
0780
0300
0300
0300
0300
0300
0300
0FC0
ENDCHAR
STARTCHAR Thorn
ENCODING 222
SWIDTH 522 0
DWIDTH 13 0
BBX 12 15 0 0
BITMAP
FC00
3000
3F80
30E0
3060
3030
3030
3030
3030
3030
3060
38C0
3780
3000
FC00
ENDCHAR
STARTCHAR germandbls
ENCODING 223
SWIDTH 564 0
DWIDTH 14 0
BBX 13 18 0 0
BITMAP
0780
0FC0
18E0
3060
3060
3060
30C0
3300
3600
3600
3780
33E0
30F0
3038
3018
3418
3610
F3E0
ENDCHAR
STARTCHAR agrave
ENCODING 224
SWIDTH 458 0
DWIDTH 11 0
BBX 10 17 1 0
BITMAP
6000
3000
1800
0800
0400
0000
1E00
6300
C300
0300
0700
3B00
4300
C300
C700
FFC0
7300
ENDCHAR
STARTCHAR aacute
ENCODING 225
SWIDTH 458 0
DWIDTH 11 0
BBX 10 17 1 0
BITMAP
0300
0600
0400
0C00
0800
1000
1E00
6300
C300
0300
0700
3B00
4300
C300
C700
FFC0
7300
ENDCHAR
STARTCHAR acircumflex
ENCODING 226
SWIDTH 458 0
DWIDTH 11 0
BBX 10 17 1 0
BITMAP
0C00
1C00
3600
2300
4100
0000
1E00
6300
C300
0300
0700
3B00
4300
C300
C700
FFC0
7300
ENDCHAR
STARTCHAR atilde
ENCODING 227
SWIDTH 458 0
DWIDTH 11 0
BBX 10 16 1 0
BITMAP
3980
4F00
8600
0000
0000
1E00
6300
C300
0300
0700
3B00
4300
C300
C700
FFC0
7300
ENDCHAR
STARTCHAR adieresis
ENCODING 228
SWIDTH 458 0
DWIDTH 11 0
BBX 10 16 1 0
BITMAP
6300
6300
4200
0000
0000
1E00
6300
C300
0300
0700
3B00
4300
C300
C700
FFC0
7300
ENDCHAR
STARTCHAR aring
ENCODING 229
SWIDTH 458 0
DWIDTH 11 0
BBX 10 17 1 0
BITMAP
0C00
1E00
1E00
1C00
1C00
0000
1E00
6300
C300
0300
0700
3B00
4300
C300
C700
FFC0
7300
ENDCHAR
STARTCHAR ae
ENCODING 230
SWIDTH 691 0
DWIDTH 17 0
BBX 15 11 1 0
BITMAP
1E78
638C
C306
8306
0FFE
3300
4300
C304
C786
FDF8
70F0
ENDCHAR
STARTCHAR ccedilla
ENCODING 231
SWIDTH 437 0
DWIDTH 10 0
BBX 9 16 1 -5
BITMAP
0F80
3180
6000
4000
C000
C000
C000
C000
E100
7600
3C00
1000
0800
1C00
0C00
3000
ENDCHAR
STARTCHAR egrave
ENCODING 232
SWIDTH 461 0
DWIDTH 11 0
BBX 9 17 1 0
BITMAP
3000
3000
1800
0C00
0400
0000
1E00
2300
4180
C180
FF80
C000
C000
E080
7100
7F00
3C00
ENDCHAR
STARTCHAR eacute
ENCODING 233
SWIDTH 461 0
DWIDTH 11 0
BBX 9 17 1 0
BITMAP
0300
0380
0600
0C00
0800
0000
1E00
2300
4180
C180
FF80
C000
C000
E080
7100
7F00
3C00
ENDCHAR
STARTCHAR ecircumflex
ENCODING 234
SWIDTH 461 0
DWIDTH 11 0
BBX 9 17 1 0
BITMAP
0C00
1E00
1200
2100
4080
0000
1E00
2300
4180
C180
FF80
C000
C000
E080
7100
7F00
3C00
ENDCHAR
STARTCHAR edieresis
ENCODING 235
SWIDTH 461 0
DWIDTH 11 0
BBX 9 16 1 0
BITMAP
6300
6300
6300
0000
0000
1E00
2300
4180
C180
FF80
C000
C000
E080
7100
7F00
3C00
ENDCHAR
STARTCHAR igrave
ENCODING 236
SWIDTH 270 0
DWIDTH 7 0
BBX 6 17 0 0
BITMAP
C0
60
20
10
08
00
30
F0
30
30
30
30
30
30
30
30
FC
ENDCHAR
STARTCHAR iacute
ENCODING 237
SWIDTH 270 0
DWIDTH 7 0
BBX 7 17 0 0
BITMAP
06
0C
18
10
20
00
30
F0
30
30
30
30
30
30
30
30
FC
ENDCHAR
STARTCHAR icircumflex
ENCODING 238
SWIDTH 270 0
DWIDTH 7 0
BBX 7 17 0 0
BITMAP
30
38
6C
C4
82
00
30
F0
30
30
30
30
30
30
30
30
FC
ENDCHAR
STARTCHAR idieresis
ENCODING 239
SWIDTH 270 0
DWIDTH 7 0
BBX 7 16 -1 0
BITMAP
42
C6
C6
00
00
18
78
18
18
18
18
18
18
18
18
7E
ENDCHAR
STARTCHAR eth
ENCODING 240
SWIDTH 498 0
DWIDTH 12 0
BBX 10 17 1 0
BITMAP
3800
5DC0
0E00
3B00
0100
0180
1E80
23C0
61C0
C0C0
C0C0
C0C0
C0C0
C080
6180
7300
1E00
ENDCHAR
STARTCHAR ntilde
ENCODING 241
SWIDTH 551 0
DWIDTH 13 0
BBX 13 16 0 0
BITMAP
0E20
13C0
1180
0000
0000
31C0
F3E0
3460
3860
3060
3060
3060
3060
3060
3060
FDF8
ENDCHAR
STARTCHAR ograve
ENCODING 242
SWIDTH 502 0
DWIDTH 12 0
BBX 10 17 1 0
BITMAP
3000
1800
0800
0C00
0600
0000
1E00
2380
4180
C0C0
C0C0
C0C0
C0C0
C0C0
6180
7100
1E00
ENDCHAR
STARTCHAR oacute
ENCODING 243
SWIDTH 502 0
DWIDTH 12 0
BBX 10 17 1 0
BITMAP
0180
0300
0600
0400
0800
0000
1E00
2380
4180
C0C0
C0C0
C0C0
C0C0
C0C0
6180
7100
1E00
ENDCHAR
STARTCHAR ocircumflex
ENCODING 244
SWIDTH 502 0
DWIDTH 12 0
BBX 10 17 1 0
BITMAP
0C00
0E00
1B00
3100
2080
0000
1E00
2380
4180
C0C0
C0C0
C0C0
C0C0
C0C0
6180
7100
1E00
ENDCHAR
STARTCHAR otilde
ENCODING 245
SWIDTH 502 0
DWIDTH 12 0
BBX 10 16 1 0
BITMAP
1C80
2F80
4700
0000
0000
1E00
2380
4180
C0C0
C0C0
C0C0
C0C0
C0C0
6180
7100
1E00
ENDCHAR
STARTCHAR odieresis
ENCODING 246
SWIDTH 502 0
DWIDTH 12 0
BBX 10 16 1 0
BITMAP
2100
6300
6300
0000
0000
1E00
2380
4180
C0C0
C0C0
C0C0
C0C0
C0C0
6180
7100
1E00
ENDCHAR
STARTCHAR divide
ENCODING 247
SWIDTH 410 0
DWIDTH 10 0
BBX 8 7 1 3
BITMAP
18
18
00
FF
00
18
18
ENDCHAR
STARTCHAR oslash
ENCODING 248
SWIDTH 502 0
DWIDTH 12 0
BBX 10 13 1 -1
BITMAP
0040
1EC0
2380
4180
C2C0
C4C0
CCC0
C8C0
D0C0
7080
7100
DE00
8000
ENDCHAR
STARTCHAR ugrave
ENCODING 249
SWIDTH 529 0
DWIDTH 13 0
BBX 13 17 0 0
BITMAP
1800
0C00
0400
0200
0100
0000
30E0
F160
3060
3060
3060
3060
3060
3060
31E0
3F68
1E70
ENDCHAR
STARTCHAR uacute
ENCODING 250
SWIDTH 529 0
DWIDTH 13 0
BBX 13 17 0 0
BITMAP
00C0
0180
0300
0200
0400
0000
30E0
F160
3060
3060
3060
3060
3060
3060
31E0
3F68
1E70
ENDCHAR
STARTCHAR ucircumflex
ENCODING 251
SWIDTH 529 0
DWIDTH 13 0
BBX 13 17 0 0
BITMAP
0600
0700
0D80
1880
1040
0000
30E0
F160
3060
3060
3060
3060
3060
3060
31E0
3F68
1E70
ENDCHAR
STARTCHAR udieresis
ENCODING 252
SWIDTH 529 0
DWIDTH 13 0
BBX 13 16 0 0
BITMAP
1080
3180
1080
0000
0000
30E0
F160
3060
3060
3060
3060
3060
3060
31E0
3F68
1E70
ENDCHAR
STARTCHAR yacute
ENCODING 253
SWIDTH 493 0
DWIDTH 12 0
BBX 13 23 -1 -6
BITMAP
00E0
00C0
0180
0100
0200
0000
7C78
1820
1820
1860
0C40
0C40
0480
0680
0780
0300
0300
0300
0200
0600
0400
7800
F000
ENDCHAR
STARTCHAR thorn
ENCODING 254
SWIDTH 529 0
DWIDTH 13 0
BBX 12 24 0 -6
BITMAP
3000
F000
3000
3000
3000
3000
3000
33C0
37E0
3C70
3870
3030
3030
3030
3020
3860
3FC0
3780
3000
3000
3000
3000
3000
FC00
ENDCHAR
STARTCHAR ydieresis
ENCODING 255
SWIDTH 493 0
DWIDTH 12 0
BBX 13 22 -1 -6
BITMAP
0840
18C0
18C0
0000
0000
7C78
1820
1820
1860
0C40
0C40
0480
0680
0780
0300
0300
0300
0200
0600
0400
7800
F000
ENDCHAR
STARTCHAR Amacron
ENCODING 256
SWIDTH 595 0
DWIDTH 14 0
BBX 14 19 0 0
BITMAP
1FE0
1FE0
0000
0000
0100
0300
0300
0780
0580
04C0
0CC0
08C0
0860
1FE0
1060
1030
3030
2030
F87C
ENDCHAR
STARTCHAR amacron
ENCODING 257
SWIDTH 458 0
DWIDTH 11 0
BBX 10 15 1 0
BITMAP
7F80
7F00
0000
0000
1E00
6300
C300
0300
0700
3B00
4300
C300
C700
FFC0
7300
ENDCHAR
STARTCHAR Abreve
ENCODING 258
SWIDTH 595 0
DWIDTH 14 0
BBX 14 20 0 0
BITMAP
1020
0840
0FC0
0780
0000
0100
0300
0300
0780
0580
04C0
0CC0
08C0
0860
1FE0
1060
1030
3030
2030
F87C
ENDCHAR
STARTCHAR abreve
ENCODING 259
SWIDTH 458 0
DWIDTH 11 0
BBX 10 16 1 0
BITMAP
4100
6300
3E00
1C00
0000
1E00
6300
C300
0300
0700
3B00
4300
C300
C700
FFC0
7300
ENDCHAR
STARTCHAR Aogonek
ENCODING 260
SWIDTH 595 0
DWIDTH 14 0
BBX 14 20 0 -5
BITMAP
0200
0300
0700
0580
0580
0D80
08C0
08C0
18C0
1FE0
1060
3030
2030
6010
F07C
0030
0060
00C0
00C8
0070
ENDCHAR
STARTCHAR aogonek
ENCODING 261
SWIDTH 458 0
DWIDTH 11 0
BBX 10 16 1 -5
BITMAP
1E00
6300
C300
0300
0700
3B00
4300
C300
C700
FFC0
7300
0200
0400
0C00
0C80
0F00
ENDCHAR
STARTCHAR Cacute
ENCODING 262
SWIDTH 536 0
DWIDTH 13 0
BBX 11 21 1 0
BITMAP
0080
01C0
0380
0600
0800
0000
07C0
1860
2000
6000
4000
C000
C000
C000
C000
C000
E000
7020
7840
3F80
0F00
ENDCHAR
STARTCHAR cacute
ENCODING 263
SWIDTH 437 0
DWIDTH 10 0
BBX 9 17 1 0
BITMAP
0300
0700
0600
0C00
0800
0000
0F80
3180
6000
C000
C000
C000
C000
E080
7180
7F00
1E00
ENDCHAR
STARTCHAR Ccircumflex
ENCODING 264
SWIDTH 536 0
DWIDTH 13 0
BBX 11 20 1 0
BITMAP
0600
0F00
1980
3040
0000
07C0
1860
2000
6000
4000
C000
C000
C000
C000
C000
E000
7020
7840
3F80
0F00
ENDCHAR
STARTCHAR ccircumflex
ENCODING 265
SWIDTH 437 0
DWIDTH 10 0
BBX 9 17 1 0
BITMAP
0C00
1C00
3600
2300
4100
0000
0F80
3180
6000
C000
C000
C000
C000
E080
7180
7F00
1E00
ENDCHAR
STARTCHAR Cdotaccent
ENCODING 266
SWIDTH 536 0
DWIDTH 13 0
BBX 11 19 1 0
BITMAP
0200
0600
0600
0000
07C0
1860
2000
6000
4000
C000
C000
C000
C000
C000
E000
7020
7840
3F80
0F00
ENDCHAR
STARTCHAR cdotaccent
ENCODING 267
SWIDTH 437 0
DWIDTH 10 0
BBX 9 16 1 0
BITMAP
0C00
0C00
0800
0000
0000
0F80
3180
6000
C000
C000
C000
C000
E080
7180
7F00
1E00
ENDCHAR
STARTCHAR Ccaron
ENCODING 268
SWIDTH 536 0
DWIDTH 13 0
BBX 11 21 1 0
BITMAP
3040
1980
0F00
0600
0000
0000
07C0
1860
2000
6000
4000
C000
C000
C000
C000
C000
E000
7020
7840
3F80
0F00
ENDCHAR
STARTCHAR ccaron
ENCODING 269
SWIDTH 437 0
DWIDTH 10 0
BBX 9 17 1 0
BITMAP
4100
2300
1600
0C00
0000
0000
0F80
3180
6000
C000
C000
C000
C000
E080
7180
7F00
1E00
ENDCHAR
STARTCHAR Dcaron
ENCODING 270
SWIDTH 592 0
DWIDTH 14 0
BBX 13 21 0 0
BITMAP
1040
0880
0F00
0700
0000
0000
7F80
B0E0
3070
3030
3018
3018
3018
3018
3018
3018
3010
3030
3060
30C0
FF80
ENDCHAR
STARTCHAR dcaron
ENCODING 271
SWIDTH 625 0
DWIDTH 15 0
BBX 13 18 1 0
BITMAP
0180
07B8
0198
0198
0198
0190
01A0
1F80
2380
4180
C180
C180
C180
C180
E180
6380
7DA0
39C0
ENDCHAR
STARTCHAR Dcroat
ENCODING 272
SWIDTH 592 0
DWIDTH 14 0
BBX 13 15 0 0
BITMAP
7F80
B0E0
3070
3030
3018
3018
3018
FE18
3018
3018
3010
3030
3060
30C0
FF80
ENDCHAR
STARTCHAR dcroat
ENCODING 273
SWIDTH 520 0
DWIDTH 12 0
BBX 11 18 1 0
BITMAP
0380
0580
0180
0180
0FE0
1180
0180
1F80
2380
4180
C180
C180
C180
C180
E180
6380
7DA0
39C0
ENDCHAR
STARTCHAR Emacron
ENCODING 274
SWIDTH 496 0
DWIDTH 12 0
BBX 11 19 0 0
BITMAP
3FC0
3FC0
0000
0000
FFC0
3040
3040
3000
3000
3000
3F80
3100
3000
3000
3000
3000
3020
3020
FFE0
ENDCHAR
STARTCHAR emacron
ENCODING 275
SWIDTH 461 0
DWIDTH 11 0
BBX 9 15 1 0
BITMAP
7F80
7F80
0000
0000
1E00
2300
4180
C180
FF80
C000
C000
E080
7100
7F00
3C00
ENDCHAR
STARTCHAR Ebreve
ENCODING 276
SWIDTH 496 0
DWIDTH 12 0
BBX 11 20 0 0
BITMAP
2040
3080
1F80
0F00
0000
FFC0
3040
3040
3000
3000
3000
3F80
3100
3000
3000
3000
3000
3020
3020
FFE0
ENDCHAR
STARTCHAR ebreve
ENCODING 277
SWIDTH 461 0
DWIDTH 11 0
BBX 9 16 1 0
BITMAP
4080
2100
3F00
1E00
0000
1E00
2300
4180
C180
FF80
C000
C000
E080
7100
7F00
3C00
ENDCHAR
STARTCHAR Edotaccent
ENCODING 278
SWIDTH 496 0
DWIDTH 12 0
BBX 11 19 0 0
BITMAP
0600
0600
0600
0000
FFC0
3040
3040
3000
3000
3000
3F80
3100
3000
3000
3000
3000
3020
3020
FFE0
ENDCHAR
STARTCHAR edotaccent
ENCODING 279
SWIDTH 461 0
DWIDTH 11 0
BBX 9 16 1 0
BITMAP
0C00
0C00
0C00
0000
0000
1E00
2300
4180
C180
FF80
C000
C000
E080
7100
7F00
3C00
ENDCHAR
STARTCHAR Eogonek
ENCODING 280
SWIDTH 496 0
DWIDTH 12 0
BBX 12 20 0 -5
BITMAP
FFC0
3040
3040
3000
3000
3000
3F80
3100
3000
3000
3000
3000
3010
3030
FFE0
00C0
0180
0300
0320
01C0
ENDCHAR
STARTCHAR eogonek
ENCODING 281
SWIDTH 461 0
DWIDTH 11 0
BBX 9 16 1 -5
BITMAP
1E00
2300
4180
C180
FF80
C000
C000
E080
7100
7E00
3E00
0400
0800
1800
1900
1E00
ENDCHAR
STARTCHAR Ecaron
ENCODING 282
SWIDTH 496 0
DWIDTH 12 0
BBX 11 21 0 0
BITMAP
20C0
1980
0F00
0600
0000
0000
FFC0
3040
3040
3000
3000
3000
3F80
3100
3000
3000
3000
3000
3020
3020
FFE0
ENDCHAR
STARTCHAR ecaron
ENCODING 283
SWIDTH 461 0
DWIDTH 11 0
BBX 9 17 1 0
BITMAP
4080
2100
1E00
0C00
0000
0000
1E00
2300
4180
C180
FF80
C000
C000
E080
7100
7F00
3C00
ENDCHAR
STARTCHAR Gcircumflex
ENCODING 284
SWIDTH 583 0
DWIDTH 14 0
BBX 12 20 1 0
BITMAP
0700
0700
0880
1040
0000
07C0
1860
2000
6000
4000
C000
C000
C1F0
C060
C060
E060
6060
7860
3FC0
0F00
ENDCHAR
STARTCHAR gcircumflex
ENCODING 285
SWIDTH 487 0
DWIDTH 12 0
BBX 12 23 0 -6
BITMAP
0600
0F00
0B00
1080
2040
0000
1F30
31E0
60C0
60C0
60C0
3180
1F00
1800
3000
3F00
1FE0
33F0
6030
C030
C020
6040
1F80
ENDCHAR
STARTCHAR Gbreve
ENCODING 286
SWIDTH 583 0
DWIDTH 14 0
BBX 12 20 1 0
BITMAP
1040
18C0
0F80
0700
0000
07C0
1860
2000
6000
4000
C000
C000
C1F0
C060
C060
E060
6060
7860
3FC0
0F00
ENDCHAR
STARTCHAR gbreve
ENCODING 287
SWIDTH 487 0
DWIDTH 12 0
BBX 12 22 0 -6
BITMAP
2040
3080
1F80
0F00
0000
1F30
31E0
60C0
60C0
60C0
3180
1F00
1800
3000
3F00
1FE0
33F0
6030
C030
C020
6040
1F80
ENDCHAR
STARTCHAR Gdotaccent
ENCODING 288
SWIDTH 583 0
DWIDTH 14 0
BBX 12 19 1 0
BITMAP
0200
0300
0200
0000
07C0
1860
2000
6000
4000
C000
C000
C1F0
C060
C060
E060
6060
7860
3FC0
0F00
ENDCHAR
STARTCHAR gdotaccent
ENCODING 289
SWIDTH 487 0
DWIDTH 12 0
BBX 12 22 0 -6
BITMAP
0600
0600
0600
0000
0000
1F30
31E0
60C0
60C0
60C0
3180
1F00
1800
3000
3F00
1FE0
33F0
6030
C030
C020
6040
1F80
ENDCHAR
STARTCHAR Gcommaaccent
ENCODING 290
SWIDTH 583 0
DWIDTH 14 0
BBX 12 21 1 -6
BITMAP
07C0
1860
2000
6000
4000
C000
C000
C1F0
C060
C060
E060
6060
7860
3FC0
0F00
0000
0200
0700
0300
0300
0600
ENDCHAR
STARTCHAR gcommaaccent
ENCODING 291
SWIDTH 487 0
DWIDTH 12 0
BBX 12 24 0 -6
BITMAP
0600
0C00
0C00
0C00
0E00
0000
0000
1F30
31E0
60C0
60C0
60C0
3180
1F00
1800
3000
3F00
1FE0
33F0
6030
C030
C020
6040
1F80
ENDCHAR
STARTCHAR Hcircumflex
ENCODING 292
SWIDTH 653 0
DWIDTH 16 0
BBX 15 20 0 0
BITMAP
0180
03C0
0660
0820
0000
FC7E
3018
3018
3018
3018
3018
3018
3FF8
3018
3018
3018
3018
3018
3018
FC7E
ENDCHAR
STARTCHAR hcircumflex
ENCODING 293
SWIDTH 551 0
DWIDTH 13 0
BBX 13 23 0 0
BITMAP
0300
0780
0CC0
1040
0000
3000
F000
3000
3000
3000
3000
3000
31C0
37E0
3C60
3860
3060
3060
3060
3060
3060
3060
FDF8
ENDCHAR
STARTCHAR Hbar
ENCODING 294
SWIDTH 653 0
DWIDTH 16 0
BBX 15 15 0 0
BITMAP
FC7E
3018
3018
FFFE
3018
3018
3018
3FF8
3018
3018
3018
3018
3018
3018
FC7E
ENDCHAR
STARTCHAR hbar
ENCODING 295
SWIDTH 551 0
DWIDTH 13 0
BBX 13 18 0 0
BITMAP
3000
F000
3000
3000
FF00
3000
3000
31C0
37E0
3C60
3860
3060
3060
3060
3060
3060
3060
FDF8
ENDCHAR
STARTCHAR Itilde
ENCODING 296
SWIDTH 297 0
DWIDTH 7 0
BBX 8 20 -1 0
BITMAP
01
31
7A
84
00
7E
18
18
18
18
18
18
18
18
18
18
18
18
18
7E
ENDCHAR
STARTCHAR itilde
ENCODING 297
SWIDTH 270 0
DWIDTH 7 0
BBX 8 16 -1 0
BITMAP
39
4F
86
00
00
18
78
18
18
18
18
18
18
18
18
7E
ENDCHAR
STARTCHAR Imacron
ENCODING 298
SWIDTH 297 0
DWIDTH 7 0
BBX 7 19 0 0
BITMAP
7E
7C
00
00
FC
30
30
30
30
30
30
30
30
30
30
30
30
30
FC
ENDCHAR
STARTCHAR imacron
ENCODING 299
SWIDTH 270 0
DWIDTH 7 0
BBX 6 15 0 0
BITMAP
7C
FC
00
00
30
F0
30
30
30
30
30
30
30
30
FC
ENDCHAR
STARTCHAR Ibreve
ENCODING 300
SWIDTH 297 0
DWIDTH 7 0
BBX 7 20 0 0
BITMAP
82
C6
7C
38
00
FC
30
30
30
30
30
30
30
30
30
30
30
30
30
FC
ENDCHAR
STARTCHAR ibreve
ENCODING 301
SWIDTH 270 0
DWIDTH 7 0
BBX 7 16 0 0
BITMAP
82
C6
7C
38
00
30
F0
30
30
30
30
30
30
30
30
FC
ENDCHAR
STARTCHAR Iogonek
ENCODING 302
SWIDTH 297 0
DWIDTH 7 0
BBX 6 20 1 -5
BITMAP
FC
30
30
30
30
30
30
30
30
30
30
30
30
30
FC
10
60
C0
C8
70
ENDCHAR
STARTCHAR iogonek
ENCODING 303
SWIDTH 270 0
DWIDTH 7 0
BBX 6 21 1 -5
BITMAP
30
30
30
00
00
30
F0
30
30
30
30
30
30
30
30
FC
10
60
C0
C8
70
ENDCHAR
STARTCHAR Idotaccent
ENCODING 304
SWIDTH 297 0
DWIDTH 7 0
BBX 6 19 0 0
BITMAP
10
38
10
00
FC
30
30
30
30
30
30
30
30
30
30
30
30
30
FC
ENDCHAR
STARTCHAR dotlessi
ENCODING 305
SWIDTH 270 0
DWIDTH 7 0
BBX 6 11 0 0
BITMAP
30
F0
30
30
30
30
30
30
30
30
FC
ENDCHAR
STARTCHAR IJ
ENCODING 306
SWIDTH 603 0
DWIDTH 14 0
BBX 14 20 0 -5
BITMAP
FCFC
3030
3030
3030
3030
3030
3030
3030
3030
3030
3030
3030
3030
3030
FC30
0030
0030
0260
07C0
0380
ENDCHAR
STARTCHAR ij
ENCODING 307
SWIDTH 529 0
DWIDTH 13 0
BBX 11 22 0 -6
BITMAP
3040
30E0
30C0
0000
0000
3060
F1E0
30E0
30E0
30E0
30E0
30E0
30E0
30E0
30E0
FCC0
00C0
00C0
00C0
0880
0F00
0E00
ENDCHAR
STARTCHAR Jcircumflex
ENCODING 308
SWIDTH 305 0
DWIDTH 7 0
BBX 10 25 -2 -5
BITMAP
0600
0F00
1980
20C0
0000
1F80
0600
0600
0600
0600
0600
0600
0600
0600
0600
0600
0600
0600
0600
0600
0600
0400
8C00
F800
F000
ENDCHAR
STARTCHAR jcircumflex
ENCODING 309
SWIDTH 258 0
DWIDTH 6 0
BBX 10 23 -3 -6
BITMAP
0600
0700
0D80
1880
1040
0000
0600
1E00
0600
0600
0600
0600
0600
0600
0600
0600
0600
0600
0600
0400
4C00
F800
F000
ENDCHAR
STARTCHAR Kcommaaccent
ENCODING 310
SWIDTH 578 0
DWIDTH 14 0
BBX 14 21 0 -6
BITMAP
FCF8
3060
30C0
3180
3300
3600
3400
3C00
3600
3300
3180
31C0
30E0
3070
FC3C
0000
0100
0780
0180
0100
0200
ENDCHAR
STARTCHAR kcommaaccent
ENCODING 311
SWIDTH 487 0
DWIDTH 12 0
BBX 12 24 0 -6
BITMAP
3000
F000
3000
3000
3000
3000
3000
31F0
3080
3100
3600
3C00
3600
3600
3300
3180
30C0
F870
0000
0600
0E00
0200
0200
0400
ENDCHAR
STARTCHAR kgreenlandic
ENCODING 312
SWIDTH 506 0
DWIDTH 12 0
BBX 12 11 0 0
BITMAP
F8E0
30E0
31A0
3120
3300
3E00
3300
3180
3180
30C0
F8F0
ENDCHAR
STARTCHAR Lacute
ENCODING 313
SWIDTH 476 0
DWIDTH 11 0
BBX 11 21 0 0
BITMAP
0180
0380
0700
0C00
1800
0000
FC00
3000
3000
3000
3000
3000
3000
3000
3000
3000
3000
3000
3020
3020
FFE0
ENDCHAR
STARTCHAR lacute
ENCODING 314
SWIDTH 270 0
DWIDTH 7 0
BBX 7 25 0 0
BITMAP
06
0E
1C
30
60
00
00
30
F0
30
30
30
30
30
30
30
30
30
30
30
30
30
30
30
FC
ENDCHAR
STARTCHAR Lcommaaccent
ENCODING 315
SWIDTH 476 0
DWIDTH 11 0
BBX 11 21 0 -6
BITMAP
FC00
3000
3000
3000
3000
3000
3000
3000
3000
3000
3000
3000
3020
3020
FFE0
0000
0600
0E00
0200
0600
0400
ENDCHAR
STARTCHAR lcommaaccent
ENCODING 316
SWIDTH 270 0
DWIDTH 7 0
BBX 6 24 0 -6
BITMAP
30
F0
30
30
30
30
30
30
30
30
30
30
30
30
30
30
30
FC
00
10
78
18
10
30
ENDCHAR
STARTCHAR Lcaron
ENCODING 317
SWIDTH 476 0
DWIDTH 11 0
BBX 11 17 0 0
BITMAP
01C0
00E0
FC60
3040
3080
3000
3000
3000
3000
3000
3000
3000
3000
3000
3020
3020
FFE0
ENDCHAR
STARTCHAR lcaron
ENCODING 318
SWIDTH 367 0
DWIDTH 9 0
BBX 8 18 0 0
BITMAP
30
F7
3B
33
33
34
30
30
30
30
30
30
30
30
30
30
30
FC
ENDCHAR
STARTCHAR Ldot
ENCODING 319
SWIDTH 476 0
DWIDTH 11 0
BBX 11 15 0 0
BITMAP
FC00
3000
3000
3000
3000
30C0
30C0
30C0
3000
3000
3000
3000
3020
3020
FFE0
ENDCHAR
STARTCHAR ldot
ENCODING 320
SWIDTH 417 0
DWIDTH 10 0
BBX 10 18 0 0
BITMAP
3000
F000
3000
3000
3000
3000
3000
3000
3080
31C0
3080
3000
3000
3000
3000
3000
3000
FC00
ENDCHAR
STARTCHAR Lslash
ENCODING 321
SWIDTH 476 0
DWIDTH 11 0
BBX 11 15 0 0
BITMAP
FC00
3000
3000
3000
3000
3300
3C00
3000
7000
B000
3000
3000
3020
3020
FFE0
ENDCHAR
STARTCHAR lslash
ENCODING 322
SWIDTH 280 0
DWIDTH 7 0
BBX 6 18 0 0
BITMAP
30
F0
30
30
30
30
30
3C
38
70
F0
30
30
30
30
30
30
FC
ENDCHAR
STARTCHAR Nacute
ENCODING 323
SWIDTH 648 0
DWIDTH 16 0
BBX 16 21 0 0
BITMAP
0020
0070
00C0
0180
0200
0000
F03F
300C
380C
3C0C
360C
320C
330C
318C
30CC
306C
306C
303C
301C
301C
FC0C
ENDCHAR
STARTCHAR nacute
ENCODING 324
SWIDTH 551 0
DWIDTH 13 0
BBX 13 17 0 0
BITMAP
00C0
01C0
0180
0300
0200
0000
31C0
F3E0
3460
3860
3060
3060
3060
3060
3060
3060
FDF8
ENDCHAR
STARTCHAR Ncommaaccent
ENCODING 325
SWIDTH 648 0
DWIDTH 16 0
BBX 16 21 0 -6
BITMAP
F03F
300C
380C
3C0C
360C
320C
330C
318C
30CC
306C
306C
303C
301C
301C
FC0C
0000
0100
0380
0080
0180
0100
ENDCHAR
STARTCHAR ncommaaccent
ENCODING 326
SWIDTH 551 0
DWIDTH 13 0
BBX 13 17 0 -6
BITMAP
31C0
F3E0
3460
3860
3060
3060
3060
3060
3060
3060
7DF8
8000
0200
0700
0100
0300
0200
ENDCHAR
STARTCHAR Ncaron
ENCODING 327
SWIDTH 648 0
DWIDTH 16 0
BBX 16 21 0 0
BITMAP
0820
0660
03C0
0180
0000
0000
F03F
300C
380C
3C0C
360C
320C
330C
318C
30CC
306C
306C
303C
301C
301C
FC0C
ENDCHAR
STARTCHAR ncaron
ENCODING 328
SWIDTH 551 0
DWIDTH 13 0
BBX 13 17 0 0
BITMAP
1040
08C0
0580
0300
0000
0000
31C0
F3E0
3460
3860
3060
3060
3060
3060
3060
3060
FDF8
ENDCHAR
STARTCHAR napostrophe
ENCODING 329
SWIDTH 551 0
DWIDTH 13 0
BBX 15 17 -2 0
BITMAP
F000
7000
3000
2000
4000
0000
0C70
3CF8
0D18
0E18
0C18
0C18
0C18
0C18
0C18
0C18
3F7E
ENDCHAR
STARTCHAR Eng
ENCODING 330
SWIDTH 603 0
DWIDTH 14 0
BBX 13 20 0 -5
BITMAP
30F0
F3F8
3738
3C18
3818
3818
3018
3018
3018
3018
3018
3018
3018
3018
FC18
0010
0030
0C60
0FC0
0780
ENDCHAR
STARTCHAR eng
ENCODING 331
SWIDTH 546 0
DWIDTH 13 0
BBX 11 17 0 -6
BITMAP
11C0
F7E0
3460
3860
3060
3060
3060
3060
3060
3060
7C60
8060
0060
00C0
18C0
1F80
0E00
ENDCHAR
STARTCHAR Omacron
ENCODING 332
SWIDTH 600 0
DWIDTH 14 0
BBX 12 19 1 0
BITMAP
1FC0
3FC0
0000
0000
0F00
1FC0
30E0
6060
4070
C030
C030
C030
C030
C030
E060
6060
70C0
3F80
1F00
ENDCHAR
STARTCHAR omacron
ENCODING 333
SWIDTH 502 0
DWIDTH 12 0
BBX 10 15 1 0
BITMAP
3F80
7F80
0000
0000
1E00
2380
4180
C0C0
C0C0
C0C0
C0C0
C0C0
6180
7100
1E00
ENDCHAR
STARTCHAR Obreve
ENCODING 334
SWIDTH 600 0
DWIDTH 14 0
BBX 12 20 1 0
BITMAP
2040
10C0
1F80
0F00
0000
0F00
1FC0
30E0
6060
4070
C030
C030
C030
C030
C030
E060
6060
70C0
3F80
1F00
ENDCHAR
STARTCHAR obreve
ENCODING 335
SWIDTH 502 0
DWIDTH 12 0
BBX 10 16 1 0
BITMAP
4080
2180
3F00
1E00
0000
1E00
2380
4180
C0C0
C0C0
C0C0
C0C0
C0C0
6180
7100
1E00
ENDCHAR
STARTCHAR Ohungarumlaut
ENCODING 336
SWIDTH 600 0
DWIDTH 14 0
BBX 12 21 1 0
BITMAP
0660
06C0
04C0
0880
0900
0000
0F00
1FC0
30E0
6060
4070
C030
C030
C030
C030
C030
E060
6060
70C0
3F80
1F00
ENDCHAR
STARTCHAR ohungarumlaut
ENCODING 337
SWIDTH 502 0
DWIDTH 12 0
BBX 10 17 1 0
BITMAP
04C0
0D80
0980
1100
1200
0000
1E00
2380
4180
C0C0
C0C0
C0C0
C0C0
C0C0
6180
7100
1E00
ENDCHAR
STARTCHAR OE
ENCODING 338
SWIDTH 797 0
DWIDTH 19 0
BBX 18 15 1 0
BITMAP
0FFF80
106080
206080
606000
406000
C06000
C07F00
C06200
C06000
C06000
E06000
706040
786080
3FFF80
0FFF80
ENDCHAR
STARTCHAR oe
ENCODING 339
SWIDTH 792 0
DWIDTH 19 0
BBX 17 11 1 0
BITMAP
1E1E00
23A300
61C180
C0C180
C0FF80
C0C000
C0C000
C0E080
61F180
717F00
1E1C00
ENDCHAR
STARTCHAR Racute
ENCODING 340
SWIDTH 561 0
DWIDTH 13 0
BBX 13 21 0 0
BITMAP
0080
01C0
0380
0600
0800
0000
7F00
B180
30C0
30C0
30C0
30C0
3180
3E00
3200
3300
3180
3180
30C0
30E0
FC78
ENDCHAR
STARTCHAR racute
ENCODING 341
SWIDTH 395 0
DWIDTH 10 0
BBX 9 17 0 0
BITMAP
0180
0300
0600
0400
0800
0000
3380
F780
3C80
3880
3000
3000
3000
3000
3000
3000
FC00
ENDCHAR
STARTCHAR Rcommaaccent
ENCODING 342
SWIDTH 561 0
DWIDTH 13 0
BBX 13 21 0 -6
BITMAP
7F00
B180
30C0
30C0
30C0
30C0
3180
3E00
3200
3300
3180
3180
30C0
30E0
FC78
0000
0600
0E00
0300
0200
0400
ENDCHAR
STARTCHAR rcommaaccent
ENCODING 343
SWIDTH 395 0
DWIDTH 10 0
BBX 9 17 0 -6
BITMAP
3380
F780
3C80
3880
3000
3000
3000
3000
3000
3000
FC00
0000
1000
7800
1800
1000
2000
ENDCHAR
STARTCHAR Rcaron
ENCODING 344
SWIDTH 561 0
DWIDTH 13 0
BBX 13 21 0 0
BITMAP
3040
1980
0F00
0600
0000
0000
7F00
B180
30C0
30C0
30C0
30C0
3180
3E00
3200
3300
3180
3180
30C0
30E0
FC78
ENDCHAR
STARTCHAR rcaron
ENCODING 345
SWIDTH 395 0
DWIDTH 10 0
BBX 9 17 0 0
BITMAP
2080
3100
1A00
0C00
0000
0000
3380
F780
3C80
3880
3000
3000
3000
3000
3000
3000
FC00
ENDCHAR
STARTCHAR Sacute
ENCODING 346
SWIDTH 476 0
DWIDTH 11 0
BBX 9 21 1 0
BITMAP
0100
0380
0600
0C00
1000
0000
3E00
6300
C000
C000
E000
7800
3C00
0F00
0380
0180
8180
8180
C300
FF00
3C00
ENDCHAR
STARTCHAR sacute
ENCODING 347
SWIDTH 386 0
DWIDTH 9 0
BBX 7 17 1 0
BITMAP
06
0C
0C
18
10
20
7C
CC
C0
E0
78
3C
0E
06
86
84
F8
ENDCHAR
STARTCHAR Scircumflex
ENCODING 348
SWIDTH 476 0
DWIDTH 11 0
BBX 9 20 1 0
BITMAP
0C00
1E00
3300
4180
0000
3E00
6300
C000
C000
E000
7800
3C00
0F00
0380
0180
8180
8180
C300
FF00
3C00
ENDCHAR
STARTCHAR scircumflex
ENCODING 349
SWIDTH 386 0
DWIDTH 9 0
BBX 7 17 1 0
BITMAP
18
38
6C
46
82
00
7C
CC
C0
E0
78
3C
0E
06
86
84
F8
ENDCHAR
STARTCHAR Scedilla
ENCODING 350
SWIDTH 476 0
DWIDTH 12 0
BBX 10 20 1 -5
BITMAP
1F00
6380
C000
C000
E000
7800
3E00
0F80
0380
01C0
00C0
80C0
C180
F380
3E00
0C00
0E00
0600
0600
1800
ENDCHAR
STARTCHAR scedilla
ENCODING 351
SWIDTH 386 0
DWIDTH 9 0
BBX 7 16 1 -5
BITMAP
3E
46
C0
E0
78
3C
0E
06
86
C6
FC
18
3C
0C
0C
30
ENDCHAR
STARTCHAR Scaron
ENCODING 352
SWIDTH 476 0
DWIDTH 11 0
BBX 9 21 1 0
BITMAP
4180
3300
1E00
0C00
0000
0000
3E00
6300
C000
C000
E000
7800
3C00
0F00
0380
0180
8180
8180
C300
FF00
3C00
ENDCHAR
STARTCHAR scaron
ENCODING 353
SWIDTH 386 0
DWIDTH 9 0
BBX 7 17 1 0
BITMAP
82
44
2C
18
00
00
7C
CC
C0
E0
78
3C
0E
06
86
84
F8
ENDCHAR
STARTCHAR uni0162
ENCODING 354
SWIDTH 550 0
DWIDTH 13 0
BBX 12 20 0 -5
BITMAP
FFF0
8610
8610
0600
0600
0600
0600
0600
0600
0600
0600
0600
0600
0600
1F80
0200
0600
0300
0300
0C00
ENDCHAR
STARTCHAR uni0163
ENCODING 355
SWIDTH 344 0
DWIDTH 8 0
BBX 8 20 0 -5
BITMAP
10
30
30
30
FF
30
30
30
30
30
30
30
30
37
1C
10
08
1C
0C
30
ENDCHAR
STARTCHAR Tcaron
ENCODING 356
SWIDTH 550 0
DWIDTH 13 0
BBX 12 21 0 0
BITMAP
1040
0880
0F00
0600
0000
0000
FFF0
8610
8610
0600
0600
0600
0600
0600
0600
0600
0600
0600
0600
0600
1F80
ENDCHAR
STARTCHAR tcaron
ENCODING 357
SWIDTH 344 0
DWIDTH 8 0
BBX 8 17 0 0
BITMAP
0E
07
13
32
34
30
FF
30
30
30
30
30
30
30
31
3E
1C
ENDCHAR
STARTCHAR Tbar
ENCODING 358
SWIDTH 550 0
DWIDTH 13 0
BBX 12 15 0 0
BITMAP
FFF0
8610
8610
0600
0600
0600
0600
3FE0
4600
0600
0600
0600
0600
0600
1F80
ENDCHAR
STARTCHAR tbar
ENCODING 359
SWIDTH 344 0
DWIDTH 8 0
BBX 8 15 0 0
BITMAP
10
30
30
30
FF
30
30
30
30
FC
30
30
31
3E
1C
ENDCHAR
STARTCHAR Utilde
ENCODING 360
SWIDTH 653 0
DWIDTH 16 0
BBX 16 20 0 0
BITMAP
0010
0710
0FA0
0040
0000
FC3F
300C
300C
300C
300C
300C
300C
300C
300C
300C
300C
3818
1C38
0FF0
07E0
ENDCHAR
STARTCHAR utilde
ENCODING 361
SWIDTH 529 0
DWIDTH 13 0
BBX 13 16 0 0
BITMAP
0E40
13C0
2180
0000
0000
30E0
F160
3060
3060
3060
3060
3060
3060
31E0
3F68
1E70
ENDCHAR
STARTCHAR Umacron
ENCODING 362
SWIDTH 653 0
DWIDTH 16 0
BBX 16 19 0 0
BITMAP
0FF0
0FF0
0000
0000
FC3F
300C
300C
300C
300C
300C
300C
300C
300C
300C
300C
3818
1C38
0FF0
07E0
ENDCHAR
STARTCHAR umacron
ENCODING 363
SWIDTH 529 0
DWIDTH 13 0
BBX 13 15 0 0
BITMAP
1FC0
1FC0
0000
0000
30E0
F160
3060
3060
3060
3060
3060
3060
31E0
3F68
1E70
ENDCHAR
STARTCHAR Ubreve
ENCODING 364
SWIDTH 653 0
DWIDTH 16 0
BBX 16 20 0 0
BITMAP
0810
0420
07E0
03C0
0000
FC3F
300C
300C
300C
300C
300C
300C
300C
300C
300C
300C
3818
1C38
0FF0
07E0
ENDCHAR
STARTCHAR ubreve
ENCODING 365
SWIDTH 529 0
DWIDTH 13 0
BBX 13 16 0 0
BITMAP
2040
18C0
0F80
0700
0000
30E0
F160
3060
3060
3060
3060
3060
3060
31E0
3F68
1E70
ENDCHAR
STARTCHAR Uring
ENCODING 366
SWIDTH 653 0
DWIDTH 16 0
BBX 16 21 0 0
BITMAP
0180
03C0
03C0
03C0
0180
0000
FC3F
300C
300C
300C
300C
300C
300C
300C
300C
300C
300C
3818
1C38
0FF0
07E0
ENDCHAR
STARTCHAR uring
ENCODING 367
SWIDTH 529 0
DWIDTH 13 0
BBX 13 17 0 0
BITMAP
0300
0700
0F00
0F00
0600
0000
30E0
F160
3060
3060
3060
3060
3060
3060
31E0
3F68
1E70
ENDCHAR
STARTCHAR Uhungarumlaut
ENCODING 368
SWIDTH 653 0
DWIDTH 16 0
BBX 16 21 0 0
BITMAP
0190
01B0
0320
0260
0440
0000
FC3F
300C
300C
300C
300C
300C
300C
300C
300C
300C
300C
3818
1C38
0FF0
07E0
ENDCHAR
STARTCHAR uhungarumlaut
ENCODING 369
SWIDTH 529 0
DWIDTH 13 0
BBX 13 17 0 0
BITMAP
0260
0740
04C0
0C80
0900
0000
30E0
F160
3060
3060
3060
3060
3060
3060
31E0
3F68
1E70
ENDCHAR
STARTCHAR Uogonek
ENCODING 370
SWIDTH 653 0
DWIDTH 15 0
BBX 15 20 0 -5
BITMAP
FC7E
3018
3018
3018
3018
3018
3018
3018
3018
3018
3018
3838
1C70
1FF0
07E0
0180
0180
0300
0320
01C0
ENDCHAR
STARTCHAR uogonek
ENCODING 371
SWIDTH 529 0
DWIDTH 13 0
BBX 13 16 0 -5
BITMAP
30E0
F160
3060
3060
3060
3060
3060
3060
31E0
3F60
1E78
0060
00C0
0180
0190
01E0
ENDCHAR
STARTCHAR Wcircumflex
ENCODING 372
SWIDTH 850 0
DWIDTH 20 0
BBX 20 20 0 0
BITMAP
006000
00F000
019800
030400
000000
F821F0
306040
3060C0
3070C0
10F080
189080
189880
199980
190980
0D0D00
0F0D00
0E0700
0E0700
060700
040200
ENDCHAR
STARTCHAR wcircumflex
ENCODING 373
SWIDTH 706 0
DWIDTH 17 0
BBX 17 17 0 0
BITMAP
00C000
01C000
036000
023000
041000
000000
F88780
20C200
30C200
314200
116600
1B6400
1A3400
1A3400
0E3800
0C1800
0C1800
ENDCHAR
STARTCHAR Ycircumflex
ENCODING 374
SWIDTH 594 0
DWIDTH 14 0
BBX 14 20 0 0
BITMAP
0300
0780
0CC0
1820
0000
E07C
3030
3830
1860
0C40
0CC0
0680
0780
0300
0300
0300
0300
0300
0300
0FC0
ENDCHAR
STARTCHAR ycircumflex
ENCODING 375
SWIDTH 493 0
DWIDTH 12 0
BBX 13 23 -1 -6
BITMAP
0300
0380
06C0
0C40
1820
0000
7C78
1820
1820
1860
0C40
0C40
0480
0680
0780
0300
0300
0300
0200
0600
0400
7800
F000
ENDCHAR
STARTCHAR Ydieresis
ENCODING 376
SWIDTH 594 0
DWIDTH 14 0
BBX 14 19 0 0
BITMAP
18C0
18C0
18C0
0000
E07C
3030
3830
1860
0C40
0CC0
0680
0780
0300
0300
0300
0300
0300
0300
0FC0
ENDCHAR
STARTCHAR Zacute
ENCODING 377
SWIDTH 522 0
DWIDTH 13 0
BBX 11 21 1 0
BITMAP
0180
0380
0700
0C00
1800
0000
7FC0
40E0
8180
0380
0300
0600
0600
0C00
1C00
1800
3000
3000
6020
E060
FFE0
ENDCHAR
STARTCHAR zacute
ENCODING 378
SWIDTH 424 0
DWIDTH 10 0
BBX 9 17 1 0
BITMAP
0300
0600
0400
0C00
0800
1000
7F80
8300
8600
0600
0C00
1800
1800
3000
6080
6080
FF80
ENDCHAR
STARTCHAR Zdotaccent
ENCODING 379
SWIDTH 522 0
DWIDTH 13 0
BBX 11 19 1 0
BITMAP
0400
0600
0400
0000
7FC0
40E0
8180
0380
0300
0600
0600
0C00
1C00
1800
3000
3000
6020
E060
FFE0
ENDCHAR
STARTCHAR zdotaccent
ENCODING 380
SWIDTH 424 0
DWIDTH 10 0
BBX 9 16 1 0
BITMAP
0C00
0C00
0800
0000
0000
7F80
8300
8600
0600
0C00
1800
1800
3000
6080
6080
FF80
ENDCHAR
STARTCHAR Zcaron
ENCODING 381
SWIDTH 522 0
DWIDTH 13 0
BBX 11 21 1 0
BITMAP
2080
1100
0E00
0E00
0000
0000
7FC0
40E0
8180
0380
0300
0600
0600
0C00
1C00
1800
3000
3000
6020
E060
FFE0
ENDCHAR
STARTCHAR zcaron
ENCODING 382
SWIDTH 424 0
DWIDTH 10 0
BBX 9 17 1 0
BITMAP
4100
2200
1600
0C00
0000
0000
7F80
8300
8600
0600
0C00
1800
1800
3000
6080
6080
FF80
ENDCHAR
STARTCHAR longs
ENCODING 383
SWIDTH 311 0
DWIDTH 7 0
BBX 9 18 0 0
BITMAP
0300
0F80
1980
1000
3000
3000
3000
3000
3000
3000
3000
3000
3000
3000
3000
3000
3000
FC00
ENDCHAR
STARTCHAR uni0180
ENCODING 384
SWIDTH 507 0
DWIDTH 12 0
BBX 11 18 0 0
BITMAP
3000
F000
3000
3000
FF00
3000
3000
3380
37C0
38E0
3060
3060
3060
3060
3060
38C0
3F80
0F00
ENDCHAR
STARTCHAR uni0181
ENCODING 385
SWIDTH 662 0
DWIDTH 15 0
BBX 14 15 0 0
BITMAP
1FE0
6630
C618
C618
E618
0630
07F0
0638
061C
060C
060C
060C
060C
0618
1FE0
ENDCHAR
STARTCHAR uni0182
ENCODING 386
SWIDTH 549 0
DWIDTH 13 0
BBX 12 15 0 0
BITMAP
FFE0
3020
3020
3020
3000
3000
3F80
30E0
3060
3030
3030
3030
3030
3060
FF80
ENDCHAR
STARTCHAR uni0183
ENCODING 387
SWIDTH 507 0
DWIDTH 12 0
BBX 9 18 2 0
BITMAP
FE00
C200
C200
C200
C000
C000
C000
CE00
DF00
E380
C180
C180
C180
C180
C180
E300
FE00
3C00
ENDCHAR
STARTCHAR uni0184
ENCODING 388
SWIDTH 549 0
DWIDTH 13 0
BBX 12 15 0 0
BITMAP
1000
1000
3000
7000
F000
3000
3F80
30E0
3060
3030
3030
3030
3030
3060
FF80
ENDCHAR
STARTCHAR uni0185
ENCODING 389
SWIDTH 517 0
DWIDTH 12 0
BBX 11 18 0 0
BITMAP
1000
3000
3000
7000
F000
3000
3000
3380
37C0
38E0
3060
3060
3060
3060
3060
38C0
3F80
0F00
ENDCHAR
STARTCHAR uni0186
ENCODING 390
SWIDTH 536 0
DWIDTH 13 0
BBX 11 15 1 0
BITMAP
1E00
3F80
43C0
80C0
00E0
0060
0060
0060
2060
C060
C0C0
C0C0
6180
7F00
3E00
ENDCHAR
STARTCHAR uni0187
ENCODING 391
SWIDTH 536 0
DWIDTH 13 0
BBX 16 19 1 0
BITMAP
000E
001E
0033
0020
07E0
1860
2000
6000
4000
C000
C000
C000
C000
C000
E000
7020
7840
3F80
0F00
ENDCHAR
STARTCHAR uni0188
ENCODING 392
SWIDTH 437 0
DWIDTH 10 0
BBX 13 18 1 0
BITMAP
0070
01F0
01B8
0300
0300
0300
0300
1F00
2300
4000
C000
C000
C000
C000
E080
7180
7F00
1E00
ENDCHAR
STARTCHAR uni0189
ENCODING 393
SWIDTH 592 0
DWIDTH 14 0
BBX 13 15 0 0
BITMAP
7F80
B0E0
3070
3030
3018
3018
3018
FE18
3018
3018
3010
3030
3060
30C0
FF80
ENDCHAR
STARTCHAR uni018A
ENCODING 394
SWIDTH 705 0
DWIDTH 17 0
BBX 16 15 0 0
BITMAP
1FF0
661C
C60E
C606
E607
0603
0603
0603
0603
0603
0602
0606
060C
0618
1FF0
ENDCHAR
STARTCHAR uni018B
ENCODING 395
SWIDTH 549 0
DWIDTH 13 0
BBX 12 15 1 0
BITMAP
7FF0
60C0
40C0
40C0
00C0
00C0
1FC0
70C0
60C0
C0C0
C0C0
C0C0
E0C0
70C0
1FF0
ENDCHAR
STARTCHAR uni018C
ENCODING 396
SWIDTH 520 0
DWIDTH 12 0
BBX 11 18 1 0
BITMAP
3F80
2180
4180
4180
0180
0180
0180
1F80
2380
4180
C180
C180
C180
C180
E180
6380
7DA0
39C0
ENDCHAR
STARTCHAR uni018D
ENCODING 397
SWIDTH 485 0
DWIDTH 12 0
BBX 10 17 1 -6
BITMAP
1E00
3F80
6380
C1C0
C0C0
C0C0
C0C0
C0C0
6080
7180
1A00
0F00
0380
01C0
20C0
7880
8F00
ENDCHAR
STARTCHAR uni018E
ENCODING 398
SWIDTH 496 0
DWIDTH 12 0
BBX 11 15 1 0
BITMAP
7FE0
4180
4180
0180
0180
0180
3F80
0180
0180
0180
0180
8180
8180
C180
FFE0
ENDCHAR
STARTCHAR uni018F
ENCODING 399
SWIDTH 547 0
DWIDTH 13 0
BBX 11 15 1 0
BITMAP
1E00
3F80
43C0
80C0
00E0
0060
0060
0060
7FE0
C060
C040
C0C0
E180
7F80
1E00
ENDCHAR
STARTCHAR uni0190
ENCODING 400
SWIDTH 508 0
DWIDTH 12 0
BBX 10 15 1 0
BITMAP
0F80
30C0
4000
C000
C000
C000
F000
7C00
7000
C000
C000
C040
E0C0
7F80
3E00
ENDCHAR
STARTCHAR uni0191
ENCODING 401
SWIDTH 478 0
DWIDTH 11 0
BBX 13 20 -3 -5
BITMAP
1FF8
0608
0608
0600
0600
0600
07F0
0620
0600
0600
0600
0600
0600
0600
0600
0600
0400
8C00
F800
F000
ENDCHAR
STARTCHAR florin
ENCODING 402
SWIDTH 289 0
DWIDTH 7 0
BBX 12 24 -3 -6
BITMAP
00F0
01F0
0330
0600
0600
0600
0600
1FC0
0600
0600
0600
0600
0600
0600
0600
0600
0600
0600
0600
0600
0400
4C00
F800
E000
ENDCHAR
STARTCHAR uni0193
ENCODING 403
SWIDTH 583 0
DWIDTH 14 0
BBX 16 19 1 0
BITMAP
000E
001E
0037
0060
07E0
1860
2000
6000
4000
C000
C000
C1F0
C060
C060
E060
6060
7860
3FC0
0F00
ENDCHAR
STARTCHAR uni0194
ENCODING 404
SWIDTH 600 0
DWIDTH 14 0
BBX 13 15 0 0
BITMAP
F878
3020
1860
1840
0C80
0C80
0700
0300
0200
0300
0300
0780
0780
0780
0300
ENDCHAR
STARTCHAR uni0195
ENCODING 405
SWIDTH 798 0
DWIDTH 19 0
BBX 18 18 0 0
BITMAP
300000
F00000
300000
300000
300000
300000
300000
31C700
37E380
3C61C0
3860C0
3060C0
3060C0
3060C0
306080
307180
307F00
FC3E00
ENDCHAR
STARTCHAR uni0196
ENCODING 406
SWIDTH 348 0
DWIDTH 8 0
BBX 7 15 1 0
BITMAP
30
F0
30
30
30
30
30
30
30
30
30
30
32
3C
18
ENDCHAR
STARTCHAR uni0197
ENCODING 407
SWIDTH 297 0
DWIDTH 7 0
BBX 6 15 0 0
BITMAP
FC
30
30
30
30
30
30
FC
30
30
30
30
30
30
FC
ENDCHAR
STARTCHAR uni0198
ENCODING 408
SWIDTH 616 0
DWIDTH 15 0
BBX 14 15 0 0
BITMAP
FC38
30FC
308C
310C
330C
3600
3C00
3C00
3600
3300
3380
31C0
30C0
3060
FC38
ENDCHAR
STARTCHAR uni0199
ENCODING 409
SWIDTH 500 0
DWIDTH 12 0
BBX 12 18 0 0
BITMAP
0380
07C0
08E0
1800
3000
3000
3000
31F0
3080
3100
3600
3C00
3600
3600
3300
3180
30C0
F870
ENDCHAR
STARTCHAR uni019A
ENCODING 410
SWIDTH 319 0
DWIDTH 8 0
BBX 6 18 1 0
BITMAP
30
F0
30
30
30
30
30
30
FC
30
30
30
30
30
30
30
30
FC
ENDCHAR
STARTCHAR uni019B
ENCODING 411
SWIDTH 528 0
DWIDTH 13 0
BBX 13 18 0 0
BITMAP
1800
3C40
4D80
0700
0600
1A00
3300
0300
0700
0580
0D80
0980
1880
10C0
30C0
3060
6078
C060
ENDCHAR
STARTCHAR uni019C
ENCODING 412
SWIDTH 958 0
DWIDTH 24 0
BBX 24 15 0 0
BITMAP
FC7E3F
30180C
30180C
30180C
30180C
30180C
30180C
30180C
30180C
30180C
30381C
30783C
38DC6C
1F8FCE
1E0F0D
ENDCHAR
STARTCHAR uni019D
ENCODING 413
SWIDTH 648 0
DWIDTH 16 0
BBX 19 20 -3 -5
BITMAP
1E07E0
060180
070180
078180
06C180
064180
066180
063180
061980
061980
060D80
060780
060780
060380
060180
060080
060000
8C0000
F80000
F00000
ENDCHAR
STARTCHAR uni019E
ENCODING 414
SWIDTH 546 0
DWIDTH 13 0
BBX 13 17 0 -6
BITMAP
31C0
F3E0
3460
3860
3060
3060
3060
3060
3060
3060
7C60
8060
0060
0060
0060
0060
01F8
ENDCHAR
STARTCHAR uni019F
ENCODING 415
SWIDTH 600 0
DWIDTH 14 0
BBX 12 15 1 0
BITMAP
0F00
1FC0
30E0
6060
6070
C030
C030
FFF0
C030
C030
E020
6060
70C0
3F80
1F00
ENDCHAR
STARTCHAR Ohorn
ENCODING 416
SWIDTH 600 0
DWIDTH 14 0
BBX 13 18 1 0
BITMAP
0018
0038
0018
0F10
1FE0
30E0
6060
4070
C030
C030
C030
C030
C030
E060
6060
70C0
3F80
1F00
ENDCHAR
STARTCHAR ohorn
ENCODING 417
SWIDTH 537 0
DWIDTH 13 0
BBX 12 13 1 0
BITMAP
0030
0030
1E20
2360
4180
C0C0
C0C0
C0C0
C0C0
C0C0
6180
7100
1E00
ENDCHAR
STARTCHAR uni01A2
ENCODING 418
SWIDTH 905 0
DWIDTH 22 0
BBX 20 19 1 -4
BITMAP
0F8780
1FDFC0
30F1C0
6060C0
4060C0
C030C0
C030C0
C030C0
C030C0
C030C0
E060C0
6060C0
70C0C0
3F80C0
1F00C0
0000C0
0000C0
0000C0
0003F0
ENDCHAR
STARTCHAR uni01A3
ENCODING 419
SWIDTH 751 0
DWIDTH 18 0
BBX 17 17 1 -6
BITMAP
1E1C00
236600
41C600
C0C600
C0C600
C0C600
C0C600
C08600
618600
710600
1E0600
000600
000600
000600
000600
000600
001F80
ENDCHAR
STARTCHAR uni01A4
ENCODING 420
SWIDTH 635 0
DWIDTH 15 0
BBX 14 15 0 0
BITMAP
1FE0
6638
C61C
C60C
E60C
060C
0618
0638
07E0
0600
0600
0600
0600
0600
1F80
ENDCHAR
STARTCHAR uni01A5
ENCODING 421
SWIDTH 507 0
DWIDTH 12 0
BBX 11 24 0 -6
BITMAP
0380
07C0
08E0
1800
3000
3000
3000
3380
37C0
3CE0
38E0
3060
3060
3060
3060
38C0
3F80
3300
3000
3000
3000
3000
3000
FC00
ENDCHAR
STARTCHAR uni01A6
ENCODING 422
SWIDTH 548 0
DWIDTH 13 0
BBX 14 18 0 -3
BITMAP
FC00
3000
3F80
30C0
3060
3060
3060
30E0
3FC0
3F00
3300
3300
3180
30C0
FCC0
0060
0070
003C
ENDCHAR
STARTCHAR uni01A7
ENCODING 423
SWIDTH 476 0
DWIDTH 11 0
BBX 9 15 1 0
BITMAP
3E00
6380
4180
0180
0380
0F00
1E00
7800
6000
C000
C080
C080
E180
7F00
3E00
ENDCHAR
STARTCHAR uni01A8
ENCODING 424
SWIDTH 386 0
DWIDTH 9 0
BBX 7 11 1 0
BITMAP
3C
46
46
0E
3C
78
E0
C2
C2
C6
7C
ENDCHAR
STARTCHAR uni01A9
ENCODING 425
SWIDTH 519 0
DWIDTH 12 0
BBX 11 15 1 0
BITMAP
FFC0
6040
7040
3000
1800
1C00
0C00
0400
0800
1800
1040
2020
4060
FFE0
FFE0
ENDCHAR
STARTCHAR uni01AA
ENCODING 426
SWIDTH 344 0
DWIDTH 8 0
BBX 11 24 0 -6
BITMAP
3800
4800
CC00
FC00
6C00
0C00
0C00
0C00
0C00
0C00
0C00
0C00
0C00
0C00
0C00
0C00
0C00
0C00
0C00
0C00
0C00
0C60
0660
0380
ENDCHAR
STARTCHAR uni01AB
ENCODING 427
SWIDTH 344 0
DWIDTH 9 0
BBX 8 21 0 -6
BITMAP
10
30
30
30
FF
30
30
30
30
30
30
30
31
3F
1B
03
03
03
33
32
1C
ENDCHAR
STARTCHAR uni01AC
ENCODING 428
SWIDTH 595 0
DWIDTH 14 0
BBX 13 15 0 0
BITMAP
7FF8
C308
C308
C300
6300
0300
0300
0300
0300
0300
0300
0300
0300
0300
0FC0
ENDCHAR
STARTCHAR uni01AD
ENCODING 429
SWIDTH 344 0
DWIDTH 8 0
BBX 9 18 0 0
BITMAP
0700
1F00
1B80
3000
3000
3000
3000
FF00
3000
3000
3000
3000
3000
3000
3000
3100
3E00
1C00
ENDCHAR
STARTCHAR uni01AE
ENCODING 430
SWIDTH 550 0
DWIDTH 13 0
BBX 12 19 0 -4
BITMAP
FFF0
8610
8610
0600
0600
0600
0600
0600
0600
0600
0600
0600
0600
0600
0600
0600
0630
0730
03C0
ENDCHAR
STARTCHAR Uhorn
ENCODING 431
SWIDTH 683 0
DWIDTH 16 0
BBX 16 18 0 0
BITMAP
0003
0003
0003
FC7E
3018
3018
3018
3018
3018
3018
3018
3018
3018
3018
3838
1C70
1FE0
07C0
ENDCHAR
STARTCHAR uhorn
ENCODING 432
SWIDTH 612 0
DWIDTH 15 0
BBX 15 13 0 0
BITMAP
0006
700E
B0E4
3168
3070
3060
3060
3060
3060
3060
39E0
1F68
1E70
ENDCHAR
STARTCHAR uni01B1
ENCODING 433
SWIDTH 635 0
DWIDTH 15 0
BBX 13 15 1 0
BITMAP
F9F8
30C0
2040
6060
4030
C030
C030
C030
C030
C030
E060
6060
70C0
3F80
0F00
ENDCHAR
STARTCHAR uni01B2
ENCODING 434
SWIDTH 614 0
DWIDTH 15 0
BBX 14 15 0 0
BITMAP
FCE0
3078
3018
301C
300C
300C
300C
300C
300C
3018
3018
3838
1C70
1FE0
0780
ENDCHAR
STARTCHAR uni01B3.RtHook
ENCODING 435
SWIDTH 677 0
DWIDTH 16 0
BBX 17 16 0 0
BITMAP
000E00
E01F00
303980
383180
186180
0C6000
0CC000
068000
078000
030000
030000
030000
030000
030000
030000
0FC000
ENDCHAR
STARTCHAR uni01B4.RtHook
ENCODING 436
SWIDTH 557 0
DWIDTH 13 0
BBX 16 20 -1 -6
BITMAP
000F
001F
0012
7C30
1820
1860
1840
0C40
0CC0
0480
0680
0780
0300
0300
0300
0200
0600
0C00
7800
F000
ENDCHAR
STARTCHAR uni01B5
ENCODING 437
SWIDTH 522 0
DWIDTH 13 0
BBX 11 15 1 0
BITMAP
7FC0
40E0
8180
0180
0300
0700
0600
7F80
0C00
1800
3000
3000
6020
E060
FFE0
ENDCHAR
STARTCHAR uni01B6
ENCODING 438
SWIDTH 441 0
DWIDTH 11 0
BBX 9 11 1 0
BITMAP
7F80
8300
8600
0600
0C00
7F00
1800
3000
6080
6080
FF80
ENDCHAR
STARTCHAR uni01B7
ENCODING 439
SWIDTH 520 0
DWIDTH 13 0
BBX 11 15 1 0
BITMAP
7FC0
41C0
4380
0700
0600
0C00
1F80
11C0
0060
0060
0060
4060
F0C0
7F80
1F00
ENDCHAR
STARTCHAR uni01B8
ENCODING 440
SWIDTH 533 0
DWIDTH 13 0
BBX 11 15 1 0
BITMAP
7FC0
7040
3840
1C00
0E00
0600
3A00
6000
C000
C000
C0E0
E0C0
F0C0
7F80
1E00
ENDCHAR
STARTCHAR uni01B9
ENCODING 441
SWIDTH 449 0
DWIDTH 11 0
BBX 10 17 0 -6
BITMAP
7F80
7080
3080
1800
0C00
0E00
0600
1F00
7000
6000
C000
C000
C000
C0C0
60C0
7180
1F00
ENDCHAR
STARTCHAR uni01BA
ENCODING 442
SWIDTH 449 0
DWIDTH 11 0
BBX 9 17 1 -6
BITMAP
7F80
4300
8600
0C00
1C00
3F00
2380
0180
0180
0300
1E00
7000
E000
C080
C180
6300
3E00
ENDCHAR
STARTCHAR uni01BB
ENCODING 443
SWIDTH 434 0
DWIDTH 10 0
BBX 9 14 0 0
BITMAP
1F00
2380
6180
4180
0180
0300
0200
3F80
0C00
1800
3080
2080
7F80
FF80
ENDCHAR
STARTCHAR uni01BC
ENCODING 444
SWIDTH 501 0
DWIDTH 12 0
BBX 11 15 0 0
BITMAP
FFC0
3040
3040
3040
3000
3000
3F80
20C0
0060
0060
0060
2060
78C0
3FC0
0F00
ENDCHAR
STARTCHAR uni01BD
ENCODING 445
SWIDTH 446 0
DWIDTH 11 0
BBX 10 11 0 0
BITMAP
FF80
3080
3080
3000
3F00
2180
00C0
00C0
20C0
7180
1F00
ENDCHAR
STARTCHAR uni01BE
ENCODING 446
SWIDTH 418 0
DWIDTH 10 0
BBX 9 15 0 0
BITMAP
1000
3000
3000
3000
FE00
3000
3000
3800
1E00
0F00
0380
0180
2180
2100
3E00
ENDCHAR
STARTCHAR uni01BF
ENCODING 447
SWIDTH 500 0
DWIDTH 12 0
BBX 11 17 0 -6
BITMAP
31C0
F7E0
3CE0
3860
3060
3060
3040
30C0
3180
3300
3600
3C00
3000
3000
3000
3000
FC00
ENDCHAR
STARTCHAR uni01C0
ENCODING 448
SWIDTH 219 0
DWIDTH 5 0
BBX 2 24 2 -6
BITMAP
C0
C0
C0
C0
C0
C0
C0
C0
C0
C0
C0
C0
C0
C0
C0
C0
C0
C0
C0
C0
C0
C0
C0
C0
ENDCHAR
STARTCHAR uni01C1
ENCODING 449
SWIDTH 385 0
DWIDTH 9 0
BBX 5 24 2 -6
BITMAP
D8
D8
D8
D8
D8
D8
D8
D8
D8
D8
D8
D8
D8
D8
D8
D8
D8
D8
D8
D8
D8
D8
D8
D8
ENDCHAR
STARTCHAR uni01C2
ENCODING 450
SWIDTH 327 0
DWIDTH 8 0
BBX 8 24 0 -6
BITMAP
18
18
18
18
18
18
18
18
18
18
FF
18
FF
18
18
18
18
18
18
18
18
18
18
18
ENDCHAR
STARTCHAR uni01C3
ENCODING 451
SWIDTH 271 0
DWIDTH 7 0
BBX 3 18 2 0
BITMAP
40
C0
C0
C0
C0
C0
C0
C0
C0
C0
C0
40
40
40
00
60
E0
E0
ENDCHAR
STARTCHAR uni01C4
ENCODING 452
SWIDTH 1115 0
DWIDTH 27 0
BBX 26 21 0 0
BITMAP
00004100
00002300
00001E00
00000C00
00000000
00000000
7F80FFC0
B0E08180
30708380
30300300
30180600
30180E00
30180C00
30181800
30181800
30183000
30107000
30306000
3060C040
30C0C0C0
FF81FFC0
ENDCHAR
STARTCHAR uni01C5
ENCODING 453
SWIDTH 1017 0
DWIDTH 24 0
BBX 24 17 0 0
BITMAP
000083
000046
7F802C
B0E018
307000
303000
3018FF
301886
301906
30180C
301818
301818
301030
303060
3060C1
30C0C1
FF81FF
ENDCHAR
STARTCHAR uni01C6
ENCODING 454
SWIDTH 961 0
DWIDTH 23 0
BBX 21 18 1 0
BITMAP
018000
078408
018310
0181A0
0180C0
018000
018000
1F87F8
238418
418430
C18060
C180C0
C180C0
C18180
E18300
638308
7DA608
39CFF8
ENDCHAR
STARTCHAR uni01C7
ENCODING 455
SWIDTH 781 0
DWIDTH 19 0
BBX 18 20 0 -5
BITMAP
FC0FC0
300300
300300
300300
300300
300300
300300
300300
300300
300300
300300
300300
302300
302300
FFE300
000300
000300
002600
007C00
003800
ENDCHAR
STARTCHAR uni01C8
ENCODING 456
SWIDTH 734 0
DWIDTH 18 0
BBX 15 22 0 -6
BITMAP
0006
FC06
3006
3000
3000
3006
300E
3006
3006
3006
3006
3006
3006
3026
3026
FFE6
0006
0006
0006
0044
0078
00F0
ENDCHAR
STARTCHAR uni01C9
ENCODING 457
SWIDTH 529 0
DWIDTH 13 0
BBX 11 24 0 -6
BITMAP
3000
F000
3040
30E0
30C0
3000
3000
3060
31E0
30E0
30E0
30E0
30E0
30E0
30E0
30E0
30E0
FCC0
00C0
00C0
00C0
0880
0F00
0E00
ENDCHAR
STARTCHAR uni01CA
ENCODING 458
SWIDTH 954 0
DWIDTH 23 0
BBX 22 20 0 -5
BITMAP
F03FFC
300C18
380C18
3C0C18
360C18
320C18
330C18
318C18
30CC18
306C18
306C18
303C18
301C18
301C18
FC0C10
000030
000030
000220
0007E0
000380
ENDCHAR
STARTCHAR uni01CB
ENCODING 459
SWIDTH 907 0
DWIDTH 22 0
BBX 20 22 0 -6
BITMAP
000020
F03F70
300C60
380C00
3C0C00
360C30
320CF0
330C30
318C30
30CC30
306C30
306C30
303C30
301C30
301C30
FC0C30
000030
000060
000060
000440
0007C0
000700
ENDCHAR
STARTCHAR uni01CC
ENCODING 460
SWIDTH 810 0
DWIDTH 19 0
BBX 17 22 0 -6
BITMAP
000180
000180
000180
000000
000000
31C180
F3E380
346180
386180
306180
306180
306180
306180
306180
306180
7DF980
800180
000180
000180
001300
001E00
003C00
ENDCHAR
STARTCHAR uni01CD
ENCODING 461
SWIDTH 595 0
DWIDTH 14 0
BBX 14 21 0 0
BITMAP
1020
0CC0
0780
0300
0000
0000
0100
0300
0300
0780
0580
04C0
0CC0
08C0
0860
1FE0
1060
1030
3030
2030
F87C
ENDCHAR
STARTCHAR uni01CE
ENCODING 462
SWIDTH 458 0
DWIDTH 11 0
BBX 10 17 1 0
BITMAP
4100
2200
1600
0C00
0000
0000
1E00
6300
C300
0300
0700
3B00
4300
C300
C700
FFC0
7300
ENDCHAR
STARTCHAR uni01CF
ENCODING 463
SWIDTH 297 0
DWIDTH 7 0
BBX 7 21 0 0
BITMAP
82
44
78
38
00
00
FC
30
30
30
30
30
30
30
30
30
30
30
30
30
FC
ENDCHAR
STARTCHAR uni01D0
ENCODING 464
SWIDTH 270 0
DWIDTH 7 0
BBX 7 17 0 0
BITMAP
82
44
68
30
00
00
30
F0
30
30
30
30
30
30
30
30
FC
ENDCHAR
STARTCHAR uni01D1
ENCODING 465
SWIDTH 600 0
DWIDTH 14 0
BBX 12 21 1 0
BITMAP
1040
3980
0F00
0600
0000
0000
0F00
1FC0
30E0
6060
4070
C030
C030
C030
C030
C030
E060
6060
70C0
3F80
1F00
ENDCHAR
STARTCHAR uni01D2
ENCODING 466
SWIDTH 502 0
DWIDTH 12 0
BBX 10 17 1 0
BITMAP
2080
3100
1A00
0C00
0000
0000
1E00
2380
4180
C0C0
C0C0
C0C0
C0C0
C0C0
6180
7100
1E00
ENDCHAR
STARTCHAR uni01D3
ENCODING 467
SWIDTH 653 0
DWIDTH 16 0
BBX 16 21 0 0
BITMAP
0830
0660
03C0
0180
0000
0000
FC3F
300C
300C
300C
300C
300C
300C
300C
300C
300C
300C
3818
1C38
0FF0
07E0
ENDCHAR
STARTCHAR uni01D4
ENCODING 468
SWIDTH 529 0
DWIDTH 13 0
BBX 13 17 0 0
BITMAP
1040
0880
0D00
0600
0000
0000
30E0
F160
3060
3060
3060
3060
3060
3060
31E0
3F68
1E70
ENDCHAR
STARTCHAR uni01D5
ENCODING 469
SWIDTH 653 0
DWIDTH 16 0
BBX 16 23 0 0
BITMAP
0FF0
0FF0
0000
0000
0C60
0C60
0C60
0000
FC3F
300C
300C
300C
300C
300C
300C
300C
300C
300C
300C
3818
1C38
0FF0
07E0
ENDCHAR
STARTCHAR uni01D6
ENCODING 470
SWIDTH 529 0
DWIDTH 13 0
BBX 13 19 0 0
BITMAP
1FC0
1FC0
0000
1080
3180
1080
0000
0000
30E0
F160
3060
3060
3060
3060
3060
3060
31E0
3F68
1E70
ENDCHAR
STARTCHAR uni01D7
ENCODING 471
SWIDTH 653 0
DWIDTH 16 0
BBX 16 25 0 0
BITMAP
0020
0070
00C0
0180
0200
0000
0C60
0C60
0C60
0000
FC3F
300C
300C
300C
300C
300C
300C
300C
300C
300C
300C
3818
1C38
0FF0
07E0
ENDCHAR
STARTCHAR uni01D8
ENCODING 472
SWIDTH 529 0
DWIDTH 13 0
BBX 13 21 0 0
BITMAP
00C0
0180
0300
0200
0400
1080
3180
1080
0000
0000
30E0
F160
3060
3060
3060
3060
3060
3060
31E0
3F68
1E70
ENDCHAR
STARTCHAR uni01D9
ENCODING 473
SWIDTH 653 0
DWIDTH 16 0
BBX 16 25 0 0
BITMAP
0830
0660
03C0
0180
0000
0000
0C60
0C60
0C60
0000
FC3F
300C
300C
300C
300C
300C
300C
300C
300C
300C
300C
3818
1C38
0FF0
07E0
ENDCHAR
STARTCHAR uni01DA
ENCODING 474
SWIDTH 529 0
DWIDTH 13 0
BBX 13 21 0 0
BITMAP
1040
0880
0D00
0600
0000
1080
3180
1080
0000
0000
30E0
F160
3060
3060
3060
3060
3060
3060
31E0
3F68
1E70
ENDCHAR
STARTCHAR uni01DB
ENCODING 475
SWIDTH 653 0
DWIDTH 16 0
BBX 16 25 0 0
BITMAP
0400
0E00
0700
0180
0040
0000
0C60
0C60
0C60
0000
FC3F
300C
300C
300C
300C
300C
300C
300C
300C
300C
300C
3818
1C38
0FF0
07E0
ENDCHAR
STARTCHAR uni01DC
ENCODING 476
SWIDTH 529 0
DWIDTH 13 0
BBX 13 21 0 0
BITMAP
1800
0C00
0400
0200
0100
1080
3180
1080
0000
0000
30E0
F160
3060
3060
3060
3060
3060
3060
31E0
3F68
1E70
ENDCHAR
STARTCHAR uni01DD
ENCODING 477
SWIDTH 454 0
DWIDTH 11 0
BBX 9 11 1 0
BITMAP
1C00
7F00
C700
0380
0180
0180
7F80
C180
C100
6200
3C00
ENDCHAR
STARTCHAR uni01DE
ENCODING 478
SWIDTH 595 0
DWIDTH 14 0
BBX 14 23 0 0
BITMAP
1FE0
1FE0
0000
0000
18C0
18C0
18C0
0000
0100
0300
0300
0780
0580
04C0
0CC0
08C0
0860
1FE0
1060
1030
3030
2030
F87C
ENDCHAR
STARTCHAR uni01DF
ENCODING 479
SWIDTH 458 0
DWIDTH 11 0
BBX 10 19 1 0
BITMAP
7F80
7F00
0000
6300
6300
4200
0000
0000
1E00
6300
C300
0300
0700
3B00
4300
C300
C700
FFC0
7300
ENDCHAR
STARTCHAR uni01E0
ENCODING 480
SWIDTH 595 0
DWIDTH 14 0
BBX 14 23 0 0
BITMAP
1FE0
1FE0
0000
0300
0300
0200
0000
0000
0100
0300
0300
0780
0580
04C0
0CC0
08C0
0860
1FE0
1060
1030
3030
2030
F87C
ENDCHAR
STARTCHAR uni01E1
ENCODING 481
SWIDTH 458 0
DWIDTH 11 0
BBX 10 19 1 0
BITMAP
7F80
7F00
0000
0800
1800
1800
0000
0000
1E00
6300
C300
0300
0700
3B00
4300
C300
C700
FFC0
7300
ENDCHAR
STARTCHAR uni01E2
ENCODING 482
SWIDTH 778 0
DWIDTH 19 0
BBX 18 19 0 0
BITMAP
01FE00
01FE00
000000
000000
0FFF80
016080
036080
026000
066000
046000
07FF00
0C6200
086000
186000
186000
106000
306040
206040
F9FFC0
ENDCHAR
STARTCHAR uni01E3
ENCODING 483
SWIDTH 691 0
DWIDTH 17 0
BBX 15 15 1 0
BITMAP
0FF0
0FE0
0000
0000
1E78
638C
C306
8306
0FFE
3300
4300
C304
C786
FDF8
70F0
ENDCHAR
STARTCHAR uni01E4
ENCODING 484
SWIDTH 583 0
DWIDTH 14 0
BBX 13 15 1 0
BITMAP
07C0
1860
2000
6000
4000
C000
C000
C000
C1F0
C060
E7F8
6060
7860
3FC0
0F80
ENDCHAR
STARTCHAR uni01E5
ENCODING 485
SWIDTH 487 0
DWIDTH 12 0
BBX 14 17 -1 -6
BITMAP
0F98
18F0
3060
3060
3060
18C0
0F80
0C00
1800
1F00
0FE0
1870
3018
FFFC
7030
3860
1F80
ENDCHAR
STARTCHAR Gcaron
ENCODING 486
SWIDTH 583 0
DWIDTH 14 0
BBX 12 21 1 0
BITMAP
1040
0880
0700
0700
0000
0000
07C0
1860
2000
6000
4000
C000
C000
C1F0
C060
C060
E060
6060
7860
3FC0
0F00
ENDCHAR
STARTCHAR gcaron
ENCODING 487
SWIDTH 487 0
DWIDTH 12 0
BBX 12 23 0 -6
BITMAP
2040
1180
0B00
0600
0000
0000
1F30
31E0
60C0
60C0
60C0
3180
1F00
1800
3000
3F00
1FE0
33F0
6030
C030
C020
6040
1F80
ENDCHAR
STARTCHAR uni01E8
ENCODING 488
SWIDTH 578 0
DWIDTH 14 0
BBX 14 21 0 0
BITMAP
1060
0CC0
0780
0300
0000
0000
FCF8
3060
30C0
3180
3300
3600
3400
3C00
3600
3300
3180
31C0
30E0
3070
FC3C
ENDCHAR
STARTCHAR uni01E9
ENCODING 489
SWIDTH 487 0
DWIDTH 12 0
BBX 12 24 0 0
BITMAP
2040
1980
0F00
0600
0000
0000
3000
F000
3000
3000
3000
3000
3000
31F0
3080
3100
3600
3C00
3600
3600
3300
3180
30C0
F870
ENDCHAR
STARTCHAR uni01EA
ENCODING 490
SWIDTH 600 0
DWIDTH 14 0
BBX 12 20 1 -5
BITMAP
0F80
1FC0
30E0
6060
4070
C030
C030
C030
C030
C030
E070
6060
70E0
3FC0
1F80
0200
0600
0C00
0C80
0700
ENDCHAR
STARTCHAR uni01EB
ENCODING 491
SWIDTH 502 0
DWIDTH 12 0
BBX 10 16 1 -5
BITMAP
1E00
2380
4180
C0C0
C0C0
C0C0
C0C0
C0C0
6180
7180
1F00
0400
0C00
1800
1900
0E00
ENDCHAR
STARTCHAR uni01EC
ENCODING 492
SWIDTH 600 0
DWIDTH 14 0
BBX 12 24 1 -5
BITMAP
1FC0
3FC0
0000
0000
0F80
1FC0
30E0
6060
4070
C030
C030
C030
C030
C030
E070
6060
70E0
3FC0
1F80
0200
0600
0C00
0C80
0700
ENDCHAR
STARTCHAR uni01ED
ENCODING 493
SWIDTH 502 0
DWIDTH 12 0
BBX 10 20 1 -5
BITMAP
3F80
7F80
0000
0000
1E00
2380
4180
C0C0
C0C0
C0C0
C0C0
C0C0
6180
7180
1F00
0400
0C00
1800
1900
0E00
ENDCHAR
STARTCHAR uni01EE
ENCODING 494
SWIDTH 520 0
DWIDTH 13 0
BBX 11 21 1 0
BITMAP
2080
3100
1E00
0C00
0000
0000
7FC0
41C0
4380
0700
0600
0C00
1F80
11C0
0060
0060
0060
4060
F0C0
7F80
1F00
ENDCHAR
STARTCHAR uni01EF
ENCODING 495
SWIDTH 449 0
DWIDTH 11 0
BBX 10 23 0 -6
BITMAP
2080
1100
1A00
0C00
0000
0000
7F80
4380
4300
0600
0C00
0C00
1800
3E00
0380
01C0
00C0
00C0
00C0
00C0
4180
E100
7E00
ENDCHAR
STARTCHAR uni01F0
ENCODING 496
SWIDTH 258 0
DWIDTH 6 0
BBX 10 23 -3 -6
BITMAP
1040
1880
0D00
0600
0000
0000
0600
1E00
0600
0600
0600
0600
0600
0600
0600
0600
0600
0600
0600
0400
4C00
F800
F000
ENDCHAR
STARTCHAR uni01F1
ENCODING 497
SWIDTH 1115 0
DWIDTH 27 0
BBX 26 15 0 0
BITMAP
7F80FFC0
B0E08180
30708380
30300300
30180600
30180E00
30180C00
30181800
30181800
30183000
30107000
30306000
3060C040
30C0C0C0
FF81FFC0
ENDCHAR
STARTCHAR uni01F2
ENCODING 498
SWIDTH 1017 0
DWIDTH 24 0
BBX 24 15 0 0
BITMAP
7F8000
B0E000
307000
303000
3018FF
301886
301906
30180C
301818
301818
301030
303060
3060C1
30C0C1
FF81FF
ENDCHAR
STARTCHAR uni01F3
ENCODING 499
SWIDTH 961 0
DWIDTH 23 0
BBX 21 18 1 0
BITMAP
018000
078000
018000
018000
018000
018000
018000
1F87F8
238418
418430
C18060
C180C0
C180C0
C18180
E18300
638308
7DA608
39CFF8
ENDCHAR
STARTCHAR uni01F4
ENCODING 500
SWIDTH 583 0
DWIDTH 14 0
BBX 12 21 1 0
BITMAP
00C0
01C0
0380
0600
0C00
0000
07C0
1860
2000
6000
4000
C000
C000
C1F0
C060
C060
E060
6060
7860
3FC0
0F00
ENDCHAR
STARTCHAR uni01F5
ENCODING 501
SWIDTH 487 0
DWIDTH 12 0
BBX 12 23 0 -6
BITMAP
0180
0180
0300
0600
0400
0000
1F30
31E0
60C0
60C0
60C0
3180
1F00
1800
3000
3F00
1FE0
33F0
6030
C030
C020
6040
1F80
ENDCHAR
STARTCHAR uni01F6
ENCODING 502
SWIDTH 918 0
DWIDTH 22 0
BBX 21 15 0 0
BITMAP
FC7E00
301800
301800
3018E0
301870
301838
301818
3FF818
301818
301818
301810
301830
301C60
300FC0
FC0780
ENDCHAR
STARTCHAR uni01F7
ENCODING 503
SWIDTH 538 0
DWIDTH 13 0
BBX 12 21 0 -6
BITMAP
11E0
F7F0
3C70
3830
3030
3030
3020
3060
3040
3080
3100
3600
3C00
3800
3000
3000
3000
3000
3000
3000
FC00
ENDCHAR
STARTCHAR uni01F8
ENCODING 504
SWIDTH 648 0
DWIDTH 16 0
BBX 16 21 0 0
BITMAP
0400
0E00
0700
0180
0040
0000
F03F
300C
380C
3C0C
360C
320C
330C
318C
30CC
306C
306C
303C
301C
301C
FC0C
ENDCHAR
STARTCHAR uni01F9
ENCODING 505
SWIDTH 551 0
DWIDTH 13 0
BBX 13 17 0 0
BITMAP
1C00
0C00
0600
0200
0100
0000
31C0
F3E0
3460
3860
3060
3060
3060
3060
3060
3060
FDF8
ENDCHAR
STARTCHAR Aringacute
ENCODING 506
SWIDTH 595 0
DWIDTH 14 0
BBX 14 26 0 0
BITMAP
0040
00E0
01C0
0300
0400
0300
0780
0780
0780
0300
0000
0100
0300
0300
0780
0580
04C0
0CC0
08C0
0860
1FE0
1060
1030
3030
2030
F87C
ENDCHAR
STARTCHAR aringacute
ENCODING 507
SWIDTH 458 0
DWIDTH 11 0
BBX 10 22 1 0
BITMAP
0100
0380
0E00
1C00
1000
0C00
1E00
1E00
1C00
1C00
0000
1E00
6300
C300
0300
0700
3B00
4300
C300
C700
FFC0
7300
ENDCHAR
STARTCHAR AEacute
ENCODING 508
SWIDTH 778 0
DWIDTH 19 0
BBX 18 21 0 0
BITMAP
000400
000E00
001800
003000
004000
000000
0FFF80
016080
036080
026000
066000
046000
07FF00
0C6200
086000
186000
186000
106000
306040
206040
F9FFC0
ENDCHAR
STARTCHAR aeacute
ENCODING 509
SWIDTH 691 0
DWIDTH 17 0
BBX 15 17 1 0
BITMAP
0060
00C0
00C0
0180
0100
0200
1E78
638C
C306
8306
0FFE
3300
4300
C304
C786
FDF8
70F0
ENDCHAR
STARTCHAR Oslashacute
ENCODING 510
SWIDTH 600 0
DWIDTH 14 0
BBX 12 22 1 -1
BITMAP
0080
01C0
0380
0600
0800
0000
0F30
1FE0
30E0
6060
60F0
C130
C330
C230
C430
C830
D020
6060
70C0
7F80
CF00
8000
ENDCHAR
STARTCHAR oslashacute
ENCODING 511
SWIDTH 502 0
DWIDTH 12 0
BBX 10 18 1 -1
BITMAP
0380
0300
0600
0400
0800
0040
1EC0
2380
4180
C2C0
C4C0
CCC0
C8C0
D0C0
7080
7100
DE00
8000
ENDCHAR
STARTCHAR uni0200
ENCODING 512
SWIDTH 595 0
DWIDTH 14 0
BBX 14 21 0 0
BITMAP
1300
1B00
0980
0480
0440
0000
0100
0300
0300
0780
0580
04C0
0CC0
08C0
0860
1FE0
1060
1030
3030
2030
F87C
ENDCHAR
STARTCHAR uni0201
ENCODING 513
SWIDTH 458 0
DWIDTH 11 0
BBX 10 17 1 0
BITMAP
C800
4C00
6400
2200
1200
0000
1E00
6300
C300
0300
0700
3B00
4300
C300
C700
FFC0
7300
ENDCHAR
STARTCHAR uni0202
ENCODING 514
SWIDTH 595 0
DWIDTH 14 0
BBX 14 21 0 0
BITMAP
0780
0FC0
0CC0
1860
1020
0000
0100
0300
0300
0780
0580
04C0
0CC0
08C0
0860
1FE0
1060
1030
3030
2030
F87C
ENDCHAR
STARTCHAR uni0203
ENCODING 515
SWIDTH 458 0
DWIDTH 11 0
BBX 10 17 1 0
BITMAP
1C00
3E00
6300
4100
4100
0000
1E00
6300
C300
0300
0700
3B00
4300
C300
C700
FFC0
7300
ENDCHAR
STARTCHAR uni0204
ENCODING 516
SWIDTH 496 0
DWIDTH 12 0
BBX 11 21 0 0
BITMAP
2600
7600
1300
1900
0900
0080
FFC0
3040
3040
3000
3000
3000
3F80
3100
3000
3000
3000
3000
3020
3020
FFE0
ENDCHAR
STARTCHAR uni0205
ENCODING 517
SWIDTH 461 0
DWIDTH 11 0
BBX 9 17 1 0
BITMAP
4C00
6C00
2600
3200
1100
0000
1E00
2300
4180
C180
FF80
C000
C000
E080
7100
7F00
3C00
ENDCHAR
STARTCHAR uni0206
ENCODING 518
SWIDTH 496 0
DWIDTH 12 0
BBX 11 21 0 0
BITMAP
0E00
1F00
1180
2080
2040
0000
FFC0
3040
3040
3000
3000
3000
3F80
3100
3000
3000
3000
3000
3020
3020
FFE0
ENDCHAR
STARTCHAR uni0207
ENCODING 519
SWIDTH 461 0
DWIDTH 11 0
BBX 9 17 1 0
BITMAP
1E00
3F00
2300
6180
4080
0000
1E00
2300
4180
C180
FF80
C000
C000
E080
7100
7F00
3C00
ENDCHAR
STARTCHAR uni0208
ENCODING 520
SWIDTH 297 0
DWIDTH 7 0
BBX 7 21 -1 0
BITMAP
C8
5C
64
26
12
00
7E
18
18
18
18
18
18
18
18
18
18
18
18
18
7E
ENDCHAR
STARTCHAR uni0209
ENCODING 521
SWIDTH 270 0
DWIDTH 7 0
BBX 7 17 -1 0
BITMAP
D8
CC
64
24
12
00
18
78
18
18
18
18
18
18
18
18
7E
ENDCHAR
STARTCHAR uni020A
ENCODING 522
SWIDTH 297 0
DWIDTH 7 0
BBX 7 21 0 0
BITMAP
38
7C
C6
82
82
00
FC
30
30
30
30
30
30
30
30
30
30
30
30
30
FC
ENDCHAR
STARTCHAR uni020B
ENCODING 523
SWIDTH 270 0
DWIDTH 7 0
BBX 7 17 0 0
BITMAP
38
7C
C4
82
82
00
30
F0
30
30
30
30
30
30
30
30
FC
ENDCHAR
STARTCHAR uni020C
ENCODING 524
SWIDTH 600 0
DWIDTH 14 0
BBX 12 21 1 0
BITMAP
3600
3200
1B00
0900
0880
0000
0F00
1FC0
30E0
6060
4070
C030
C030
C030
C030
C030
E060
6060
70C0
3F80
1F00
ENDCHAR
STARTCHAR uni020D
ENCODING 525
SWIDTH 502 0
DWIDTH 12 0
BBX 10 17 1 0
BITMAP
6C00
6600
3600
1200
1100
0800
1E00
2380
4180
C0C0
C0C0
C0C0
C0C0
C0C0
6180
7100
1E00
ENDCHAR
STARTCHAR uni020E
ENCODING 526
SWIDTH 600 0
DWIDTH 14 0
BBX 12 21 1 0
BITMAP
0700
0F80
1880
1040
2040
0000
0F00
1FC0
30E0
6060
4070
C030
C030
C030
C030
C030
E060
6060
70C0
3F80
1F00
ENDCHAR
STARTCHAR uni020F
ENCODING 527
SWIDTH 502 0
DWIDTH 12 0
BBX 10 17 1 0
BITMAP
0E00
1F00
3100
2080
4080
0000
1E00
2380
4180
C0C0
C0C0
C0C0
C0C0
C0C0
6180
7100
1E00
ENDCHAR
STARTCHAR uni0210
ENCODING 528
SWIDTH 561 0
DWIDTH 13 0
BBX 13 21 0 0
BITMAP
3600
3200
1300
0900
0880
0000
7F00
B180
30C0
30C0
30C0
30C0
3180
3E00
3200
3300
3180
3180
30C0
30E0
FC78
ENDCHAR
STARTCHAR uni0211
ENCODING 529
SWIDTH 395 0
DWIDTH 10 0
BBX 9 17 0 0
BITMAP
6C00
6600
3600
1200
1100
0800
3380
F780
3C80
3880
3000
3000
3000
3000
3000
3000
FC00
ENDCHAR
STARTCHAR uni0212
ENCODING 530
SWIDTH 561 0
DWIDTH 13 0
BBX 13 21 0 0
BITMAP
0700
0F80
1880
1040
2040
0000
7F00
B180
30C0
30C0
30C0
30C0
3180
3E00
3200
3300
3180
3180
30C0
30E0
FC78
ENDCHAR
STARTCHAR uni0213
ENCODING 531
SWIDTH 395 0
DWIDTH 10 0
BBX 9 17 0 0
BITMAP
0E00
1F00
3100
2080
4080
0000
3380
F780
3C80
3880
3000
3000
3000
3000
3000
3000
FC00
ENDCHAR
STARTCHAR uni0214
ENCODING 532
SWIDTH 653 0
DWIDTH 16 0
BBX 16 21 0 0
BITMAP
0980
1D80
04C0
0640
0220
0000
FC3F
300C
300C
300C
300C
300C
300C
300C
300C
300C
300C
3818
1C38
0FF0
07E0
ENDCHAR
STARTCHAR uni0215
ENCODING 533
SWIDTH 529 0
DWIDTH 13 0
BBX 13 17 0 0
BITMAP
3600
3300
1900
0980
0480
0000
30E0
F160
3060
3060
3060
3060
3060
3060
31E0
3F68
1E70
ENDCHAR
STARTCHAR uni0216
ENCODING 534
SWIDTH 653 0
DWIDTH 16 0
BBX 16 21 0 0
BITMAP
03C0
07C0
0460
0820
0810
0000
FC3F
300C
300C
300C
300C
300C
300C
300C
300C
300C
300C
3818
1C38
0FF0
07E0
ENDCHAR
STARTCHAR uni0217
ENCODING 535
SWIDTH 529 0
DWIDTH 13 0
BBX 13 17 0 0
BITMAP
0700
0F80
1880
1040
2040
0000
30E0
F160
3060
3060
3060
3060
3060
3060
31E0
3F68
1E70
ENDCHAR
STARTCHAR uni0218
ENCODING 536
SWIDTH 476 0
DWIDTH 11 0
BBX 9 21 1 -6
BITMAP
3E00
6300
C000
C000
E000
7800
3C00
0F00
0380
0180
8180
8180
C300
FF00
3C00
0000
0C00
1C00
0400
0400
0800
ENDCHAR
STARTCHAR uni0219
ENCODING 537
SWIDTH 386 0
DWIDTH 9 0
BBX 7 17 1 -6
BITMAP
7C
CC
C0
E0
78
3C
0E
06
86
84
F8
00
10
38
18
18
10
ENDCHAR
STARTCHAR uni021A
ENCODING 538
SWIDTH 550 0
DWIDTH 13 0
BBX 12 21 0 -6
BITMAP
FFF0
8610
8610
0600
0600
0600
0600
0600
0600
0600
0600
0600
0600
0600
1F80
0000
0200
0F00
0300
0200
0600
ENDCHAR
STARTCHAR uni021B
ENCODING 539
SWIDTH 344 0
DWIDTH 8 0
BBX 8 21 0 -6
BITMAP
10
30
30
30
FF
30
30
30
30
30
30
30
31
3E
1C
00
18
38
0C
08
10
ENDCHAR
STARTCHAR uni021C
ENCODING 540
SWIDTH 503 0
DWIDTH 12 0
BBX 10 18 1 -3
BITMAP
3F00
E180
40C0
80C0
00C0
0180
0300
0780
1FC0
21C0
00C0
00C0
00C0
0180
0300
0E00
3800
4000
ENDCHAR
STARTCHAR uni021D
ENCODING 541
SWIDTH 427 0
DWIDTH 10 0
BBX 8 17 1 -6
BITMAP
7E
C7
83
83
03
06
0C
1E
27
03
03
03
06
0E
18
30
C0
ENDCHAR
STARTCHAR uni021E
ENCODING 542
SWIDTH 653 0
DWIDTH 16 0
BBX 15 21 0 0
BITMAP
0820
0660
03C0
0180
0000
0000
FC7E
3018
3018
3018
3018
3018
3018
3FF8
3018
3018
3018
3018
3018
3018
FC7E
ENDCHAR
STARTCHAR uni021F
ENCODING 543
SWIDTH 551 0
DWIDTH 13 0
BBX 13 24 0 0
BITMAP
1040
0CC0
0780
0300
0000
0000
3000
F000
3000
3000
3000
3000
3000
31C0
37E0
3C60
3860
3060
3060
3060
3060
3060
3060
FDF8
ENDCHAR
STARTCHAR uni0220
ENCODING 544
SWIDTH 603 0
DWIDTH 14 0
BBX 15 19 0 -4
BITMAP
30F0
F3F8
3738
3C18
3818
3818
3018
3018
3018
3018
3018
3018
3018
3018
FC18
0018
0018
0018
007E
ENDCHAR
STARTCHAR uni0221
ENCODING 545
SWIDTH 633 0
DWIDTH 16 0
BBX 14 21 1 -3
BITMAP
00C0
03C0
00C0
00C0
00C0
00C0
00C0
1FC0
21C0
60C0
40C0
C0C0
C0D8
C0FC
C0CC
618C
728C
3CF8
0080
0100
0100
ENDCHAR
STARTCHAR uni0222
ENCODING 546
SWIDTH 556 0
DWIDTH 13 0
BBX 11 15 1 0
BITMAP
1F00
31C0
60C0
60C0
7980
3F00
1380
20C0
4060
C060
C060
E060
F0C0
7F80
3F00
ENDCHAR
STARTCHAR uni0223
ENCODING 547
SWIDTH 502 0
DWIDTH 12 0
BBX 10 18 1 0
BITMAP
1E00
3380
6180
6180
6180
7B00
3E00
1F00
3780
6180
61C0
C0C0
C0C0
C0C0
C0C0
6180
7100
3E00
ENDCHAR
STARTCHAR uni0224
ENCODING 548
SWIDTH 522 0
DWIDTH 13 0
BBX 11 19 1 -4
BITMAP
7FE0
40C0
41C0
0180
0300
0700
0600
0C00
0C00
1800
3800
3000
6000
6000
FFE0
0060
0060
00C0
0100
ENDCHAR
STARTCHAR uni0225
ENCODING 549
SWIDTH 441 0
DWIDTH 11 0
BBX 9 15 1 -4
BITMAP
7F80
8300
8600
0600
0C00
1800
1800
3000
6000
6000
FF80
0180
0180
0300
0400
ENDCHAR
STARTCHAR uni0226
ENCODING 550
SWIDTH 595 0
DWIDTH 14 0
BBX 14 19 0 0
BITMAP
0300
0300
0300
0000
0100
0300
0300
0780
0580
04C0
0CC0
08C0
0860
1FE0
1060
1030
3030
2030
F87C
ENDCHAR
STARTCHAR uni0227
ENCODING 551
SWIDTH 458 0
DWIDTH 11 0
BBX 10 16 1 0
BITMAP
0C00
0C00
0800
0000
0000
1E00
6300
C300
0300
0700
3B00
4300
C300
C700
FFC0
7300
ENDCHAR
STARTCHAR uni0228
ENCODING 552
SWIDTH 496 0
DWIDTH 12 0
BBX 11 20 0 -5
BITMAP
FFC0
3040
3040
3000
3000
3000
3F80
3100
3000
3000
3000
3000
3020
3020
FFE0
0400
0600
0700
0300
0C00
ENDCHAR
STARTCHAR uni0229
ENCODING 553
SWIDTH 461 0
DWIDTH 11 0
BBX 9 16 1 -5
BITMAP
1E00
2300
4180
C180
FF80
C000
C000
E080
7180
7F00
3E00
0C00
0E00
0600
0600
1800
ENDCHAR
STARTCHAR uni022A
ENCODING 554
SWIDTH 600 0
DWIDTH 14 0
BBX 12 23 1 0
BITMAP
1FC0
3FC0
0000
0000
1080
3180
3180
0000
0F00
1FC0
30E0
6060
4070
C030
C030
C030
C030
C030
E060
6060
70C0
3F80
1F00
ENDCHAR
STARTCHAR uni022B
ENCODING 555
SWIDTH 502 0
DWIDTH 12 0
BBX 10 19 1 0
BITMAP
3F80
7F80
0000
2100
6300
6300
0000
0000
1E00
2380
4180
C0C0
C0C0
C0C0
C0C0
C0C0
6180
7100
1E00
ENDCHAR
STARTCHAR uni022C
ENCODING 556
SWIDTH 600 0
DWIDTH 14 0
BBX 12 23 1 0
BITMAP
1FC0
3FC0
0000
0040
0C40
3E80
0100
0000
0F00
1FC0
30E0
6060
4070
C030
C030
C030
C030
C030
E060
6060
70C0
3F80
1F00
ENDCHAR
STARTCHAR uni022D
ENCODING 557
SWIDTH 502 0
DWIDTH 12 0
BBX 10 19 1 0
BITMAP
3F80
7F80
0000
1C80
2F80
4700
0000
0000
1E00
2380
4180
C0C0
C0C0
C0C0
C0C0
C0C0
6180
7100
1E00
ENDCHAR
STARTCHAR uni022E
ENCODING 558
SWIDTH 600 0
DWIDTH 14 0
BBX 12 19 1 0
BITMAP
0200
0600
0600
0000
0F00
1FC0
30E0
6060
4070
C030
C030
C030
C030
C030
E060
6060
70C0
3F80
1F00
ENDCHAR
STARTCHAR uni022F
ENCODING 559
SWIDTH 502 0
DWIDTH 12 0
BBX 10 16 1 0
BITMAP
0400
0C00
0C00
0000
0000
1E00
2380
4180
C0C0
C0C0
C0C0
C0C0
C0C0
6180
7100
1E00
ENDCHAR
STARTCHAR uni0230
ENCODING 560
SWIDTH 600 0
DWIDTH 14 0
BBX 12 23 1 0
BITMAP
1FC0
3FC0
0000
0000
0200
0600
0600
0000
0F00
1FC0
30E0
6060
4070
C030
C030
C030
C030
C030
E060
6060
70C0
3F80
1F00
ENDCHAR
STARTCHAR uni0231
ENCODING 561
SWIDTH 502 0
DWIDTH 12 0
BBX 10 19 1 0
BITMAP
3F80
7F80
0000
0400
0C00
0C00
0000
0000
1E00
2380
4180
C0C0
C0C0
C0C0
C0C0
C0C0
6180
7100
1E00
ENDCHAR
STARTCHAR uni0232
ENCODING 562
SWIDTH 594 0
DWIDTH 14 0
BBX 14 19 0 0
BITMAP
0FE0
1FE0
0000
0000
E07C
3030
3830
1860
0C40
0CC0
0680
0780
0300
0300
0300
0300
0300
0300
0FC0
ENDCHAR
STARTCHAR uni0233
ENCODING 563
SWIDTH 493 0
DWIDTH 12 0
BBX 13 21 -1 -6
BITMAP
0FE0
1FE0
0000
0000
7C78
1820
1820
1860
0C40
0C40
0480
0680
0780
0300
0300
0300
0200
0600
0400
7800
F000
ENDCHAR
STARTCHAR uni0234
ENCODING 564
SWIDTH 356 0
DWIDTH 9 0
BBX 9 20 -1 -2
BITMAP
1800
7800
1800
1800
1800
1800
1800
1800
1800
1800
1800
1800
1800
1800
1F00
3980
3980
4F00
8000
8000
ENDCHAR
STARTCHAR uni0235
ENCODING 565
SWIDTH 649 0
DWIDTH 17 0
BBX 16 13 0 -2
BITMAP
31C0
F7E0
3460
3860
3060
3060
3060
307E
3063
30E3
7D3E
8200
0200
ENDCHAR
STARTCHAR uni0236
ENCODING 566
SWIDTH 354 0
DWIDTH 9 0
BBX 9 17 -1 -2
BITMAP
0800
1800
1800
1800
7F80
1800
1800
1800
1800
1800
1800
1F00
3980
3980
4F00
8000
8000
ENDCHAR
STARTCHAR uni0237
ENCODING 567
SWIDTH 258 0
DWIDTH 6 0
BBX 7 17 -3 -6
BITMAP
06
1E
06
06
06
06
06
06
06
06
06
06
06
04
4C
F8
F0
ENDCHAR
STARTCHAR uni0238
ENCODING 568
SWIDTH 803 0
DWIDTH 19 0
BBX 17 18 1 0
BITMAP
00C000
03C000
00C000
00C000
00C000
00C000
00C000
1FCE00
21BF00
60E380
40C180
C0C180
C0C180
C0C180
E0C100
71E300
7FFE00
3C3C00
ENDCHAR
STARTCHAR uni0239
ENCODING 569
SWIDTH 798 0
DWIDTH 19 0
BBX 17 17 1 -6
BITMAP
0F5E00
31E300
60C180
40C180
C0C180
C0C180
C0C180
E0C180
73E300
7FFE00
3CCC00
00C000
00C000
00C000
00C000
00C000
03F000
ENDCHAR
STARTCHAR uni023A
ENCODING 570
SWIDTH 595 0
DWIDTH 14 0
BBX 14 19 0 -2
BITMAP
0008
0110
0330
0320
07E0
07C0
05C0
04C0
0DC0
09C0
0B60
1FE0
1460
1C30
3830
3830
F07C
3800
2000
ENDCHAR
STARTCHAR uni023B
ENCODING 571
SWIDTH 536 0
DWIDTH 13 0
BBX 11 19 1 -2
BITMAP
0020
0060
07E0
18C0
2080
6100
4100
C200
C200
C400
C400
C800
D000
7020
7840
3F80
4F00
4000
8000
ENDCHAR
STARTCHAR uni023C
ENCODING 572
SWIDTH 437 0
DWIDTH 10 0
BBX 9 15 1 -2
BITMAP
0080
0100
0F00
3380
6300
4400
C400
C800
C800
D100
F180
7F00
3C00
2000
4000
ENDCHAR
STARTCHAR uni023D
ENCODING 573
SWIDTH 476 0
DWIDTH 11 0
BBX 11 15 0 0
BITMAP
FC00
3000
3000
3000
3000
3000
3000
3000
FE00
3000
3000
3000
3020
3020
FFE0
ENDCHAR
STARTCHAR uni023E
ENCODING 574
SWIDTH 550 0
DWIDTH 13 0
BBX 12 19 0 -2
BITMAP
0010
0020
FFF0
8650
86D0
0680
0700
0700
0600
0600
0600
0E00
0E00
1E00
1600
3600
3F80
4000
C000
ENDCHAR
STARTCHAR uni023F
ENCODING 575
SWIDTH 386 0
DWIDTH 9 0
BBX 7 16 1 -5
BITMAP
7C
CC
C0
E0
F8
7C
1E
06
86
84
F8
60
30
36
16
1C
ENDCHAR
STARTCHAR uni0240
ENCODING 576
SWIDTH 441 0
DWIDTH 11 0
BBX 9 16 1 -5
BITMAP
7F80
8300
8600
0600
0C00
1800
1800
3000
6000
4000
E000
3000
1800
0980
0D80
0700
ENDCHAR
STARTCHAR uni0241
ENCODING 577
SWIDTH 463 0
DWIDTH 12 0
BBX 11 15 0 0
BITMAP
1F80
60C0
C060
C060
C060
00C0
01C0
0300
0600
0600
0600
0600
0600
0600
1F80
ENDCHAR
STARTCHAR uni0242
ENCODING 578
SWIDTH 400 0
DWIDTH 10 0
BBX 8 11 1 0
BITMAP
3E
47
C3
C3
06
0C
18
18
18
18
7E
ENDCHAR
STARTCHAR uni0243
ENCODING 579
SWIDTH 549 0
DWIDTH 13 0
BBX 12 15 0 0
BITMAP
7F80
B0C0
3060
3060
3060
3080
3FC0
30E0
3070
3030
FE30
3030
3030
3060
FF80
ENDCHAR
STARTCHAR uni0244
ENCODING 580
SWIDTH 653 0
DWIDTH 16 0
BBX 16 15 0 0
BITMAP
FC3F
300C
300C
300C
300C
300C
300C
FFFF
300C
300C
300C
381C
1C38
1FF0
07E0
ENDCHAR
STARTCHAR uni0245
ENCODING 581
SWIDTH 595 0
DWIDTH 14 0
BBX 14 15 0 0
BITMAP
0100
0300
0300
0780
0580
04C0
0CC0
08C0
0860
1860
1060
1030
3030
2030
F87C
ENDCHAR
STARTCHAR uni0246
ENCODING 582
SWIDTH 496 0
DWIDTH 12 0
BBX 12 19 0 -2
BITMAP
0010
0020
FFE0
3040
30C0
3080
3180
3100
3F80
3700
3400
3C00
3800
3800
3020
3020
FFE0
6000
4000
ENDCHAR
STARTCHAR uni0247
ENCODING 583
SWIDTH 461 0
DWIDTH 11 0
BBX 9 15 1 -2
BITMAP
0080
0100
1F00
2380
4780
C580
FF80
C800
D800
D080
E180
7F00
5C00
4000
8000
ENDCHAR
STARTCHAR uni0248
ENCODING 584
SWIDTH 305 0
DWIDTH 7 0
BBX 9 20 -2 -5
BITMAP
1F80
0600
0600
0600
0600
0600
0600
3F80
0600
0600
0600
0600
0600
0600
0600
0600
0400
8C00
F800
F000
ENDCHAR
STARTCHAR uni0249
ENCODING 585
SWIDTH 258 0
DWIDTH 6 0
BBX 9 22 -3 -6
BITMAP
0600
0600
0600
0000
0000
0600
1E00
0600
0600
0600
1F80
0600
0600
0600
0600
0600
0600
0600
0400
4C00
F800
E000
ENDCHAR
STARTCHAR uni024A
ENCODING 586
SWIDTH 600 0
DWIDTH 14 0
BBX 16 21 1 -6
BITMAP
07A0
1FE0
38E0
6060
6060
C060
C060
C060
C060
C060
E060
60E0
71E0
3F60
1E60
0060
0060
0060
0063
0062
003C
ENDCHAR
STARTCHAR uni024B
ENCODING 587
SWIDTH 514 0
DWIDTH 12 0
BBX 14 17 1 -6
BITMAP
0F40
31C0
60C0
40C0
C0C0
C0C0
C0C0
E0C0
73C0
7FC0
3CC0
00C0
00C0
00C0
00CC
00C8
0070
ENDCHAR
STARTCHAR uni024C
ENCODING 588
SWIDTH 561 0
DWIDTH 13 0
BBX 13 15 0 0
BITMAP
7F00
B180
30C0
30C0
30C0
30C0
3180
FF00
3200
3300
3180
3080
30C0
3060
FC78
ENDCHAR
STARTCHAR uni024D
ENCODING 589
SWIDTH 395 0
DWIDTH 10 0
BBX 9 11 0 0
BITMAP
3380
F780
3C80
3880
3000
FE00
3000
3000
3000
3000
FC00
ENDCHAR
STARTCHAR uni024E
ENCODING 590
SWIDTH 594 0
DWIDTH 14 0
BBX 14 15 0 0
BITMAP
E07C
3030
3820
7FF8
0C40
0EC0
0780
0780
0300
0300
0300
0300
0300
0300
0FC0
ENDCHAR
STARTCHAR uni024F
ENCODING 591
SWIDTH 493 0
DWIDTH 12 0
BBX 13 17 -1 -6
BITMAP
7C78
1820
1860
7FF0
0C40
0CC0
0680
0680
0780
0300
0300
0300
0200
0600
0C00
7800
F000
ENDCHAR
STARTCHAR uni0250
ENCODING 592
SWIDTH 472 0
DWIDTH 11 0
BBX 10 11 0 0
BITMAP
3380
F7C0
3CC0
30C0
3080
3100
3E00
3000
30C0
3080
1F00
ENDCHAR
STARTCHAR uni0251
ENCODING 593
SWIDTH 499 0
DWIDTH 12 0
BBX 11 11 1 0
BITMAP
1E80
2380
4180
C180
C180
C180
C180
E180
6380
7DE0
3980
ENDCHAR
STARTCHAR uni0252
ENCODING 594
SWIDTH 513 0
DWIDTH 12 0
BBX 11 11 0 0
BITMAP
3380
F7C0
38E0
3060
3060
3060
3060
3060
38C0
3F80
2700
ENDCHAR
STARTCHAR uni0253
ENCODING 595
SWIDTH 507 0
DWIDTH 12 0
BBX 9 18 2 0
BITMAP
0E00
3F00
6380
6000
C000
C000
C000
CE00
DF00
E380
C180
C180
C180
C180
C180
E300
FE00
3C00
ENDCHAR
STARTCHAR uni0254
ENCODING 596
SWIDTH 451 0
DWIDTH 11 0
BBX 9 11 1 0
BITMAP
1C00
7F00
C700
0380
0180
0180
6180
C180
C100
E200
3C00
ENDCHAR
STARTCHAR uni0255
ENCODING 597
SWIDTH 437 0
DWIDTH 10 0
BBX 8 12 1 -1
BITMAP
1F
27
40
C0
C0
CE
DF
E3
43
7E
DC
80
ENDCHAR
STARTCHAR uni0256
ENCODING 598
SWIDTH 502 0
DWIDTH 12 0
BBX 14 24 1 -6
BITMAP
0180
0780
0180
0180
0180
0180
0180
1F80
2380
4180
C180
C180
C180
C180
E180
6380
7F80
3980
0180
0180
0180
018C
0188
00F0
ENDCHAR
STARTCHAR uni0257
ENCODING 599
SWIDTH 520 0
DWIDTH 12 0
BBX 14 18 1 0
BITMAP
0038
00F8
009C
0180
0180
0180
0180
1F80
2380
4180
C180
C180
C180
C180
E180
6380
7DA0
39C0
ENDCHAR
STARTCHAR uni0258
ENCODING 600
SWIDTH 461 0
DWIDTH 11 0
BBX 9 11 1 0
BITMAP
1E00
6300
C100
C180
FF80
0180
0180
8180
C300
7E00
3C00
ENDCHAR
STARTCHAR uni0259
ENCODING 601
SWIDTH 454 0
DWIDTH 11 0
BBX 9 11 1 0
BITMAP
1C00
7F00
C700
0380
0180
0180
7F80
C180
C100
6200
3C00
ENDCHAR
STARTCHAR uni025A
ENCODING 602
SWIDTH 601 0
DWIDTH 14 0
BBX 14 11 1 0
BITMAP
1E08
7F10
C3F0
019C
0380
0D80
3180
C180
C100
E200
3C00
ENDCHAR
STARTCHAR uni025B
ENCODING 603
SWIDTH 426 0
DWIDTH 10 0
BBX 9 11 1 0
BITMAP
1F00
6300
C000
C000
E000
3800
E000
C080
E100
FE00
3C00
ENDCHAR
STARTCHAR uni025C
ENCODING 604
SWIDTH 426 0
DWIDTH 10 0
BBX 9 11 0 0
BITMAP
3E00
6380
4180
0180
0300
0F00
0380
8180
4380
7F00
1E00
ENDCHAR
STARTCHAR uni025D
ENCODING 605
SWIDTH 557 0
DWIDTH 13 0
BBX 14 11 0 0
BITMAP
3E08
63B0
41D0
011C
0300
0E00
0380
8180
4380
7F00
1E00
ENDCHAR
STARTCHAR uni025E
ENCODING 606
SWIDTH 467 0
DWIDTH 11 0
BBX 9 11 1 0
BITMAP
1F00
2380
4180
C180
C300
CE00
C380
E180
7180
7F00
1E00
ENDCHAR
STARTCHAR uni025F
ENCODING 607
SWIDTH 290 0
DWIDTH 7 0
BBX 9 17 -2 -6
BITMAP
0600
1E00
0600
0600
0600
0600
0600
0600
0600
0600
3F80
0600
0600
0400
4C00
F800
E000
ENDCHAR
STARTCHAR uni0260
ENCODING 608
SWIDTH 504 0
DWIDTH 12 0
BBX 14 24 1 -6
BITMAP
0038
00F8
009C
0180
0180
0180
0180
1F80
2380
6180
4180
C180
C180
C180
E180
E380
7F80
3D80
0180
0180
0100
0300
C200
FC00
ENDCHAR
STARTCHAR uni0261
ENCODING 609
SWIDTH 480 0
DWIDTH 12 0
BBX 10 17 1 -6
BITMAP
0F40
31C0
60C0
40C0
C0C0
C0C0
C0C0
E0C0
73C0
7FC0
3CC0
00C0
00C0
0080
0180
6100
7E00
ENDCHAR
STARTCHAR uni0262
ENCODING 610
SWIDTH 491 0
DWIDTH 12 0
BBX 11 11 1 0
BITMAP
0F80
30C0
6000
C000
C000
C000
C3E0
C0C0
60C0
70C0
1F80
ENDCHAR
STARTCHAR uni0263
ENCODING 611
SWIDTH 493 0
DWIDTH 12 0
BBX 12 17 0 -6
BITMAP
F8F0
7060
3040
3880
1880
1D00
0D00
0E00
0600
0700
0F00
0F00
1980
1980
1980
1900
0E00
ENDCHAR
STARTCHAR uni0264
ENCODING 612
SWIDTH 539 0
DWIDTH 13 0
BBX 12 11 0 0
BITMAP
7030
7870
DC90
8D10
0700
0200
0700
0D80
0D80
0D80
0700
ENDCHAR
STARTCHAR uni0265
ENCODING 613
SWIDTH 529 0
DWIDTH 13 0
BBX 13 17 0 -6
BITMAP
30E0
F160
3060
3060
3060
3060
3060
30E0
31E0
3F60
1E60
0060
0060
0060
0060
0070
0068
ENDCHAR
STARTCHAR uni0266
ENCODING 614
SWIDTH 551 0
DWIDTH 13 0
BBX 13 18 0 0
BITMAP
0380
07C0
08E0
1800
3000
3000
3000
31C0
37E0
3C60
3860
3060
3060
3060
3060
3060
3060
FDF8
ENDCHAR
STARTCHAR uni0267
ENCODING 615
SWIDTH 546 0
DWIDTH 13 0
BBX 11 24 0 -6
BITMAP
0380
07C0
08E0
1800
3000
3000
3000
31C0
37E0
3C60
3860
3060
3060
3060
3060
3060
3060
FC60
0060
0060
00C0
18C0
1F80
0E00
ENDCHAR
STARTCHAR uni0268
ENCODING 616
SWIDTH 270 0
DWIDTH 7 0
BBX 6 16 0 0
BITMAP
30
30
30
00
00
30
F0
30
30
30
FC
30
30
30
30
FC
ENDCHAR
STARTCHAR uni0269
ENCODING 617
SWIDTH 282 0
DWIDTH 7 0
BBX 7 11 0 0
BITMAP
30
F0
30
30
30
30
30
30
30
3E
38
ENDCHAR
STARTCHAR uni026A
ENCODING 618
SWIDTH 278 0
DWIDTH 7 0
BBX 6 11 0 0
BITMAP
FC
30
30
30
30
30
30
30
30
30
FC
ENDCHAR
STARTCHAR uni026B
ENCODING 619
SWIDTH 333 0
DWIDTH 8 0
BBX 8 18 0 0
BITMAP
18
78
18
18
18
18
38
79
9E
1C
18
18
18
18
18
18
18
7E
ENDCHAR
STARTCHAR uni026C
ENCODING 620
SWIDTH 360 0
DWIDTH 9 0
BBX 10 18 0 0
BITMAP
0C00
3C00
0C00
0C00
0C00
0C00
7C00
CC00
CC80
ECC0
7F00
0C00
0C00
0C00
0C00
0C00
0C00
3F00
ENDCHAR
STARTCHAR uni026D
ENCODING 621
SWIDTH 271 0
DWIDTH 7 0
BBX 9 24 0 -6
BITMAP
3000
F000
3000
3000
3000
3000
3000
3000
3000
3000
3000
3000
3000
3000
3000
3000
3000
3000
3000
3000
3000
3180
3100
1E00
ENDCHAR
STARTCHAR uni026E
ENCODING 622
SWIDTH 571 0
DWIDTH 14 0
BBX 13 24 0 -6
BITMAP
3000
F000
3000
3000
3000
3000
3000
3FF0
3820
3060
30C0
3180
3300
33E0
3070
3030
3018
FC18
0018
0018
0010
0830
1C20
07C0
ENDCHAR
STARTCHAR uni026F
ENCODING 623
SWIDTH 791 0
DWIDTH 20 0
BBX 20 11 0 0
BITMAP
3061C0
F1E2C0
3060C0
3060C0
3060C0
3060C0
3060C0
30E1C0
31E3C0
3F7ED0
1C38E0
ENDCHAR
STARTCHAR uni0270
ENCODING 624
SWIDTH 791 0
DWIDTH 20 0
BBX 20 17 0 -6
BITMAP
3061C0
F1E2C0
3060C0
3060C0
3060C0
3060C0
3060C0
30E1C0
31E3C0
3F7EC0
1C3CC0
0000C0
0000C0
0000C0
0000C0
0000E0
0000D0
ENDCHAR
STARTCHAR uni0271
ENCODING 625
SWIDTH 797 0
DWIDTH 20 0
BBX 18 17 0 -6
BITMAP
31C380
F7EFC0
3C78C0
3870C0
3060C0
3060C0
3060C0
3060C0
3060C0
3060C0
78F0C0
8508C0
0000C0
000180
003180
007F00
001C00
ENDCHAR
STARTCHAR uni0272
ENCODING 626
SWIDTH 546 0
DWIDTH 13 0
BBX 16 17 -3 -6
BITMAP
0238
1E7C
068C
070C
060C
060C
060C
060C
060C
060C
063F
0600
0600
0600
0C00
7800
F000
ENDCHAR
STARTCHAR uni0273
ENCODING 627
SWIDTH 557 0
DWIDTH 13 0
BBX 16 17 0 -6
BITMAP
31C0
F3E0
3460
3860
3060
3060
3060
3060
3060
3060
7C60
8060
0060
0060
0063
0062
003C
ENDCHAR
STARTCHAR uni0274
ENCODING 628
SWIDTH 573 0
DWIDTH 14 0
BBX 14 11 0 0
BITMAP
F0FC
3030
3830
3430
3630
3330
31B0
31F0
30F0
3070
FC30
ENDCHAR
STARTCHAR uni0275
ENCODING 629
SWIDTH 502 0
DWIDTH 12 0
BBX 10 11 1 0
BITMAP
1E00
2380
4180
C0C0
C0C0
FFC0
C0C0
C0C0
6180
7100
1E00
ENDCHAR
STARTCHAR uni0276
ENCODING 630
SWIDTH 661 0
DWIDTH 16 0
BBX 14 11 1 0
BITMAP
1FFC
2188
6180
C180
C180
C1F8
C180
C184
6184
71FC
1FFC
ENDCHAR
STARTCHAR uni0277
ENCODING 631
SWIDTH 642 0
DWIDTH 16 0
BBX 14 11 1 0
BITMAP
0FC0
3030
6018
430C
C30C
C30C
C30C
C30C
E798
7DF8
38F0
ENDCHAR
STARTCHAR uni0278
ENCODING 632
SWIDTH 600 0
DWIDTH 15 0
BBX 13 24 1 -6
BITMAP
0300
0F00
0300
0300
0300
0300
0300
0FC0
3360
6330
4318
C318
C318
C318
E318
6330
7B70
3FE0
0780
0300
0300
0300
0300
0FC0
ENDCHAR
STARTCHAR uni0279
ENCODING 633
SWIDTH 395 0
DWIDTH 10 0
BBX 8 11 1 0
BITMAP
0E
1E
06
06
06
06
0E
8E
9E
F6
E7
ENDCHAR
STARTCHAR uni027A
ENCODING 634
SWIDTH 395 0
DWIDTH 10 0
BBX 9 18 1 0
BITMAP
0600
1E00
0600
0600
0600
0600
0600
0600
0600
0600
0600
0600
0600
0600
8E00
9E00
F700
E680
ENDCHAR
STARTCHAR uni027B
ENCODING 635
SWIDTH 364 0
DWIDTH 9 0
BBX 12 17 1 -6
BITMAP
0E00
1600
0600
0600
0600
0600
0600
8E00
9E00
F600
E600
0600
0600
0600
0630
0620
03C0
ENDCHAR
STARTCHAR uni027C
ENCODING 636
SWIDTH 395 0
DWIDTH 10 0
BBX 9 17 0 -6
BITMAP
3380
F780
3C80
3880
3000
3000
3000
3000
3000
3000
3000
3000
3000
3000
3000
3000
FC00
ENDCHAR
STARTCHAR uni027D
ENCODING 637
SWIDTH 395 0
DWIDTH 10 0
BBX 9 17 0 -6
BITMAP
3380
F780
3C80
3880
3000
3000
3000
3000
3000
3000
3000
3000
3000
3000
3180
3100
1E00
ENDCHAR
STARTCHAR uni027E
ENCODING 638
SWIDTH 364 0
DWIDTH 9 0
BBX 8 11 0 0
BITMAP
07
0F
19
31
30
30
30
30
30
30
FC
ENDCHAR
STARTCHAR uni027F
ENCODING 639
SWIDTH 332 0
DWIDTH 8 0
BBX 9 17 0 -6
BITMAP
1C00
7E00
4600
C600
4600
0600
0600
0600
0600
0600
0600
0600
0600
0600
0600
0600
1F80
ENDCHAR
STARTCHAR uni0280
ENCODING 640
SWIDTH 502 0
DWIDTH 12 0
BBX 12 11 0 0
BITMAP
FF00
31C0
30C0
30C0
3180
3F00
3600
3300
3180
30C0
FCF0
ENDCHAR
STARTCHAR uni0281
ENCODING 641
SWIDTH 482 0
DWIDTH 12 0
BBX 11 11 0 0
BITMAP
30E0
F180
3100
3300
3600
3E00
3180
30C0
30C0
3180
FF00
ENDCHAR
STARTCHAR uni0282
ENCODING 642
SWIDTH 386 0
DWIDTH 9 0
BBX 7 17 1 -6
BITMAP
3E
46
C0
E0
78
3C
0E
06
86
C6
FC
C0
C0
C0
CC
CC
78
ENDCHAR
STARTCHAR uni0283
ENCODING 643
SWIDTH 246 0
DWIDTH 5 0
BBX 12 24 -4 -6
BITMAP
00E0
03F0
0320
0600
0600
0600
0600
0600
0600
0600
0600
0600
0300
0300
0300
0300
0300
0300
0300
0300
0200
4600
FC00
7000
ENDCHAR
STARTCHAR uni0284
ENCODING 644
SWIDTH 310 0
DWIDTH 7 0
BBX 12 24 -2 -6
BITMAP
00E0
03E0
0270
0600
0600
0600
0600
0600
0600
0600
3FC0
0600
0600
0600
0600
0600
0600
0600
0600
0600
0400
4C00
F800
E000
ENDCHAR
STARTCHAR uni0285
ENCODING 645
SWIDTH 332 0
DWIDTH 8 0
BBX 11 17 0 -6
BITMAP
3800
FC00
8C00
8C00
8C00
0C00
0C00
0C00
0C00
0C00
0C00
0C00
0C00
0C60
0CC0
0F80
0700
ENDCHAR
STARTCHAR uni0286
ENCODING 646
SWIDTH 246 0
DWIDTH 6 0
BBX 11 24 -3 -6
BITMAP
01C0
03E0
0640
0C00
0C00
0C00
0C00
0C00
0C00
0C00
0C00
0C00
0600
0600
0600
0600
0600
0600
0600
7E00
C400
C600
F900
7080
ENDCHAR
STARTCHAR uni0287
ENCODING 647
SWIDTH 344 0
DWIDTH 8 0
BBX 8 15 0 -4
BITMAP
38
7C
8C
0C
0C
0C
0C
0C
0C
0C
FF
0C
0C
0C
08
ENDCHAR
STARTCHAR uni0288
ENCODING 648
SWIDTH 334 0
DWIDTH 8 0
BBX 9 21 0 -6
BITMAP
1000
3000
3000
3000
FF00
3000
3000
3000
3000
3000
3000
3000
3000
3000
3000
3000
3000
3000
3180
3100
1E00
ENDCHAR
STARTCHAR uni0289
ENCODING 649
SWIDTH 529 0
DWIDTH 13 0
BBX 13 11 0 0
BITMAP
70E0
B160
3060
3060
3060
7FF8
B060
3060
31E0
3F78
1E70
ENDCHAR
STARTCHAR uni028A
ENCODING 650
SWIDTH 474 0
DWIDTH 11 0
BBX 9 11 1 0
BITMAP
F780
3600
6300
4380
C180
C180
C180
C180
E100
6300
3C00
ENDCHAR
STARTCHAR uni028B
ENCODING 651
SWIDTH 485 0
DWIDTH 12 0
BBX 11 11 0 0
BITMAP
3380
F1C0
30E0
3060
3060
3060
3060
3040
38C0
3F80
1F00
ENDCHAR
STARTCHAR uni028C
ENCODING 652
SWIDTH 493 0
DWIDTH 12 0
BBX 12 11 0 0
BITMAP
0600
0600
0A00
0B00
0B00
1180
1180
3080
20C0
20C0
F1F0
ENDCHAR
STARTCHAR uni028D
ENCODING 653
SWIDTH 706 0
DWIDTH 17 0
BBX 17 11 0 0
BITMAP
0C1800
0C1800
0E3800
162800
162C00
134C00
334400
21C600
218600
618200
F08F80
ENDCHAR
STARTCHAR uni028E
ENCODING 654
SWIDTH 493 0
DWIDTH 12 0
BBX 13 18 0 0
BITMAP
0078
00F0
0180
0300
0300
0200
0600
0600
0600
0A00
0B00
1B00
1180
1180
3080
20C0
20C0
F1F0
ENDCHAR
STARTCHAR uni028F
ENCODING 655
SWIDTH 483 0
DWIDTH 12 0
BBX 12 11 0 0
BITMAP
E0F0
3040
1880
1980
0D00
0700
0600
0600
0600
0600
1F80
ENDCHAR
STARTCHAR uni0290
ENCODING 656
SWIDTH 441 0
DWIDTH 11 0
BBX 14 17 0 -6
BITMAP
7FC0
4180
4380
0700
0600
0C00
1800
3800
3040
60C0
FFC0
00C0
00C0
00C0
00CC
00CC
0078
ENDCHAR
STARTCHAR uni0291
ENCODING 657
SWIDTH 445 0
DWIDTH 12 0
BBX 10 14 1 -3
BITMAP
7F80
4300
8300
0600
0C00
0C00
1980
33C0
34C0
68C0
FF80
0800
0800
0800
ENDCHAR
STARTCHAR uni0292
ENCODING 658
SWIDTH 449 0
DWIDTH 11 0
BBX 10 17 0 -6
BITMAP
7F80
4380
4300
0600
0C00
0C00
1800
3E00
0380
01C0
00C0
00C0
00C0
00C0
4180
E100
7E00
ENDCHAR
STARTCHAR uni0293
ENCODING 659
SWIDTH 449 0
DWIDTH 11 0
BBX 10 17 0 -6
BITMAP
7F80
4380
4300
0600
0C00
0C00
1800
3F00
0380
01C0
00C0
3CC0
42C0
C1C0
C080
E180
3E40
ENDCHAR
STARTCHAR uni0294
ENCODING 660
SWIDTH 434 0
DWIDTH 11 0
BBX 9 18 1 0
BITMAP
1E00
6300
C180
C180
8180
0180
0300
0600
0400
0C00
1800
1800
1800
1800
1800
1800
1800
7E00
ENDCHAR
STARTCHAR uni0295
ENCODING 661
SWIDTH 434 0
DWIDTH 10 0
BBX 10 18 0 0
BITMAP
1F00
6380
4180
C080
C040
C000
E000
7000
3800
1800
1C00
0C00
0C00
0C00
0C00
0C00
0C00
3F00
ENDCHAR
STARTCHAR uni0296
ENCODING 662
SWIDTH 454 0
DWIDTH 11 0
BBX 10 18 0 0
BITMAP
3F00
0C00
0C00
0C00
0C00
0C00
0C00
0E00
0600
0700
0380
0180
00C0
00C0
C0C0
6080
7180
3E00
ENDCHAR
STARTCHAR uni0297
ENCODING 663
SWIDTH 432 0
DWIDTH 10 0
BBX 10 17 1 -6
BITMAP
0F80
3180
2000
6000
4000
C000
C000
C000
C000
C000
C000
C000
E000
6080
70C0
3F00
1E00
ENDCHAR
STARTCHAR uni0298
ENCODING 664
SWIDTH 619 0
DWIDTH 15 0
BBX 13 15 1 0
BITMAP
0F80
1FE0
30F0
6030
6038
C018
C318
C718
C718
C018
E030
6030
7860
3FC0
0F80
ENDCHAR
STARTCHAR uni0299
ENCODING 665
SWIDTH 480 0
DWIDTH 12 0
BBX 11 11 0 0
BITMAP
FF00
31C0
30C0
30C0
3180
3F80
30C0
3060
3060
30C0
FF80
ENDCHAR
STARTCHAR uni029A
ENCODING 666
SWIDTH 468 0
DWIDTH 11 0
BBX 9 11 1 0
BITMAP
3C00
4300
C300
C180
E180
3980
6180
C180
E300
FE00
7C00
ENDCHAR
STARTCHAR uni029B
ENCODING 667
SWIDTH 491 0
DWIDTH 12 0
BBX 15 18 1 0
BITMAP
001C
007C
006E
00C0
00C0
00C0
00C0
0FC0
3080
6000
C000
C000
C000
C3E0
C0C0
60C0
70C0
1F80
ENDCHAR
STARTCHAR uni029C
ENCODING 668
SWIDTH 578 0
DWIDTH 14 0
BBX 14 11 0 0
BITMAP
FCFC
3030
3030
3030
3030
3FF0
3030
3030
3030
3030
FCFC
ENDCHAR
STARTCHAR uni029D
ENCODING 669
SWIDTH 258 0
DWIDTH 6 0
BBX 9 22 -3 -6
BITMAP
0600
0600
0600
0000
0000
0600
1E00
0600
0600
0600
0600
0600
0600
0600
0600
0600
0600
7E00
C400
C600
F900
7080
ENDCHAR
STARTCHAR uni029E
ENCODING 670
SWIDTH 500 0
DWIDTH 12 0
BBX 12 17 0 -6
BITMAP
61F0
B0C0
18C0
1CC0
0CC0
06C0
03C0
06C0
0CC0
10C0
F8C0
00C0
00C0
00C0
00C0
00E0
00D0
ENDCHAR
STARTCHAR uni029F
ENCODING 671
SWIDTH 434 0
DWIDTH 10 0
BBX 10 11 0 0
BITMAP
FC00
3000
3000
3000
3000
3000
3000
3000
3040
3040
FFC0
ENDCHAR
STARTCHAR uni02A0
ENCODING 672
SWIDTH 515 0
DWIDTH 12 0
BBX 14 24 1 -6
BITMAP
0038
00F8
00DC
0180
0180
0180
0180
1F80
2380
6180
C180
C180
C180
C180
E180
6380
7F80
3D80
0180
0180
0180
0180
0180
07E0
ENDCHAR
STARTCHAR uni02A1
ENCODING 673
SWIDTH 434 0
DWIDTH 11 0
BBX 9 18 1 0
BITMAP
1E00
6300
C180
C180
8180
0180
0300
0600
0C00
0C00
1800
1800
FF00
1800
1800
1800
1800
7E00
ENDCHAR
STARTCHAR uni02A2
ENCODING 674
SWIDTH 434 0
DWIDTH 10 0
BBX 10 18 0 0
BITMAP
1F00
6380
4180
C080
C040
C000
6000
7000
3800
1800
1C00
0C00
7F80
0C00
0C00
0C00
0C00
3F00
ENDCHAR
STARTCHAR uni02A3
ENCODING 675
SWIDTH 796 0
DWIDTH 19 0
BBX 17 18 1 0
BITMAP
018000
078000
018000
018000
018000
018000
018000
1FFF80
238300
418600
C18400
C18C00
C19800
C19000
E1A080
73E080
7DFF80
38FF80
ENDCHAR
STARTCHAR uni02A4
ENCODING 676
SWIDTH 859 0
DWIDTH 21 0
BBX 19 24 1 -6
BITMAP
00C000
03C000
00C000
00C000
00C000
00C000
00C000
1FFFC0
21C0C0
60C180
40C300
C0C700
C0C600
C0CC00
E0DF80
73C1C0
7FD0E0
3CE060
000060
000060
000040
0020C0
007080
003F00
ENDCHAR
STARTCHAR uni02A5
ENCODING 677
SWIDTH 800 0
DWIDTH 21 0
BBX 19 21 1 -3
BITMAP
00C000
03C000
00C000
00C000
00C000
00C000
00C000
1FFFC0
21E180
60C300
40C200
C0C600
C0CCC0
C0C9E0
E0D260
73F260
7EFFC0
3C7FC0
000400
000400
000400
ENDCHAR
STARTCHAR uni02A6
ENCODING 678
SWIDTH 635 0
DWIDTH 15 0
BBX 14 15 0 0
BITMAP
1000
3000
3000
3000
FFFC
318C
3180
31C0
30F0
3078
301C
310C
318C
3F88
1CF0
ENDCHAR
STARTCHAR uni02A7
ENCODING 679
SWIDTH 490 0
DWIDTH 11 0
BBX 14 24 0 -6
BITMAP
0038
007C
00C8
1180
3180
3180
3180
FF80
3080
3080
3080
3080
30C0
30C0
3040
31C0
3FC0
1CC0
00C0
00C0
0080
1180
3F00
1C00
ENDCHAR
STARTCHAR uni02A8
ENCODING 680
SWIDTH 681 0
DWIDTH 17 0
BBX 16 15 0 0
BITMAP
1000
3000
3000
3000
7F1F
B063
30C0
3180
3180
318E
31BF
31C3
31C3
3FFE
1C3C
ENDCHAR
STARTCHAR uni02A9
ENCODING 681
SWIDTH 834 0
DWIDTH 20 0
BBX 18 24 0 -6
BITMAP
030000
0F8000
198000
100000
300000
300000
300000
7FE380
FFE7C0
3068C0
3070C0
3060C0
3060C0
3060C0
3060C0
3060C0
3060C0
FDF8C0
0000C0
0000C0
000180
003180
003F00
001C00
ENDCHAR
STARTCHAR uni02AA
ENCODING 682
SWIDTH 591 0
DWIDTH 14 0
BBX 13 18 0 0
BITMAP
3000
F000
3000
3000
3000
3000
3000
30F8
3118
3300
3380
31E0
30F0
3038
3018
3818
3C10
F3E0
ENDCHAR
STARTCHAR uni02AB
ENCODING 683
SWIDTH 545 0
DWIDTH 13 0
BBX 12 18 0 0
BITMAP
3000
F000
3000
3000
3000
3000
3000
3FF0
3860
3060
30C0
3180
3180
3300
3600
3410
3C10
FFF0
ENDCHAR
STARTCHAR uni02AC
ENCODING 684
SWIDTH 500 0
DWIDTH 12 0
BBX 12 15 0 0
BITMAP
E270
6620
2740
2540
3940
1980
1080
0000
E270
6620
2760
2540
3940
19C0
1080
ENDCHAR
STARTCHAR uni02AD
ENCODING 685
SWIDTH 524 0
DWIDTH 13 0
BBX 9 14 2 0
BITMAP
FF80
FF80
C180
C180
C180
8100
0000
0000
0000
FF80
FF80
C180
C180
C180
ENDCHAR
STARTCHAR uni02AE
ENCODING 686
SWIDTH 649 0
DWIDTH 16 0
BBX 16 17 0 -6
BITMAP
380C
7C3C
CC0C
8C0C
8C0C
0C0C
0C0C
0C1C
0C7C
0FEC
078C
000C
000C
000C
000C
000E
000D
ENDCHAR
STARTCHAR uni02AF
ENCODING 687
SWIDTH 619 0
DWIDTH 15 0
BBX 18 17 0 -6
BITMAP
383800
7C5800
CC1800
8C1800
8C1800
0C1800
0C1800
0C3800
0C7800
0FD800
071800
001800
001800
001800
0018C0
001880
000F00
ENDCHAR
STARTCHAR uni02B0
ENCODING 688
SWIDTH 386 0
DWIDTH 9 0
BBX 9 11 0 7
BITMAP
E000
6000
6000
6000
6E00
7300
6300
6300
6300
6300
F780
ENDCHAR
STARTCHAR uni02B1
ENCODING 689
SWIDTH 386 0
DWIDTH 9 0
BBX 9 11 0 7
BITMAP
0E00
3300
6000
6000
6E00
7300
6300
6300
6300
6300
F780
ENDCHAR
STARTCHAR uni02B2
ENCODING 690
SWIDTH 181 0
DWIDTH 4 0
BBX 5 13 -2 4
BITMAP
18
18
00
38
18
18
18
18
18
18
18
10
E0
ENDCHAR
STARTCHAR uni02B3
ENCODING 691
SWIDTH 277 0
DWIDTH 7 0
BBX 6 7 0 7
BITMAP
EC
74
60
60
60
60
F0
ENDCHAR
STARTCHAR uni02B4
ENCODING 692
SWIDTH 277 0
DWIDTH 7 0
BBX 6 7 1 7
BITMAP
38
18
18
18
18
B8
DC
ENDCHAR
STARTCHAR uni02B5
ENCODING 693
SWIDTH 254 0
DWIDTH 6 0
BBX 8 10 1 4
BITMAP
38
18
18
18
18
B8
D8
18
1B
1E
ENDCHAR
STARTCHAR uni02B6
ENCODING 694
SWIDTH 337 0
DWIDTH 8 0
BBX 8 7 0 7
BITMAP
E7
6C
68
78
66
66
FC
ENDCHAR
STARTCHAR uni02B7
ENCODING 695
SWIDTH 494 0
DWIDTH 12 0
BBX 12 7 0 7
BITMAP
E270
6620
2640
2F40
3940
1980
1080
ENDCHAR
STARTCHAR uni02B8
ENCODING 696
SWIDTH 345 0
DWIDTH 8 0
BBX 8 10 0 4
BITMAP
E7
62
26
34
14
18
08
10
30
E0
ENDCHAR
STARTCHAR uni02B9
ENCODING 697
SWIDTH 241 0
DWIDTH 6 0
BBX 4 6 1 10
BITMAP
30
70
60
40
C0
80
ENDCHAR
STARTCHAR uni02BA
ENCODING 698
SWIDTH 388 0
DWIDTH 9 0
BBX 8 6 1 10
BITMAP
37
76
6C
4C
C8
90
ENDCHAR
STARTCHAR uni02BB
ENCODING 699
SWIDTH 223 0
DWIDTH 5 0
BBX 4 5 1 13
BITMAP
20
40
C0
C0
F0
ENDCHAR
STARTCHAR uni02BC
ENCODING 700
SWIDTH 223 0
DWIDTH 5 0
BBX 4 5 1 12
BITMAP
F0
70
30
20
40
ENDCHAR
STARTCHAR uni02BD
ENCODING 701
SWIDTH 221 0
DWIDTH 5 0
BBX 3 5 1 12
BITMAP
E0
C0
C0
C0
60
ENDCHAR
STARTCHAR uni02BE
ENCODING 702
SWIDTH 263 0
DWIDTH 6 0
BBX 4 8 1 8
BITMAP
C0
60
30
30
30
30
60
C0
ENDCHAR
STARTCHAR uni02BF
ENCODING 703
SWIDTH 263 0
DWIDTH 6 0
BBX 4 8 1 8
BITMAP
30
60
C0
C0
C0
C0
60
30
ENDCHAR
STARTCHAR uni02C0
ENCODING 704
SWIDTH 304 0
DWIDTH 8 0
BBX 7 9 0 9
BITMAP
3C
CE
C6
06
0C
08
18
18
18
ENDCHAR
STARTCHAR uni02C1
ENCODING 705
SWIDTH 304 0
DWIDTH 7 0
BBX 7 9 0 9
BITMAP
78
CC
C6
E0
70
30
18
08
18
ENDCHAR
STARTCHAR uni02C2
ENCODING 706
SWIDTH 361 0
DWIDTH 9 0
BBX 7 6 1 11
BITMAP
06
1C
E0
E0
38
06
ENDCHAR
STARTCHAR uni02C3
ENCODING 707
SWIDTH 361 0
DWIDTH 9 0
BBX 7 6 1 11
BITMAP
C0
78
0E
0E
70
80
ENDCHAR
STARTCHAR uni02C4
ENCODING 708
SWIDTH 312 0
DWIDTH 8 0
BBX 7 7 0 10
BITMAP
10
18
28
2C
64
46
C2
ENDCHAR
STARTCHAR uni02C5
ENCODING 709
SWIDTH 312 0
DWIDTH 8 0
BBX 7 7 0 10
BITMAP
42
C4
64
24
38
18
10
ENDCHAR
STARTCHAR circumflex
ENCODING 710
SWIDTH 357 0
DWIDTH 9 0
BBX 7 5 1 12
BITMAP
30
38
6C
C4
82
ENDCHAR
STARTCHAR caron
ENCODING 711
SWIDTH 357 0
DWIDTH 9 0
BBX 7 4 1 13
BITMAP
82
C4
68
30
ENDCHAR
STARTCHAR uni02C8
ENCODING 712
SWIDTH 205 0
DWIDTH 5 0
BBX 2 7 1 12
BITMAP
C0
C0
C0
C0
C0
C0
C0
ENDCHAR
STARTCHAR uni02C9
ENCODING 713
SWIDTH 493 0
DWIDTH 12 0
BBX 8 2 2 13
BITMAP
FF
FF
ENDCHAR
STARTCHAR uni02CA
ENCODING 714
SWIDTH 196 0
DWIDTH 5 0
BBX 5 5 0 12
BITMAP
38
30
60
40
80
ENDCHAR
STARTCHAR uni02CB
ENCODING 715
SWIDTH 199 0
DWIDTH 5 0
BBX 5 5 0 12
BITMAP
C0
60
20
10
08
ENDCHAR
STARTCHAR uni02CC
ENCODING 716
SWIDTH 205 0
DWIDTH 5 0
BBX 2 8 1 -6
BITMAP
C0
C0
C0
C0
C0
C0
C0
C0
ENDCHAR
STARTCHAR uni02CD
ENCODING 717
SWIDTH 493 0
DWIDTH 12 0
BBX 8 2 2 -3
BITMAP
FF
FF
ENDCHAR
STARTCHAR uni02CE
ENCODING 718
SWIDTH 250 0
DWIDTH 6 0
BBX 6 4 0 -5
BITMAP
40
E0
38
0C
ENDCHAR
STARTCHAR uni02CF
ENCODING 719
SWIDTH 318 0
DWIDTH 8 0
BBX 6 4 1 -5
BITMAP
08
3C
60
80
ENDCHAR
STARTCHAR uni02D0
ENCODING 720
SWIDTH 259 0
DWIDTH 6 0
BBX 4 11 1 0
BITMAP
F0
60
20
40
00
00
00
40
20
60
F0
ENDCHAR
STARTCHAR uni02D1
ENCODING 721
SWIDTH 259 0
DWIDTH 6 0
BBX 4 4 1 7
BITMAP
F0
60
60
40
ENDCHAR
STARTCHAR uni02D2
ENCODING 722
SWIDTH 263 0
DWIDTH 6 0
BBX 4 8 1 0
BITMAP
C0
60
30
30
30
30
60
C0
ENDCHAR
STARTCHAR uni02D3
ENCODING 723
SWIDTH 263 0
DWIDTH 6 0
BBX 4 8 1 0
BITMAP
30
60
C0
C0
C0
C0
60
30
ENDCHAR
STARTCHAR uni02D4
ENCODING 724
SWIDTH 273 0
DWIDTH 7 0
BBX 6 4 0 -2
BITMAP
30
30
30
FC
ENDCHAR
STARTCHAR uni02D5
ENCODING 725
SWIDTH 273 0
DWIDTH 7 0
BBX 6 4 0 -2
BITMAP
FC
30
30
30
ENDCHAR
STARTCHAR uni02D6
ENCODING 726
SWIDTH 293 0
DWIDTH 7 0
BBX 6 5 1 4
BITMAP
30
30
FC
30
30
ENDCHAR
STARTCHAR uni02D7
ENCODING 727
SWIDTH 336 0
DWIDTH 8 0
BBX 6 2 1 5
BITMAP
FC
FC
ENDCHAR
STARTCHAR breve
ENCODING 728
SWIDTH 356 0
DWIDTH 9 0
BBX 8 4 0 12
BITMAP
81
43
7E
3C
ENDCHAR
STARTCHAR dotaccent
ENCODING 729
SWIDTH 195 0
DWIDTH 5 0
BBX 2 3 1 13
BITMAP
C0
C0
C0
ENDCHAR
STARTCHAR ring
ENCODING 730
SWIDTH 250 0
DWIDTH 6 0
BBX 4 5 1 12
BITMAP
60
F0
F0
F0
60
ENDCHAR
STARTCHAR ogonek
ENCODING 731
SWIDTH 258 0
DWIDTH 6 0
BBX 5 6 1 -5
BITMAP
18
20
40
C0
C8
70
ENDCHAR
STARTCHAR tilde
ENCODING 732
SWIDTH 401 0
DWIDTH 10 0
BBX 8 3 1 13
BITMAP
71
9E
8C
ENDCHAR
STARTCHAR hungarumlaut
ENCODING 733
SWIDTH 375 0
DWIDTH 9 0
BBX 7 5 1 12
BITMAP
36
66
4C
C8
90
ENDCHAR
STARTCHAR uni02DE
ENCODING 734
SWIDTH 130 0
DWIDTH 3 0
BBX 6 4 -3 7
BITMAP
08
30
D4
1C
ENDCHAR
STARTCHAR uni02DF
ENCODING 735
SWIDTH 359 0
DWIDTH 9 0
BBX 7 5 1 12
BITMAP
86
7C
38
7C
86
ENDCHAR
STARTCHAR uni02E0
ENCODING 736
SWIDTH 345 0
DWIDTH 8 0
BBX 8 10 0 4
BITMAP
F7
72
34
18
10
08
18
3C
3C
38
ENDCHAR
STARTCHAR uni02E1
ENCODING 737
SWIDTH 189 0
DWIDTH 5 0
BBX 4 11 0 7
BITMAP
E0
60
60
60
60
60
60
60
60
60
F0
ENDCHAR
STARTCHAR uni02E2
ENCODING 738
SWIDTH 270 0
DWIDTH 7 0
BBX 5 7 1 7
BITMAP
78
C8
E0
70
98
98
F0
ENDCHAR
STARTCHAR uni02E3
ENCODING 739
SWIDTH 352 0
DWIDTH 8 0
BBX 8 7 0 7
BITMAP
F7
34
1C
18
1C
26
E7
ENDCHAR
STARTCHAR uni02E4
ENCODING 740
SWIDTH 304 0
DWIDTH 7 0
BBX 7 11 0 7
BITMAP
78
CC
C6
E0
70
30
18
08
08
18
3C
ENDCHAR
STARTCHAR uni02E5
ENCODING 741
SWIDTH 362 0
DWIDTH 9 0
BBX 7 18 0 0
BITMAP
FE
06
06
06
06
06
06
06
06
06
06
06
06
06
06
06
06
06
ENDCHAR
STARTCHAR uni02E6
ENCODING 742
SWIDTH 362 0
DWIDTH 9 0
BBX 7 18 0 0
BITMAP
06
06
06
06
FE
06
06
06
06
06
06
06
06
06
06
06
06
06
ENDCHAR
STARTCHAR uni02E7
ENCODING 743
SWIDTH 362 0
DWIDTH 9 0
BBX 7 18 0 0
BITMAP
06
06
06
06
06
06
06
06
06
FE
06
06
06
06
06
06
06
06
ENDCHAR
STARTCHAR uni02E8
ENCODING 744
SWIDTH 362 0
DWIDTH 9 0
BBX 7 18 0 0
BITMAP
06
06
06
06
06
06
06
06
06
06
06
06
06
FE
06
06
06
06
ENDCHAR
STARTCHAR uni02E9
ENCODING 745
SWIDTH 362 0
DWIDTH 9 0
BBX 7 18 0 0
BITMAP
06
06
06
06
06
06
06
06
06
06
06
06
06
06
06
06
06
FE
ENDCHAR
STARTCHAR uni02EA
ENCODING 746
SWIDTH 406 0
DWIDTH 10 0
BBX 6 7 1 2
BITMAP
C0
C0
C0
C0
C0
C0
FC
ENDCHAR
STARTCHAR uni02EB
ENCODING 747
SWIDTH 299 0
DWIDTH 7 0
BBX 6 7 1 2
BITMAP
C0
C0
C0
FC
C0
C0
C0
ENDCHAR
STARTCHAR uni02EC
ENCODING 748
SWIDTH 309 0
DWIDTH 7 0
BBX 7 5 0 -6
BITMAP
82
46
7C
38
18
ENDCHAR
STARTCHAR uni02ED
ENCODING 749
SWIDTH 410 0
DWIDTH 10 0
BBX 8 5 1 9
BITMAP
FF
FF
00
FF
FF
ENDCHAR
STARTCHAR uni02EE
ENCODING 750
SWIDTH 436 0
DWIDTH 10 0
BBX 7 6 2 11
BITMAP
44
FE
66
66
44
88
ENDCHAR
STARTCHAR uni02EF
ENCODING 751
SWIDTH 227 0
DWIDTH 5 0
BBX 4 4 1 -6
BITMAP
90
A0
60
40
ENDCHAR
STARTCHAR uni02F0
ENCODING 752
SWIDTH 227 0
DWIDTH 5 0
BBX 4 4 1 -6
BITMAP
40
A0
A0
90
ENDCHAR
STARTCHAR uni02F1
ENCODING 753
SWIDTH 252 0
DWIDTH 6 0
BBX 4 4 1 -6
BITMAP
10
E0
C0
30
ENDCHAR
STARTCHAR uni02F2
ENCODING 754
SWIDTH 252 0
DWIDTH 6 0
BBX 4 4 1 -6
BITMAP
C0
30
30
C0
ENDCHAR
STARTCHAR uni02F3
ENCODING 755
SWIDTH 181 0
DWIDTH 4 0
BBX 5 5 0 -6
BITMAP
70
D8
D8
D8
70
ENDCHAR
STARTCHAR uni02F4
ENCODING 756
SWIDTH 276 0
DWIDTH 7 0
BBX 5 5 1 6
BITMAP
C0
60
20
10
08
ENDCHAR
STARTCHAR uni02F5
ENCODING 757
SWIDTH 365 0
DWIDTH 9 0
BBX 7 5 1 6
BITMAP
D8
CC
64
26
12
ENDCHAR
STARTCHAR uni02F6
ENCODING 758
SWIDTH 365 0
DWIDTH 9 0
BBX 7 5 1 6
BITMAP
26
6C
4C
88
90
ENDCHAR
STARTCHAR uni02F7
ENCODING 759
SWIDTH 333 0
DWIDTH 8 0
BBX 8 3 0 -4
BITMAP
31
DE
8C
ENDCHAR
STARTCHAR uni02F8
ENCODING 760
SWIDTH 229 0
DWIDTH 6 0
BBX 3 11 1 4
BITMAP
60
E0
E0
00
00
00
00
00
60
E0
E0
ENDCHAR
STARTCHAR uni02F9
ENCODING 761
SWIDTH 308 0
DWIDTH 7 0
BBX 7 8 0 7
BITMAP
FE
C0
C0
C0
C0
C0
C0
C0
ENDCHAR
STARTCHAR uni02FA
ENCODING 762
SWIDTH 308 0
DWIDTH 8 0
BBX 7 8 0 7
BITMAP
FE
06
06
06
06
06
06
06
ENDCHAR
STARTCHAR uni02FB
ENCODING 763
SWIDTH 308 0
DWIDTH 7 0
BBX 7 8 0 -4
BITMAP
C0
C0
C0
C0
C0
C0
C0
FE
ENDCHAR
STARTCHAR uni02FC
ENCODING 764
SWIDTH 308 0
DWIDTH 8 0
BBX 7 8 0 -4
BITMAP
06
06
06
06
06
06
06
FE
ENDCHAR
STARTCHAR uni02FD
ENCODING 765
SWIDTH 568 0
DWIDTH 14 0
BBX 12 5 1 -5
BITMAP
4010
C030
C030
FFF0
FFF0
ENDCHAR
STARTCHAR uni02FE
ENCODING 766
SWIDTH 568 0
DWIDTH 14 0
BBX 13 5 0 -5
BITMAP
4000
C000
C000
FFF8
FFF8
ENDCHAR
STARTCHAR uni02FF
ENCODING 767
SWIDTH 554 0
DWIDTH 13 0
BBX 13 7 0 -7
BITMAP
0200
1C00
7FF8
FFF8
7000
1C00
0200
ENDCHAR
STARTCHAR gravecomb
ENCODING 768
SWIDTH 0 0
DWIDTH 0 0
BBX 5 5 -9 12
BITMAP
60
E0
30
18
08
ENDCHAR
STARTCHAR acutecomb
ENCODING 769
SWIDTH 0 0
DWIDTH 0 0
BBX 5 5 -8 12
BITMAP
18
30
20
60
C0
ENDCHAR
STARTCHAR uni0302
ENCODING 770
SWIDTH 0 0
DWIDTH 0 0
BBX 8 5 -10 12
BITMAP
18
3C
24
42
81
ENDCHAR
STARTCHAR tildecomb
ENCODING 771
SWIDTH 0 0
DWIDTH 0 0
BBX 8 3 -10 13
BITMAP
31
DE
8C
ENDCHAR
STARTCHAR uni0304
ENCODING 772
SWIDTH 0 0
DWIDTH 0 0
BBX 8 2 -10 13
BITMAP
FF
FF
ENDCHAR
STARTCHAR uni0305
ENCODING 773
SWIDTH 0 0
DWIDTH 0 0
BBX 13 2 -12 13
BITMAP
FFF8
FFF0
ENDCHAR
STARTCHAR uni0306
ENCODING 774
SWIDTH 0 0
DWIDTH 0 0
BBX 8 4 -10 12
BITMAP
81
42
7E
3C
ENDCHAR
STARTCHAR uni0307
ENCODING 775
SWIDTH 0 0
DWIDTH 0 0
BBX 2 3 -7 13
BITMAP
C0
C0
C0
ENDCHAR
STARTCHAR uni0308
ENCODING 776
SWIDTH 0 0
DWIDTH 0 0
BBX 7 3 -10 13
BITMAP
C6
C6
C6
ENDCHAR
STARTCHAR hookabovecomb
ENCODING 777
SWIDTH 0 0
DWIDTH 0 0
BBX 4 4 -9 13
BITMAP
30
F0
60
E0
ENDCHAR
STARTCHAR uni030A
ENCODING 778
SWIDTH 0 0
DWIDTH 0 0
BBX 4 5 -8 12
BITMAP
60
F0
F0
F0
60
ENDCHAR
STARTCHAR uni030B
ENCODING 779
SWIDTH 0 0
DWIDTH 0 0
BBX 7 5 -8 12
BITMAP
66
6C
48
98
90
ENDCHAR
STARTCHAR uni030C
ENCODING 780
SWIDTH 0 0
DWIDTH 0 0
BBX 8 4 -10 13
BITMAP
81
42
3C
18
ENDCHAR
STARTCHAR uni030D
ENCODING 781
SWIDTH 0 0
DWIDTH 0 0
BBX 2 5 -7 12
BITMAP
C0
C0
C0
C0
C0
ENDCHAR
STARTCHAR uni030E
ENCODING 782
SWIDTH 0 0
DWIDTH 0 0
BBX 4 5 -8 12
BITMAP
F0
F0
F0
F0
F0
ENDCHAR
STARTCHAR uni030F
ENCODING 783
SWIDTH 0 0
DWIDTH 0 0
BBX 7 5 -11 12
BITMAP
CC
6C
64
22
12
ENDCHAR
STARTCHAR uni0310
ENCODING 784
SWIDTH 0 0
DWIDTH 0 0
BBX 8 6 -10 12
BITMAP
18
18
99
42
7E
3C
ENDCHAR
STARTCHAR uni0311
ENCODING 785
SWIDTH 0 0
DWIDTH 0 0
BBX 8 5 -10 12
BITMAP
3C
7E
46
C2
81
ENDCHAR
STARTCHAR uni0312
ENCODING 786
SWIDTH 0 0
DWIDTH 0 0
BBX 4 5 -8 13
BITMAP
20
40
C0
C0
F0
ENDCHAR
STARTCHAR uni0313
ENCODING 787
SWIDTH 0 0
DWIDTH 0 0
BBX 4 5 -8 12
BITMAP
F0
70
30
20
40
ENDCHAR
STARTCHAR uni0314
ENCODING 788
SWIDTH 0 0
DWIDTH 0 0
BBX 4 5 -8 12
BITMAP
70
C0
C0
40
20
ENDCHAR
STARTCHAR uni0315
ENCODING 789
SWIDTH 0 0
DWIDTH 0 0
BBX 4 5 -2 12
BITMAP
F0
70
30
20
40
ENDCHAR
STARTCHAR uni0316
ENCODING 790
SWIDTH 0 0
DWIDTH 0 0
BBX 6 4 -9 -6
BITMAP
40
E0
38
0C
ENDCHAR
STARTCHAR uni0317
ENCODING 791
SWIDTH 0 0
DWIDTH 0 0
BBX 6 4 -9 -6
BITMAP
0C
1C
70
C0
ENDCHAR
STARTCHAR uni0318
ENCODING 792
SWIDTH 0 0
DWIDTH 0 0
BBX 5 5 -9 -6
BITMAP
18
18
F8
18
18
ENDCHAR
STARTCHAR uni0319
ENCODING 793
SWIDTH 0 0
DWIDTH 0 0
BBX 5 5 -8 -6
BITMAP
C0
C0
F8
C0
C0
ENDCHAR
STARTCHAR uni031A
ENCODING 794
SWIDTH 342 0
DWIDTH 8 0
BBX 7 5 0 12
BITMAP
FE
06
06
06
06
ENDCHAR
STARTCHAR uni031B
ENCODING 795
SWIDTH 36 0
DWIDTH 1 0
BBX 4 5 -3 8
BITMAP
30
70
30
60
80
ENDCHAR
STARTCHAR uni031C
ENCODING 796
SWIDTH 0 0
DWIDTH 0 0
BBX 3 5 -9 -6
BITMAP
60
C0
C0
C0
60
ENDCHAR
STARTCHAR uni031D
ENCODING 797
SWIDTH 0 0
DWIDTH 0 0
BBX 6 4 -9 -6
BITMAP
30
30
30
FC
ENDCHAR
STARTCHAR uni031E
ENCODING 798
SWIDTH 0 0
DWIDTH 0 0
BBX 6 4 -9 -6
BITMAP
FC
30
30
30
ENDCHAR
STARTCHAR uni031F
ENCODING 799
SWIDTH 0 0
DWIDTH 0 0
BBX 6 5 -9 -6
BITMAP
30
30
FC
30
30
ENDCHAR
STARTCHAR uni0320
ENCODING 800
SWIDTH 0 0
DWIDTH 0 0
BBX 6 1 -9 -4
BITMAP
FC
ENDCHAR
STARTCHAR dotbelowcomb
ENCODING 803
SWIDTH 0 0
DWIDTH 0 0
BBX 2 3 -7 -5
BITMAP
C0
C0
C0
ENDCHAR
STARTCHAR uni0324
ENCODING 804
SWIDTH 0 0
DWIDTH 0 0
BBX 7 3 -10 -5
BITMAP
C6
C6
C6
ENDCHAR
STARTCHAR uni0325
ENCODING 805
SWIDTH 0 0
DWIDTH 0 0
BBX 4 5 -8 -6
BITMAP
60
F0
F0
F0
60
ENDCHAR
STARTCHAR uni0326
ENCODING 806
SWIDTH 0 0
DWIDTH 0 0
BBX 3 5 -8 -6
BITMAP
60
E0
20
20
40
ENDCHAR
STARTCHAR uni0327
ENCODING 807
SWIDTH 0 0
DWIDTH 0 0
BBX 4 5 -8 -5
BITMAP
60
60
70
30
C0
ENDCHAR
STARTCHAR uni0328
ENCODING 808
SWIDTH 0 0
DWIDTH 0 0
BBX 5 6 -8 -5
BITMAP
18
20
40
C0
C8
70
ENDCHAR
STARTCHAR uni0329
ENCODING 809
SWIDTH 0 0
DWIDTH 0 0
BBX 2 5 -7 -6
BITMAP
C0
C0
C0
C0
C0
ENDCHAR
STARTCHAR uni032A
ENCODING 810
SWIDTH 0 0
DWIDTH 0 0
BBX 7 3 -10 -5
BITMAP
FE
86
86
ENDCHAR
STARTCHAR uni032B
ENCODING 811
SWIDTH 0 0
DWIDTH 0 0
BBX 8 4 -10 -6
BITMAP
91
9A
7E
64
ENDCHAR
STARTCHAR uni032C
ENCODING 812
SWIDTH 0 0
DWIDTH 0 0
BBX 8 5 -10 -6
BITMAP
81
66
3C
3C
18
ENDCHAR
STARTCHAR uni032D
ENCODING 813
SWIDTH 0 0
DWIDTH 0 0
BBX 8 4 -10 -6
BITMAP
18
3C
66
81
ENDCHAR
STARTCHAR uni032E
ENCODING 814
SWIDTH 0 0
DWIDTH 0 0
BBX 8 4 -10 -6
BITMAP
81
42
7E
3C
ENDCHAR
STARTCHAR uni032F
ENCODING 815
SWIDTH 0 0
DWIDTH 0 0
BBX 8 4 -10 -6
BITMAP
3C
7E
42
81
ENDCHAR
STARTCHAR uni0330
ENCODING 816
SWIDTH 0 0
DWIDTH 0 0
BBX 8 3 -10 -5
BITMAP
31
DE
8C
ENDCHAR
STARTCHAR uni0331
ENCODING 817
SWIDTH 0 0
DWIDTH 0 0
BBX 8 2 -10 -4
BITMAP
FF
FF
ENDCHAR
STARTCHAR uni0332
ENCODING 818
SWIDTH 0 0
DWIDTH 0 0
BBX 13 2 -12 -4
BITMAP
FFF8
FFF0
ENDCHAR
STARTCHAR uni0333
ENCODING 819
SWIDTH 0 0
DWIDTH 0 0
BBX 13 5 -12 -7
BITMAP
FFF8
FFF0
0000
FFF8
FFF0
ENDCHAR
STARTCHAR uni0334
ENCODING 820
SWIDTH 0 0
DWIDTH 0 0
BBX 8 3 -10 4
BITMAP
31
DE
8C
ENDCHAR
STARTCHAR uni0335
ENCODING 821
SWIDTH 0 0
DWIDTH 0 0
BBX 8 1 -10 5
BITMAP
FF
ENDCHAR
STARTCHAR uni0336
ENCODING 822
SWIDTH 0 0
DWIDTH 0 0
BBX 13 1 -12 5
BITMAP
FFF8
ENDCHAR
STARTCHAR uni0337
ENCODING 823
SWIDTH 0 0
DWIDTH 0 0
BBX 8 7 -10 2
BITMAP
01
06
0C
18
30
60
80
ENDCHAR
STARTCHAR uni0338
ENCODING 824
SWIDTH 0 0
DWIDTH 0 0
BBX 10 19 -11 -4
BITMAP
0040
00C0
0080
0180
0100
0300
0200
0600
0400
0C00
0800
1800
1000
3000
2000
6000
4000
C000
8000
ENDCHAR
STARTCHAR uni0339
ENCODING 825
SWIDTH 0 0
DWIDTH 0 0
BBX 3 5 -7 -6
BITMAP
80
60
60
60
C0
ENDCHAR
STARTCHAR uni033A
ENCODING 826
SWIDTH 0 0
DWIDTH 0 0
BBX 7 3 -10 -5
BITMAP
C2
C2
FE
ENDCHAR
STARTCHAR uni033B
ENCODING 827
SWIDTH 0 0
DWIDTH 0 0
BBX 4 4 -8 -6
BITMAP
F0
F0
F0
F0
ENDCHAR
STARTCHAR uni033C
ENCODING 828
SWIDTH 0 0
DWIDTH 0 0
BBX 8 4 -10 -6
BITMAP
66
7E
99
10
ENDCHAR
STARTCHAR uni033D
ENCODING 829
SWIDTH 0 0
DWIDTH 0 0
BBX 7 5 -10 12
BITMAP
42
FC
18
7C
C2
ENDCHAR
STARTCHAR uni033E
ENCODING 830
SWIDTH 0 0
DWIDTH 0 0
BBX 4 6 -8 12
BITMAP
20
C0
E0
70
30
40
ENDCHAR
STARTCHAR uni033F
ENCODING 831
SWIDTH 0 0
DWIDTH 0 0
BBX 13 6 -12 13
BITMAP
FFF8
FFF0
0000
0000
FFF8
FFF0
ENDCHAR
STARTCHAR uni0342
ENCODING 834
SWIDTH 0 0
DWIDTH 0 0
BBX 8 3 -10 13
BITMAP
39
7E
8E
ENDCHAR
STARTCHAR uni0343
ENCODING 835
SWIDTH 0 0
DWIDTH 0 0
BBX 4 5 -8 13
BITMAP
F0
70
30
20
40
ENDCHAR
STARTCHAR uni0344
ENCODING 836
SWIDTH 0 0
DWIDTH 0 0
BBX 8 6 -10 12
BITMAP
06
0C
0C
DB
D3
C3
ENDCHAR
STARTCHAR uni0345
ENCODING 837
SWIDTH 0 0
DWIDTH 0 0
BBX 3 5 -7 -6
BITMAP
C0
C0
C0
C0
E0
ENDCHAR
STARTCHAR uni0346
ENCODING 838
SWIDTH 0 0
DWIDTH 0 0
BBX 7 3 -10 13
BITMAP
FE
86
86
ENDCHAR
STARTCHAR uni0347
ENCODING 839
SWIDTH 0 0
DWIDTH 0 0
BBX 6 3 -9 -5
BITMAP
FC
00
FC
ENDCHAR
STARTCHAR uni0348
ENCODING 840
SWIDTH 0 0
DWIDTH 0 0
BBX 4 5 -8 -6
BITMAP
F0
F0
F0
F0
F0
ENDCHAR
STARTCHAR uni0349
ENCODING 841
SWIDTH 0 0
DWIDTH 0 0
BBX 5 4 -9 -6
BITMAP
F8
18
18
18
ENDCHAR
STARTCHAR uni034A
ENCODING 842
SWIDTH 0 0
DWIDTH 0 0
BBX 8 4 -10 13
BITMAP
3C
79
9E
3C
ENDCHAR
STARTCHAR uni034B
ENCODING 843
SWIDTH 0 0
DWIDTH 0 0
BBX 8 7 -10 12
BITMAP
0C
0C
73
9E
0C
30
30
ENDCHAR
STARTCHAR uni034C
ENCODING 844
SWIDTH 0 0
DWIDTH 0 0
BBX 7 4 -10 13
BITMAP
72
8E
72
8E
ENDCHAR
STARTCHAR uni034D
ENCODING 845
SWIDTH 0 0
DWIDTH 0 0
BBX 8 5 -10 -6
BITMAP
24
42
FF
42
24
ENDCHAR
STARTCHAR uni034E
ENCODING 846
SWIDTH 0 0
DWIDTH 0 0
BBX 6 5 -9 -6
BITMAP
30
78
B4
30
30
ENDCHAR
STARTCHAR uni034F
ENCODING 847
SWIDTH 0 0
DWIDTH 0 0
BBX 1 1 0 0
BITMAP
00
ENDCHAR
STARTCHAR uni0350
ENCODING 848
SWIDTH 0 0
DWIDTH 0 0
BBX 8 6 -10 12
BITMAP
C0
38
07
0E
78
C0
ENDCHAR
STARTCHAR uni0351
ENCODING 849
SWIDTH 0 0
DWIDTH 0 0
BBX 3 5 -9 12
BITMAP
60
C0
C0
E0
20
ENDCHAR
STARTCHAR uni0352
ENCODING 850
SWIDTH 0 0
DWIDTH 0 0
BBX 8 6 -10 12
BITMAP
1C
7E
42
99
18
18
ENDCHAR
STARTCHAR uni0353
ENCODING 851
SWIDTH 0 0
DWIDTH 0 0
BBX 7 4 -9 -6
BITMAP
84
7A
78
86
ENDCHAR
STARTCHAR uni0354
ENCODING 852
SWIDTH 0 0
DWIDTH 0 0
BBX 7 6 -10 -7
BITMAP
02
1C
F0
E0
1C
06
ENDCHAR
STARTCHAR uni0355
ENCODING 853
SWIDTH 0 0
DWIDTH 0 0
BBX 8 6 -10 -7
BITMAP
E0
38
07
0E
38
C0
ENDCHAR
STARTCHAR uni0356
ENCODING 854
SWIDTH 0 0
DWIDTH 0 0
BBX 13 7 -12 -8
BITMAP
C040
78C0
0EE0
0720
3930
E310
0218
ENDCHAR
STARTCHAR uni0357
ENCODING 855
SWIDTH 0 0
DWIDTH 0 0
BBX 3 5 -7 12
BITMAP
C0
60
60
60
80
ENDCHAR
STARTCHAR uni0358
ENCODING 856
SWIDTH 97 0
DWIDTH 2 0
BBX 2 3 0 13
BITMAP
C0
C0
C0
ENDCHAR
STARTCHAR uni0359
ENCODING 857
SWIDTH 0 0
DWIDTH 0 0
BBX 5 5 -9 -7
BITMAP
20
68
30
F8
20
ENDCHAR
STARTCHAR uni035A
ENCODING 858
SWIDTH 0 0
DWIDTH 0 0
BBX 8 5 -10 -6
BITMAP
36
5B
99
9A
6C
ENDCHAR
STARTCHAR uni035B
ENCODING 859
SWIDTH 0 0
DWIDTH 0 0
BBX 4 6 -8 12
BITMAP
40
C0
C0
F0
30
20
ENDCHAR
STARTCHAR uni035C
ENCODING 860
SWIDTH 0 0
DWIDTH 0 0
BBX 20 4 -10 -10
BITMAP
C00030
7801E0
1FFF80
03FC00
ENDCHAR
STARTCHAR uni035D
ENCODING 861
SWIDTH 0 0
DWIDTH 0 0
BBX 20 5 -10 18
BITMAP
400020
E00070
3C03C0
1FFF00
03FC00
ENDCHAR
STARTCHAR uni035E
ENCODING 862
SWIDTH 0 0
DWIDTH 0 0
BBX 18 2 -9 19
BITMAP
FFFFC0
FFFFC0
ENDCHAR
STARTCHAR uni035F
ENCODING 863
SWIDTH 0 0
DWIDTH 0 0
BBX 18 2 -9 -9
BITMAP
FFFFC0
FFFFC0
ENDCHAR
STARTCHAR uni0360
ENCODING 864
SWIDTH 0 0
DWIDTH 0 0
BBX 18 4 -9 18
BITMAP
1F0040
3FE080
41FF00
803E00
ENDCHAR
STARTCHAR uni0361
ENCODING 865
SWIDTH 0 0
DWIDTH 0 0
BBX 20 4 -10 18
BITMAP
03FC00
1FFF80
7801E0
C00030
ENDCHAR
STARTCHAR uni0362
ENCODING 866
SWIDTH 0 0
DWIDTH 0 0
BBX 19 5 -9 -6
BITMAP
000080
000040
FFFFE0
000040
000080
ENDCHAR
STARTCHAR uni0363
ENCODING 867
SWIDTH 0 0
DWIDTH 0 0
BBX 5 6 -8 12
BITMAP
70
B0
70
F0
F0
F8
ENDCHAR
STARTCHAR uni0364
ENCODING 868
SWIDTH 0 0
DWIDTH 0 0
BBX 6 6 -9 12
BITMAP
38
48
FC
C0
E8
38
ENDCHAR
STARTCHAR uni0365
ENCODING 869
SWIDTH 0 0
DWIDTH 0 0
BBX 4 7 -8 13
BITMAP
40
40
E0
60
60
60
F0
ENDCHAR
STARTCHAR uni0366
ENCODING 870
SWIDTH 0 0
DWIDTH 0 0
BBX 5 6 -8 12
BITMAP
70
D8
D8
D8
D8
70
ENDCHAR
STARTCHAR uni0367
ENCODING 871
SWIDTH 0 0
DWIDTH 0 0
BBX 6 6 -9 12
BITMAP
F8
78
78
78
78
7C
ENDCHAR
STARTCHAR uni0368
ENCODING 872
SWIDTH 0 0
DWIDTH 0 0
BBX 5 6 -9 12
BITMAP
38
48
C0
C0
E8
38
ENDCHAR
STARTCHAR uni0369
ENCODING 873
SWIDTH 0 0
DWIDTH 0 0
BBX 6 9 -9 12
BITMAP
38
18
18
78
D8
D8
D8
D8
7C
ENDCHAR
STARTCHAR uni036A
ENCODING 874
SWIDTH 0 0
DWIDTH 0 0
BBX 7 8 -9 13
BITMAP
E0
60
60
5C
6C
6C
6C
FE
ENDCHAR
STARTCHAR uni036B
ENCODING 875
SWIDTH 0 0
DWIDTH 0 0
BBX 9 5 -10 13
BITMAP
5200
ED00
4900
4900
FF80
ENDCHAR
STARTCHAR uni036C
ENCODING 876
SWIDTH 0 0
DWIDTH 0 0
BBX 5 5 -8 13
BITMAP
78
E8
60
60
F0
ENDCHAR
STARTCHAR uni036D
ENCODING 877
SWIDTH 0 0
DWIDTH 0 0
BBX 5 7 -8 12
BITMAP
60
60
F8
60
60
60
78
ENDCHAR
STARTCHAR uni036E
ENCODING 878
SWIDTH 0 0
DWIDTH 0 0
BBX 6 5 -9 12
BITMAP
EC
48
28
30
30
ENDCHAR
STARTCHAR uni036F
ENCODING 879
SWIDTH 0 0
DWIDTH 0 0
BBX 6 4 -9 13
BITMAP
EC
30
38
EC
ENDCHAR
STARTCHAR uni0370
ENCODING 880
SWIDTH 424 0
DWIDTH 10 0
BBX 10 15 0 0
BITMAP
FC00
3000
3000
3000
3000
3000
3FC0
3080
3000
3000
3000
3000
3000
3000
FC00
ENDCHAR
STARTCHAR uni0371
ENCODING 881
SWIDTH 372 0
DWIDTH 9 0
BBX 8 11 0 0
BITMAP
30
F0
30
30
30
3F
32
30
30
30
30
ENDCHAR
STARTCHAR uni0372
ENCODING 882
SWIDTH 531 0
DWIDTH 13 0
BBX 11 15 0 0
BITMAP
FFE0
C660
8620
8620
8620
8620
0600
0600
0600
0600
0600
0600
0600
0600
1F80
ENDCHAR
STARTCHAR uni0373
ENCODING 883
SWIDTH 465 0
DWIDTH 11 0
BBX 10 11 1 0
BITMAP
FFC0
8C40
8C40
8C40
8C40
8C40
0C00
0C00
0C00
0C00
3F00
ENDCHAR
STARTCHAR uni0374
ENCODING 884
SWIDTH 225 0
DWIDTH 5 0
BBX 5 5 0 13
BITMAP
18
30
20
40
C0
ENDCHAR
STARTCHAR uni0375
ENCODING 885
SWIDTH 225 0
DWIDTH 5 0
BBX 5 5 0 -6
BITMAP
18
30
20
40
C0
ENDCHAR
STARTCHAR uni0376
ENCODING 886
SWIDTH 659 0
DWIDTH 16 0
BBX 16 15 0 0
BITMAP
FC0C
300C
301C
303C
306C
304C
30CC
318C
330C
360C
340C
3C0C
380C
300C
203F
ENDCHAR
STARTCHAR uni0377
ENCODING 887
SWIDTH 563 0
DWIDTH 14 0
BBX 13 11 0 0
BITMAP
3020
F060
30E0
30E0
3160
3360
3660
3460
3860
3878
3070
ENDCHAR
STARTCHAR uni037A
ENCODING 890
SWIDTH 0 0
DWIDTH 0 0
BBX 3 5 -7 -6
BITMAP
C0
C0
C0
C0
E0
ENDCHAR
STARTCHAR uni037B
ENCODING 891
SWIDTH 451 0
DWIDTH 11 0
BBX 10 11 0 0
BITMAP
1E00
3F80
4380
01C0
00C0
00C0
00C0
00C0
0180
2100
FE00
ENDCHAR
STARTCHAR uni037C
ENCODING 892
SWIDTH 432 0
DWIDTH 10 0
BBX 9 11 1 0
BITMAP
1F80
2100
4000
C000
CC00
CC00
CC00
E000
7080
7F00
1E00
ENDCHAR
STARTCHAR uni037D
ENCODING 893
SWIDTH 451 0
DWIDTH 11 0
BBX 10 11 0 0
BITMAP
1E00
3F80
4380
01C0
18C0
18C0
18C0
00C0
0180
2100
FE00
ENDCHAR
STARTCHAR uni037E
ENCODING 894
SWIDTH 229 0
DWIDTH 6 0
BBX 4 16 1 -4
BITMAP
60
E0
E0
00
00
00
00
00
00
00
70
F0
30
20
20
40
ENDCHAR
STARTCHAR tonos
ENCODING 900
SWIDTH 225 0
DWIDTH 5 0
BBX 5 5 0 13
BITMAP
18
30
20
40
C0
ENDCHAR
STARTCHAR dieresistonos
ENCODING 901
SWIDTH 395 0
DWIDTH 9 0
BBX 9 6 0 12
BITMAP
0300
0600
0400
6D80
6980
D180
ENDCHAR
STARTCHAR Alphatonos
ENCODING 902
SWIDTH 708 0
DWIDTH 17 0
BBX 17 17 0 0
BITMAP
180000
300000
204000
406000
40E000
80B000
00B000
01B000
011800
011800
031800
03FC00
020C00
060C00
040600
040600
1F0F80
ENDCHAR
STARTCHAR anoteleia
ENCODING 903
SWIDTH 146 0
DWIDTH 4 0
BBX 2 3 1 7
BITMAP
C0
C0
C0
ENDCHAR
STARTCHAR Epsilontonos
ENCODING 904
SWIDTH 721 0
DWIDTH 17 0
BBX 16 17 0 0
BITMAP
1800
3000
23FF
4183
4182
8180
0180
0180
01FC
0184
0180
0180
0180
0180
0181
0181
03FF
ENDCHAR
STARTCHAR Etatonos
ENCODING 905
SWIDTH 878 0
DWIDTH 21 0
BBX 20 17 0 0
BITMAP
180000
300000
23E1F0
4180C0
4180C0
8180C0
0180C0
0180C0
0180C0
01FFC0
0180C0
0180C0
0180C0
0180C0
0180C0
0180C0
03E1F0
ENDCHAR
STARTCHAR Iotatonos
ENCODING 906
SWIDTH 532 0
DWIDTH 13 0
BBX 12 17 0 0
BITMAP
1800
3000
23F0
40C0
40C0
80C0
00C0
00C0
00C0
00C0
00C0
00C0
00C0
00C0
00C0
00C0
03F0
ENDCHAR
STARTCHAR Omicrontonos
ENCODING 908
SWIDTH 727 0
DWIDTH 17 0
BBX 16 17 0 0
BITMAP
1800
3000
20F8
41FC
430E
8606
0607
0C03
0C03
0C03
0C03
0C03
0E02
0606
070C
03F8
00F0
ENDCHAR
STARTCHAR Upsilontonos
ENCODING 910
SWIDTH 856 0
DWIDTH 21 0
BBX 20 17 0 0
BITMAP
180000
300000
23C030
40E070
4060C0
803080
003900
001900
001900
000E00
000E00
000E00
000E00
000600
000600
000600
001F80
ENDCHAR
STARTCHAR Omegatonos
ENCODING 911
SWIDTH 752 0
DWIDTH 18 0
BBX 17 17 0 0
BITMAP
180000
300000
20F800
430600
460300
860300
0C0180
0C0180
0C0180
0C0180
0C0180
0C0300
060200
030600
090C80
089880
0F9F80
ENDCHAR
STARTCHAR iotadieresistonos
ENCODING 912
SWIDTH 294 0
DWIDTH 7 0
BBX 9 18 -1 0
BITMAP
0700
0600
0C00
4980
FB80
C100
0000
0800
3800
0800
0800
0800
0800
0800
0800
1800
0F00
0C00
ENDCHAR
STARTCHAR Alpha
ENCODING 913
SWIDTH 595 0
DWIDTH 14 0
BBX 14 15 0 0
BITMAP
0100
0300
0300
0780
0580
04C0
0CC0
08C0
0860
1FE0
1060
1030
3030
2030
F87C
ENDCHAR
STARTCHAR Beta
ENCODING 914
SWIDTH 549 0
DWIDTH 13 0
BBX 12 15 0 0
BITMAP
7F80
B0C0
3060
3060
3060
3080
3FC0
30E0
3070
3030
3030
3030
3030
3060
FF80
ENDCHAR
STARTCHAR Gamma
ENCODING 915
SWIDTH 475 0
DWIDTH 11 0
BBX 11 15 0 0
BITMAP
FFE0
3060
3040
3040
3000
3000
3000
3000
3000
3000
3000
3000
3000
3000
FC00
ENDCHAR
STARTCHAR uni0394
ENCODING 916
SWIDTH 573 0
DWIDTH 14 0
BBX 12 15 1 0
BITMAP
0400
0600
0E00
0A00
1B00
1300
1180
3180
2080
20C0
40C0
4060
C060
FFE0
FFF0
ENDCHAR
STARTCHAR Epsilon
ENCODING 917
SWIDTH 496 0
DWIDTH 12 0
BBX 11 15 0 0
BITMAP
FFC0
3040
3040
3000
3000
3000
3F80
3100
3000
3000
3000
3000
3020
3020
FFE0
ENDCHAR
STARTCHAR Zeta
ENCODING 918
SWIDTH 522 0
DWIDTH 13 0
BBX 11 15 1 0
BITMAP
7FC0
40E0
8180
0380
0300
0600
0600
0C00
1C00
1800
3000
3000
6020
E060
FFE0
ENDCHAR
STARTCHAR Eta
ENCODING 919
SWIDTH 653 0
DWIDTH 16 0
BBX 15 15 0 0
BITMAP
FC7E
3018
3018
3018
3018
3018
3018
3FF8
3018
3018
3018
3018
3018
3018
FC7E
ENDCHAR
STARTCHAR Theta
ENCODING 920
SWIDTH 618 0
DWIDTH 15 0
BBX 13 15 1 0
BITMAP
0F80
1FE0
30F0
6030
6038
D058
DFD8
DF98
D098
C018
E030
6030
7860
3FC0
0F00
ENDCHAR
STARTCHAR Iota
ENCODING 921
SWIDTH 317 0
DWIDTH 8 0
BBX 6 15 1 0
BITMAP
FC
30
30
30
30
30
30
30
30
30
30
30
30
30
FC
ENDCHAR
STARTCHAR Kappa
ENCODING 922
SWIDTH 578 0
DWIDTH 14 0
BBX 14 15 0 0
BITMAP
FCF8
3060
30C0
3180
3300
3200
3400
3C00
3600
3300
3180
30C0
30E0
3070
FC3C
ENDCHAR
STARTCHAR Lambda
ENCODING 923
SWIDTH 595 0
DWIDTH 14 0
BBX 14 15 0 0
BITMAP
0100
0300
0300
0780
0580
04C0
0CC0
08C0
0860
1860
1060
1030
3030
2030
F87C
ENDCHAR
STARTCHAR Mu
ENCODING 924
SWIDTH 806 0
DWIDTH 19 0
BBX 17 15 1 0
BITMAP
F00780
700700
780F00
780B00
680B00
6C1B00
6C1300
663300
662300
632300
636300
614300
61C300
618300
F08F80
ENDCHAR
STARTCHAR Nu
ENCODING 925
SWIDTH 648 0
DWIDTH 16 0
BBX 16 15 0 0
BITMAP
F03F
300C
380C
3C0C
360C
320C
330C
318C
30CC
306C
306C
303C
301C
301C
FC0C
ENDCHAR
STARTCHAR Xi
ENCODING 926
SWIDTH 516 0
DWIDTH 12 0
BBX 11 15 1 0
BITMAP
FFC0
FFC0
8040
8040
0000
2100
3F00
3F00
2100
0000
0000
8020
8040
FFC0
FFC0
ENDCHAR
STARTCHAR Omicron
ENCODING 927
SWIDTH 600 0
DWIDTH 14 0
BBX 12 15 1 0
BITMAP
0F00
1FC0
30E0
6060
4070
C030
C030
C030
C030
C030
E060
6060
70C0
3F80
1F00
ENDCHAR
STARTCHAR Pi
ENCODING 928
SWIDTH 629 0
DWIDTH 15 0
BBX 14 15 0 0
BITMAP
FFFC
3030
3030
3030
3030
3030
3030
3030
3030
3030
3030
3030
3030
3030
FCFC
ENDCHAR
STARTCHAR Rho
ENCODING 929
SWIDTH 522 0
DWIDTH 13 0
BBX 12 15 0 0
BITMAP
7F80
B0E0
3070
3030
3030
3030
3060
30E0
3F80
3000
3000
3000
3000
3000
FC00
ENDCHAR
STARTCHAR Sigma
ENCODING 931
SWIDTH 519 0
DWIDTH 12 0
BBX 11 15 1 0
BITMAP
FFC0
6040
7040
3000
1800
1C00
0E00
0400
0800
1800
1060
2020
4060
FFE0
FFE0
ENDCHAR
STARTCHAR Tau
ENCODING 932
SWIDTH 550 0
DWIDTH 13 0
BBX 12 15 0 0
BITMAP
FFF0
8610
8610
0600
0600
0600
0600
0600
0600
0600
0600
0600
0600
0600
1F80
ENDCHAR
STARTCHAR Upsilon
ENCODING 933
SWIDTH 583 0
DWIDTH 14 0
BBX 14 15 0 0
BITMAP
E01C
7038
3820
1840
0C40
0C80
0680
0680
0700
0300
0300
0300
0300
0300
0FC0
ENDCHAR
STARTCHAR Phi
ENCODING 934
SWIDTH 654 0
DWIDTH 16 0
BBX 14 15 1 0
BITMAP
0FC0
0300
0FC0
3B70
6318
C31C
C30C
C30C
C30C
C30C
6318
3B30
0FC0
0300
0FC0
ENDCHAR
STARTCHAR Chi
ENCODING 935
SWIDTH 615 0
DWIDTH 15 0
BBX 14 15 0 0
BITMAP
FC7C
3030
1820
1C60
0CC0
0680
0380
0380
0780
06C0
0CE0
1860
1830
3038
FC7C
ENDCHAR
STARTCHAR Psi
ENCODING 936
SWIDTH 688 0
DWIDTH 16 0
BBX 16 15 0 0
BITMAP
F7EF
318C
318C
318C
318C
318C
3998
1DB8
0FF0
0180
0180
0180
0180
0180
07E0
ENDCHAR
STARTCHAR uni03A9
ENCODING 937
SWIDTH 632 0
DWIDTH 15 0
BBX 13 15 1 0
BITMAP
0FC0
3060
6030
6030
C018
C018
C018
C018
C018
6030
6020
3060
98C8
8888
FDF8
ENDCHAR
STARTCHAR Iotadieresis
ENCODING 938
SWIDTH 317 0
DWIDTH 8 0
BBX 7 19 0 0
BITMAP
C6
C6
84
00
7E
18
18
18
18
18
18
18
18
18
18
18
18
18
7E
ENDCHAR
STARTCHAR Upsilondieresis
ENCODING 939
SWIDTH 583 0
DWIDTH 14 0
BBX 14 19 0 0
BITMAP
18C0
18C0
18C0
0000
E01C
7038
3820
1840
0C40
0C80
0680
0680
0700
0300
0300
0300
0300
0300
0FC0
ENDCHAR
STARTCHAR alphatonos
ENCODING 940
SWIDTH 525 0
DWIDTH 13 0
BBX 11 18 1 0
BITMAP
0180
0300
0600
0400
0800
0000
0000
1CE0
22C0
4380
C180
C180
C100
C180
E380
E780
7DE0
38C0
ENDCHAR
STARTCHAR epsilontonos
ENCODING 941
SWIDTH 420 0
DWIDTH 10 0
BBX 9 18 1 0
BITMAP
0300
0600
0400
0C00
0800
0000
0000
1F80
6300
C000
C000
E000
7E00
6000
C000
E080
FF00
3E00
ENDCHAR
STARTCHAR etatonos
ENCODING 942
SWIDTH 534 0
DWIDTH 13 0
BBX 12 23 0 -5
BITMAP
00C0
0180
0180
0300
0200
0000
0000
31C0
F7E0
3460
3860
3060
3060
3060
3060
3060
3060
3060
3060
0060
0060
0060
0070
ENDCHAR
STARTCHAR iotatonos
ENCODING 943
SWIDTH 294 0
DWIDTH 7 0
BBX 6 18 1 0
BITMAP
0C
18
30
20
40
00
00
20
E0
20
20
20
20
20
20
60
3C
30
ENDCHAR
STARTCHAR upsilondieresistonos
ENCODING 944
SWIDTH 507 0
DWIDTH 12 0
BBX 11 18 0 0
BITMAP
00C0
0180
0300
1260
3EE0
3040
0000
31C0
F0E0
3060
3060
3060
3060
3060
30C0
3980
1F80
0E00
ENDCHAR
STARTCHAR alpha
ENCODING 945
SWIDTH 525 0
DWIDTH 13 0
BBX 11 11 1 0
BITMAP
1CE0
22C0
4380
C180
C180
C100
C180
E380
E780
7DE0
38C0
ENDCHAR
STARTCHAR beta
ENCODING 946
SWIDTH 498 0
DWIDTH 13 0
BBX 10 24 2 -6
BITMAP
1C00
3E00
6700
4300
C300
C300
C600
CC00
DF00
C380
C1C0
C0C0
C0C0
C0C0
C0C0
F180
DF00
CE00
C000
C000
C000
C000
C000
E000
ENDCHAR
STARTCHAR gamma
ENCODING 947
SWIDTH 475 0
DWIDTH 11 0
BBX 11 17 0 -6
BITMAP
6060
F060
3040
1840
18C0
1880
0C80
0D00
0D00
0700
0600
0600
0600
0600
0600
0600
0C00
ENDCHAR
STARTCHAR delta
ENCODING 948
SWIDTH 479 0
DWIDTH 12 0
BBX 10 18 1 0
BITMAP
3FC0
6380
6000
7000
3800
1C00
0E00
1300
2180
4180
C0C0
C0C0
C0C0
C0C0
E0C0
7180
7F00
1E00
ENDCHAR
STARTCHAR epsilon
ENCODING 949
SWIDTH 420 0
DWIDTH 10 0
BBX 9 11 1 0
BITMAP
1F80
6300
C000
C000
E000
7E00
6000
C000
E080
FF00
3E00
ENDCHAR
STARTCHAR zeta
ENCODING 950
SWIDTH 399 0
DWIDTH 10 0
BBX 8 24 1 -6
BITMAP
40
3F
3A
04
08
18
10
30
60
60
40
C0
C0
C0
C0
E0
78
7E
0F
03
03
02
04
08
ENDCHAR
STARTCHAR eta
ENCODING 951
SWIDTH 534 0
DWIDTH 13 0
BBX 12 16 0 -5
BITMAP
31C0
F7E0
3460
3860
3060
3060
3060
3060
3060
3060
3060
3060
0060
0060
0060
0070
ENDCHAR
STARTCHAR theta
ENCODING 952
SWIDTH 499 0
DWIDTH 12 0
BBX 10 17 1 0
BITMAP
1E00
3F00
6380
6180
41C0
C0C0
C0C0
C0C0
FFC0
C0C0
C0C0
C0C0
E080
6180
7180
3F00
1E00
ENDCHAR
STARTCHAR iota
ENCODING 953
SWIDTH 294 0
DWIDTH 7 0
BBX 6 11 1 0
BITMAP
20
E0
20
20
20
20
20
20
60
3C
30
ENDCHAR
STARTCHAR kappa
ENCODING 954
SWIDTH 510 0
DWIDTH 12 0
BBX 12 11 0 0
BITMAP
3060
F0E0
3180
3200
3700
3F00
3980
3180
30C0
30F0
3040
ENDCHAR
STARTCHAR lambda
ENCODING 955
SWIDTH 528 0
DWIDTH 13 0
BBX 13 18 0 0
BITMAP
1800
3C00
4C00
0600
0600
0200
0700
0700
0500
0D80
0980
0980
1880
10C0
30C0
3060
6078
C060
ENDCHAR
STARTCHAR uni03BC
ENCODING 956
SWIDTH 539 0
DWIDTH 13 0
BBX 14 17 -1 -6
BITMAP
3030
F070
3030
3030
3030
3030
3030
3030
38F0
3FF4
3738
3000
3000
3000
3000
3800
3000
ENDCHAR
STARTCHAR nu
ENCODING 957
SWIDTH 507 0
DWIDTH 12 0
BBX 11 11 0 0
BITMAP
6060
B060
3060
1840
1840
0CC0
0C80
0D80
0700
0600
0600
ENDCHAR
STARTCHAR xi
ENCODING 958
SWIDTH 438 0
DWIDTH 11 0
BBX 9 25 1 -6
BITMAP
2000
1F80
1E00
0800
1800
3000
3000
3800
1F80
0F00
3800
7000
6000
C000
C000
C000
E000
F000
7E00
0F80
0380
0180
0100
0300
0200
ENDCHAR
STARTCHAR omicron
ENCODING 959
SWIDTH 498 0
DWIDTH 12 0
BBX 10 11 1 0
BITMAP
1E00
2380
6180
C0C0
C0C0
C0C0
C0C0
C0C0
6180
7100
1E00
ENDCHAR
STARTCHAR pi
ENCODING 960
SWIDTH 526 0
DWIDTH 13 0
BBX 12 11 0 0
BITMAP
7FF0
FFE0
9180
1180
1180
1180
1180
3180
3180
31F0
60E0
ENDCHAR
STARTCHAR rho
ENCODING 961
SWIDTH 478 0
DWIDTH 11 0
BBX 8 17 2 -6
BITMAP
1C
66
43
C3
C3
C3
C3
C3
E6
FE
DC
C0
C0
C0
C0
C0
C0
ENDCHAR
STARTCHAR sigma1
ENCODING 962
SWIDTH 408 0
DWIDTH 10 0
BBX 9 17 1 -6
BITMAP
1F80
2300
6000
4000
C000
C000
C000
C000
E000
7800
7E00
1F00
0700
0300
0200
0600
0400
ENDCHAR
STARTCHAR sigma
ENCODING 963
SWIDTH 478 0
DWIDTH 11 0
BBX 10 11 1 0
BITMAP
1FC0
3F80
6200
C300
C180
C180
C180
E180
7300
7F00
3C00
ENDCHAR
STARTCHAR tau
ENCODING 964
SWIDTH 430 0
DWIDTH 10 0
BBX 10 11 0 0
BITMAP
7FC0
FF80
9800
1800
1800
1800
1800
1800
1880
1F00
0E00
ENDCHAR
STARTCHAR upsilon
ENCODING 965
SWIDTH 507 0
DWIDTH 12 0
BBX 11 11 0 0
BITMAP
31C0
F0E0
3060
3060
3060
3060
3060
30C0
3980
1F80
0E00
ENDCHAR
STARTCHAR phi
ENCODING 966
SWIDTH 638 0
DWIDTH 16 0
BBX 14 17 1 -6
BITMAP
08F0
31F8
6138
431C
C30C
C30C
C30C
C30C
E308
7310
3F20
0FC0
0300
0300
0300
0300
0300
ENDCHAR
STARTCHAR chi
ENCODING 967
SWIDTH 486 0
DWIDTH 12 0
BBX 12 16 0 -5
BITMAP
2060
F0C0
18C0
1880
0D80
0D00
0E00
0600
0600
0E00
0B00
1B00
1180
31C0
60F0
60C0
ENDCHAR
STARTCHAR psi
ENCODING 968
SWIDTH 660 0
DWIDTH 16 0
BBX 15 22 0 -6
BITMAP
01C0
0180
0180
0180
0180
7184
B18E
3186
3186
3186
3186
3186
318C
398C
1998
0FF0
03C0
0180
0180
0180
0180
0180
ENDCHAR
STARTCHAR omega
ENCODING 969
SWIDTH 700 0
DWIDTH 17 0
BBX 15 11 1 0
BITMAP
1010
2008
610C
C306
C306
C306
C306
C306
E78C
7DF8
38F0
ENDCHAR
STARTCHAR iotadieresis
ENCODING 970
SWIDTH 294 0
DWIDTH 7 0
BBX 8 15 -1 0
BITMAP
42
E7
42
00
08
38
08
08
08
08
08
08
18
0F
0C
ENDCHAR
STARTCHAR upsilondieresis
ENCODING 971
SWIDTH 507 0
DWIDTH 12 0
BBX 11 15 0 0
BITMAP
1080
18C0
1080
0000
31C0
F0E0
3060
3060
3060
3060
3060
30C0
3980
1F80
0E00
ENDCHAR
STARTCHAR omicrontonos
ENCODING 972
SWIDTH 498 0
DWIDTH 12 0
BBX 10 18 1 0
BITMAP
0380
0300
0600
0400
0800
0000
0000
1E00
2380
6180
C0C0
C0C0
C0C0
C0C0
C0C0
6180
7100
1E00
ENDCHAR
STARTCHAR upsilontonos
ENCODING 973
SWIDTH 507 0
DWIDTH 12 0
BBX 11 18 0 0
BITMAP
00C0
0180
0100
0200
0200
0400
0000
31C0
F0E0
3060
3060
3060
3060
3060
30C0
3980
1F80
0E00
ENDCHAR
STARTCHAR omegatonos
ENCODING 974
SWIDTH 700 0
DWIDTH 17 0
BBX 15 18 1 0
BITMAP
0060
00C0
0080
0180
0100
0000
0000
1010
2008
610C
C306
C306
C306
C306
C306
E78C
7DF8
38F0
ENDCHAR
STARTCHAR uni03CF
ENCODING 975
SWIDTH 578 0
DWIDTH 14 0
BBX 14 21 0 -6
BITMAP
FCF8
3060
3040
3080
3180
3300
3600
3C00
3600
3300
3380
31C0
30C0
3060
FC3C
0030
0040
0080
0100
0200
0200
ENDCHAR
STARTCHAR uni03D0
ENCODING 976
SWIDTH 476 0
DWIDTH 11 0
BBX 9 19 1 0
BITMAP
0E00
1F00
3300
2100
6100
6100
4200
C400
CE00
F300
C180
C180
C180
C180
E180
E100
7300
7E00
3C00
ENDCHAR
STARTCHAR theta1
ENCODING 977
SWIDTH 498 0
DWIDTH 12 0
BBX 11 18 1 0
BITMAP
0E00
3380
2180
6180
60C0
60C0
60E0
30C0
5FC0
E0C0
60C0
60C0
60C0
6080
6180
3180
3F00
1E00
ENDCHAR
STARTCHAR Upsilon1
ENCODING 978
SWIDTH 623 0
DWIDTH 15 0
BBX 15 15 0 0
BITMAP
E01C
703E
3826
1844
0C40
0C80
0680
0680
0700
0300
0300
0300
0300
0300
0FC0
ENDCHAR
STARTCHAR uni03D3
ENCODING 979
SWIDTH 897 0
DWIDTH 22 0
BBX 21 17 0 0
BITMAP
180000
300000
23C038
40E078
4060D8
803098
003900
001900
001900
000E00
000E00
000E00
000E00
000600
000600
000600
001F80
ENDCHAR
STARTCHAR uni03D4
ENCODING 980
SWIDTH 623 0
DWIDTH 15 0
BBX 15 19 0 0
BITMAP
18C0
18C0
18C0
0000
E01C
703E
3826
1844
0C40
0C80
0680
0680
0700
0300
0300
0300
0300
0300
0FC0
ENDCHAR
STARTCHAR phi1
ENCODING 981
SWIDTH 681 0
DWIDTH 16 0
BBX 14 22 1 -6
BITMAP
0300
0300
0300
0300
0300
0FC0
3330
6318
C31C
C30C
C30C
C30C
C30C
6318
3330
0FC0
0300
0300
0300
0300
0300
0300
ENDCHAR
STARTCHAR omega1
ENCODING 982
SWIDTH 700 0
DWIDTH 17 0
BBX 16 15 1 0
BITMAP
1FC0
3030
6019
700E
1FFC
2006
6106
C306
C306
C306
C306
C30C
E78C
7DF8
38F0
ENDCHAR
STARTCHAR uni03D7
ENCODING 983
SWIDTH 532 0
DWIDTH 13 0
BBX 16 25 0 -7
BITMAP
0003
0003
0006
0004
0008
0000
0000
1030
F0F0
31C0
3300
3600
35C0
3FE0
3870
3030
3030
3030
3020
0060
0040
0080
0100
0200
0400
ENDCHAR
STARTCHAR uni03D8
ENCODING 984
SWIDTH 537 0
DWIDTH 13 0
BBX 11 15 1 0
BITMAP
1F00
3180
60C0
4060
C060
C060
C060
E060
60C0
7B80
3F00
0C00
0C00
0C00
3F00
ENDCHAR
STARTCHAR uni03D9
ENCODING 985
SWIDTH 498 0
DWIDTH 12 0
BBX 10 17 1 -6
BITMAP
1E00
2380
6180
40C0
C0C0
C0C0
C0C0
C0C0
E180
7180
3F00
1C00
0C00
0C00
0C00
0C00
0C00
ENDCHAR
STARTCHAR uni03DA
ENCODING 986
SWIDTH 578 0
DWIDTH 14 0
BBX 13 21 1 -4
BITMAP
0008
0030
0FE0
1FC0
3000
6000
6000
C000
C000
C000
C000
C000
E000
6000
7800
3FC0
1FE0
00E0
0060
0040
0040
ENDCHAR
STARTCHAR uni03DB
ENCODING 987
SWIDTH 448 0
DWIDTH 11 0
BBX 11 19 1 -6
BITMAP
0020
0040
0FC0
3F80
6000
6000
C000
C000
C000
C000
E000
7000
7C00
1F00
0700
0300
0200
0600
0400
ENDCHAR
STARTCHAR uni03DC
ENCODING 988
SWIDTH 478 0
DWIDTH 11 0
BBX 10 15 0 0
BITMAP
FFC0
3040
3040
3000
3000
3000
3FC0
3080
3000
3000
3000
3000
3000
3000
FC00
ENDCHAR
STARTCHAR uni03DD
ENCODING 989
SWIDTH 434 0
DWIDTH 10 0
BBX 9 16 2 -5
BITMAP
1E00
7F80
6300
C000
C000
FF00
C000
C000
C000
C000
C000
C000
C000
C000
C000
E000
ENDCHAR
STARTCHAR uni03DE
ENCODING 990
SWIDTH 523 0
DWIDTH 13 0
BBX 12 15 0 0
BITMAP
01C0
0300
0600
0C00
1800
1000
3FF0
FFE0
0040
00C0
0180
0300
0600
0E00
1C00
ENDCHAR
STARTCHAR uni03DF
ENCODING 991
SWIDTH 481 0
DWIDTH 12 0
BBX 11 22 0 -5
BITMAP
0180
0300
0700
0600
0C00
0C00
1800
1000
3000
6020
7FE0
8040
00C0
0080
0100
0300
0200
0600
0C00
0C00
1C00
3000
ENDCHAR
STARTCHAR uni03E0
ENCODING 992
SWIDTH 616 0
DWIDTH 15 0
BBX 14 17 0 -2
BITMAP
7F00
83C0
00E0
01F0
0330
0618
1818
301C
603C
40CC
018C
030C
0E0C
1808
1018
0010
0020
ENDCHAR
STARTCHAR uni03E1
ENCODING 993
SWIDTH 643 0
DWIDTH 15 0
BBX 17 24 -3 -6
BITMAP
F00000
0E0000
038000
00E000
007000
003800
003C00
006E00
01C600
030700
060300
040300
080700
001980
003180
00E180
01C180
010180
000180
000100
000100
000100
000100
000200
ENDCHAR
STARTCHAR uni03F0
ENCODING 1008
SWIDTH 556 0
DWIDTH 13 0
BBX 12 11 1 0
BITMAP
6060
F0E0
31C0
32C0
3580
3980
3980
3180
61C0
61F0
E0E0
ENDCHAR
STARTCHAR uni03F1
ENCODING 1009
SWIDTH 473 0
DWIDTH 11 0
BBX 8 18 2 -7
BITMAP
1C
66
47
43
C3
C3
C3
C3
E6
FC
DC
C0
E0
7E
3F
03
03
02
ENDCHAR
STARTCHAR uni03F2
ENCODING 1010
SWIDTH 432 0
DWIDTH 10 0
BBX 9 11 1 0
BITMAP
1F80
2100
4000
C000
C000
C000
C000
E000
7080
7F00
1E00
ENDCHAR
STARTCHAR uni03F3
ENCODING 1011
SWIDTH 258 0
DWIDTH 6 0
BBX 7 22 -3 -6
BITMAP
06
06
06
00
00
06
1E
06
06
06
06
06
06
06
06
06
06
06
04
4C
F8
F0
ENDCHAR
STARTCHAR uni03F4
ENCODING 1012
SWIDTH 618 0
DWIDTH 15 0
BBX 13 15 1 0
BITMAP
0F80
1FE0
3070
6030
4018
C018
FFF8
FFF8
C018
C018
E030
6030
7860
3FC0
0F00
ENDCHAR
STARTCHAR uni03F5
ENCODING 1013
SWIDTH 437 0
DWIDTH 10 0
BBX 9 11 1 0
BITMAP
1F00
3080
6000
C000
FF00
C000
C000
E000
7080
7F00
1E00
ENDCHAR
STARTCHAR uni03F6
ENCODING 1014
SWIDTH 437 0
DWIDTH 11 0
BBX 9 11 1 0
BITMAP
3C00
7F00
8700
0380
0180
7F80
0180
0180
0300
8600
7C00
ENDCHAR
STARTCHAR uni03F7
ENCODING 1015
SWIDTH 491 0
DWIDTH 12 0
BBX 10 15 1 0
BITMAP
FC00
3000
3E00
3300
3180
30C0
30C0
30C0
30C0
30C0
3180
3300
3C00
3000
FC00
ENDCHAR
STARTCHAR uni03F8
ENCODING 1016
SWIDTH 478 0
DWIDTH 11 0
BBX 8 23 2 -6
BITMAP
C0
C0
C0
C0
C0
C0
DC
E6
C7
83
83
83
83
83
C6
FC
D8
C0
C0
C0
C0
C0
80
ENDCHAR
STARTCHAR uni03F9
ENCODING 1017
SWIDTH 536 0
DWIDTH 13 0
BBX 11 15 1 0
BITMAP
07E0
1840
2000
6000
4000
C000
C000
C000
C000
C000
E000
7000
7860
3FC0
0F00
ENDCHAR
STARTCHAR uni03FA
ENCODING 1018
SWIDTH 750 0
DWIDTH 18 0
BBX 17 15 0 0
BITMAP
F00780
380E00
3C1E00
341600
363600
322600
336600
31C600
30C600
308600
300600
300600
300600
300600
FC1F80
ENDCHAR
STARTCHAR uni03FB
ENCODING 1019
SWIDTH 604 0
DWIDTH 15 0
BBX 15 17 0 -6
BITMAP
3018
F838
3C38
3458
36D8
3398
3318
3218
3018
301E
3018
3000
3000
3000
3800
3800
3000
ENDCHAR
STARTCHAR uni03FC
ENCODING 1020
SWIDTH 478 0
DWIDTH 11 0
BBX 10 17 0 -6
BITMAP
0700
1980
11C0
30C0
30C0
30C0
30C0
30C0
3980
3F80
3700
3000
3000
FE00
3000
3000
3000
ENDCHAR
STARTCHAR uni03FD
ENCODING 1021
SWIDTH 536 0
DWIDTH 13 0
BBX 11 15 1 0
BITMAP
1E00
7F80
C3C0
81C0
00E0
0060
0060
0060
0060
0060
0040
00C0
4080
E100
3E00
ENDCHAR
STARTCHAR uni03FE
ENCODING 1022
SWIDTH 536 0
DWIDTH 13 0
BBX 11 15 1 0
BITMAP
07E0
1840
2000
6000
4000
C000
C300
C300
C300
C000
E000
7000
7860
3FC0
0F00
ENDCHAR
STARTCHAR uni03FF
ENCODING 1023
SWIDTH 536 0
DWIDTH 13 0
BBX 11 15 1 0
BITMAP
1E00
7F80
C3C0
81C0
00E0
0060
1860
1860
1860
0060
0040
00C0
4080
E100
3E00
ENDCHAR
STARTCHAR uni0400
ENCODING 1024
SWIDTH 496 0
DWIDTH 12 0
BBX 11 21 0 0
BITMAP
1000
3800
1C00
0600
0100
0000
FFC0
3040
3040
3040
3000
3000
3000
3F80
3100
3000
3000
3020
3020
3060
FFE0
ENDCHAR
STARTCHAR uni0401
ENCODING 1025
SWIDTH 496 0
DWIDTH 12 0
BBX 11 19 0 0
BITMAP
3180
3180
3180
0000
FFC0
3040
3040
3040
3000
3000
3000
3F80
3100
3000
3000
3020
3020
3060
FFE0
ENDCHAR
STARTCHAR uni0402
ENCODING 1026
SWIDTH 664 0
DWIDTH 16 0
BBX 15 15 0 0
BITMAP
FFF8
C618
8608
8608
0600
0600
07F0
061C
060E
0606
0606
0606
0606
0664
1E78
ENDCHAR
STARTCHAR uni0403
ENCODING 1027
SWIDTH 475 0
DWIDTH 11 0
BBX 11 21 0 0
BITMAP
0080
01C0
0300
0600
0800
0000
FFE0
3060
3040
3040
3000
3000
3000
3000
3000
3000
3000
3000
3000
3000
FC00
ENDCHAR
STARTCHAR uni0404
ENCODING 1028
SWIDTH 542 0
DWIDTH 13 0
BBX 11 15 1 0
BITMAP
0FC0
1060
2020
6020
4000
C000
C080
FF80
C000
C000
E020
6020
7860
3FC0
0F80
ENDCHAR
STARTCHAR uni0405
ENCODING 1029
SWIDTH 476 0
DWIDTH 11 0
BBX 9 15 1 0
BITMAP
3E00
6300
C000
C000
E000
7800
3C00
0F00
0380
0180
8180
8180
C300
FF00
3C00
ENDCHAR
STARTCHAR uni0406
ENCODING 1030
SWIDTH 297 0
DWIDTH 7 0
BBX 6 15 0 0
BITMAP
FC
30
30
30
30
30
30
30
30
30
30
30
30
30
FC
ENDCHAR
STARTCHAR uni0407
ENCODING 1031
SWIDTH 297 0
DWIDTH 7 0
BBX 8 19 -1 0
BITMAP
42
E7
42
00
7E
18
18
18
18
18
18
18
18
18
18
18
18
18
7E
ENDCHAR
STARTCHAR uni0408
ENCODING 1032
SWIDTH 305 0
DWIDTH 7 0
BBX 9 20 -2 -5
BITMAP
1F80
0600
0600
0600
0600
0600
0600
0600
0600
0600
0600
0600
0600
0600
0600
0600
0400
8C00
F800
F000
ENDCHAR
STARTCHAR uni0409
ENCODING 1033
SWIDTH 866 0
DWIDTH 21 0
BBX 20 15 0 0
BITMAP
1FFC00
063000
063000
063000
063000
043000
0C3F80
0C30E0
0C3060
083030
083030
983030
903030
F03060
E0FF80
ENDCHAR
STARTCHAR uni040A
ENCODING 1034
SWIDTH 876 0
DWIDTH 21 0
BBX 20 15 0 0
BITMAP
FC7E00
301800
301800
301800
301800
301800
3FF800
3FFFC0
301860
301870
301830
301830
301830
301860
FC7FC0
ENDCHAR
STARTCHAR uni040B
ENCODING 1035
SWIDTH 722 0
DWIDTH 17 0
BBX 17 15 0 0
BITMAP
FFF800
861800
860800
860800
060000
060000
06F800
070C00
060600
060600
060600
060600
060600
060600
1F9F80
ENDCHAR
STARTCHAR uni040C
ENCODING 1036
SWIDTH 595 0
DWIDTH 14 0
BBX 14 21 0 0
BITMAP
0060
00E0
01C0
0300
0600
0000
FC38
3078
3058
3088
3080
3080
3100
3F00
3180
30C0
30C0
3060
3060
3030
FC3C
ENDCHAR
STARTCHAR uni040D
ENCODING 1037
SWIDTH 664 0
DWIDTH 16 0
BBX 15 21 0 0
BITMAP
0400
0E00
0700
0180
0040
0000
FC7E
3018
3018
3038
3078
30D8
3198
3118
3318
3618
3C18
3818
3018
3018
FC7E
ENDCHAR
STARTCHAR uni040E
ENCODING 1038
SWIDTH 605 0
DWIDTH 15 0
BBX 15 19 0 0
BITMAP
0820
0C60
07C0
0000
F83E
3018
1810
1810
0C30
0C20
0660
0340
03C0
0180
0180
0180
1300
1E00
1C00
ENDCHAR
STARTCHAR uni040F
ENCODING 1039
SWIDTH 629 0
DWIDTH 15 0
BBX 14 19 0 -4
BITMAP
FCFC
3030
3030
3030
3030
3030
3030
3030
3030
3030
3030
3030
3030
3030
FFFC
0300
0300
0100
0200
ENDCHAR
STARTCHAR uni0410
ENCODING 1040
SWIDTH 595 0
DWIDTH 14 0
BBX 14 15 0 0
BITMAP
0100
0300
0300
0780
0580
04C0
0CC0
08C0
0860
1FE0
1060
1030
3030
2030
F87C
ENDCHAR
STARTCHAR uni0411
ENCODING 1041
SWIDTH 549 0
DWIDTH 13 0
BBX 12 15 0 0
BITMAP
FFC0
3040
3040
3040
3000
3000
3F80
30E0
3060
3030
3030
3030
3030
3060
FF80
ENDCHAR
STARTCHAR uni0412
ENCODING 1042
SWIDTH 549 0
DWIDTH 13 0
BBX 12 15 0 0
BITMAP
7F80
B0C0
3060
3060
3060
3080
3FC0
30E0
3070
3030
3030
3030
3030
3060
FF80
ENDCHAR
STARTCHAR uni0413
ENCODING 1043
SWIDTH 475 0
DWIDTH 11 0
BBX 11 15 0 0
BITMAP
FFE0
3060
3040
3040
3000
3000
3000
3000
3000
3000
3000
3000
3000
3000
FC00
ENDCHAR
STARTCHAR uni0414
ENCODING 1044
SWIDTH 619 0
DWIDTH 15 0
BBX 14 19 0 -4
BITMAP
1FFC
0630
0630
0630
0430
0430
0430
0C30
0C30
0830
0830
1830
1030
3030
FFFC
C00C
800C
8008
8008
ENDCHAR
STARTCHAR uni0415
ENCODING 1045
SWIDTH 496 0
DWIDTH 12 0
BBX 11 15 0 0
BITMAP
FFC0
3040
3040
3040
3000
3000
3000
3F80
3100
3000
3000
3020
3020
3060
FFE0
ENDCHAR
STARTCHAR uni0416
ENCODING 1046
SWIDTH 859 0
DWIDTH 21 0
BBX 20 15 0 0
BITMAP
F1F8F0
F861F0
486120
486120
0C6300
046200
066600
07FE00
066600
0C6300
1C6380
186180
3860C0
7060E0
E1F870
ENDCHAR
STARTCHAR uni0417
ENCODING 1047
SWIDTH 502 0
DWIDTH 12 0
BBX 10 15 0 0
BITMAP
1F00
6180
40C0
40C0
00C0
01C0
0380
1F80
01C0
00C0
80C0
C0C0
E180
7F00
3E00
ENDCHAR
STARTCHAR uni0418
ENCODING 1048
SWIDTH 664 0
DWIDTH 16 0
BBX 15 15 0 0
BITMAP
FC7E
3018
3018
3038
3078
30D8
3198
3118
3318
3618
3C18
3818
3018
3018
FC7E
ENDCHAR
STARTCHAR uni0419
ENCODING 1049
SWIDTH 664 0
DWIDTH 16 0
BBX 15 19 0 0
BITMAP
0420
0C60
07E0
0000
FC7E
3018
3018
3038
3078
30D8
3198
3118
3318
3618
3C18
3818
3018
3018
FC7E
ENDCHAR
STARTCHAR uni041A
ENCODING 1050
SWIDTH 595 0
DWIDTH 14 0
BBX 14 15 0 0
BITMAP
FC38
3078
3058
3088
3080
3080
3100
3F00
3180
30C0
30C0
3060
3060
3030
FC3C
ENDCHAR
STARTCHAR uni041B
ENCODING 1051
SWIDTH 624 0
DWIDTH 15 0
BBX 13 15 1 0
BITMAP
1FF8
0660
0660
0660
0660
0460
0C60
0C60
0C60
0860
0860
9860
9060
F060
E1F8
ENDCHAR
STARTCHAR uni041C
ENCODING 1052
SWIDTH 766 0
DWIDTH 18 0
BBX 17 15 0 0
BITMAP
F00F00
380E00
380E00
381E00
341600
341600
363600
322600
322600
336600
314600
314600
31C600
308600
FC9F80
ENDCHAR
STARTCHAR uni041D
ENCODING 1053
SWIDTH 654 0
DWIDTH 16 0
BBX 15 15 0 0
BITMAP
FC7E
3018
3018
3018
3018
3018
3018
3FF8
3018
3018
3018
3018
3018
3018
FC7E
ENDCHAR
STARTCHAR uni041E
ENCODING 1054
SWIDTH 599 0
DWIDTH 14 0
BBX 12 15 1 0
BITMAP
0F00
1FC0
30E0
6060
4070
C030
C030
C030
C030
C030
E060
6060
70C0
3F80
1F00
ENDCHAR
STARTCHAR uni041F
ENCODING 1055
SWIDTH 634 0
DWIDTH 15 0
BBX 14 15 0 0
BITMAP
FFFC
3030
3030
3030
3030
3030
3030
3030
3030
3030
3030
3030
3030
3030
FCFC
ENDCHAR
STARTCHAR uni0420
ENCODING 1056
SWIDTH 522 0
DWIDTH 13 0
BBX 12 15 0 0
BITMAP
7F80
B0E0
3070
3030
3030
3030
3060
30E0
3F80
3000
3000
3000
3000
3000
FC00
ENDCHAR
STARTCHAR uni0421
ENCODING 1057
SWIDTH 536 0
DWIDTH 13 0
BBX 11 15 1 0
BITMAP
07C0
1860
2000
6000
4000
C000
C000
C000
C000
C000
E000
7020
7840
3F80
0F00
ENDCHAR
STARTCHAR uni0422
ENCODING 1058
SWIDTH 550 0
DWIDTH 13 0
BBX 12 15 0 0
BITMAP
FFF0
8610
8610
8610
0600
0600
0600
0600
0600
0600
0600
0600
0600
0600
1F80
ENDCHAR
STARTCHAR uni0423
ENCODING 1059
SWIDTH 605 0
DWIDTH 15 0
BBX 15 15 0 0
BITMAP
F83E
3018
1810
1810
0C30
0C20
0660
0340
03C0
0180
0180
0180
1300
1E00
1C00
ENDCHAR
STARTCHAR uni0424
ENCODING 1060
SWIDTH 638 0
DWIDTH 16 0
BBX 14 15 1 0
BITMAP
0FC0
0300
0300
1FF0
6318
430C
C30C
C30C
C30C
C30C
6318
7330
1FE0
0300
0FC0
ENDCHAR
STARTCHAR uni0425
ENCODING 1061
SWIDTH 615 0
DWIDTH 15 0
BBX 14 15 0 0
BITMAP
FC7C
3030
1820
1C60
0CC0
0680
0380
0380
0780
06C0
0CE0
1860
1830
3038
FC7C
ENDCHAR
STARTCHAR uni0426
ENCODING 1062
SWIDTH 629 0
DWIDTH 15 0
BBX 14 19 0 -4
BITMAP
FCFC
3030
3030
3030
3030
3030
3030
3030
3030
3030
3030
3030
3030
3030
FFFC
000C
000C
0008
0008
ENDCHAR
STARTCHAR uni0427
ENCODING 1063
SWIDTH 603 0
DWIDTH 14 0
BBX 13 15 0 0
BITMAP
FDF8
3060
3060
3060
3060
3060
3060
1860
0FE0
0060
0060
0060
0060
0060
01F8
ENDCHAR
STARTCHAR uni0428
ENCODING 1064
SWIDTH 825 0
DWIDTH 21 0
BBX 20 15 0 0
BITMAP
FDFBF0
3060C0
3060C0
3060C0
3060C0
3060C0
3060C0
3060C0
3060C0
3060C0
3060C0
3060C0
3060C0
3060C0
FFFFF0
ENDCHAR
STARTCHAR uni0429
ENCODING 1065
SWIDTH 830 0
DWIDTH 21 0
BBX 20 19 0 -4
BITMAP
FDFBF0
3060C0
3060C0
3060C0
3060C0
3060C0
3060C0
3060C0
3060C0
3060C0
3060C0
3060C0
3060C0
3060C0
FFFFF0
000030
000030
000020
000020
ENDCHAR
STARTCHAR uni042A
ENCODING 1066
SWIDTH 675 0
DWIDTH 16 0
BBX 15 15 0 0
BITMAP
7FC0
4300
4300
8300
0300
0300
03F0
031C
030E
0306
0306
0306
0306
030C
0FF0
ENDCHAR
STARTCHAR uni042B
ENCODING 1067
SWIDTH 747 0
DWIDTH 18 0
BBX 17 15 0 0
BITMAP
FC1F80
300600
300600
300600
300600
300600
3F0600
31C600
30E600
306600
306600
306600
306600
30C600
FF1F80
ENDCHAR
STARTCHAR uni042C
ENCODING 1068
SWIDTH 540 0
DWIDTH 13 0
BBX 12 15 0 0
BITMAP
FC00
3000
3000
3000
3000
3000
3F80
30E0
3060
3030
3030
3030
3030
3060
FF80
ENDCHAR
STARTCHAR uni042D
ENCODING 1069
SWIDTH 559 0
DWIDTH 13 0
BBX 11 15 1 0
BITMAP
7F00
C380
80C0
80C0
0060
0060
0060
1FE0
2060
0060
8060
80C0
E180
FF80
3E00
ENDCHAR
STARTCHAR uni042E
ENCODING 1070
SWIDTH 833 0
DWIDTH 20 0
BBX 19 15 0 0
BITMAP
FC1F00
303F80
3061C0
30C0C0
30C0E0
318060
318060
3F8060
318060
318060
31C0C0
30C0C0
30E180
307F00
FC3E00
ENDCHAR
STARTCHAR uni042F
ENCODING 1071
SWIDTH 575 0
DWIDTH 14 0
BBX 14 15 0 0
BITMAP
03F8
0C34
1830
1830
1830
1830
0C30
07F0
0230
0630
0C30
0C30
1830
3830
F0FC
ENDCHAR
STARTCHAR uni0430
ENCODING 1072
SWIDTH 463 0
DWIDTH 11 0
BBX 10 11 1 0
BITMAP
3E00
4300
C300
0300
0300
3F00
6300
C300
C700
FFC0
7300
ENDCHAR
STARTCHAR uni0431
ENCODING 1073
SWIDTH 501 0
DWIDTH 12 0
BBX 10 18 1 0
BITMAP
0040
03C0
0F80
1F00
3000
6000
6000
CF00
F180
E1C0
C0C0
C0C0
C0C0
C0C0
40C0
6180
3100
1E00
ENDCHAR
STARTCHAR uni0432
ENCODING 1074
SWIDTH 475 0
DWIDTH 11 0
BBX 10 11 0 0
BITMAP
FF00
31C0
30C0
30C0
3180
3F00
31C0
30C0
30C0
3180
FF00
ENDCHAR
STARTCHAR uni0433
ENCODING 1075
SWIDTH 414 0
DWIDTH 10 0
BBX 9 11 0 0
BITMAP
FF80
3080
3080
3080
3000
3000
3000
3000
3000
3000
FC00
ENDCHAR
STARTCHAR uni0434
ENCODING 1076
SWIDTH 520 0
DWIDTH 12 0
BBX 12 15 0 -4
BITMAP
3FF0
0CC0
08C0
08C0
08C0
08C0
18C0
10C0
10C0
30C0
FFF0
C030
C030
8020
8020
ENDCHAR
STARTCHAR uni0435
ENCODING 1077
SWIDTH 461 0
DWIDTH 11 0
BBX 9 11 1 0
BITMAP
1E00
2300
4180
C180
FF80
C000
C000
E080
7100
7F00
3C00
ENDCHAR
STARTCHAR uni0436
ENCODING 1078
SWIDTH 711 0
DWIDTH 17 0
BBX 18 11 0 0
BITMAP
71E380
78C780
48C480
48C480
04C800
07F800
0CCC00
0CCC00
18C600
30C300
F1E3C0
ENDCHAR
STARTCHAR uni0437
ENCODING 1079
SWIDTH 420 0
DWIDTH 10 0
BBX 8 11 1 0
BITMAP
7C
C7
83
03
06
3E
07
03
83
C2
FC
ENDCHAR
STARTCHAR uni0438
ENCODING 1080
SWIDTH 583 0
DWIDTH 14 0
BBX 14 11 0 0
BITMAP
FCFC
3030
3070
30B0
31B0
3330
3630
3C30
3830
3030
FCFC
ENDCHAR
STARTCHAR uni0439
ENCODING 1081
SWIDTH 583 0
DWIDTH 14 0
BBX 14 16 0 0
BITMAP
0840
1860
0FC0
0000
0000
FCFC
3030
3070
30B0
31B0
3330
3630
3C30
3830
3030
FCFC
ENDCHAR
STARTCHAR uni043A
ENCODING 1082
SWIDTH 506 0
DWIDTH 12 0
BBX 12 11 0 0
BITMAP
F8E0
30E0
31A0
3120
3300
3E00
3300
3180
3180
30C0
F8F0
ENDCHAR
STARTCHAR uni043B
ENCODING 1083
SWIDTH 538 0
DWIDTH 13 0
BBX 12 11 1 0
BITMAP
3FF0
08C0
08C0
08C0
18C0
10C0
10C0
10C0
B0C0
E0C0
C3F0
ENDCHAR
STARTCHAR uni043C
ENCODING 1084
SWIDTH 700 0
DWIDTH 17 0
BBX 17 11 0 0
BITMAP
700F00
380E00
381E00
341600
343600
322600
332600
314600
31C600
31C600
F89F80
ENDCHAR
STARTCHAR uni043D
ENCODING 1085
SWIDTH 568 0
DWIDTH 14 0
BBX 14 11 0 0
BITMAP
FCFC
3030
3030
3030
3030
3FF0
3030
3030
3030
3030
FCFC
ENDCHAR
STARTCHAR uni043E
ENCODING 1086
SWIDTH 502 0
DWIDTH 12 0
BBX 10 11 1 0
BITMAP
1E00
2380
4180
C0C0
C0C0
C0C0
C0C0
C0C0
6180
7100
1E00
ENDCHAR
STARTCHAR uni043F
ENCODING 1087
SWIDTH 554 0
DWIDTH 13 0
BBX 13 11 0 0
BITMAP
FFF8
3060
3060
3060
3060
3060
3060
3060
3060
3060
FDF8
ENDCHAR
STARTCHAR uni0440
ENCODING 1088
SWIDTH 529 0
DWIDTH 13 0
BBX 12 17 0 -6
BITMAP
31C0
F7E0
3CF0
3870
3030
3030
3030
3020
3860
3FC0
3380
3000
3000
3000
3000
3000
FC00
ENDCHAR
STARTCHAR uni0441
ENCODING 1089
SWIDTH 437 0
DWIDTH 10 0
BBX 9 11 1 0
BITMAP
0F80
3180
6000
C000
C000
C000
C000
E080
7180
7F00
1E00
ENDCHAR
STARTCHAR uni0442
ENCODING 1090
SWIDTH 465 0
DWIDTH 11 0
BBX 10 11 1 0
BITMAP
FFC0
8C40
8C40
8C40
0C00
0C00
0C00
0C00
0C00
0C00
3F00
ENDCHAR
STARTCHAR uni0443
ENCODING 1091
SWIDTH 502 0
DWIDTH 12 0
BBX 12 17 0 -6
BITMAP
F8F0
3040
3040
18C0
1880
1880
0D80
0D00
0500
0700
0600
0200
0400
0400
0800
F800
E000
ENDCHAR
STARTCHAR uni0444
ENCODING 1092
SWIDTH 659 0
DWIDTH 16 0
BBX 14 23 1 -6
BITMAP
0300
0F00
0300
0300
0300
0300
1FE0
3330
6318
C30C
C30C
C30C
C30C
C30C
6318
7338
3FF0
0780
0300
0300
0300
0300
0FC0
ENDCHAR
STARTCHAR uni0445
ENCODING 1093
SWIDTH 502 0
DWIDTH 12 0
BBX 12 11 0 0
BITMAP
F9F0
30C0
1880
0D00
0E00
0600
0F00
1980
10C0
20E0
F9F0
ENDCHAR
STARTCHAR uni0446
ENCODING 1094
SWIDTH 546 0
DWIDTH 13 0
BBX 13 15 0 -4
BITMAP
FCF8
3060
3060
3060
3060
3060
3060
3060
3060
3060
FFF8
0018
0018
0008
0010
ENDCHAR
STARTCHAR uni0447
ENCODING 1095
SWIDTH 516 0
DWIDTH 12 0
BBX 12 11 0 0
BITMAP
F9F0
30C0
30C0
30C0
30C0
38C0
1FC0
00C0
00C0
00C0
03F0
ENDCHAR
STARTCHAR uni0448
ENCODING 1096
SWIDTH 737 0
DWIDTH 18 0
BBX 18 11 0 0
BITMAP
F9E7C0
30C300
30C300
30C300
30C300
30C300
30C300
30C300
30C300
30C300
FFFFC0
ENDCHAR
STARTCHAR uni0449
ENCODING 1097
SWIDTH 744 0
DWIDTH 18 0
BBX 18 15 0 -4
BITMAP
F9E7C0
30C300
30C300
30C300
30C300
30C300
30C300
30C300
30C300
30C300
FFFFC0
0000C0
0000C0
000080
000080
ENDCHAR
STARTCHAR uni044A
ENCODING 1098
SWIDTH 572 0
DWIDTH 14 0
BBX 12 11 1 0
BITMAP
FF00
8C00
8C00
8C00
0C00
0FC0
0C70
0C30
0C30
0C70
3FC0
ENDCHAR
STARTCHAR uni044B
ENCODING 1099
SWIDTH 675 0
DWIDTH 16 0
BBX 16 11 0 0
BITMAP
FC3F
300C
300C
300C
300C
3F0C
31CC
30CC
30CC
318C
FF3F
ENDCHAR
STARTCHAR uni044C
ENCODING 1100
SWIDTH 458 0
DWIDTH 11 0
BBX 10 11 0 0
BITMAP
FC00
3000
3000
3000
3000
3F00
31C0
30C0
30C0
31C0
FF00
ENDCHAR
STARTCHAR uni044D
ENCODING 1101
SWIDTH 459 0
DWIDTH 11 0
BBX 9 11 1 0
BITMAP
7C00
C700
8300
0180
0180
3F80
4180
8180
8100
C200
7C00
ENDCHAR
STARTCHAR uni044E
ENCODING 1102
SWIDTH 698 0
DWIDTH 17 0
BBX 16 11 0 0
BITMAP
FC78
308E
3106
3303
3303
3F03
3303
3303
3186
31C4
FCF8
ENDCHAR
STARTCHAR uni044F
ENCODING 1103
SWIDTH 496 0
DWIDTH 12 0
BBX 12 11 0 0
BITMAP
0FF0
18C0
30C0
30C0
38C0
0FC0
0CC0
18C0
18C0
30C0
F1F0
ENDCHAR
STARTCHAR uni0450
ENCODING 1104
SWIDTH 461 0
DWIDTH 11 0
BBX 9 17 1 0
BITMAP
6000
3000
1800
0800
0400
0000
1E00
2300
4180
C180
FF80
C000
C000
E080
7100
7F00
3C00
ENDCHAR
STARTCHAR uni0451
ENCODING 1105
SWIDTH 461 0
DWIDTH 11 0
BBX 9 16 1 0
BITMAP
4200
6300
4200
0000
0000
1E00
2300
4180
C180
FF80
C000
C000
E080
7100
7F00
3C00
ENDCHAR
STARTCHAR uni0452
ENCODING 1106
SWIDTH 512 0
DWIDTH 12 0
BBX 11 23 0 -5
BITMAP
3000
F000
3000
3000
FF80
3000
3000
33C0
37C0
3CE0
3860
3060
3060
3060
3060
3060
3060
FC40
00C0
0080
0180
0300
0400
ENDCHAR
STARTCHAR uni0453
ENCODING 1107
SWIDTH 414 0
DWIDTH 10 0
BBX 9 17 0 0
BITMAP
0380
0300
0600
0400
0800
0000
FF80
3080
3080
3080
3000
3000
3000
3000
3000
3000
FC00
ENDCHAR
STARTCHAR uni0454
ENCODING 1108
SWIDTH 436 0
DWIDTH 10 0
BBX 9 11 1 0
BITMAP
1F80
2180
6080
C000
C000
FF00
C000
C000
6080
7180
1F00
ENDCHAR
STARTCHAR uni0455
ENCODING 1109
SWIDTH 383 0
DWIDTH 9 0
BBX 7 11 1 0
BITMAP
7C
CC
C0
E0
78
3C
0E
06
86
84
F8
ENDCHAR
STARTCHAR uni0456
ENCODING 1110
SWIDTH 270 0
DWIDTH 7 0
BBX 6 16 0 0
BITMAP
30
30
30
00
00
30
F0
30
30
30
30
30
30
30
30
FC
ENDCHAR
STARTCHAR uni0457
ENCODING 1111
SWIDTH 285 0
DWIDTH 7 0
BBX 6 16 0 0
BITMAP
CC
CC
CC
00
00
30
F0
30
30
30
30
30
30
30
30
FC
ENDCHAR
STARTCHAR uni0458
ENCODING 1112
SWIDTH 258 0
DWIDTH 6 0
BBX 7 22 -3 -6
BITMAP
06
06
06
00
00
06
1E
06
06
06
06
06
06
06
06
06
06
06
04
4C
F8
F0
ENDCHAR
STARTCHAR uni0459
ENCODING 1113
SWIDTH 719 0
DWIDTH 17 0
BBX 15 11 1 0
BITMAP
3FF0
08C0
08C0
08C0
08C0
18FC
10CE
10C6
B0C6
E0C6
E3F8
ENDCHAR
STARTCHAR uni045A
ENCODING 1114
SWIDTH 739 0
DWIDTH 18 0
BBX 17 11 0 0
BITMAP
FDF800
306000
306000
306000
306000
3FFE00
306380
306180
306180
306380
FDFE00
ENDCHAR
STARTCHAR uni045B
ENCODING 1115
SWIDTH 551 0
DWIDTH 13 0
BBX 13 18 0 0
BITMAP
3000
F000
3000
3000
FF80
3000
3000
31C0
37E0
3C60
3860
3060
3060
3060
3060
3060
3060
FDF8
ENDCHAR
STARTCHAR uni045C
ENCODING 1116
SWIDTH 506 0
DWIDTH 12 0
BBX 12 17 0 0
BITMAP
00C0
0180
0300
0200
0400
0000
F8E0
30E0
31A0
3120
3300
3E00
3300
3180
3180
30C0
F8F0
ENDCHAR
STARTCHAR uni045D
ENCODING 1117
SWIDTH 583 0
DWIDTH 14 0
BBX 14 17 0 0
BITMAP
0C00
0C00
0600
0300
0100
0000
FCFC
3030
3070
30B0
31B0
3330
3630
3C30
3830
3030
FCFC
ENDCHAR
STARTCHAR uni045E
ENCODING 1118
SWIDTH 502 0
DWIDTH 12 0
BBX 12 22 0 -6
BITMAP
1040
18C0
0F80
0000
0000
F8F0
3040
3040
18C0
1880
1880
0D80
0D00
0500
0700
0600
0200
0400
0400
0800
F800
E000
ENDCHAR
STARTCHAR uni045F
ENCODING 1119
SWIDTH 544 0
DWIDTH 13 0
BBX 13 15 0 -4
BITMAP
FDF8
3060
3060
3060
3060
3060
3060
3060
3060
3060
FFF8
0700
0200
0200
0200
ENDCHAR
STARTCHAR uni0462
ENCODING 1122
SWIDTH 640 0
DWIDTH 15 0
BBX 13 16 1 0
BITMAP
3F00
0C00
0C00
FFE0
8C20
8C20
8C00
0C00
0FE0
0C70
0C38
0C18
0C18
0C18
0C30
3FE0
ENDCHAR
STARTCHAR uni0463
ENCODING 1123
SWIDTH 553 0
DWIDTH 13 0
BBX 11 16 1 0
BITMAP
0C00
3C00
0C00
0C00
0C00
FFC0
8C40
8C40
8C40
0C00
0FC0
0CE0
0C60
0C60
0C60
3FC0
ENDCHAR
STARTCHAR uni0472
ENCODING 1138
SWIDTH 599 0
DWIDTH 14 0
BBX 12 15 1 0
BITMAP
0F00
1FC0
30E0
6060
6070
C030
C030
FFF0
C030
C030
E020
6060
70C0
3F80
1F00
ENDCHAR
STARTCHAR uni0473
ENCODING 1139
SWIDTH 502 0
DWIDTH 12 0
BBX 10 11 1 0
BITMAP
1E00
2380
6180
C0C0
C0C0
FFC0
C0C0
C0C0
6080
7100
1E00
ENDCHAR
STARTCHAR uni0474
ENCODING 1140
SWIDTH 705 0
DWIDTH 17 0
BBX 16 15 0 0
BITMAP
F80F
301F
301B
1831
1820
1820
0C60
0C40
0640
0640
06C0
0380
0380
0380
0100
ENDCHAR
STARTCHAR uni0475
ENCODING 1141
SWIDTH 566 0
DWIDTH 14 0
BBX 13 11 0 0
BITMAP
F838
3078
3048
3080
1880
1980
0900
0D00
0E00
0600
0600
ENDCHAR
STARTCHAR uni048A
ENCODING 1162
SWIDTH 661 0
DWIDTH 16 0
BBX 16 23 0 -4
BITMAP
0810
0C30
07E0
0000
FC3F
300C
300C
301C
303C
306C
30CC
318C
330C
320C
340C
380C
380C
300C
FC3F
0002
0006
0004
0008
ENDCHAR
STARTCHAR uni048B
ENCODING 1163
SWIDTH 590 0
DWIDTH 14 0
BBX 14 20 0 -4
BITMAP
0840
1860
0FC0
0000
0000
FCFC
3030
3070
30F0
31B0
3330
3630
3C30
3830
3030
FCFC
0008
0018
0030
0020
ENDCHAR
STARTCHAR uni048C
ENCODING 1164
SWIDTH 549 0
DWIDTH 13 0
BBX 12 17 0 0
BITMAP
3000
3000
FC00
3000
3000
3000
3000
3000
3F80
30E0
3060
3030
3030
3030
3030
3060
FF80
ENDCHAR
STARTCHAR uni048D
ENCODING 1165
SWIDTH 458 0
DWIDTH 11 0
BBX 10 13 0 0
BITMAP
3000
3000
FE00
3000
3000
3000
3000
3F00
31C0
30C0
30C0
31C0
FF00
ENDCHAR
STARTCHAR uni048E
ENCODING 1166
SWIDTH 522 0
DWIDTH 13 0
BBX 12 15 0 0
BITMAP
7F80
B0E0
3070
3030
3030
3130
31E0
30C0
3FC0
3060
3000
3000
3000
3000
FC00
ENDCHAR
STARTCHAR uni048F
ENCODING 1167
SWIDTH 529 0
DWIDTH 13 0
BBX 12 17 0 -6
BITMAP
31C0
F7E0
3CF0
3870
3030
3030
3030
3120
38A0
3FC0
33E0
3020
3000
3000
3000
3000
FC00
ENDCHAR
STARTCHAR uni0490
ENCODING 1168
SWIDTH 475 0
DWIDTH 11 0
BBX 11 18 0 0
BITMAP
0020
0020
0060
FFE0
3000
3000
3000
3000
3000
3000
3000
3000
3000
3000
3000
3000
3000
FC00
ENDCHAR
STARTCHAR uni0491
ENCODING 1169
SWIDTH 412 0
DWIDTH 10 0
BBX 10 14 0 0
BITMAP
0040
00C0
0080
FF80
3000
3000
3000
3000
3000
3000
3000
3000
3000
FC00
ENDCHAR
STARTCHAR uni0492
ENCODING 1170
SWIDTH 475 0
DWIDTH 11 0
BBX 11 15 0 0
BITMAP
FFE0
3060
3040
3040
3000
3000
3000
FE00
3000
3000
3000
3000
3000
3000
FC00
ENDCHAR
STARTCHAR uni0493
ENCODING 1171
SWIDTH 414 0
DWIDTH 10 0
BBX 9 11 0 0
BITMAP
FF80
3080
3080
3080
3000
FE00
3000
3000
3000
3000
FC00
ENDCHAR
STARTCHAR uni0494
ENCODING 1172
SWIDTH 527 0
DWIDTH 13 0
BBX 12 19 0 -4
BITMAP
FFC0
3040
3040
3040
3000
3000
3F80
30C0
3060
3070
3030
3030
3030
3030
FC30
0060
0060
01C0
1F00
ENDCHAR
STARTCHAR uni0495
ENCODING 1173
SWIDTH 467 0
DWIDTH 11 0
BBX 10 17 0 -6
BITMAP
FF80
3080
3080
3000
3000
3F00
3380
3180
30C0
30C0
FCC0
00C0
00C0
0080
0180
0300
1E00
ENDCHAR
STARTCHAR uni0496
ENCODING 1174
SWIDTH 866 0
DWIDTH 21 0
BBX 21 19 0 -4
BITMAP
F1F8F0
F861F0
486120
486120
0C6300
046200
066600
07FE00
066600
0C6300
1C6380
186180
3860C0
7060E0
E1F878
000010
000010
000010
000010
ENDCHAR
STARTCHAR uni0497
ENCODING 1175
SWIDTH 718 0
DWIDTH 17 0
BBX 18 15 0 -4
BITMAP
71E380
78C780
48C480
48C480
04C800
07F800
0CCC00
0CCC00
18C600
30C300
F1E3C0
0000C0
000080
000080
000080
ENDCHAR
STARTCHAR uni0498
ENCODING 1176
SWIDTH 502 0
DWIDTH 12 0
BBX 9 20 1 -5
BITMAP
3E00
C300
8180
8180
0180
0300
0700
3F00
0380
0180
8180
8180
C380
FF00
3E00
0C00
0400
0600
0600
3C00
ENDCHAR
STARTCHAR uni0499
ENCODING 1177
SWIDTH 420 0
DWIDTH 10 0
BBX 8 16 1 -5
BITMAP
7C
C7
83
03
06
3C
07
03
83
86
FC
18
08
0C
0C
78
ENDCHAR
STARTCHAR uni049A
ENCODING 1178
SWIDTH 615 0
DWIDTH 15 0
BBX 14 19 0 -4
BITMAP
FC38
3078
3058
3088
3080
3080
3100
3F00
3180
30C0
30C0
3060
3070
3030
FC3C
000C
000C
0004
0008
ENDCHAR
STARTCHAR uni049B
ENCODING 1179
SWIDTH 513 0
DWIDTH 12 0
BBX 12 15 0 -4
BITMAP
F8E0
30E0
31A0
3120
3300
3E00
3300
3180
3180
30C0
F8F0
0030
0030
0020
0020
ENDCHAR
STARTCHAR uni049C
ENCODING 1180
SWIDTH 610 0
DWIDTH 15 0
BBX 14 15 0 0
BITMAP
F83C
307C
3048
3648
36C0
3680
3780
3F80
3680
36C0
3660
3660
3030
3038
F81C
ENDCHAR
STARTCHAR uni049D
ENCODING 1181
SWIDTH 530 0
DWIDTH 13 0
BBX 13 11 0 0
BITMAP
F830
3278
36D0
3690
3780
3F00
3780
36C0
36C0
3460
F878
ENDCHAR
STARTCHAR uni049E
ENCODING 1182
SWIDTH 595 0
DWIDTH 14 0
BBX 14 15 0 0
BITMAP
FC38
3078
3058
FC88
3080
3080
3100
3F00
3180
30C0
30C0
3060
3060
3030
FC3C
ENDCHAR
STARTCHAR uni049F
ENCODING 1183
SWIDTH 506 0
DWIDTH 12 0
BBX 12 18 0 0
BITMAP
3000
F000
3000
3000
FF00
3000
3000
30E0
30E0
31A0
3120
3300
3E00
3300
3180
3180
30C0
F8F0
ENDCHAR
STARTCHAR uni04A0
ENCODING 1184
SWIDTH 673 0
DWIDTH 16 0
BBX 16 15 0 0
BITMAP
FF0E
CC1E
8C16
8C22
0C20
0C20
0C40
0FC0
0C60
0C30
0C30
0C18
0C18
0C0C
3F0F
ENDCHAR
STARTCHAR uni04A1
ENCODING 1185
SWIDTH 576 0
DWIDTH 14 0
BBX 13 11 1 0
BITMAP
FC70
9870
98D0
9890
1980
1F00
1980
18C0
18C0
1860
7C78
ENDCHAR
STARTCHAR uni04A2
ENCODING 1186
SWIDTH 654 0
DWIDTH 16 0
BBX 15 19 0 -4
BITMAP
FC7E
3018
3018
3018
3018
3018
3018
3FF8
3018
3018
3018
3018
3018
3018
FC7E
0006
0006
0004
0004
ENDCHAR
STARTCHAR uni04A3
ENCODING 1187
SWIDTH 576 0
DWIDTH 14 0
BBX 14 15 0 -4
BITMAP
FCFC
3030
3030
3030
3030
3FF0
3030
3030
3030
3030
FCFC
000C
000C
0008
0008
ENDCHAR
STARTCHAR uni04A4
ENCODING 1188
SWIDTH 748 0
DWIDTH 18 0
BBX 17 15 0 0
BITMAP
FC7F80
301880
301880
301880
301800
301800
301800
3FF800
301800
301800
301800
301800
301800
301800
FC7E00
ENDCHAR
STARTCHAR uni04A5
ENCODING 1189
SWIDTH 648 0
DWIDTH 16 0
BBX 15 11 0 0
BITMAP
FDFE
3066
3062
3062
3060
3FE0
3060
3060
3060
3060
FDF8
ENDCHAR
STARTCHAR uni04A6
ENCODING 1190
SWIDTH 879 0
DWIDTH 21 0
BBX 20 19 0 -4
BITMAP
FFFC00
303000
303000
303000
303000
303000
303F80
3030C0
303060
303070
303030
303030
303030
303030
FCFC30
000060
000060
0001C0
001F00
ENDCHAR
STARTCHAR uni04A7
ENCODING 1191
SWIDTH 741 0
DWIDTH 18 0
BBX 17 17 0 -6
BITMAP
FFF800
306000
306000
306000
306000
307C00
306700
306300
306180
306180
FDF980
000180
000180
000100
000300
000600
003C00
ENDCHAR
STARTCHAR uni04A8
ENCODING 1192
SWIDTH 716 0
DWIDTH 17 0
BBX 16 15 1 0
BITMAP
0700
1F00
3870
61F8
6198
C31C
C30C
C30C
C30C
C30C
E308
710A
3993
1F9C
0FF8
ENDCHAR
STARTCHAR uni04A9
ENCODING 1193
SWIDTH 615 0
DWIDTH 15 0
BBX 14 11 1 0
BITMAP
0E00
31C0
6360
4630
C630
C630
C630
C630
6360
73CC
1FF0
ENDCHAR
STARTCHAR uni04AA
ENCODING 1194
SWIDTH 536 0
DWIDTH 13 0
BBX 11 20 1 -5
BITMAP
07C0
18E0
2000
6000
4000
C000
C000
C000
C000
C000
C000
6000
7020
38C0
1F00
0400
0200
0300
0300
1E00
ENDCHAR
STARTCHAR uni04AB
ENCODING 1195
SWIDTH 437 0
DWIDTH 10 0
BBX 9 16 1 -5
BITMAP
0F80
3180
6000
4000
C000
C000
C000
C200
E300
7C00
3800
0800
0800
0C00
0C00
7800
ENDCHAR
STARTCHAR uni04AC
ENCODING 1196
SWIDTH 550 0
DWIDTH 13 0
BBX 12 19 0 -4
BITMAP
FFF0
8610
8610
8610
0600
0600
0600
0600
0600
0600
0600
0600
0600
0600
1F80
0180
0080
0080
0100
ENDCHAR
STARTCHAR uni04AD
ENCODING 1197
SWIDTH 465 0
DWIDTH 11 0
BBX 10 15 1 -4
BITMAP
FFC0
8C40
8C40
8C40
0C00
0C00
0C00
0C00
0C00
0C00
3F00
0300
0100
0100
0100
ENDCHAR
STARTCHAR uni04AE
ENCODING 1198
SWIDTH 594 0
DWIDTH 14 0
BBX 14 15 0 0
BITMAP
F87C
3030
1820
1860
0C40
0CC0
0780
0780
0300
0300
0300
0300
0300
0300
0FC0
ENDCHAR
STARTCHAR uni04AF
ENCODING 1199
SWIDTH 520 0
DWIDTH 12 0
BBX 12 17 0 -6
BITMAP
F0F0
6060
6040
30C0
3080
1880
1980
0D00
0D00
0E00
0600
0600
0600
0600
0600
0600
1F80
ENDCHAR
STARTCHAR uni04B0
ENCODING 1200
SWIDTH 594 0
DWIDTH 14 0
BBX 14 15 0 0
BITMAP
F87C
3030
1820
1860
0C40
0CC0
0780
0780
1FF0
2300
0300
0300
0300
0300
0FC0
ENDCHAR
STARTCHAR uni04B1
ENCODING 1201
SWIDTH 520 0
DWIDTH 12 0
BBX 12 17 0 -6
BITMAP
F0F0
6060
6040
30C0
3080
1880
1980
0D00
0D00
0600
7FE0
0600
0600
0600
0600
0600
1F80
ENDCHAR
STARTCHAR uni04B2
ENCODING 1202
SWIDTH 615 0
DWIDTH 15 0
BBX 14 19 0 -4
BITMAP
FC7C
3030
1820
1C60
0EC0
0680
0380
0300
0780
04C0
0C60
1860
1030
3038
FC7C
000C
0004
0004
0004
ENDCHAR
STARTCHAR uni04B3
ENCODING 1203
SWIDTH 510 0
DWIDTH 12 0
BBX 12 15 0 -4
BITMAP
F9F0
30C0
1880
0D00
0E00
0600
0B00
1980
1080
20C0
F9F0
0030
0030
0010
0020
ENDCHAR
STARTCHAR uni04B4
ENCODING 1204
SWIDTH 717 0
DWIDTH 17 0
BBX 16 19 0 -4
BITMAP
FFFF
CC4C
8C4C
8C4C
0C0C
0C0C
0C0C
0C0C
0C0C
0C0C
0C0C
0C0C
0C0C
0C0C
3FFF
0003
0003
0002
0002
ENDCHAR
STARTCHAR uni04B5
ENCODING 1205
SWIDTH 654 0
DWIDTH 16 0
BBX 14 15 1 -4
BITMAP
FFFC
9930
9930
9930
1830
1830
1830
1830
1830
1830
7FFC
000C
000C
0004
0008
ENDCHAR
STARTCHAR uni04B6
ENCODING 1206
SWIDTH 603 0
DWIDTH 14 0
BBX 13 19 0 -4
BITMAP
FDF8
3060
3060
3060
3060
3060
3060
1860
0FE0
0060
0060
0060
0060
0060
01F8
0018
0018
0010
0010
ENDCHAR
STARTCHAR uni04B7
ENCODING 1207
SWIDTH 520 0
DWIDTH 12 0
BBX 12 15 0 -4
BITMAP
F9F0
30C0
30C0
30C0
30C0
38C0
1FC0
00C0
00C0
00C0
03F0
0030
0030
0020
0020
ENDCHAR
STARTCHAR uni04B8
ENCODING 1208
SWIDTH 603 0
DWIDTH 15 0
BBX 14 15 0 0
BITMAP
FCFC
3030
3030
3030
3330
3330
3B30
1FF0
07B0
0330
0330
0330
0030
0030
00FC
ENDCHAR
STARTCHAR uni04B9
ENCODING 1209
SWIDTH 516 0
DWIDTH 13 0
BBX 13 11 0 0
BITMAP
F8F8
3060
3160
3360
3360
1FE0
0F60
0360
0360
0060
00F8
ENDCHAR
STARTCHAR uni04BA
ENCODING 1210
SWIDTH 597 0
DWIDTH 14 0
BBX 14 15 0 0
BITMAP
FC00
3000
3000
3000
37C0
3870
3030
3030
3030
3030
3030
3030
3030
3030
FCFC
ENDCHAR
STARTCHAR uni04BB
ENCODING 1211
SWIDTH 551 0
DWIDTH 13 0
BBX 13 18 0 0
BITMAP
3000
F000
3000
3000
3000
3000
3000
31C0
37E0
3C60
3860
3060
3060
3060
3060
3060
3060
FDF8
ENDCHAR
STARTCHAR uni04BC
ENCODING 1212
SWIDTH 669 0
DWIDTH 16 0
BBX 15 15 0 0
BITMAP
00F0
01FC
630C
C60E
CC06
CC06
7FFC
0C00
0C00
0C00
0E00
0602
0784
03F8
00F0
ENDCHAR
STARTCHAR uni04BD
ENCODING 1213
SWIDTH 563 0
DWIDTH 14 0
BBX 13 11 0 0
BITMAP
21E0
C630
CC18
C818
7FF8
1800
1800
1C10
0E30
0FE0
03C0
ENDCHAR
STARTCHAR uni04BE
ENCODING 1214
SWIDTH 669 0
DWIDTH 16 0
BBX 15 19 0 -4
BITMAP
00F0
01FC
630C
C60E
CC06
CC06
7FFC
0C00
0C00
0C00
0E00
0600
0702
03CC
00F0
0060
0060
0040
0040
ENDCHAR
STARTCHAR uni04BF
ENCODING 1215
SWIDTH 563 0
DWIDTH 14 0
BBX 13 15 0 -4
BITMAP
61E0
C630
CC18
C818
7FF8
1800
1800
1800
0C10
0E30
03E0
0180
0100
0100
0100
ENDCHAR
STARTCHAR uni04C0
ENCODING 1216
SWIDTH 297 0
DWIDTH 7 0
BBX 6 15 0 0
BITMAP
FC
30
30
30
30
30
30
30
30
30
30
30
30
30
FC
ENDCHAR
STARTCHAR uni04C1
ENCODING 1217
SWIDTH 859 0
DWIDTH 21 0
BBX 20 19 0 0
BITMAP
010800
018C00
01F800
000000
F1F8F0
F861F0
486120
486120
0C6300
046200
066600
07FE00
066600
0C6300
1C6380
186180
3860C0
7060E0
E1F870
ENDCHAR
STARTCHAR uni04C2
ENCODING 1218
SWIDTH 711 0
DWIDTH 17 0
BBX 18 16 0 0
BITMAP
041000
063000
03E000
000000
000000
71E380
78C780
48C480
48C480
04C800
07F800
0CCC00
0CCC00
18C600
30C300
F1E3C0
ENDCHAR
STARTCHAR uni04C3
ENCODING 1219
SWIDTH 595 0
DWIDTH 14 0
BBX 13 20 0 -5
BITMAP
FC38
3078
3048
30C8
3080
3080
3180
3F00
3180
3180
30C0
30E0
3060
3030
FC38
0018
0018
0198
03F0
01C0
ENDCHAR
STARTCHAR uni04C4
ENCODING 1220
SWIDTH 506 0
DWIDTH 12 0
BBX 11 17 0 -6
BITMAP
F8E0
30E0
31A0
3120
3300
3E00
3300
3100
3180
30C0
F8C0
0060
0060
0060
0660
07C0
0700
ENDCHAR
STARTCHAR uni04C5
ENCODING 1221
SWIDTH 631 0
DWIDTH 15 0
BBX 13 19 1 -4
BITMAP
1FF8
0660
0660
0660
0660
0460
0C60
0C60
0C60
0860
0860
9860
9060
F060
E1F8
0010
0030
0020
0040
ENDCHAR
STARTCHAR uni04C6
ENCODING 1222
SWIDTH 545 0
DWIDTH 13 0
BBX 12 15 1 -4
BITMAP
3FF0
08C0
08C0
08C0
18C0
10C0
10C0
10C0
B0C0
E0C0
C3F0
0020
0060
0040
0080
ENDCHAR
STARTCHAR uni04C7
ENCODING 1223
SWIDTH 653 0
DWIDTH 16 0
BBX 15 20 0 -5
BITMAP
FC7E
3018
3018
3018
3018
3018
3018
3FF8
3018
3018
3018
3018
3018
3018
FC18
0018
0030
0630
07E0
0380
ENDCHAR
STARTCHAR uni04C8
ENCODING 1224
SWIDTH 568 0
DWIDTH 14 0
BBX 14 17 0 -6
BITMAP
FCFC
3030
3030
3030
3030
3FF0
3030
3030
3030
3030
FC30
0030
0030
0060
0C60
0FC0
0700
ENDCHAR
STARTCHAR uni04C9
ENCODING 1225
SWIDTH 661 0
DWIDTH 16 0
BBX 15 19 0 -4
BITMAP
FC7E
3018
3018
3018
3018
3018
3018
3FF8
3018
3018
3018
3018
3018
3018
FC7E
0004
000C
0008
0010
ENDCHAR
STARTCHAR uni04CA
ENCODING 1226
SWIDTH 576 0
DWIDTH 14 0
BBX 14 15 0 -4
BITMAP
FCFC
3030
3030
3030
3030
3FF0
3030
3030
3030
3030
FCFC
0008
0018
0030
0020
ENDCHAR
STARTCHAR uni04CB
ENCODING 1227
SWIDTH 603 0
DWIDTH 14 0
BBX 13 19 0 -4
BITMAP
FDF8
3060
3060
3060
3060
3060
3060
1860
0FE0
0060
0060
0060
0060
0060
01F8
0100
0100
0200
0200
ENDCHAR
STARTCHAR uni04CC
ENCODING 1228
SWIDTH 516 0
DWIDTH 12 0
BBX 12 15 0 -4
BITMAP
F9F0
30C0
30C0
30C0
30C0
38C0
1FC0
00C0
00C0
00C0
03F0
0300
0200
0200
0400
ENDCHAR
STARTCHAR uni04CD
ENCODING 1229
SWIDTH 773 0
DWIDTH 19 0
BBX 18 19 0 -4
BITMAP
F00780
380700
380700
3C0F00
340B00
361B00
321300
321300
333300
312300
31E300
31E300
30C300
30C300
FC4FC0
000080
000180
000300
000200
ENDCHAR
STARTCHAR uni04CE
ENCODING 1230
SWIDTH 708 0
DWIDTH 17 0
BBX 16 15 0 -4
BITMAP
700E
381C
381C
342C
342C
366C
324C
33CC
318C
318C
F9BF
0002
0006
000C
0018
ENDCHAR
STARTCHAR uni04CF
ENCODING 1231
SWIDTH 270 0
DWIDTH 7 0
BBX 6 18 0 0
BITMAP
FC
30
30
30
30
30
30
30
30
30
30
30
30
30
30
30
30
FC
ENDCHAR
STARTCHAR uni04D0
ENCODING 1232
SWIDTH 595 0
DWIDTH 14 0
BBX 14 19 0 0
BITMAP
0840
1860
0FC0
0000
0100
0300
0300
0780
0580
04C0
0CC0
08C0
0860
1FE0
1060
1030
3030
2030
F87C
ENDCHAR
STARTCHAR uni04D1
ENCODING 1233
SWIDTH 463 0
DWIDTH 11 0
BBX 10 16 1 0
BITMAP
2100
6180
3F00
0000
0000
3E00
4300
C300
0300
0300
3F00
6300
C300
C700
FFC0
7300
ENDCHAR
STARTCHAR uni04D2
ENCODING 1234
SWIDTH 595 0
DWIDTH 14 0
BBX 14 19 0 0
BITMAP
18C0
18C0
18C0
0000
0100
0300
0300
0780
0580
04C0
0CC0
08C0
0860
1FE0
1060
1030
3030
2030
F87C
ENDCHAR
STARTCHAR uni04D3
ENCODING 1235
SWIDTH 463 0
DWIDTH 11 0
BBX 10 16 1 0
BITMAP
6300
6300
6300
0000
0000
3E00
4300
C300
0300
0300
3F00
6300
C300
C700
FFC0
7300
ENDCHAR
STARTCHAR uni04D4
ENCODING 1236
SWIDTH 778 0
DWIDTH 19 0
BBX 18 15 0 0
BITMAP
0FFF80
016080
036080
026000
066000
046000
07FF00
0C6200
086000
186000
186000
106000
306040
206040
F9FFC0
ENDCHAR
STARTCHAR uni04D5
ENCODING 1237
SWIDTH 691 0
DWIDTH 17 0
BBX 15 11 1 0
BITMAP
1E78
638C
C306
8306
0FFE
3300
4300
C304
C786
FDF8
70F0
ENDCHAR
STARTCHAR uni04D6
ENCODING 1238
SWIDTH 496 0
DWIDTH 12 0
BBX 11 19 0 0
BITMAP
1080
3180
1F80
0000
FFC0
3040
3040
3040
3000
3000
3000
3F80
3100
3000
3000
3020
3020
3060
FFE0
ENDCHAR
STARTCHAR uni04D7
ENCODING 1239
SWIDTH 461 0
DWIDTH 11 0
BBX 9 16 1 0
BITMAP
4100
6300
3E00
0000
0000
1E00
2300
4180
C180
FF80
C000
C000
E080
7100
7F00
3C00
ENDCHAR
STARTCHAR uni04D8
ENCODING 1240
SWIDTH 547 0
DWIDTH 13 0
BBX 11 15 1 0
BITMAP
1E00
3F80
43C0
80C0
00E0
0060
0060
0060
7FE0
C060
C040
C0C0
E180
7F80
1E00
ENDCHAR
STARTCHAR uni04D9
ENCODING 1241
SWIDTH 454 0
DWIDTH 11 0
BBX 9 11 1 0
BITMAP
1C00
7F00
C700
0380
0180
0180
7F80
C180
C100
6200
3C00
ENDCHAR
STARTCHAR uni04DA
ENCODING 1242
SWIDTH 547 0
DWIDTH 13 0
BBX 11 19 1 0
BITMAP
2100
3180
2100
0000
1E00
3F80
43C0
80C0
00E0
0060
0060
0060
7FE0
C060
C040
C0C0
E180
7F80
1E00
ENDCHAR
STARTCHAR uni04DB
ENCODING 1243
SWIDTH 454 0
DWIDTH 11 0
BBX 9 16 1 0
BITMAP
4200
C600
4200
0000
0000
1C00
7F00
C700
0380
0180
0180
7F80
C180
C100
6200
3C00
ENDCHAR
STARTCHAR uni04DC
ENCODING 1244
SWIDTH 859 0
DWIDTH 21 0
BBX 20 19 0 0
BITMAP
010800
031800
031800
000000
F1F8F0
F861F0
486120
486120
0C6300
046200
066600
07FE00
066600
0C6300
1C6380
186180
3860C0
7060E0
E1F870
ENDCHAR
STARTCHAR uni04DD
ENCODING 1245
SWIDTH 711 0
DWIDTH 17 0
BBX 18 16 0 0
BITMAP
042000
063000
042000
000000
000000
71E380
78C780
48C480
48C480
04C800
07F800
0CCC00
0CCC00
18C600
30C300
F1E3C0
ENDCHAR
STARTCHAR uni04DE
ENCODING 1246
SWIDTH 502 0
DWIDTH 12 0
BBX 10 19 0 0
BITMAP
3180
3180
2100
0000
1F00
6180
40C0
40C0
00C0
01C0
0380
1F80
01C0
00C0
80C0
C0C0
E180
7F00
3E00
ENDCHAR
STARTCHAR uni04DF
ENCODING 1247
SWIDTH 420 0
DWIDTH 10 0
BBX 8 16 1 0
BITMAP
C6
C6
C6
00
00
7C
C7
83
03
06
3E
07
03
83
C2
FC
ENDCHAR
STARTCHAR uni04E0
ENCODING 1248
SWIDTH 520 0
DWIDTH 13 0
BBX 11 15 1 0
BITMAP
7FC0
41C0
4380
0700
0600
0C00
1F80
11C0
0060
0060
0060
4060
F0C0
7F80
1F00
ENDCHAR
STARTCHAR uni04E1
ENCODING 1249
SWIDTH 449 0
DWIDTH 11 0
BBX 10 17 0 -6
BITMAP
7F80
4380
4300
0600
0C00
0C00
1800
3E00
0380
01C0
00C0
00C0
00C0
00C0
4180
E100
7E00
ENDCHAR
STARTCHAR uni04E2
ENCODING 1250
SWIDTH 664 0
DWIDTH 16 0
BBX 15 19 0 0
BITMAP
0FF0
0FF0
0000
0000
FC7E
3018
3018
3038
3078
30D8
3198
3118
3318
3618
3C18
3818
3018
3018
FC7E
ENDCHAR
STARTCHAR uni04E3
ENCODING 1251
SWIDTH 583 0
DWIDTH 14 0
BBX 14 15 0 0
BITMAP
1FE0
1FE0
0000
0000
FCFC
3030
3070
30B0
31B0
3330
3630
3C30
3830
3030
FCFC
ENDCHAR
STARTCHAR uni04E4
ENCODING 1252
SWIDTH 664 0
DWIDTH 16 0
BBX 15 19 0 0
BITMAP
0C60
0C60
0C60
0000
FC7E
3018
3018
3038
3078
30D8
3198
3118
3318
3618
3C18
3818
3018
3018
FC7E
ENDCHAR
STARTCHAR uni04E5
ENCODING 1253
SWIDTH 583 0
DWIDTH 14 0
BBX 14 16 0 0
BITMAP
18C0
18C0
18C0
0000
0000
FCFC
3030
3070
30B0
31B0
3330
3630
3C30
3830
3030
FCFC
ENDCHAR
STARTCHAR uni04E6
ENCODING 1254
SWIDTH 599 0
DWIDTH 14 0
BBX 12 19 1 0
BITMAP
3180
3180
3180
0000
0F00
1FC0
30E0
6060
4070
C030
C030
C030
C030
C030
E060
6060
70C0
3F80
1F00
ENDCHAR
STARTCHAR uni04E7
ENCODING 1255
SWIDTH 502 0
DWIDTH 12 0
BBX 10 16 1 0
BITMAP
6300
6300
6300
0000
0000
1E00
2380
4180
C0C0
C0C0
C0C0
C0C0
C0C0
6180
7100
1E00
ENDCHAR
STARTCHAR uni04E8
ENCODING 1256
SWIDTH 600 0
DWIDTH 14 0
BBX 12 15 1 0
BITMAP
0F00
1FC0
30E0
6060
6070
C030
C030
FFF0
C030
C030
E020
6060
70C0
3F80
1F00
ENDCHAR
STARTCHAR uni04E9
ENCODING 1257
SWIDTH 502 0
DWIDTH 12 0
BBX 10 11 1 0
BITMAP
1E00
2380
4180
C0C0
C0C0
FFC0
C0C0
C0C0
6180
7100
1E00
ENDCHAR
STARTCHAR uni04EA
ENCODING 1258
SWIDTH 600 0
DWIDTH 14 0
BBX 12 19 1 0
BITMAP
3180
3180
3180
0000
0F00
1FC0
30E0
6060
6070
C030
C030
FFF0
C030
C030
E020
6060
70C0
3F80
1F00
ENDCHAR
STARTCHAR uni04EB
ENCODING 1259
SWIDTH 502 0
DWIDTH 12 0
BBX 10 16 1 0
BITMAP
2100
6300
6300
0000
0000
1E00
2380
4180
C0C0
C0C0
FFC0
C0C0
C0C0
6180
7100
1E00
ENDCHAR
STARTCHAR uni04EC
ENCODING 1260
SWIDTH 559 0
DWIDTH 13 0
BBX 11 19 1 0
BITMAP
3180
3180
2100
0000
7F00
C380
80C0
80C0
0060
0060
0060
1FE0
2060
0060
8060
80C0
E180
FF80
3E00
ENDCHAR
STARTCHAR uni04ED
ENCODING 1261
SWIDTH 459 0
DWIDTH 11 0
BBX 9 16 1 0
BITMAP
4200
C600
4200
0000
0000
7C00
C700
8300
0180
0180
3F80
4180
8180
8100
C200
7C00
ENDCHAR
STARTCHAR uni04EE
ENCODING 1262
SWIDTH 605 0
DWIDTH 15 0
BBX 15 19 0 0
BITMAP
0FF0
0FE0
0000
0000
F83E
3018
1810
1810
0C30
0C20
0660
0340
03C0
0180
0180
0180
1300
1E00
1C00
ENDCHAR
STARTCHAR uni04EF
ENCODING 1263
SWIDTH 502 0
DWIDTH 12 0
BBX 12 21 0 -6
BITMAP
1FE0
1FC0
0000
0000
F8F0
3040
3040
18C0
1880
1880
0D80
0D00
0500
0700
0600
0200
0400
0400
0800
F800
E000
ENDCHAR
STARTCHAR uni04F0
ENCODING 1264
SWIDTH 605 0
DWIDTH 15 0
BBX 15 19 0 0
BITMAP
0C60
0C60
0840
0000
F83E
3018
1810
1810
0C30
0C20
0660
0340
03C0
0180
0180
0180
1300
1E00
1C00
ENDCHAR
STARTCHAR uni04F1
ENCODING 1265
SWIDTH 502 0
DWIDTH 12 0
BBX 12 22 0 -6
BITMAP
1080
3180
1080
0000
0000
F8F0
3040
3040
18C0
1880
1880
0D80
0D00
0500
0700
0600
0200
0400
0400
0800
F800
E000
ENDCHAR
STARTCHAR uni04F2
ENCODING 1266
SWIDTH 605 0
DWIDTH 15 0
BBX 15 21 0 0
BITMAP
01B0
0330
0360
0240
0440
0080
F83E
3018
1810
1810
0C30
0C20
0660
0340
03C0
0180
0180
0180
1300
1E00
1C00
ENDCHAR
STARTCHAR uni04F3
ENCODING 1267
SWIDTH 502 0
DWIDTH 12 0
BBX 12 23 0 -6
BITMAP
0260
0740
04C0
0C80
0900
0000
F8F0
3040
3040
18C0
1880
1880
0D80
0D00
0500
0700
0600
0200
0400
0400
0800
F800
E000
ENDCHAR
STARTCHAR uni04F4
ENCODING 1268
SWIDTH 603 0
DWIDTH 14 0
BBX 13 19 0 0
BITMAP
18C0
18C0
18C0
0000
FDF8
3060
3060
3060
3060
3060
3060
1860
0FE0
0060
0060
0060
0060
0060
01F8
ENDCHAR
STARTCHAR uni04F5
ENCODING 1269
SWIDTH 516 0
DWIDTH 12 0
BBX 12 16 0 0
BITMAP
1080
3180
3180
0000
0000
F9F0
30C0
30C0
30C0
30C0
38C0
1FC0
00C0
00C0
00C0
03F0
ENDCHAR
STARTCHAR uni04F6
ENCODING 1270
SWIDTH 475 0
DWIDTH 11 0
BBX 11 19 0 -4
BITMAP
FFE0
3060
3040
3040
3000
3000
3000
3000
3000
3000
3000
3000
3000
3000
FE00
0600
0400
0400
0400
ENDCHAR
STARTCHAR uni04F7
ENCODING 1271
SWIDTH 414 0
DWIDTH 10 0
BBX 9 15 0 -4
BITMAP
FF80
3080
3080
3080
3000
3000
3000
3000
3000
3000
FC00
0C00
0400
0400
0400
ENDCHAR
STARTCHAR uni04F8
ENCODING 1272
SWIDTH 747 0
DWIDTH 18 0
BBX 17 19 0 0
BITMAP
063000
063000
063000
000000
FC1F80
300600
300600
300600
300600
300600
3F0600
31C600
30E600
306600
306600
306600
306600
30C600
FF1F80
ENDCHAR
STARTCHAR uni04F9
ENCODING 1273
SWIDTH 675 0
DWIDTH 16 0
BBX 16 16 0 0
BITMAP
0420
0C60
0C60
0000
0000
FC3F
300C
300C
300C
300C
3F0C
31CC
30CC
30CC
318C
FF3F
ENDCHAR
STARTCHAR uni04FA
ENCODING 1274
SWIDTH 475 0
DWIDTH 11 0
BBX 11 21 0 -6
BITMAP
FFE0
3060
3040
3040
3000
3000
3000
FE00
3000
3000
3000
3000
3000
3000
FC00
0600
0600
0600
6600
6400
3800
ENDCHAR
STARTCHAR uni04FB
ENCODING 1275
SWIDTH 414 0
DWIDTH 10 0
BBX 9 17 0 -6
BITMAP
FF80
3080
3080
3080
3000
FE00
3000
3000
3000
3000
FE00
0600
0600
0600
6600
6400
3800
ENDCHAR
STARTCHAR uni04FC
ENCODING 1276
SWIDTH 615 0
DWIDTH 15 0
BBX 14 20 0 -5
BITMAP
F8FC
7030
3060
18C0
0CC0
0F80
0700
0300
0700
0D80
08C0
1840
3060
2030
F838
0018
0018
0198
03F0
01C0
ENDCHAR
STARTCHAR uni04FD
ENCODING 1277
SWIDTH 502 0
DWIDTH 13 0
BBX 12 17 0 -6
BITMAP
F9F0
30C0
1880
0D80
0F00
0600
0F00
0980
11C0
30C0
F860
0030
0030
0030
0330
03E0
0380
ENDCHAR
STARTCHAR uni04FE
ENCODING 1278
SWIDTH 615 0
DWIDTH 15 0
BBX 14 15 0 0
BITMAP
FC7C
3030
1820
1C60
0CC0
06C0
0380
1FF0
0380
06C0
0CE0
0860
1830
3038
FC7C
ENDCHAR
STARTCHAR uni04FF
ENCODING 1279
SWIDTH 502 0
DWIDTH 12 0
BBX 12 11 0 0
BITMAP
F9F0
30C0
1880
0D00
0F00
3FC0
0F00
0980
10C0
20E0
F9F0
ENDCHAR
STARTCHAR uni0500
ENCODING 1280
SWIDTH 549 0
DWIDTH 13 0
BBX 12 15 1 0
BITMAP
03F0
00C0
00C0
00C0
00C0
00C0
1FC0
70C0
60C0
C0C0
C0C0
C0C0
E0C0
70C0
1FF0
ENDCHAR
STARTCHAR uni0501
ENCODING 1281
SWIDTH 520 0
DWIDTH 12 0
BBX 11 18 1 0
BITMAP
0180
0780
0180
0180
0180
0180
0180
1F80
2380
4180
C180
C180
C180
C180
E180
6380
7DA0
39C0
ENDCHAR
STARTCHAR uni0502
ENCODING 1282
SWIDTH 784 0
DWIDTH 19 0
BBX 18 15 1 0
BITMAP
03F000
00C000
00C000
00C000
00C000
00C000
1FC000
70C000
60C000
C0C000
C0CFC0
C0C300
E0C300
71E200
3E3C00
ENDCHAR
STARTCHAR uni0503
ENCODING 1283
SWIDTH 732 0
DWIDTH 18 0
BBX 17 18 1 0
BITMAP
00C000
03C000
00C000
00C000
00C000
00C000
00C000
1FC000
21C000
60C000
40C000
C0C000
C0DF80
C0C600
E0C600
73C600
7EEC00
3C7800
ENDCHAR
STARTCHAR uni0504
ENCODING 1284
SWIDTH 775 0
DWIDTH 19 0
BBX 18 15 1 0
BITMAP
3E0000
C30000
818000
818000
018000
038000
070FC0
3F0300
038300
018300
018300
018300
01C600
00FE00
007800
ENDCHAR
STARTCHAR uni0505
ENCODING 1285
SWIDTH 661 0
DWIDTH 16 0
BBX 15 11 1 0
BITMAP
7C00
C700
8300
0300
0600
3E7E
0718
0318
0318
03F0
01E0
ENDCHAR
STARTCHAR uni0506
ENCODING 1286
SWIDTH 561 0
DWIDTH 13 0
BBX 10 19 1 -4
BITMAP
3E00
C300
8180
8180
0180
0380
0700
3F00
0380
0180
0180
0180
0180
0180
01C0
00C0
0040
0040
0080
ENDCHAR
STARTCHAR uni0507
ENCODING 1287
SWIDTH 476 0
DWIDTH 12 0
BBX 9 15 1 -4
BITMAP
7C00
C700
8300
0300
0600
3E00
0700
0300
0300
0300
0380
0180
0080
0080
0100
ENDCHAR
STARTCHAR uni0508
ENCODING 1288
SWIDTH 868 0
DWIDTH 21 0
BBX 21 15 0 0
BITMAP
1FFE00
061800
061800
061800
061800
041800
0C1800
0C19F8
0C1860
081860
081860
981860
901860
F00CC0
E00780
ENDCHAR
STARTCHAR uni0509
ENCODING 1289
SWIDTH 738 0
DWIDTH 18 0
BBX 17 11 1 0
BITMAP
3FF000
08C000
08C000
18C000
18C000
10DF80
10C600
10C600
B0C600
E0E400
C07800
ENDCHAR
STARTCHAR uni050A
ENCODING 1290
SWIDTH 898 0
DWIDTH 21 0
BBX 21 15 0 0
BITMAP
FC7E00
301800
301800
301800
301800
301800
301800
3FF9F8
301860
301860
301860
301860
301CE0
300FC0
FC0780
ENDCHAR
STARTCHAR uni050B
ENCODING 1291
SWIDTH 749 0
DWIDTH 18 0
BBX 18 11 0 0
BITMAP
FDF800
306000
306000
306000
306000
3FEFC0
306300
306300
307300
307E00
FC3C00
ENDCHAR
STARTCHAR uni050C
ENCODING 1292
SWIDTH 624 0
DWIDTH 15 0
BBX 14 15 1 0
BITMAP
07E0
1870
2020
6000
4000
C000
C0FC
C030
C030
C030
E030
7020
7860
3FC0
0F00
ENDCHAR
STARTCHAR uni050D
ENCODING 1293
SWIDTH 523 0
DWIDTH 13 0
BBX 12 11 1 0
BITMAP
0F80
31C0
6080
C000
C000
C3F0
C0C0
C0C0
60C0
7180
1F00
ENDCHAR
STARTCHAR uni050E
ENCODING 1294
SWIDTH 657 0
DWIDTH 16 0
BBX 15 15 1 0
BITMAP
FFF0
8630
8610
8610
0600
0600
067E
0618
0618
0618
0618
0618
0730
03F0
01E0
ENDCHAR
STARTCHAR uni050F
ENCODING 1295
SWIDTH 556 0
DWIDTH 13 0
BBX 12 11 1 0
BITMAP
FF80
8C80
8C80
8C00
0FF0
0CC0
0CC0
0CC0
0C80
0F80
0700
ENDCHAR
STARTCHAR uni0510
ENCODING 1296
SWIDTH 502 0
DWIDTH 12 0
BBX 10 15 1 0
BITMAP
1F00
2180
4080
C080
C000
C000
7000
3E00
6000
C000
C080
C0C0
F0C0
7F80
3E00
ENDCHAR
STARTCHAR uni0511
ENCODING 1297
SWIDTH 420 0
DWIDTH 10 0
BBX 8 11 1 0
BITMAP
3F
63
C1
C0
E0
7C
C0
C0
C1
E1
3E
ENDCHAR
STARTCHAR uni0512
ENCODING 1298
SWIDTH 614 0
DWIDTH 15 0
BBX 15 20 0 -5
BITMAP
1FFE
0618
0618
0618
0618
0418
0C18
0C18
0C18
0818
0818
9818
9018
F018
E018
0018
0030
0670
0FE0
0780
ENDCHAR
STARTCHAR uni0513
ENCODING 1299
SWIDTH 528 0
DWIDTH 13 0
BBX 12 17 1 -6
BITMAP
3FF0
08C0
08C0
18C0
18C0
10C0
10C0
10C0
B0C0
E0C0
C0C0
00C0
00C0
0180
3180
3F00
1C00
ENDCHAR
STARTCHAR uni0514
ENCODING 1300
SWIDTH 893 0
DWIDTH 21 0
BBX 21 15 0 0
BITMAP
1FF9F8
066060
0630C0
0618C0
061980
040F00
0C0700
0C0600
0C0F00
080980
0819C0
9830C0
902060
F06070
E1F0F8
ENDCHAR
STARTCHAR uni0515
ENCODING 1301
SWIDTH 742 0
DWIDTH 18 0
BBX 17 11 1 0
BITMAP
3FCF00
098400
08C800
187800
107000
103000
105800
108C00
A18C00
E30600
C78F80
ENDCHAR
STARTCHAR uni0516
ENCODING 1302
SWIDTH 702 0
DWIDTH 17 0
BBX 16 15 0 0
BITMAP
7F9F
B1CC
306C
3078
3030
3070
3060
30C0
3FE0
3070
3030
3018
300C
300C
FC1F
ENDCHAR
STARTCHAR uni0517
ENCODING 1303
SWIDTH 727 0
DWIDTH 17 0
BBX 17 17 0 -6
BITMAP
31C780
F7E600
3C6400
387800
303800
303800
303800
302C00
386600
3FC600
338780
300000
300000
300000
300000
300000
FC0000
ENDCHAR
STARTCHAR uni0518
ENCODING 1304
SWIDTH 803 0
DWIDTH 19 0
BBX 18 15 0 0
BITMAP
03FF80
0C7F80
186080
186080
186000
186000
0C6000
07FF00
066200
046000
0C6000
086040
186040
3060C0
F1FFC0
ENDCHAR
STARTCHAR uni0519
ENCODING 1305
SWIDTH 736 0
DWIDTH 18 0
BBX 17 11 0 0
BITMAP
0F9E00
31E300
31C180
398180
0FFF80
0D8000
098000
19C100
10E300
307E00
F03C00
ENDCHAR
STARTCHAR uni051A
ENCODING 1306
SWIDTH 600 0
DWIDTH 14 0
BBX 14 19 1 -4
BITMAP
0F00
1FC0
30E0
6060
4070
C030
C030
C030
C030
C030
E060
6060
70C0
3F80
0F00
0180
00E4
0078
0038
ENDCHAR
STARTCHAR uni051B
ENCODING 1307
SWIDTH 515 0
DWIDTH 12 0
BBX 11 17 1 -6
BITMAP
1E80
2380
6180
C180
C180
C180
C180
E180
6380
7F80
3D80
0180
0180
0180
0180
0180
07E0
ENDCHAR
STARTCHAR uni051C
ENCODING 1308
SWIDTH 850 0
DWIDTH 20 0
BBX 20 15 0 0
BITMAP
F821F0
306040
3060C0
3070C0
10F080
189080
189880
199980
190980
0D0D00
0F0D00
0E0700
0E0700
060700
040200
ENDCHAR
STARTCHAR uni051D
ENCODING 1309
SWIDTH 706 0
DWIDTH 17 0
BBX 17 11 0 0
BITMAP
F88780
20C200
30C200
314200
116600
1B6400
1A3400
1A3400
0E3800
0C1800
0C1800
ENDCHAR
STARTCHAR uni051E
ENCODING 1310
SWIDTH 595 0
DWIDTH 14 0
BBX 14 15 0 0
BITMAP
FC38
3078
30D8
3388
31C0
31E0
3130
3F00
3180
30C0
30C0
3060
3060
3030
FC3C
ENDCHAR
STARTCHAR uni051F
ENCODING 1311
SWIDTH 506 0
DWIDTH 12 0
BBX 12 11 0 0
BITMAP
F8E0
30E0
37A0
3320
33C0
3E60
3300
3180
3180
30C0
F8F0
ENDCHAR
STARTCHAR uni0520
ENCODING 1312
SWIDTH 869 0
DWIDTH 21 0
BBX 20 19 0 -4
BITMAP
1FFC00
063000
063000
063000
063000
043000
0C3F80
0C30C0
0C3060
083070
083030
983030
903030
F03030
E0FC30
000060
000060
0001C0
001F00
ENDCHAR
STARTCHAR uni0521
ENCODING 1313
SWIDTH 731 0
DWIDTH 18 0
BBX 16 17 1 -6
BITMAP
3FF0
08C0
08C0
08C0
08C0
18F8
10CE
10C6
B0C3
E0C3
E3F3
0003
0003
0002
0006
000C
00F8
ENDCHAR
STARTCHAR uni0522
ENCODING 1314
SWIDTH 894 0
DWIDTH 21 0
BBX 20 19 0 -4
BITMAP
FC7E00
301800
301800
301800
301800
301800
301F80
3FF8E0
301860
301830
301830
301830
301830
301830
FC7E30
000060
000060
0000C0
000F80
ENDCHAR
STARTCHAR uni0523
ENCODING 1315
SWIDTH 755 0
DWIDTH 18 0
BBX 17 17 0 -6
BITMAP
FDF800
306000
306000
306000
306000
3FFC00
306700
306300
306180
306180
FDF980
000180
000180
000100
000300
000600
007C00
ENDCHAR
STARTCHAR uni0524
ENCODING 1316
SWIDTH 634 0
DWIDTH 15 0
BBX 14 19 0 -4
BITMAP
FFFC
3030
3030
3030
3030
3030
3030
3030
3030
3030
3030
3030
3030
3030
FCFC
000C
0008
0008
0008
ENDCHAR
STARTCHAR uni0525
ENCODING 1317
SWIDTH 554 0
DWIDTH 13 0
BBX 13 15 0 -4
BITMAP
FFF8
3060
3060
3060
3060
3060
3060
3060
3060
3060
FDF8
0018
0010
0010
0010
ENDCHAR
STARTCHAR uniF32C
ENCODING 1318
SWIDTH 597 0
DWIDTH 14 0
BBX 14 19 0 -4
BITMAP
FC00
3000
3000
3000
3000
37C0
3870
3030
3030
3030
3030
3030
3030
3030
FCFC
000C
000C
0008
0008
ENDCHAR
STARTCHAR uniF32D
ENCODING 1319
SWIDTH 571 0
DWIDTH 14 0
BBX 14 22 0 -4
BITMAP
3000
F000
3000
3000
3000
3000
3000
31E0
37F0
3E30
3830
3030
3030
3030
3030
3030
3030
FCFC
000C
000C
0008
0008
ENDCHAR
STARTCHAR uni1D00
ENCODING 7424
SWIDTH 492 0
DWIDTH 12 0
BBX 12 11 0 0
BITMAP
0600
0600
0E00
0B00
0900
1180
1180
3FC0
20C0
20C0
F1F0
ENDCHAR
STARTCHAR uni1D01
ENCODING 7425
SWIDTH 645 0
DWIDTH 16 0
BBX 15 11 -1 0
BITMAP
0FFE
02C2
04C0
04C0
0FFC
08C0
18C0
10C0
10C2
20C2
FBFE
ENDCHAR
STARTCHAR uni1D02
ENCODING 7426
SWIDTH 706 0
DWIDTH 17 0
BBX 15 11 1 0
BITMAP
1E1C
7F3E
C7C6
0386
0184
0198
7FE0
C180
C186
E386
3CF8
ENDCHAR
STARTCHAR uni1D03
ENCODING 7427
SWIDTH 480 0
DWIDTH 12 0
BBX 11 11 0 0
BITMAP
FF00
31C0
30C0
30C0
3180
FFE0
30C0
3060
3060
30C0
FF80
ENDCHAR
STARTCHAR uni1D04
ENCODING 7428
SWIDTH 454 0
DWIDTH 11 0
BBX 10 11 1 0
BITMAP
0F80
3080
6000
4000
C000
C000
C000
E000
70C0
3F00
1E00
ENDCHAR
STARTCHAR uni1D05
ENCODING 7429
SWIDTH 519 0
DWIDTH 12 0
BBX 11 11 0 0
BITMAP
7F00
B1C0
30C0
3060
3060
3060
3060
3060
30C0
3180
FF00
ENDCHAR
STARTCHAR uni1D06
ENCODING 7430
SWIDTH 519 0
DWIDTH 12 0
BBX 11 11 0 0
BITMAP
7F00
B1C0
30C0
3060
3060
FC60
3060
3060
30C0
3180
FF00
ENDCHAR
STARTCHAR uni1D07
ENCODING 7431
SWIDTH 431 0
DWIDTH 10 0
BBX 9 11 0 0
BITMAP
FF80
3080
3000
3000
3F00
3000
3000
3000
3080
3080
FF80
ENDCHAR
STARTCHAR uni1D08
ENCODING 7432
SWIDTH 407 0
DWIDTH 10 0
BBX 8 11 1 0
BITMAP
3C
7F
83
03
06
1C
07
03
83
C6
F8
ENDCHAR
STARTCHAR uni1D09
ENCODING 7433
SWIDTH 275 0
DWIDTH 7 0
BBX 6 16 0 0
BITMAP
FC
30
30
30
30
30
30
30
30
30
3C
00
00
30
30
30
ENDCHAR
STARTCHAR uni1D0A
ENCODING 7434
SWIDTH 259 0
DWIDTH 6 0
BBX 8 15 -2 -4
BITMAP
3F
0C
0C
0C
0C
0C
0C
0C
0C
0C
0C
0C
08
18
E0
ENDCHAR
STARTCHAR uni1D0B
ENCODING 7435
SWIDTH 503 0
DWIDTH 12 0
BBX 12 11 0 0
BITMAP
FDE0
3080
3100
3200
3400
3C00
3600
3300
3180
30C0
FC70
ENDCHAR
STARTCHAR uni1D0C
ENCODING 7436
SWIDTH 441 0
DWIDTH 11 0
BBX 10 11 0 0
BITMAP
FC00
3000
3000
3200
3C00
3800
F000
3000
3040
3040
FFC0
ENDCHAR
STARTCHAR uni1D0D
ENCODING 7437
SWIDTH 686 0
DWIDTH 16 0
BBX 16 11 0 0
BITMAP
7807
3C0E
3C0E
3416
3616
3236
3326
3166
31C6
30C6
FC8F
ENDCHAR
STARTCHAR uni1D0E
ENCODING 7438
SWIDTH 578 0
DWIDTH 14 0
BBX 14 11 0 0
BITMAP
FC3C
3030
3070
30B0
31B0
3330
3630
3630
3C30
3830
30FC
ENDCHAR
STARTCHAR uni1D0F
ENCODING 7439
SWIDTH 522 0
DWIDTH 13 0
BBX 11 11 1 0
BITMAP
1F00
3180
60C0
C060
C060
C060
C060
C060
60C0
7180
1F00
ENDCHAR
STARTCHAR uni1D10
ENCODING 7440
SWIDTH 464 0
DWIDTH 11 0
BBX 9 11 1 0
BITMAP
3C00
C700
0300
0180
0180
0180
2180
C180
C300
E200
7C00
ENDCHAR
STARTCHAR uni1D11
ENCODING 7441
SWIDTH 500 0
DWIDTH 12 0
BBX 11 11 0 0
BITMAP
1E00
7F80
70C0
E060
C060
C060
C060
C0E0
61C0
3FC0
1F00
ENDCHAR
STARTCHAR uni1D12
ENCODING 7442
SWIDTH 541 0
DWIDTH 13 0
BBX 11 9 1 1
BITMAP
1E00
7F80
71C0
E040
C060
C060
C060
60E0
31C0
ENDCHAR
STARTCHAR uni1D13
ENCODING 7443
SWIDTH 525 0
DWIDTH 13 0
BBX 11 11 1 0
BITMAP
9E00
FF80
70C0
F060
C860
C460
C260
C1E0
61C0
3FE0
0F20
ENDCHAR
STARTCHAR uni1D14
ENCODING 7444
SWIDTH 792 0
DWIDTH 19 0
BBX 17 11 1 0
BITMAP
3C3C00
7F4700
C7C300
038180
018180
018180
7F8180
C18180
C1C300
E2E200
3C3C00
ENDCHAR
STARTCHAR uni1D15
ENCODING 7445
SWIDTH 439 0
DWIDTH 11 0
BBX 9 11 1 0
BITMAP
1E00
6300
6300
7200
3E00
6700
C380
C180
C180
E300
3E00
ENDCHAR
STARTCHAR uni1D16
ENCODING 7446
SWIDTH 503 0
DWIDTH 12 0
BBX 10 6 1 5
BITMAP
1E00
2380
6180
40C0
C0C0
C0C0
ENDCHAR
STARTCHAR uni1D17
ENCODING 7447
SWIDTH 503 0
DWIDTH 12 0
BBX 10 5 1 0
BITMAP
C0C0
C0C0
E080
7100
3E00
ENDCHAR
STARTCHAR uni1D18
ENCODING 7448
SWIDTH 433 0
DWIDTH 10 0
BBX 9 11 0 0
BITMAP
FE00
3380
3180
3180
3180
3300
3E00
3000
3000
3000
FC00
ENDCHAR
STARTCHAR uni1D19
ENCODING 7449
SWIDTH 481 0
DWIDTH 12 0
BBX 12 11 0 0
BITMAP
0FF0
18C0
30C0
30C0
38C0
0FC0
04C0
0CC0
18C0
38C0
F3F0
ENDCHAR
STARTCHAR uni1D1A
ENCODING 7450
SWIDTH 500 0
DWIDTH 12 0
BBX 11 11 0 0
BITMAP
F7E0
3180
1980
0D80
0580
0F80
1180
3180
3180
3980
0FE0
ENDCHAR
STARTCHAR uni1D1B
ENCODING 7451
SWIDTH 456 0
DWIDTH 11 0
BBX 10 11 1 0
BITMAP
FFC0
8C40
0C00
0C00
0C00
0C00
0C00
0C00
0C00
0C00
3F00
ENDCHAR
STARTCHAR uni1D1C
ENCODING 7452
SWIDTH 552 0
DWIDTH 13 0
BBX 13 11 0 0
BITMAP
FDF8
3060
3060
3060
3060
3060
3060
3060
3060
18C0
0F80
ENDCHAR
STARTCHAR uni1D1D
ENCODING 7453
SWIDTH 556 0
DWIDTH 14 0
BBX 12 12 1 -1
BITMAP
0020
FFF0
FFF0
80C0
8060
0030
0030
0070
FFF0
FFC0
8000
8000
ENDCHAR
STARTCHAR uni1D1E
ENCODING 7454
SWIDTH 706 0
DWIDTH 17 0
BBX 15 12 1 -1
BITMAP
0004
0FFE
0FFE
E808
E80C
0006
0006
E00E
EFFE
0FFC
0800
0800
ENDCHAR
STARTCHAR uni1D1F
ENCODING 7455
SWIDTH 561 0
DWIDTH 14 0
BBX 12 18 1 -2
BITMAP
8020
8020
FFF0
FFF0
8080
8040
8020
8030
FFF0
FFE0
80C0
8060
0020
8030
8030
FFF0
FFE0
8000
ENDCHAR
STARTCHAR uni1D20
ENCODING 7456
SWIDTH 536 0
DWIDTH 13 0
BBX 13 11 0 0
BITMAP
F878
2020
3060
1040
18C0
1880
0C80
0D80
0500
0700
0200
ENDCHAR
STARTCHAR uni1D21
ENCODING 7457
SWIDTH 702 0
DWIDTH 17 0
BBX 17 11 0 0
BITMAP
F88F80
208200
31C600
314600
336400
126400
1A2400
1E3C00
1C1800
0C1800
081800
ENDCHAR
STARTCHAR uni1D22
ENCODING 7458
SWIDTH 416 0
DWIDTH 10 0
BBX 9 11 1 0
BITMAP
FF80
8300
8600
0400
0C00
1800
3000
3000
6080
C080
FF80
ENDCHAR
STARTCHAR uni1D23
ENCODING 7459
SWIDTH 422 0
DWIDTH 10 0
BBX 9 11 0 0
BITMAP
7F80
4700
8E00
0C00
1E00
2380
0180
0180
0180
C300
7C00
ENDCHAR
STARTCHAR uni1D24
ENCODING 7460
SWIDTH 442 0
DWIDTH 10 0
BBX 9 15 1 0
BITMAP
3E00
C700
C300
C300
0700
0E00
1800
1800
3800
7000
C000
C180
C180
6300
3E00
ENDCHAR
STARTCHAR uni1D25
ENCODING 7461
SWIDTH 594 0
DWIDTH 14 0
BBX 13 11 1 0
BITMAP
0F00
1FC0
3FC0
3FE0
3FC0
3FC0
1F80
0E10
8790
D9F8
E078
ENDCHAR
STARTCHAR uni1D26
ENCODING 7462
SWIDTH 414 0
DWIDTH 10 0
BBX 10 11 0 0
BITMAP
FFC0
3040
3040
3000
3000
3000
3000
3000
3000
3000
FC00
ENDCHAR
STARTCHAR uni1D27
ENCODING 7463
SWIDTH 492 0
DWIDTH 12 0
BBX 12 11 0 0
BITMAP
0600
0600
0E00
0B00
0900
1180
1180
30C0
20C0
20C0
F1F0
ENDCHAR
STARTCHAR uni1D28
ENCODING 7464
SWIDTH 563 0
DWIDTH 14 0
BBX 14 11 0 0
BITMAP
FFFC
3030
3030
3030
3030
3030
3030
3030
3030
3030
FCFC
ENDCHAR
STARTCHAR uni1D29
ENCODING 7465
SWIDTH 486 0
DWIDTH 12 0
BBX 10 11 0 0
BITMAP
FF00
3180
30C0
30C0
30C0
3180
3F00
3000
3000
3000
FC00
ENDCHAR
STARTCHAR uni1D2A
ENCODING 7466
SWIDTH 598 0
DWIDTH 14 0
BBX 14 11 0 0
BITMAP
F7BC
3330
3330
3330
3330
1B60
0F80
0300
0300
0300
0780
ENDCHAR
STARTCHAR uni1D2B
ENCODING 7467
SWIDTH 538 0
DWIDTH 13 0
BBX 12 11 1 0
BITMAP
3FF0
08C0
08C0
08C0
18C0
10C0
10C0
10C0
B0C0
E0C0
C3F0
ENDCHAR
STARTCHAR uni1D2C
ENCODING 7468
SWIDTH 416 0
DWIDTH 10 0
BBX 10 10 0 7
BITMAP
0C00
0C00
0C00
1600
1600
3300
3F00
2100
6180
E3C0
ENDCHAR
STARTCHAR uni1D2D
ENCODING 7469
SWIDTH 543 0
DWIDTH 13 0
BBX 13 9 0 7
BITMAP
1FF0
0B10
0B00
1FE0
1300
2300
2300
4308
E7F8
ENDCHAR
STARTCHAR uni1D2E
ENCODING 7470
SWIDTH 384 0
DWIDTH 9 0
BBX 9 9 0 7
BITMAP
FE00
6300
6200
7E00
6380
6180
6180
6380
FE00
ENDCHAR
STARTCHAR uni1D2F
ENCODING 7471
SWIDTH 406 0
DWIDTH 10 0
BBX 8 9 1 7
BITMAP
FC
66
66
FF
66
63
63
63
FE
ENDCHAR
STARTCHAR uni1D30
ENCODING 7472
SWIDTH 414 0
DWIDTH 10 0
BBX 9 9 0 7
BITMAP
FE00
6300
6180
6180
6180
6180
6180
6300
FC00
ENDCHAR
STARTCHAR uni1D31
ENCODING 7473
SWIDTH 347 0
DWIDTH 8 0
BBX 8 9 0 7
BITMAP
FE
62
60
7C
60
60
60
61
FF
ENDCHAR
STARTCHAR uni1D32
ENCODING 7474
SWIDTH 347 0
DWIDTH 9 0
BBX 8 9 0 7
BITMAP
7F
46
06
3E
06
06
86
86
FF
ENDCHAR
STARTCHAR uni1D33
ENCODING 7475
SWIDTH 407 0
DWIDTH 10 0
BBX 9 9 1 7
BITMAP
1E00
6300
4000
C000
C780
C300
C300
6300
3E00
ENDCHAR
STARTCHAR uni1D34
ENCODING 7476
SWIDTH 457 0
DWIDTH 11 0
BBX 9 9 1 7
BITMAP
F780
6300
6300
6300
7F00
6300
6300
6300
F780
ENDCHAR
STARTCHAR uni1D35
ENCODING 7477
SWIDTH 208 0
DWIDTH 5 0
BBX 4 9 0 7
BITMAP
F0
60
60
60
60
60
60
60
F0
ENDCHAR
STARTCHAR uni1D36
ENCODING 7478
SWIDTH 213 0
DWIDTH 5 0
BBX 7 11 -2 5
BITMAP
3E
0C
0C
0C
0C
0C
0C
0C
0C
08
F0
ENDCHAR
STARTCHAR uni1D37
ENCODING 7479
SWIDTH 404 0
DWIDTH 10 0
BBX 10 9 0 7
BITMAP
F380
6200
6400
6800
7800
6C00
6600
6300
F1C0
ENDCHAR
STARTCHAR uni1D38
ENCODING 7480
SWIDTH 333 0
DWIDTH 8 0
BBX 8 9 0 7
BITMAP
F0
60
60
60
60
60
60
61
FF
ENDCHAR
STARTCHAR uni1D39
ENCODING 7481
SWIDTH 563 0
DWIDTH 14 0
BBX 12 9 1 7
BITMAP
E070
70E0
70E0
71E0
6960
6960
6760
6660
F2F0
ENDCHAR
STARTCHAR uni1D3A
ENCODING 7482
SWIDTH 454 0
DWIDTH 11 0
BBX 11 9 0 7
BITMAP
E1E0
70C0
78C0
68C0
64C0
62C0
63C0
61C0
F0C0
ENDCHAR
STARTCHAR uni1D3B
ENCODING 7483
SWIDTH 454 0
DWIDTH 11 0
BBX 10 9 0 7
BITMAP
F0C0
6180
6380
6580
6D80
6980
7180
7180
63C0
ENDCHAR
STARTCHAR uni1D3C
ENCODING 7484
SWIDTH 419 0
DWIDTH 10 0
BBX 8 9 1 7
BITMAP
3C
66
C3
C3
C3
C3
C3
66
3C
ENDCHAR
STARTCHAR uni1D3D
ENCODING 7485
SWIDTH 389 0
DWIDTH 10 0
BBX 9 9 0 7
BITMAP
3E00
6300
6300
3E00
6300
C180
C180
E300
7E00
ENDCHAR
STARTCHAR uni1D3E
ENCODING 7486
SWIDTH 365 0
DWIDTH 9 0
BBX 8 9 0 7
BITMAP
FE
67
63
67
7C
60
60
60
F0
ENDCHAR
STARTCHAR uni1D3F
ENCODING 7487
SWIDTH 392 0
DWIDTH 9 0
BBX 9 9 0 7
BITMAP
FC00
6600
6600
6600
7800
6C00
6400
6600
F380
ENDCHAR
STARTCHAR uni1D40
ENCODING 7488
SWIDTH 385 0
DWIDTH 9 0
BBX 10 9 0 7
BITMAP
7FC0
8C80
0C00
0C00
0C00
0C00
0C00
0C00
1E00
ENDCHAR
STARTCHAR uni1D41
ENCODING 7489
SWIDTH 457 0
DWIDTH 11 0
BBX 10 9 0 7
BITMAP
F3C0
6180
6180
6180
6180
6180
6180
7300
1E00
ENDCHAR
STARTCHAR uni1D42
ENCODING 7490
SWIDTH 594 0
DWIDTH 14 0
BBX 14 9 0 7
BITMAP
F13C
6318
2310
2790
3490
34F0
1C60
1860
1860
ENDCHAR
STARTCHAR uni1D43
ENCODING 7491
SWIDTH 321 0
DWIDTH 8 0
BBX 7 7 1 7
BITMAP
38
CC
0C
7C
CC
CC
FE
ENDCHAR
STARTCHAR uni1D44
ENCODING 7492
SWIDTH 330 0
DWIDTH 8 0
BBX 7 7 0 7
BITMAP
EE
76
66
7C
60
66
78
ENDCHAR
STARTCHAR uni1D45
ENCODING 7493
SWIDTH 349 0
DWIDTH 8 0
BBX 7 7 1 7
BITMAP
3C
4C
CC
CC
CC
CC
7E
ENDCHAR
STARTCHAR uni1D46
ENCODING 7494
SWIDTH 494 0
DWIDTH 12 0
BBX 11 7 0 7
BITMAP
78E0
8F60
0660
FF80
C600
CE60
7BC0
ENDCHAR
STARTCHAR uni1D47
ENCODING 7495
SWIDTH 355 0
DWIDTH 9 0
BBX 8 11 0 7
BITMAP
E0
60
60
60
6E
77
63
63
63
66
3C
ENDCHAR
STARTCHAR uni1D48
ENCODING 7496
SWIDTH 363 0
DWIDTH 9 0
BBX 8 11 1 7
BITMAP
0E
06
06
06
3E
66
C6
C6
C6
EE
77
ENDCHAR
STARTCHAR uni1D49
ENCODING 7497
SWIDTH 323 0
DWIDTH 8 0
BBX 7 7 0 7
BITMAP
3C
46
FE
C0
C0
62
3C
ENDCHAR
STARTCHAR uni1D4A
ENCODING 7498
SWIDTH 315 0
DWIDTH 8 0
BBX 6 7 1 7
BITMAP
78
9C
0C
7C
CC
C8
70
ENDCHAR
STARTCHAR uni1D4B
ENCODING 7499
SWIDTH 298 0
DWIDTH 7 0
BBX 7 7 1 7
BITMAP
3C
C4
C0
70
40
C2
7C
ENDCHAR
STARTCHAR uni1D4C
ENCODING 7500
SWIDTH 285 0
DWIDTH 7 0
BBX 6 7 0 7
BITMAP
78
8C
08
38
0C
8C
F0
ENDCHAR
STARTCHAR uni1D4D
ENCODING 7501
SWIDTH 341 0
DWIDTH 10 0
BBX 9 10 0 4
BITMAP
3F00
6600
6600
6600
3C00
2000
7E00
4180
E380
7E00
ENDCHAR
STARTCHAR uni1D4E
ENCODING 7502
SWIDTH 192 0
DWIDTH 5 0
BBX 4 10 0 7
BITMAP
F0
60
60
60
60
60
50
00
60
60
ENDCHAR
STARTCHAR uni1D4F
ENCODING 7503
SWIDTH 341 0
DWIDTH 8 0
BBX 9 11 0 7
BITMAP
E000
6000
6000
6000
6700
6600
6800
7800
6C00
6600
F380
ENDCHAR
STARTCHAR uni1D50
ENCODING 7504
SWIDTH 562 0
DWIDTH 13 0
BBX 13 7 0 7
BITMAP
EF70
73B0
6330
6330
6330
6330
F7F8
ENDCHAR
STARTCHAR uni1D51
ENCODING 7505
SWIDTH 382 0
DWIDTH 9 0
BBX 8 10 0 4
BITMAP
E7
7B
63
63
63
63
F3
03
26
38
ENDCHAR
STARTCHAR uni1D52
ENCODING 7506
SWIDTH 352 0
DWIDTH 8 0
BBX 6 7 1 7
BITMAP
38
5C
CC
CC
CC
C8
70
ENDCHAR
STARTCHAR uni1D53
ENCODING 7507
SWIDTH 315 0
DWIDTH 8 0
BBX 6 7 1 7
BITMAP
78
9C
0C
0C
CC
C8
70
ENDCHAR
STARTCHAR uni1D54
ENCODING 7508
SWIDTH 352 0
DWIDTH 8 0
BBX 6 3 1 11
BITMAP
78
CC
CC
ENDCHAR
STARTCHAR uni1D55
ENCODING 7509
SWIDTH 352 0
DWIDTH 8 0
BBX 6 3 1 7
BITMAP
CC
C8
70
ENDCHAR
STARTCHAR uni1D56
ENCODING 7510
SWIDTH 370 0
DWIDTH 9 0
BBX 8 10 0 4
BITMAP
EE
77
63
63
63
62
7C
60
60
F0
ENDCHAR
STARTCHAR uni1D57
ENCODING 7511
SWIDTH 240 0
DWIDTH 6 0
BBX 6 9 0 7
BITMAP
60
60
FC
60
60
60
60
60
3C
ENDCHAR
STARTCHAR uni1D58
ENCODING 7512
SWIDTH 370 0
DWIDTH 9 0
BBX 9 7 0 7
BITMAP
E700
6300
6300
6300
6300
6700
3B80
ENDCHAR
STARTCHAR uni1D59
ENCODING 7513
SWIDTH 389 0
DWIDTH 10 0
BBX 9 7 0 7
BITMAP
0100
FF80
8300
0180
0180
FF00
8000
ENDCHAR
STARTCHAR uni1D5A
ENCODING 7514
SWIDTH 553 0
DWIDTH 13 0
BBX 13 7 0 7
BITMAP
E770
6330
6330
6330
6330
6770
7BB8
ENDCHAR
STARTCHAR uni1D5B
ENCODING 7515
SWIDTH 345 0
DWIDTH 8 0
BBX 8 7 0 7
BITMAP
E7
62
22
34
14
18
18
ENDCHAR
STARTCHAR uni1D5C
ENCODING 7516
SWIDTH 438 0
DWIDTH 11 0
BBX 10 7 0 9
BITMAP
0E00
1F00
3F80
1F00
0E00
CE40
71C0
ENDCHAR
STARTCHAR uni1D5D
ENCODING 7517
SWIDTH 348 0
DWIDTH 9 0
BBX 7 14 1 4
BITMAP
38
4C
CC
CC
D8
FC
C6
C6
C6
EC
D8
C0
C0
C0
ENDCHAR
STARTCHAR uni1D5E
ENCODING 7518
SWIDTH 335 0
DWIDTH 8 0
BBX 9 10 -1 4
BITMAP
6180
B100
1100
1A00
1A00
0C00
0C00
0C00
0C00
0C00
ENDCHAR
STARTCHAR uni1D5F
ENCODING 7519
SWIDTH 335 0
DWIDTH 9 0
BBX 8 11 1 7
BITMAP
3F
66
70
38
3C
6C
C6
C6
C6
E4
38
ENDCHAR
STARTCHAR uni1D60
ENCODING 7520
SWIDTH 446 0
DWIDTH 11 0
BBX 10 10 0 4
BITMAP
1780
6DC0
CCC0
CCC0
CCC0
6D80
3E00
0C00
0C00
0C00
ENDCHAR
STARTCHAR uni1D61
ENCODING 7521
SWIDTH 340 0
DWIDTH 8 0
BBX 8 9 0 5
BITMAP
E3
26
34
18
18
18
2C
66
C3
ENDCHAR
STARTCHAR uni1D62
ENCODING 7522
SWIDTH 189 0
DWIDTH 5 0
BBX 4 9 0 -2
BITMAP
20
60
20
E0
60
60
60
60
F0
ENDCHAR
STARTCHAR uni1D63
ENCODING 7523
SWIDTH 276 0
DWIDTH 7 0
BBX 6 6 0 -2
BITMAP
EC
74
60
60
60
F0
ENDCHAR
STARTCHAR uni1D64
ENCODING 7524
SWIDTH 370 0
DWIDTH 9 0
BBX 9 7 0 -3
BITMAP
E700
6300
6300
6300
6300
6700
3B80
ENDCHAR
STARTCHAR uni1D65
ENCODING 7525
SWIDTH 345 0
DWIDTH 8 0
BBX 8 7 0 -3
BITMAP
E7
62
22
34
14
18
18
ENDCHAR
STARTCHAR uni1D66
ENCODING 7526
SWIDTH 348 0
DWIDTH 9 0
BBX 7 15 1 -6
BITMAP
38
4C
CC
CC
D8
FC
CE
C6
C6
C6
EC
D8
C0
C0
C0
ENDCHAR
STARTCHAR uni1D67
ENCODING 7527
SWIDTH 335 0
DWIDTH 8 0
BBX 9 10 -1 -6
BITMAP
6180
B100
1100
1A00
1A00
0C00
0C00
0C00
0C00
0C00
ENDCHAR
STARTCHAR uni1D68
ENCODING 7528
SWIDTH 334 0
DWIDTH 8 0
BBX 6 10 1 -6
BITMAP
38
5C
CC
CC
CC
C8
F8
C0
C0
C0
ENDCHAR
STARTCHAR uni1D69
ENCODING 7529
SWIDTH 446 0
DWIDTH 11 0
BBX 10 10 0 -6
BITMAP
1780
6DC0
CCC0
CCC0
CCC0
6D80
3E00
0C00
0C00
0C00
ENDCHAR
STARTCHAR uni1D6A
ENCODING 7530
SWIDTH 340 0
DWIDTH 8 0
BBX 8 9 0 -5
BITMAP
E3
26
34
18
18
18
2C
66
C3
ENDCHAR
STARTCHAR uni1D6B
ENCODING 7531
SWIDTH 796 0
DWIDTH 19 0
BBX 18 11 0 0
BITMAP
70EF00
B17180
3060C0
3060C0
307FC0
306000
306000
307040
30B8C0
3F3F80
1E0F00
ENDCHAR
STARTCHAR uni1D6C
ENCODING 7532
SWIDTH 507 0
DWIDTH 12 0
BBX 12 18 -1 0
BITMAP
1800
7800
1800
3900
7900
9E00
1C00
19C0
1BE0
1C70
1830
1830
1830
1830
1830
1C60
1FC0
0780
ENDCHAR
STARTCHAR uni1D6D
ENCODING 7533
SWIDTH 520 0
DWIDTH 12 0
BBX 12 18 1 0
BITMAP
0380
0580
0180
0790
07A0
09E0
01C0
1F80
2380
4180
C180
C180
C180
C180
E180
6380
7DA0
39C0
ENDCHAR
STARTCHAR uni1D6E
ENCODING 7534
SWIDTH 311 0
DWIDTH 7 0
BBX 9 18 0 0
BITMAP
0700
0F80
1980
3000
3000
3000
3000
FE00
3000
3000
3000
7200
BC00
3C00
3000
3000
3000
FC00
ENDCHAR
STARTCHAR uni1D6F
ENCODING 7535
SWIDTH 803 0
DWIDTH 20 0
BBX 20 11 0 0
BITMAP
31C780
F7EFC0
3878C0
3FF0E0
3FE0E0
70FFC0
B07FC0
3060C0
3060C0
3060C0
FDFBF0
ENDCHAR
STARTCHAR uni1D70
ENCODING 7536
SWIDTH 551 0
DWIDTH 13 0
BBX 13 11 0 0
BITMAP
31C0
F3E0
3C60
3C70
3F70
77E0
B1E0
3060
3060
3060
FDF8
ENDCHAR
STARTCHAR uni1D71
ENCODING 7537
SWIDTH 529 0
DWIDTH 13 0
BBX 13 17 -1 -6
BITMAP
18E0
7BF0
1E78
1C38
1818
1818
1818
1810
1C30
1FE0
19C0
1800
1800
7900
9E00
1800
7E00
ENDCHAR
STARTCHAR uni1D72
ENCODING 7538
SWIDTH 395 0
DWIDTH 10 0
BBX 9 11 0 0
BITMAP
3380
7780
3C80
3880
3200
7E00
BC00
3000
3000
3000
7C00
ENDCHAR
STARTCHAR uni1D73
ENCODING 7539
SWIDTH 364 0
DWIDTH 9 0
BBX 8 11 0 0
BITMAP
07
0F
19
31
32
7E
BC
30
30
30
FC
ENDCHAR
STARTCHAR uni1D74
ENCODING 7540
SWIDTH 386 0
DWIDTH 9 0
BBX 8 11 0 0
BITMAP
3E
66
60
70
3D
7E
87
03
43
42
7C
ENDCHAR
STARTCHAR uni1D75
ENCODING 7541
SWIDTH 344 0
DWIDTH 8 0
BBX 8 15 0 0
BITMAP
10
30
30
30
FF
30
30
30
72
BE
3C
30
31
3E
1C
ENDCHAR
STARTCHAR uni1D76
ENCODING 7542
SWIDTH 441 0
DWIDTH 11 0
BBX 9 11 1 0
BITMAP
7F80
8300
8600
3C00
7D80
9F00
3E00
3000
6080
E080
FF80
ENDCHAR
STARTCHAR uni1D77
ENCODING 7543
SWIDTH 526 0
DWIDTH 13 0
BBX 11 17 1 -6
BITMAP
1F80
20C0
4060
C060
C0C0
7D80
3F00
0180
0100
0700
1980
30C0
30C0
30C0
30C0
7980
CF00
ENDCHAR
STARTCHAR uni1D78
ENCODING 7544
SWIDTH 457 0
DWIDTH 11 0
BBX 9 9 1 7
BITMAP
F780
6300
6300
6300
7F00
6300
6300
6300
F780
ENDCHAR
STARTCHAR uni1D79
ENCODING 7545
SWIDTH 481 0
DWIDTH 12 0
BBX 11 17 0 -6
BITMAP
7FC0
7FC0
0600
0C00
1800
1800
1800
0E00
0700
1FC0
70E0
E060
C060
C060
C040
6080
1F00
ENDCHAR
STARTCHAR uni1D7A
ENCODING 7546
SWIDTH 869 0
DWIDTH 21 0
BBX 21 20 0 -2
BITMAP
003000
00F300
003600
103400
303C00
303800
303000
7F31C0
FF77E0
30FC60
30B860
31B060
333060
323060
363060
3C3060
393060
3EFDF8
300000
200000
ENDCHAR
STARTCHAR uni1D7B
ENCODING 7547
SWIDTH 278 0
DWIDTH 7 0
BBX 6 11 0 0
BITMAP
FC
30
30
30
30
FC
30
30
30
30
FC
ENDCHAR
STARTCHAR uni1D7C
ENCODING 7548
SWIDTH 282 0
DWIDTH 7 0
BBX 7 11 0 0
BITMAP
30
F0
30
30
30
FC
30
30
30
3E
38
ENDCHAR
STARTCHAR uni1D7D
ENCODING 7549
SWIDTH 529 0
DWIDTH 13 0
BBX 13 17 0 -6
BITMAP
31C0
F7E0
3C60
3830
3030
FFF8
3030
3020
3860
3FC0
3380
3000
3000
3000
3000
3000
FC00
ENDCHAR
STARTCHAR uni1D7E
ENCODING 7550
SWIDTH 573 0
DWIDTH 14 0
BBX 13 11 0 0
BITMAP
FDF8
3060
3060
3060
3060
7FF8
B060
3060
3060
18C0
0F80
ENDCHAR
STARTCHAR uni1D7F
ENCODING 7551
SWIDTH 493 0
DWIDTH 12 0
BBX 12 11 0 0
BITMAP
79E0
1980
30C0
6060
6060
FFF0
6060
6060
7040
3880
1F00
ENDCHAR
STARTCHAR uni1D80
ENCODING 7552
SWIDTH 507 0
DWIDTH 12 0
BBX 11 24 0 -6
BITMAP
3000
F000
3000
3000
3000
3000
3000
3380
37C0
3C60
3820
3020
3020
3020
3020
3860
3FE0
0E60
0060
0060
0060
0660
0640
0380
ENDCHAR
STARTCHAR uni1D81
ENCODING 7553
SWIDTH 520 0
DWIDTH 14 0
BBX 12 24 1 -6
BITMAP
00C0
03C0
00C0
00C0
00C0
00C0
00C0
1FC0
21C0
60C0
40C0
C0C0
C0C0
C0C0
E0C0
73C0
7FC0
3CF0
0030
0030
0030
0330
0320
01C0
ENDCHAR
STARTCHAR uni1D82
ENCODING 7554
SWIDTH 311 0
DWIDTH 8 0
BBX 9 24 0 -6
BITMAP
0700
0F80
1980
3000
3000
3000
3000
FE00
3000
3000
3000
3000
3000
3000
3000
3000
3000
FE00
0600
0600
0600
6600
6400
3800
ENDCHAR
STARTCHAR uni1D83
ENCODING 7555
SWIDTH 654 0
DWIDTH 17 0
BBX 15 17 1 -6
BITMAP
0F40
31C0
60C0
40C0
C0C0
C0C0
C0C0
C0C0
61C0
73C0
3CFE
00C6
00C6
00A6
01E6
6164
7E38
ENDCHAR
STARTCHAR uni1D84
ENCODING 7556
SWIDTH 487 0
DWIDTH 13 0
BBX 12 24 0 -6
BITMAP
3000
F000
3000
3000
3000
3000
3000
31F0
3080
3100
3600
3C00
3C00
3600
3300
3180
31C0
F8F0
0030
0030
0030
0330
0320
01C0
ENDCHAR
STARTCHAR uni1D85
ENCODING 7557
SWIDTH 270 0
DWIDTH 7 0
BBX 6 24 0 -6
BITMAP
30
F0
30
30
30
30
30
30
30
30
30
30
30
30
30
30
30
F8
0C
0C
0C
CC
C8
70
ENDCHAR
STARTCHAR uni1D86
ENCODING 7558
SWIDTH 803 0
DWIDTH 20 0
BBX 19 17 0 -6
BITMAP
31C700
F7EF80
3C7980
387180
306180
306180
306180
306180
306180
306180
78F3C0
850C60
000060
000060
000660
000640
000380
ENDCHAR
STARTCHAR uni1D87
ENCODING 7559
SWIDTH 551 0
DWIDTH 14 0
BBX 13 17 0 -6
BITMAP
31C0
F3E0
3460
3860
3060
3060
3060
3060
3060
3060
7DF0
8018
0018
0018
0198
0190
00E0
ENDCHAR
STARTCHAR uni1D88
ENCODING 7560
SWIDTH 559 0
DWIDTH 14 0
BBX 12 17 0 -6
BITMAP
31C0
F7E0
3C70
3870
3030
3030
3030
3030
3870
3FF0
33B0
3030
3030
3030
3130
FB20
01C0
ENDCHAR
STARTCHAR uni1D89
ENCODING 7561
SWIDTH 395 0
DWIDTH 10 0
BBX 9 17 0 -6
BITMAP
3380
F780
3C80
3880
3000
3000
3000
3000
3000
3000
F800
0600
0600
0600
6600
6400
3800
ENDCHAR
STARTCHAR uni1D8A
ENCODING 7562
SWIDTH 386 0
DWIDTH 10 0
BBX 8 17 0 -6
BITMAP
1F
23
60
70
38
1E
07
03
83
C3
7F
03
03
03
13
13
0E
ENDCHAR
STARTCHAR uni1D8B
ENCODING 7563
SWIDTH 410 0
DWIDTH 11 0
BBX 14 24 -4 -6
BITMAP
00E0
01F0
0320
0600
0600
0600
0600
0600
0600
0600
0600
0600
0300
0300
0300
0300
0300
03FC
030C
030C
020C
46CC
FCC8
7078
ENDCHAR
STARTCHAR uni1D8C
ENCODING 7564
SWIDTH 493 0
DWIDTH 12 0
BBX 12 17 0 -6
BITMAP
F1F0
6060
2040
30C0
3080
1980
1900
1B00
0E00
0E00
07C0
00C0
00C0
00C0
0CC0
0C80
0700
ENDCHAR
STARTCHAR uni1D8D
ENCODING 7565
SWIDTH 502 0
DWIDTH 13 0
BBX 13 17 -1 -6
BITMAP
F9F8
30C0
1880
0D00
0700
0600
0F00
0980
10C0
30E0
F9F8
0018
0018
0018
0198
0190
00E0
ENDCHAR
STARTCHAR uni1D8E
ENCODING 7566
SWIDTH 441 0
DWIDTH 11 0
BBX 10 17 0 -6
BITMAP
7FC0
4380
8300
0700
0E00
0C00
1800
3000
3040
60C0
FFC0
00C0
00C0
00C0
0CC0
0C80
0700
ENDCHAR
STARTCHAR uni1D8F
ENCODING 7567
SWIDTH 466 0
DWIDTH 12 0
BBX 14 17 1 -6
BITMAP
1E00
6300
C300
0300
0700
3B00
4300
C300
C700
FFC0
73C0
00C0
00C0
00C0
00CC
00CC
0078
ENDCHAR
STARTCHAR uni1D90
ENCODING 7568
SWIDTH 508 0
DWIDTH 13 0
BBX 15 17 1 -6
BITMAP
1E80
2380
4180
C180
C180
C180
C180
E180
6380
7F80
3DE0
0060
0060
0060
0066
0066
003C
ENDCHAR
STARTCHAR uni1D91
ENCODING 7569
SWIDTH 514 0
DWIDTH 12 0
BBX 14 24 1 -6
BITMAP
0038
007C
00CC
00C0
00C0
00C0
00C0
1FC0
21C0
60C0
40C0
C0C0
C0C0
C0C0
E0C0
73C0
7FC0
3CC0
00C0
00C0
00C0
00CC
00C8
0070
ENDCHAR
STARTCHAR uni1D92
ENCODING 7570
SWIDTH 461 0
DWIDTH 11 0
BBX 13 17 1 -6
BITMAP
1E00
2300
4180
C180
FF80
C000
C000
E080
7180
7F80
3E80
0080
0180
0180
0198
0198
00F0
ENDCHAR
STARTCHAR uni1D93
ENCODING 7571
SWIDTH 426 0
DWIDTH 11 0
BBX 13 17 1 -6
BITMAP
1F00
6300
C000
C000
E000
3800
6000
C080
E180
FF80
7D80
0180
0180
0180
0198
0198
00F0
ENDCHAR
STARTCHAR uni1D94
ENCODING 7572
SWIDTH 436 0
DWIDTH 10 0
BBX 9 17 0 -6
BITMAP
3E00
6380
4180
0180
0300
0E00
0380
8180
C380
FF00
DE00
C000
C000
C000
CC00
CC00
7800
ENDCHAR
STARTCHAR uni1D95
ENCODING 7573
SWIDTH 521 0
DWIDTH 13 0
BBX 15 17 1 -6
BITMAP
3C00
7E00
C700
0380
0180
0180
7FE0
C1E0
C160
6360
3C60
0060
0060
0060
0066
0066
003C
ENDCHAR
STARTCHAR uni1D96
ENCODING 7574
SWIDTH 270 0
DWIDTH 7 0
BBX 10 22 0 -6
BITMAP
3000
3000
3000
0000
0000
3000
F000
3000
3000
3000
3000
3000
3000
3000
3000
F800
0C00
0C00
0C00
0CC0
0CC0
0780
ENDCHAR
STARTCHAR uni1D97
ENCODING 7575
SWIDTH 441 0
DWIDTH 11 0
BBX 10 17 0 -6
BITMAP
1E00
3F00
6380
01C0
00C0
00C0
00C0
00C0
8180
C100
FE00
C000
C000
C000
CC00
CC00
7800
ENDCHAR
STARTCHAR uni1D98
ENCODING 7576
SWIDTH 246 0
DWIDTH 6 0
BBX 12 28 -4 -10
BITMAP
00E0
01F0
0320
0600
0600
0600
0600
0600
0600
0600
0600
0600
0300
0300
0300
0300
0300
0300
0300
0300
0300
4600
FC00
F800
C000
CC00
CC00
7800
ENDCHAR
STARTCHAR uni1D99
ENCODING 7577
SWIDTH 538 0
DWIDTH 14 0
BBX 17 17 0 -6
BITMAP
30E000
F16000
306000
306000
306000
306000
306000
306000
31E000
3FE000
1E7800
001800
001800
001800
001980
001980
000F00
ENDCHAR
STARTCHAR uni1D9A
ENCODING 7578
SWIDTH 449 0
DWIDTH 11 0
BBX 10 21 0 -10
BITMAP
3FC0
2180
4380
0700
0E00
0C00
1C00
3F00
0380
01C0
00C0
00C0
00C0
00C0
4180
E100
FE00
C000
CC00
CC00
7800
ENDCHAR
STARTCHAR uni1D9B
ENCODING 7579
SWIDTH 358 0
DWIDTH 9 0
BBX 8 7 0 7
BITMAP
EE
77
63
63
63
66
5C
ENDCHAR
STARTCHAR uni1D9C
ENCODING 7580
SWIDTH 305 0
DWIDTH 7 0
BBX 7 7 0 7
BITMAP
1C
66
C0
C0
C0
62
3C
ENDCHAR
STARTCHAR uni1D9D
ENCODING 7581
SWIDTH 305 0
DWIDTH 7 0
BBX 5 7 1 7
BITMAP
38
68
C0
C0
D8
B8
F0
ENDCHAR
STARTCHAR uni1D9E
ENCODING 7582
SWIDTH 348 0
DWIDTH 8 0
BBX 6 10 1 7
BITMAP
64
38
08
3C
4C
CC
CC
CC
C8
70
ENDCHAR
STARTCHAR uni1D9F
ENCODING 7583
SWIDTH 298 0
DWIDTH 8 0
BBX 7 7 0 7
BITMAP
3C
46
04
1C
06
86
7C
ENDCHAR
STARTCHAR uni1DA0
ENCODING 7584
SWIDTH 217 0
DWIDTH 5 0
BBX 7 11 0 7
BITMAP
1E
24
60
60
F8
60
60
60
60
60
F8
ENDCHAR
STARTCHAR uni1DA1
ENCODING 7585
SWIDTH 203 0
DWIDTH 5 0
BBX 6 10 -1 4
BITMAP
38
18
18
18
18
18
7C
18
10
E0
ENDCHAR
STARTCHAR uni1DA2
ENCODING 7586
SWIDTH 336 0
DWIDTH 8 0
BBX 6 10 1 4
BITMAP
3C
4C
CC
CC
CC
CC
7C
0C
48
70
ENDCHAR
STARTCHAR uni1DA3
ENCODING 7587
SWIDTH 370 0
DWIDTH 9 0
BBX 9 10 0 4
BITMAP
E700
6300
6300
6300
6300
6700
3B00
0300
0300
0380
ENDCHAR
STARTCHAR uni1DA4
ENCODING 7588
SWIDTH 189 0
DWIDTH 5 0
BBX 4 10 0 7
BITMAP
20
60
00
E0
60
60
F0
60
60
F0
ENDCHAR
STARTCHAR uni1DA5
ENCODING 7589
SWIDTH 197 0
DWIDTH 5 0
BBX 5 7 0 7
BITMAP
E0
60
60
60
60
68
70
ENDCHAR
STARTCHAR uni1DA6
ENCODING 7590
SWIDTH 195 0
DWIDTH 5 0
BBX 4 7 0 7
BITMAP
F0
60
60
60
60
60
F0
ENDCHAR
STARTCHAR uni1DA7
ENCODING 7591
SWIDTH 192 0
DWIDTH 5 0
BBX 4 7 0 7
BITMAP
F0
60
60
F0
60
60
F0
ENDCHAR
STARTCHAR uni1DA8
ENCODING 7592
SWIDTH 181 0
DWIDTH 4 0
BBX 6 13 -2 4
BITMAP
18
18
00
38
18
18
18
18
18
18
78
C8
F4
ENDCHAR
STARTCHAR uni1DA9
ENCODING 7593
SWIDTH 189 0
DWIDTH 5 0
BBX 6 14 0 4
BITMAP
E0
60
60
60
60
60
60
60
60
60
60
60
6C
38
ENDCHAR
STARTCHAR uni1DAA
ENCODING 7594
SWIDTH 189 0
DWIDTH 5 0
BBX 4 14 0 4
BITMAP
E0
60
60
60
60
60
60
60
60
E0
10
10
D0
60
ENDCHAR
STARTCHAR uni1DAB
ENCODING 7595
SWIDTH 303 0
DWIDTH 7 0
BBX 7 7 0 7
BITMAP
F0
60
60
60
60
62
FE
ENDCHAR
STARTCHAR uni1DAC
ENCODING 7596
SWIDTH 558 0
DWIDTH 13 0
BBX 12 10 0 4
BITMAP
EF70
73B0
6330
6330
6330
6330
F7B0
0030
0260
0380
ENDCHAR
STARTCHAR uni1DAD
ENCODING 7597
SWIDTH 553 0
DWIDTH 13 0
BBX 13 10 0 4
BITMAP
E770
6330
6330
6330
6330
6770
7BB0
0030
0030
0038
ENDCHAR
STARTCHAR uni1DAE
ENCODING 7598
SWIDTH 382 0
DWIDTH 9 0
BBX 11 10 -2 4
BITMAP
39C0
1EC0
18C0
18C0
18C0
18C0
19E0
1800
1000
E000
ENDCHAR
STARTCHAR uni1DAF
ENCODING 7599
SWIDTH 389 0
DWIDTH 9 0
BBX 11 10 0 4
BITMAP
E700
7B00
6300
6300
6300
6300
F300
0300
0360
01C0
ENDCHAR
STARTCHAR uni1DB0
ENCODING 7600
SWIDTH 391 0
DWIDTH 9 0
BBX 9 7 0 7
BITMAP
C780
6300
7300
6B00
6700
6700
F300
ENDCHAR
STARTCHAR uni1DB1
ENCODING 7601
SWIDTH 352 0
DWIDTH 8 0
BBX 6 7 1 7
BITMAP
38
4C
CC
FC
CC
C8
70
ENDCHAR
STARTCHAR uni1DB2
ENCODING 7602
SWIDTH 418 0
DWIDTH 11 0
BBX 10 14 0 4
BITMAP
1C00
0C00
0C00
0C00
1F00
6D80
CCC0
CCC0
CCC0
6D80
3E00
0C00
0C00
1E00
ENDCHAR
STARTCHAR uni1DB3
ENCODING 7603
SWIDTH 270 0
DWIDTH 7 0
BBX 5 10 1 4
BITMAP
78
C8
E0
70
98
98
F0
80
A0
C0
ENDCHAR
STARTCHAR uni1DB4
ENCODING 7604
SWIDTH 171 0
DWIDTH 4 0
BBX 9 14 -3 4
BITMAP
0380
0480
0C00
0C00
0C00
0C00
0C00
0C00
0C00
0C00
0C00
0C00
0800
F000
ENDCHAR
STARTCHAR uni1DB5
ENCODING 7605
SWIDTH 240 0
DWIDTH 7 0
BBX 6 12 0 4
BITMAP
60
60
FC
60
60
60
60
60
7C
04
34
18
ENDCHAR
STARTCHAR uni1DB6
ENCODING 7606
SWIDTH 370 0
DWIDTH 9 0
BBX 9 7 0 7
BITMAP
E700
6300
6300
FF80
6300
6700
3B80
ENDCHAR
STARTCHAR uni1DB7
ENCODING 7607
SWIDTH 344 0
DWIDTH 8 0
BBX 6 7 1 7
BITMAP
FC
78
CC
CC
CC
C8
70
ENDCHAR
STARTCHAR uni1DB8
ENCODING 7608
SWIDTH 386 0
DWIDTH 9 0
BBX 9 7 0 7
BITMAP
F780
6300
6300
6300
6300
6300
3E00
ENDCHAR
STARTCHAR uni1DB9
ENCODING 7609
SWIDTH 339 0
DWIDTH 8 0
BBX 7 7 0 7
BITMAP
FC
6E
66
66
66
64
38
ENDCHAR
STARTCHAR uni1DBA
ENCODING 7610
SWIDTH 345 0
DWIDTH 8 0
BBX 8 7 0 7
BITMAP
18
18
3C
24
26
46
E7
ENDCHAR
STARTCHAR uni1DBB
ENCODING 7611
SWIDTH 296 0
DWIDTH 7 0
BBX 6 7 1 7
BITMAP
FC
88
10
20
60
C4
FC
ENDCHAR
STARTCHAR uni1DBC
ENCODING 7612
SWIDTH 309 0
DWIDTH 8 0
BBX 9 10 1 4
BITMAP
FC00
8800
1000
3000
6000
4400
FC00
0400
0580
0700
ENDCHAR
STARTCHAR uni1DBD
ENCODING 7613
SWIDTH 312 0
DWIDTH 7 0
BBX 6 8 1 6
BITMAP
FC
88
10
20
6C
D4
FC
20
ENDCHAR
STARTCHAR uni1DBE
ENCODING 7614
SWIDTH 314 0
DWIDTH 8 0
BBX 7 10 0 4
BITMAP
FE
88
10
20
78
0E
06
06
CC
78
ENDCHAR
STARTCHAR uni1DBF
ENCODING 7615
SWIDTH 349 0
DWIDTH 8 0
BBX 6 11 1 7
BITMAP
30
58
4C
CC
CC
FC
CC
CC
CC
68
30
ENDCHAR
STARTCHAR uni1DC2
ENCODING 7618
SWIDTH 0 0
DWIDTH 0 0
BBX 5 6 -7 -8
BITMAP
78
18
E0
30
60
F8
ENDCHAR
STARTCHAR uni1DC4
ENCODING 7620
SWIDTH 0 0
DWIDTH 0 0
BBX 8 5 -9 13
BITMAP
01
02
06
FC
FC
ENDCHAR
STARTCHAR uni1DC5
ENCODING 7621
SWIDTH 0 0
DWIDTH 0 0
BBX 8 5 -11 13
BITMAP
80
40
60
3F
3F
ENDCHAR
STARTCHAR uni1DC6
ENCODING 7622
SWIDTH 0 0
DWIDTH 0 0
BBX 8 5 -10 12
BITMAP
FC
FE
06
03
01
ENDCHAR
STARTCHAR uni1DC7
ENCODING 7623
SWIDTH 0 0
DWIDTH 0 0
BBX 8 5 -10 12
BITMAP
3F
3F
60
40
80
ENDCHAR
STARTCHAR uni1DC8
ENCODING 7624
SWIDTH 0 0
DWIDTH 0 0
BBX 8 3 -10 13
BITMAP
8C
52
31
ENDCHAR
STARTCHAR uni1DC9
ENCODING 7625
SWIDTH 0 0
DWIDTH 0 0
BBX 9 3 -10 13
BITMAP
3080
6B00
8600
ENDCHAR
STARTCHAR uni1DCA
ENCODING 7626
SWIDTH 0 0
DWIDTH 0 0
BBX 5 5 -9 -7
BITMAP
78
E8
60
60
F0
ENDCHAR
STARTCHAR uni1DCB
ENCODING 7627
SWIDTH 0 0
DWIDTH 0 0
BBX 14 3 -16 12
BITMAP
83FC
7FFC
3C00
ENDCHAR
STARTCHAR uni1DCC
ENCODING 7628
SWIDTH 0 0
DWIDTH 0 0
BBX 14 3 -16 12
BITMAP
FE0C
FFF8
01F0
ENDCHAR
STARTCHAR uni1DCD
ENCODING 7629
SWIDTH 0 0
DWIDTH 0 0
BBX 20 5 -10 18
BITMAP
00F000
03FC00
0F1F00
3803C0
E00070
ENDCHAR
STARTCHAR uniF17B
ENCODING 7677
SWIDTH 0 0
DWIDTH 0 0
BBX 7 4 -10 -6
BITMAP
72
8C
72
8C
ENDCHAR
STARTCHAR uni1DFE
ENCODING 7678
SWIDTH 0 0
DWIDTH 0 0
BBX 7 6 -10 12
BITMAP
02
1C
F0
E0
1C
06
ENDCHAR
STARTCHAR uni1DFF
ENCODING 7679
SWIDTH 0 0
DWIDTH 0 0
BBX 13 7 -12 -8
BITMAP
C208
7110
1F10
0FA0
38A0
C0C0
0040
ENDCHAR
STARTCHAR uni1E00
ENCODING 7680
SWIDTH 595 0
DWIDTH 14 0
BBX 14 21 0 -6
BITMAP
0100
0300
0300
0780
0580
04C0
0CC0
08C0
0860
1FE0
1060
1030
3030
2030
F87C
0000
0300
0780
0780
0780
0300
ENDCHAR
STARTCHAR uni1E01
ENCODING 7681
SWIDTH 458 0
DWIDTH 11 0
BBX 10 17 1 -6
BITMAP
1E00
6300
C300
0300
0700
3B00
4300
C300
C700
FFC0
7300
0000
0C00
1C00
3C00
3C00
1800
ENDCHAR
STARTCHAR uni1E02
ENCODING 7682
SWIDTH 549 0
DWIDTH 13 0
BBX 12 19 0 0
BITMAP
0200
0600
0600
0000
7F80
B0C0
3060
3060
3060
3080
3FC0
30E0
3070
3030
3030
3030
3030
3060
FF80
ENDCHAR
STARTCHAR uni1E03
ENCODING 7683
SWIDTH 507 0
DWIDTH 12 0
BBX 11 18 0 0
BITMAP
3000
F000
3200
3300
3200
3000
3000
3380
37C0
38E0
3060
3060
3060
3060
3060
38C0
3F80
0F00
ENDCHAR
STARTCHAR uni1E04
ENCODING 7684
SWIDTH 549 0
DWIDTH 13 0
BBX 12 20 0 -5
BITMAP
7F80
B0C0
3060
3060
3060
3080
3FC0
30E0
3070
3030
3030
3030
3030
3060
FF80
0000
0000
0200
0600
0600
ENDCHAR
STARTCHAR uni1E05
ENCODING 7685
SWIDTH 507 0
DWIDTH 12 0
BBX 11 23 0 -5
BITMAP
3000
F000
3000
3000
3000
3000
3000
3380
37C0
38E0
3060
3060
3060
3060
3060
38C0
3F80
0F00
0000
0000
0600
0600
0400
ENDCHAR
STARTCHAR uni1E06
ENCODING 7686
SWIDTH 549 0
DWIDTH 13 0
BBX 12 19 0 -4
BITMAP
7F80
B0C0
3060
3060
3060
3080
3FC0
30E0
3070
3030
3030
3030
3030
3060
FF80
0000
0000
1FC0
3FC0
ENDCHAR
STARTCHAR uni1E07
ENCODING 7687
SWIDTH 507 0
DWIDTH 12 0
BBX 11 22 0 -4
BITMAP
3000
F000
3000
3000
3000
3000
3000
3380
37C0
38E0
3060
3060
3060
3060
3060
38C0
3F80
0F00
0000
0000
3FC0
3F80
ENDCHAR
STARTCHAR uni1E08
ENCODING 7688
SWIDTH 536 0
DWIDTH 13 0
BBX 11 25 1 -5
BITMAP
00C0
01C0
0300
0C00
0000
07C0
1860
2000
6000
4000
C000
C000
C000
C000
C000
E000
6000
7060
3DC0
1F00
0400
0600
0300
0300
0C00
ENDCHAR
STARTCHAR uni1E09
ENCODING 7689
SWIDTH 437 0
DWIDTH 10 0
BBX 9 22 1 -5
BITMAP
0300
0700
0600
0C00
0800
0000
0F80
3180
6000
4000
C000
C000
C000
C000
E100
7600
3C00
1000
0800
1C00
0C00
3000
ENDCHAR
STARTCHAR uni1E0A
ENCODING 7690
SWIDTH 592 0
DWIDTH 14 0
BBX 13 19 0 0
BITMAP
0200
0600
0200
0000
7F80
B0E0
3070
3030
3018
3018
3018
3018
3018
3018
3010
3030
3060
30C0
FF80
ENDCHAR
STARTCHAR uni1E0B
ENCODING 7691
SWIDTH 520 0
DWIDTH 12 0
BBX 11 18 1 0
BITMAP
0180
0780
3180
3180
3180
0180
0180
1F80
2380
4180
C180
C180
C180
C180
E180
6380
7DA0
39C0
ENDCHAR
STARTCHAR uni1E0C
ENCODING 7692
SWIDTH 592 0
DWIDTH 14 0
BBX 13 20 0 -5
BITMAP
7F80
B0E0
3070
3030
3018
3018
3018
3018
3018
3018
3010
3030
3060
30C0
FF80
0000
0000
0200
0600
0200
ENDCHAR
STARTCHAR uni1E0D
ENCODING 7693
SWIDTH 520 0
DWIDTH 12 0
BBX 11 23 1 -5
BITMAP
0180
0780
0180
0180
0180
0180
0180
1F80
2380
4180
C180
C180
C180
C180
E180
6380
7DA0
39C0
0000
0000
0400
0C00
0C00
ENDCHAR
STARTCHAR uni1E0E
ENCODING 7694
SWIDTH 592 0
DWIDTH 14 0
BBX 13 19 0 -4
BITMAP
7F80
B0E0
3070
3030
3018
3018
3018
3018
3018
3018
3010
3030
3060
30C0
FF80
0000
0000
1FC0
3FC0
ENDCHAR
STARTCHAR uni1E0F
ENCODING 7695
SWIDTH 520 0
DWIDTH 12 0
BBX 11 22 1 -4
BITMAP
0180
0780
0180
0180
0180
0180
0180
1F80
2380
4180
C180
C180
C180
C180
E180
6380
7DA0
39C0
0000
0000
7F80
7F80
ENDCHAR
STARTCHAR uni1E10
ENCODING 7696
SWIDTH 592 0
DWIDTH 14 0
BBX 13 21 0 -6
BITMAP
7F80
B0E0
3070
3030
3018
3018
3018
3018
3018
3018
3010
3030
3060
30C0
FF80
0000
0200
0700
0300
0200
0600
ENDCHAR
STARTCHAR uni1E11
ENCODING 7697
SWIDTH 520 0
DWIDTH 12 0
BBX 11 24 1 -6
BITMAP
0180
0780
0180
0180
0180
0180
0180
1F80
2380
4180
C180
C180
C180
C180
E180
6380
7DA0
39C0
0000
0400
1E00
0600
0400
0800
ENDCHAR
STARTCHAR uni1E12
ENCODING 7698
SWIDTH 592 0
DWIDTH 14 0
BBX 13 21 0 -6
BITMAP
7F80
B0E0
3070
3030
3018
3018
3018
3018
3018
3018
3010
3030
3060
30C0
FF80
0000
0000
0700
0F00
0880
1040
ENDCHAR
STARTCHAR uni1E13
ENCODING 7699
SWIDTH 520 0
DWIDTH 12 0
BBX 11 24 1 -6
BITMAP
0180
0780
0180
0180
0180
0180
0180
1F80
2380
4180
C180
C180
C180
C180
E180
6380
7DA0
39C0
0000
0000
0C00
1E00
3300
6080
ENDCHAR
STARTCHAR uni1E14
ENCODING 7700
SWIDTH 496 0
DWIDTH 12 0
BBX 11 25 0 0
BITMAP
1000
3800
1C00
0600
0100
0000
3FC0
3FC0
0000
0000
FFC0
3040
3040
3000
3000
3000
3F80
3100
3000
3000
3000
3000
3020
3020
FFE0
ENDCHAR
STARTCHAR uni1E15
ENCODING 7701
SWIDTH 461 0
DWIDTH 11 0
BBX 9 21 1 0
BITMAP
3000
3000
1800
0C00
0400
0000
7F80
7F80
0000
0000
1E00
2300
4180
C180
FF80
C000
C000
E080
7100
7F00
3C00
ENDCHAR
STARTCHAR uni1E16
ENCODING 7702
SWIDTH 496 0
DWIDTH 12 0
BBX 11 25 0 0
BITMAP
0080
01C0
0300
0600
0800
0000
3FC0
3FC0
0000
0000
FFC0
3040
3040
3000
3000
3000
3F80
3100
3000
3000
3000
3000
3020
3020
FFE0
ENDCHAR
STARTCHAR uni1E17
ENCODING 7703
SWIDTH 461 0
DWIDTH 11 0
BBX 9 21 1 0
BITMAP
0300
0380
0600
0C00
0800
0000
7F80
7F80
0000
0000
1E00
2300
4180
C180
FF80
C000
C000
E080
7100
7F00
3C00
ENDCHAR
STARTCHAR uni1E18
ENCODING 7704
SWIDTH 496 0
DWIDTH 12 0
BBX 11 21 0 -6
BITMAP
FFC0
3040
3040
3000
3000
3000
3F80
3100
3000
3000
3000
3000
3020
3020
FFE0
0000
0000
0600
0F00
1980
20C0
ENDCHAR
STARTCHAR uni1E19
ENCODING 7705
SWIDTH 461 0
DWIDTH 11 0
BBX 9 17 1 -6
BITMAP
1E00
2300
4180
C180
FF80
C000
C000
E080
7100
7F00
1C00
0000
0000
0C00
1E00
3300
4180
ENDCHAR
STARTCHAR uni1E1A
ENCODING 7706
SWIDTH 496 0
DWIDTH 12 0
BBX 11 20 0 -5
BITMAP
FFC0
3040
3040
3000
3000
3000
3F80
3100
3000
3000
3000
3000
3020
3020
FFE0
0000
0000
1C40
2780
2300
ENDCHAR
STARTCHAR uni1E1B
ENCODING 7707
SWIDTH 461 0
DWIDTH 11 0
BBX 9 16 1 -5
BITMAP
1E00
2300
4180
C180
FF80
C000
C000
E080
7100
7F00
1C00
0000
0000
3880
4F00
4600
ENDCHAR
STARTCHAR uni1E1C
ENCODING 7708
SWIDTH 496 0
DWIDTH 12 0
BBX 11 25 0 -5
BITMAP
2040
3080
1F80
0F00
0000
FFC0
3040
3040
3000
3000
3000
3F80
3100
3000
3000
3000
3000
3020
3020
FFE0
0400
0600
0700
0300
0C00
ENDCHAR
STARTCHAR uni1E1D
ENCODING 7709
SWIDTH 461 0
DWIDTH 11 0
BBX 9 21 1 -5
BITMAP
4080
2100
3F00
1E00
0000
1E00
2300
4180
C180
FF80
C000
C000
E080
7180
7F00
3E00
0C00
0E00
0600
0600
1800
ENDCHAR
STARTCHAR uni1E1E
ENCODING 7710
SWIDTH 478 0
DWIDTH 11 0
BBX 10 19 0 0
BITMAP
0400
0600
0400
0000
FFC0
3040
3040
3000
3000
3000
3F80
3100
3000
3000
3000
3000
3000
3000
FC00
ENDCHAR
STARTCHAR uni1E1F
ENCODING 7711
SWIDTH 311 0
DWIDTH 7 0
BBX 9 22 0 0
BITMAP
0C00
0C00
0C00
0000
0700
0F80
1980
3000
3000
3000
3000
FE00
3000
3000
3000
3000
3000
3000
3000
3000
3000
FC00
ENDCHAR
STARTCHAR uni1E20
ENCODING 7712
SWIDTH 583 0
DWIDTH 14 0
BBX 12 19 1 0
BITMAP
1FE0
1FC0
0000
0000
07C0
1860
2000
6000
4000
C000
C000
C1F0
C060
C060
E060
6060
7860
3FC0
0F00
ENDCHAR
STARTCHAR uni1E21
ENCODING 7713
SWIDTH 487 0
DWIDTH 12 0
BBX 12 21 0 -6
BITMAP
3FC0
3FC0
0000
0000
1F30
31E0
60C0
60C0
60C0
3180
1F00
1800
3000
3F00
1FE0
33F0
6030
C030
C020
6040
1F80
ENDCHAR
STARTCHAR uni1E22
ENCODING 7714
SWIDTH 653 0
DWIDTH 16 0
BBX 15 19 0 0
BITMAP
0180
0180
0100
0000
FC7E
3018
3018
3018
3018
3018
3018
3FF8
3018
3018
3018
3018
3018
3018
FC7E
ENDCHAR
STARTCHAR uni1E23
ENCODING 7715
SWIDTH 551 0
DWIDTH 13 0
BBX 13 22 0 0
BITMAP
0300
0300
0200
0000
3000
F000
3000
3000
3000
3000
3000
31C0
37E0
3C60
3860
3060
3060
3060
3060
3060
3060
FDF8
ENDCHAR
STARTCHAR uni1E24
ENCODING 7716
SWIDTH 653 0
DWIDTH 16 0
BBX 15 20 0 -5
BITMAP
FC7E
3018
3018
3018
3018
3018
3018
3FF8
3018
3018
3018
3018
3018
3018
FC7E
0000
0000
0180
0180
0100
ENDCHAR
STARTCHAR uni1E25
ENCODING 7717
SWIDTH 551 0
DWIDTH 13 0
BBX 13 23 0 -5
BITMAP
3000
F000
3000
3000
3000
3000
3000
31C0
37E0
3C60
3860
3060
3060
3060
3060
3060
3060
FDF8
0000
0000
0300
0300
0200
ENDCHAR
STARTCHAR uni1E26
ENCODING 7718
SWIDTH 653 0
DWIDTH 16 0
BBX 15 19 0 0
BITMAP
0C60
0C60
0840
0000
FC7E
3018
3018
3018
3018
3018
3018
3FF8
3018
3018
3018
3018
3018
3018
FC7E
ENDCHAR
STARTCHAR uni1E27
ENCODING 7719
SWIDTH 551 0
DWIDTH 13 0
BBX 13 22 0 0
BITMAP
18C0
18C0
1080
0000
3000
F000
3000
3000
3000
3000
3000
31C0
37E0
3C60
3860
3060
3060
3060
3060
3060
3060
FDF8
ENDCHAR
STARTCHAR uni1E28
ENCODING 7720
SWIDTH 653 0
DWIDTH 16 0
BBX 15 20 0 -5
BITMAP
FC7E
3018
3018
3018
3018
3018
3018
3FF8
3018
3018
3018
3018
3018
3018
FC7E
1000
3000
3800
1800
6000
ENDCHAR
STARTCHAR uni1E29
ENCODING 7721
SWIDTH 551 0
DWIDTH 13 0
BBX 13 23 0 -5
BITMAP
3000
F000
3000
3000
3000
3000
3000
31C0
37E0
3C60
3860
3060
3060
3060
3060
3060
3060
FDF8
3000
3000
3800
1800
6000
ENDCHAR
STARTCHAR uni1E2A
ENCODING 7722
SWIDTH 653 0
DWIDTH 16 0
BBX 15 21 0 -6
BITMAP
FC7E
3018
3018
3018
3018
3018
3018
3FF8
3018
3018
3018
3018
3018
3018
FC7E
0000
0000
0810
0C20
07E0
0380
ENDCHAR
STARTCHAR uni1E2B
ENCODING 7723
SWIDTH 551 0
DWIDTH 13 0
BBX 13 24 0 -6
BITMAP
3000
F000
3000
3000
3000
3000
3000
31C0
37E0
3C60
3860
3060
3060
3060
3060
3060
3060
FDF8
0000
0000
1020
1840
0FC0
0700
ENDCHAR
STARTCHAR uni1E2C
ENCODING 7724
SWIDTH 297 0
DWIDTH 7 0
BBX 8 20 -1 -5
BITMAP
7E
18
18
18
18
18
18
18
18
18
18
18
18
18
7E
00
00
39
4F
86
ENDCHAR
STARTCHAR uni1E2D
ENCODING 7725
SWIDTH 270 0
DWIDTH 7 0
BBX 8 20 -1 -5
BITMAP
18
18
18
00
18
78
18
18
18
18
18
18
18
18
7E
00
00
39
4F
86
ENDCHAR
STARTCHAR uni1E2E
ENCODING 7726
SWIDTH 297 0
DWIDTH 7 0
BBX 8 25 -1 0
BITMAP
03
07
0E
18
30
00
42
E7
42
00
7E
18
18
18
18
18
18
18
18
18
18
18
18
18
7E
ENDCHAR
STARTCHAR uni1E2F
ENCODING 7727
SWIDTH 270 0
DWIDTH 7 0
BBX 8 21 -1 0
BITMAP
03
06
0C
08
10
42
C6
C6
00
00
18
78
18
18
18
18
18
18
18
18
7E
ENDCHAR
STARTCHAR uni1E30
ENCODING 7728
SWIDTH 578 0
DWIDTH 14 0
BBX 14 21 0 0
BITMAP
0040
00E0
0180
0300
0400
0000
FCF8
3060
30C0
3180
3300
3600
3400
3C00
3600
3300
3180
31C0
30E0
3070
FC3C
ENDCHAR
STARTCHAR uni1E31
ENCODING 7729
SWIDTH 487 0
DWIDTH 12 0
BBX 12 24 0 0
BITMAP
0080
01C0
0380
0600
0800
0000
3000
F000
3000
3000
3000
3000
3000
31F0
3080
3100
3600
3C00
3600
3600
3300
3180
30C0
F870
ENDCHAR
STARTCHAR uni1E32
ENCODING 7730
SWIDTH 578 0
DWIDTH 14 0
BBX 14 20 0 -5
BITMAP
FCF8
3060
30C0
3180
3300
3600
3400
3C00
3600
3300
3180
31C0
30E0
3070
FC3C
0000
0000
0100
0300
0300
ENDCHAR
STARTCHAR uni1E33
ENCODING 7731
SWIDTH 487 0
DWIDTH 12 0
BBX 12 23 0 -5
BITMAP
3000
F000
3000
3000
3000
3000
3000
31F0
3080
3100
3600
3C00
3600
3600
3300
3180
30C0
F870
0000
0000
0600
0600
0600
ENDCHAR
STARTCHAR uni1E34
ENCODING 7732
SWIDTH 578 0
DWIDTH 14 0
BBX 14 19 0 -4
BITMAP
FCF8
3060
30C0
3180
3300
3600
3400
3C00
3600
3300
3180
31C0
30E0
3070
FC3C
0000
0000
1FE0
1FE0
ENDCHAR
STARTCHAR uni1E35
ENCODING 7733
SWIDTH 487 0
DWIDTH 12 0
BBX 12 22 0 -4
BITMAP
3000
F000
3000
3000
3000
3000
3000
31F0
3080
3100
3600
3C00
3600
3600
3300
3180
30C0
F870
0000
0000
3FC0
3FC0
ENDCHAR
STARTCHAR uni1E36
ENCODING 7734
SWIDTH 476 0
DWIDTH 11 0
BBX 11 20 0 -5
BITMAP
FC00
3000
3000
3000
3000
3000
3000
3000
3000
3000
3000
3000
3020
3020
FFE0
0000
0000
0600
0600
0600
ENDCHAR
STARTCHAR uni1E37
ENCODING 7735
SWIDTH 270 0
DWIDTH 7 0
BBX 6 23 0 -5
BITMAP
30
F0
30
30
30
30
30
30
30
30
30
30
30
30
30
30
30
FC
00
00
10
30
30
ENDCHAR
STARTCHAR uni1E38
ENCODING 7736
SWIDTH 476 0
DWIDTH 11 0
BBX 11 24 0 -5
BITMAP
3FC0
3F80
0000
0000
FC00
3000
3000
3000
3000
3000
3000
3000
3000
3000
3000
3000
3020
3020
FFE0
0000
0000
0600
0600
0600
ENDCHAR
STARTCHAR uni1E39
ENCODING 7737
SWIDTH 270 0
DWIDTH 7 0
BBX 8 28 -1 -5
BITMAP
7F
7F
80
00
00
18
78
18
18
18
18
18
18
18
18
18
18
18
18
18
18
18
7E
00
00
08
18
18
ENDCHAR
STARTCHAR uni1E3A
ENCODING 7738
SWIDTH 476 0
DWIDTH 11 0
BBX 11 19 0 -4
BITMAP
FC00
3000
3000
3000
3000
3000
3000
3000
3000
3000
3000
3000
3020
3020
FFE0
0000
0000
3FC0
3F80
ENDCHAR
STARTCHAR uni1E3B
ENCODING 7739
SWIDTH 270 0
DWIDTH 7 0
BBX 8 22 -1 -4
BITMAP
18
78
18
18
18
18
18
18
18
18
18
18
18
18
18
18
18
7E
00
00
7F
FF
ENDCHAR
STARTCHAR uni1E3C
ENCODING 7740
SWIDTH 476 0
DWIDTH 11 0
BBX 11 21 0 -6
BITMAP
FC00
3000
3000
3000
3000
3000
3000
3000
3000
3000
3000
3000
3020
3020
FFE0
0000
0000
0600
0F00
1980
20C0
ENDCHAR
STARTCHAR uni1E3D
ENCODING 7741
SWIDTH 270 0
DWIDTH 7 0
BBX 7 24 0 -6
BITMAP
30
F0
30
30
30
30
30
30
30
30
30
30
30
30
30
30
30
FC
00
00
30
78
C4
82
ENDCHAR
STARTCHAR uni1E3E
ENCODING 7742
SWIDTH 806 0
DWIDTH 19 0
BBX 17 21 1 0
BITMAP
003000
007000
00E800
018000
030000
000000
F00780
700700
780F00
780B00
680B00
6C1B00
6C1300
663300
662300
632300
636300
614300
61C300
618300
F08F80
ENDCHAR
STARTCHAR uni1E3F
ENCODING 7743
SWIDTH 803 0
DWIDTH 20 0
BBX 20 17 0 0
BITMAP
001800
003800
003000
006000
004000
000000
31C780
F7EFC0
3C78C0
3870C0
3060C0
3060C0
3060C0
3060C0
3060C0
3060C0
FDFBF0
ENDCHAR
STARTCHAR uni1E40
ENCODING 7744
SWIDTH 806 0
DWIDTH 19 0
BBX 17 19 1 0
BITMAP
008000
00C000
008000
000000
F00780
700700
780F00
780B00
680B00
6C1B00
6C1300
663300
662300
632300
636300
614300
61C300
618300
F08F80
ENDCHAR
STARTCHAR uni1E41
ENCODING 7745
SWIDTH 803 0
DWIDTH 20 0
BBX 20 16 0 0
BITMAP
006000
006000
004000
000000
000000
31C780
F7EFC0
3C78C0
3870C0
3060C0
3060C0
3060C0
3060C0
3060C0
3060C0
FDFBF0
ENDCHAR
STARTCHAR uni1E42
ENCODING 7746
SWIDTH 806 0
DWIDTH 19 0
BBX 17 20 1 -5
BITMAP
F00780
700700
780F00
780B00
680B00
6C1B00
6C1300
663300
662300
632300
636300
614300
61C300
618300
F08F80
000000
000000
008000
00C000
008000
ENDCHAR
STARTCHAR uni1E43
ENCODING 7747
SWIDTH 803 0
DWIDTH 20 0
BBX 20 16 0 -5
BITMAP
31C780
F7EFC0
3C78C0
3870C0
3060C0
3060C0
3060C0
3060C0
3060C0
3060C0
78F1F0
850A00
000000
006000
006000
004000
ENDCHAR
STARTCHAR uni1E44
ENCODING 7748
SWIDTH 648 0
DWIDTH 16 0
BBX 16 19 0 0
BITMAP
0180
0180
0100
0000
F03F
300C
380C
3C0C
360C
320C
330C
318C
30CC
306C
306C
303C
301C
301C
FC0C
ENDCHAR
STARTCHAR uni1E45
ENCODING 7749
SWIDTH 551 0
DWIDTH 13 0
BBX 13 16 0 0
BITMAP
0300
0300
0200
0000
0000
31C0
F3E0
3460
3860
3060
3060
3060
3060
3060
3060
FDF8
ENDCHAR
STARTCHAR uni1E46
ENCODING 7750
SWIDTH 648 0
DWIDTH 16 0
BBX 16 20 0 -5
BITMAP
F03F
300C
380C
3C0C
360C
320C
330C
318C
30CC
306C
306C
303C
301C
301C
FC0C
0000
0000
0180
0180
0100
ENDCHAR
STARTCHAR uni1E47
ENCODING 7751
SWIDTH 551 0
DWIDTH 13 0
BBX 13 16 0 -5
BITMAP
31C0
F3E0
3460
3860
3060
3060
3060
3060
3060
3060
7DF8
8000
0000
0300
0300
0200
ENDCHAR
STARTCHAR uni1E48
ENCODING 7752
SWIDTH 648 0
DWIDTH 16 0
BBX 16 19 0 -4
BITMAP
F03F
300C
380C
3C0C
360C
320C
330C
318C
30CC
306C
306C
303C
301C
301C
FC0C
0000
0000
0FF0
0FE0
ENDCHAR
STARTCHAR uni1E49
ENCODING 7753
SWIDTH 551 0
DWIDTH 13 0
BBX 13 15 0 -4
BITMAP
31C0
F3E0
3460
3860
3060
3060
3060
3060
3060
3060
7DF8
8000
0000
1FE0
1FC0
ENDCHAR
STARTCHAR uni1E4A
ENCODING 7754
SWIDTH 648 0
DWIDTH 16 0
BBX 16 21 0 -6
BITMAP
F03F
300C
380C
3C0C
360C
320C
330C
318C
30CC
306C
306C
303C
301C
301C
FC0C
0000
0000
0180
03C0
0660
0820
ENDCHAR
STARTCHAR uni1E4B
ENCODING 7755
SWIDTH 551 0
DWIDTH 13 0
BBX 13 17 0 -6
BITMAP
31C0
F3E0
3460
3860
3060
3060
3060
3060
3060
3060
7DF8
8000
0000
0300
0780
0CC0
1040
ENDCHAR
STARTCHAR uni1E4C
ENCODING 7756
SWIDTH 600 0
DWIDTH 14 0
BBX 12 25 1 0
BITMAP
0080
01C0
0380
0600
0C00
0040
0C40
3E80
0100
0000
0F00
1FC0
30E0
6060
4070
C030
C030
C030
C030
C030
E060
6060
70C0
3F80
1F00
ENDCHAR
STARTCHAR uni1E4D
ENCODING 7757
SWIDTH 502 0
DWIDTH 12 0
BBX 10 21 1 0
BITMAP
0180
0300
0600
0400
0800
1C80
2F80
4700
0000
0000
1E00
2380
4180
C0C0
C0C0
C0C0
C0C0
C0C0
6180
7100
1E00
ENDCHAR
STARTCHAR uni1E4E
ENCODING 7758
SWIDTH 600 0
DWIDTH 14 0
BBX 12 23 1 0
BITMAP
1080
3180
3180
0040
0C40
3E80
0100
0000
0F00
1FC0
30E0
6060
4070
C030
C030
C030
C030
C030
E060
6060
70C0
3F80
1F00
ENDCHAR
STARTCHAR uni1E4F
ENCODING 7759
SWIDTH 502 0
DWIDTH 12 0
BBX 10 20 1 0
BITMAP
2100
6300
6300
0000
1C80
2F80
4700
0000
0000
1E00
2380
4180
C0C0
C0C0
C0C0
C0C0
C0C0
6180
7100
1E00
ENDCHAR
STARTCHAR uni1E50
ENCODING 7760
SWIDTH 600 0
DWIDTH 14 0
BBX 12 25 1 0
BITMAP
1000
3800
0C00
0600
0100
0000
1FC0
3FC0
0000
0000
0F00
1FC0
30E0
6060
4070
C030
C030
C030
C030
C030
E060
6060
70C0
3F80
1F00
ENDCHAR
STARTCHAR uni1E51
ENCODING 7761
SWIDTH 502 0
DWIDTH 12 0
BBX 10 21 1 0
BITMAP
3000
1800
0800
0C00
0600
0000
3F80
7F80
0000
0000
1E00
2380
4180
C0C0
C0C0
C0C0
C0C0
C0C0
6180
7100
1E00
ENDCHAR
STARTCHAR uni1E52
ENCODING 7762
SWIDTH 600 0
DWIDTH 14 0
BBX 12 25 1 0
BITMAP
0080
01C0
0380
0600
0C00
0000
1FC0
3FC0
0000
0000
0F00
1FC0
30E0
6060
4070
C030
C030
C030
C030
C030
E060
6060
70C0
3F80
1F00
ENDCHAR
STARTCHAR uni1E53
ENCODING 7763
SWIDTH 502 0
DWIDTH 12 0
BBX 10 21 1 0
BITMAP
0180
0300
0600
0400
0800
0000
3F80
7F80
0000
0000
1E00
2380
4180
C0C0
C0C0
C0C0
C0C0
C0C0
6180
7100
1E00
ENDCHAR
STARTCHAR uni1E54
ENCODING 7764
SWIDTH 522 0
DWIDTH 13 0
BBX 12 21 0 0
BITMAP
0080
01C0
0380
0600
0800
0000
7F80
B0E0
3070
3030
3030
3030
3060
30E0
3F80
3000
3000
3000
3000
3000
FC00
ENDCHAR
STARTCHAR uni1E55
ENCODING 7765
SWIDTH 529 0
DWIDTH 13 0
BBX 12 23 0 -6
BITMAP
01C0
0180
0300
0200
0400
0000
31C0
F7E0
3CF0
3870
3030
3030
3030
3020
3860
3FC0
3380
3000
3000
3000
3000
3000
FC00
ENDCHAR
STARTCHAR uni1E56
ENCODING 7766
SWIDTH 522 0
DWIDTH 13 0
BBX 12 19 0 0
BITMAP
0600
0600
0600
0000
7F80
B0E0
3070
3030
3030
3030
3060
30E0
3F80
3000
3000
3000
3000
3000
FC00
ENDCHAR
STARTCHAR uni1E57
ENCODING 7767
SWIDTH 529 0
DWIDTH 13 0
BBX 12 22 0 -6
BITMAP
0200
0600
0600
0000
0000
31C0
F7E0
3CF0
3870
3030
3030
3030
3020
3860
3FC0
3380
3000
3000
3000
3000
3000
FC00
ENDCHAR
STARTCHAR uni1E58
ENCODING 7768
SWIDTH 561 0
DWIDTH 13 0
BBX 13 19 0 0
BITMAP
0600
0600
0600
0000
7F00
B180
30C0
30C0
30C0
30C0
3180
3E00
3200
3300
3180
3180
30C0
30E0
FC78
ENDCHAR
STARTCHAR uni1E59
ENCODING 7769
SWIDTH 395 0
DWIDTH 10 0
BBX 9 16 0 0
BITMAP
0400
0C00
0C00
0000
0000
3380
F780
3C80
3880
3000
3000
3000
3000
3000
3000
FC00
ENDCHAR
STARTCHAR uni1E5A
ENCODING 7770
SWIDTH 561 0
DWIDTH 13 0
BBX 13 20 0 -5
BITMAP
7F00
B180
30C0
30C0
30C0
30C0
3180
3E00
3200
3300
3180
3180
30C0
30E0
FC78
0000
0000
0600
0600
0600
ENDCHAR
STARTCHAR uni1E5B
ENCODING 7771
SWIDTH 395 0
DWIDTH 10 0
BBX 9 16 0 -5
BITMAP
3380
F780
3C80
3880
3000
3000
3000
3000
3000
3000
FC00
0000
0000
1000
3000
3000
ENDCHAR
STARTCHAR uni1E5C
ENCODING 7772
SWIDTH 561 0
DWIDTH 13 0
BBX 13 24 0 -5
BITMAP
1FC0
3FC0
0000
0000
7F00
B180
30C0
30C0
30C0
30C0
3180
3E00
3200
3300
3180
3180
30C0
30E0
FC78
0000
0000
0600
0600
0600
ENDCHAR
STARTCHAR uni1E5D
ENCODING 7773
SWIDTH 395 0
DWIDTH 10 0
BBX 9 20 0 -5
BITMAP
3F80
7F80
0000
0000
3380
F780
3C80
3880
3000
3000
3000
3000
3000
3000
FC00
0000
0000
1000
3000
3000
ENDCHAR
STARTCHAR uni1E5E
ENCODING 7774
SWIDTH 561 0
DWIDTH 13 0
BBX 13 19 0 -4
BITMAP
7F00
B180
30C0
30C0
30C0
30C0
3180
3E00
3200
3300
3180
3180
30C0
30E0
FC78
0000
0000
3FC0
3FC0
ENDCHAR
STARTCHAR uni1E5F
ENCODING 7775
SWIDTH 395 0
DWIDTH 10 0
BBX 10 15 -1 -4
BITMAP
19C0
7BC0
1E40
1C40
1800
1800
1800
1800
1800
1800
7E00
0000
0000
FF00
FF00
ENDCHAR
STARTCHAR uni1E60
ENCODING 7776
SWIDTH 476 0
DWIDTH 11 0
BBX 9 19 1 0
BITMAP
0C00
0C00
0C00
0000
3E00
6300
C000
C000
E000
7800
3C00
0F00
0380
0180
8180
8180
C300
FF00
3C00
ENDCHAR
STARTCHAR uni1E61
ENCODING 7777
SWIDTH 386 0
DWIDTH 9 0
BBX 7 16 1 0
BITMAP
18
18
10
00
00
7C
CC
C0
E0
78
3C
0E
06
86
84
F8
ENDCHAR
STARTCHAR uni1E62
ENCODING 7778
SWIDTH 476 0
DWIDTH 11 0
BBX 9 20 1 -5
BITMAP
3E00
6300
C000
C000
E000
7800
3C00
0F00
0380
0180
8180
8180
C300
FF00
3C00
0000
0000
0C00
0C00
0C00
ENDCHAR
STARTCHAR uni1E63
ENCODING 7779
SWIDTH 386 0
DWIDTH 9 0
BBX 7 16 1 -5
BITMAP
7C
CC
C0
E0
78
3C
0E
06
86
84
F8
00
00
18
18
10
ENDCHAR
STARTCHAR uni1E64
ENCODING 7780
SWIDTH 476 0
DWIDTH 11 0
BBX 9 23 1 0
BITMAP
0C00
0C00
0D00
0380
0600
0C00
1000
0000
3E00
6300
C000
C000
E000
7800
3C00
0F00
0380
0180
8180
8180
C300
FF00
3C00
ENDCHAR
STARTCHAR uni1E65
ENCODING 7781
SWIDTH 386 0
DWIDTH 9 0
BBX 7 20 1 0
BITMAP
18
18
10
06
0C
0C
18
10
20
7C
CC
C0
E0
78
3C
0E
06
86
84
F8
ENDCHAR
STARTCHAR uni1E66
ENCODING 7782
SWIDTH 476 0
DWIDTH 11 0
BBX 9 23 1 0
BITMAP
0C00
0C00
4D80
3300
1E00
0C00
0000
0000
3E00
6300
C000
C000
E000
7800
3C00
0F00
0380
0180
8180
8180
C300
FF00
3C00
ENDCHAR
STARTCHAR uni1E67
ENCODING 7783
SWIDTH 386 0
DWIDTH 9 0
BBX 7 21 1 0
BITMAP
18
18
10
00
82
44
2C
18
00
00
7C
CC
C0
E0
78
3C
0E
06
86
84
F8
ENDCHAR
STARTCHAR uni1E68
ENCODING 7784
SWIDTH 476 0
DWIDTH 11 0
BBX 9 24 1 -5
BITMAP
0C00
0C00
0C00
0000
3E00
6300
C000
C000
E000
7800
3C00
0F00
0380
0180
8180
8180
C300
FF00
3C00
0000
0000
0C00
0C00
0C00
ENDCHAR
STARTCHAR uni1E69
ENCODING 7785
SWIDTH 386 0
DWIDTH 9 0
BBX 7 21 1 -5
BITMAP
18
18
10
00
00
7C
CC
C0
E0
78
3C
0E
06
86
84
F8
00
00
18
18
10
ENDCHAR
STARTCHAR uni1E6A
ENCODING 7786
SWIDTH 550 0
DWIDTH 13 0
BBX 12 19 0 0
BITMAP
0200
0600
0200
0000
FFF0
8610
8610
0600
0600
0600
0600
0600
0600
0600
0600
0600
0600
0600
1F80
ENDCHAR
STARTCHAR uni1E6B
ENCODING 7787
SWIDTH 344 0
DWIDTH 8 0
BBX 8 19 0 0
BITMAP
18
18
18
00
10
30
30
30
FF
30
30
30
30
30
30
30
31
3E
1C
ENDCHAR
STARTCHAR uni1E6C
ENCODING 7788
SWIDTH 550 0
DWIDTH 13 0
BBX 12 20 0 -5
BITMAP
FFF0
8610
8610
0600
0600
0600
0600
0600
0600
0600
0600
0600
0600
0600
1F80
0000
0000
0200
0600
0200
ENDCHAR
STARTCHAR uni1E6D
ENCODING 7789
SWIDTH 344 0
DWIDTH 8 0
BBX 8 20 0 -5
BITMAP
10
30
30
30
FF
30
30
30
30
30
30
30
31
3E
1C
00
00
18
18
18
ENDCHAR
STARTCHAR uni1E6E
ENCODING 7790
SWIDTH 550 0
DWIDTH 13 0
BBX 12 19 0 -4
BITMAP
FFF0
8610
8610
0600
0600
0600
0600
0600
0600
0600
0600
0600
0600
0600
1F80
0000
0000
1FC0
3FC0
ENDCHAR
STARTCHAR uni1E6F
ENCODING 7791
SWIDTH 344 0
DWIDTH 8 0
BBX 8 19 0 -4
BITMAP
10
30
30
30
FF
30
30
30
30
30
30
30
31
3E
1C
00
00
FF
FF
ENDCHAR
STARTCHAR uni1E70
ENCODING 7792
SWIDTH 550 0
DWIDTH 13 0
BBX 12 21 0 -6
BITMAP
FFF0
8610
8610
0600
0600
0600
0600
0600
0600
0600
0600
0600
0600
0600
1F80
0000
0000
0600
0F00
0880
1040
ENDCHAR
STARTCHAR uni1E71
ENCODING 7793
SWIDTH 344 0
DWIDTH 8 0
BBX 8 21 0 -6
BITMAP
10
30
30
30
FF
30
30
30
30
30
30
30
31
3E
1C
00
00
18
3C
66
C1
ENDCHAR
STARTCHAR uni1E72
ENCODING 7794
SWIDTH 653 0
DWIDTH 16 0
BBX 16 20 0 -5
BITMAP
FC3F
300C
300C
300C
300C
300C
300C
300C
300C
300C
300C
3818
1C38
0FF0
07E0
0000
0000
0C60
0C60
0C60
ENDCHAR
STARTCHAR uni1E73
ENCODING 7795
SWIDTH 529 0
DWIDTH 13 0
BBX 13 16 0 -5
BITMAP
30E0
F160
3060
3060
3060
3060
3060
3060
31E0
3F68
1E70
0000
0000
1080
3180
1080
ENDCHAR
STARTCHAR uni1E74
ENCODING 7796
SWIDTH 653 0
DWIDTH 16 0
BBX 16 20 0 -5
BITMAP
FC3F
300C
300C
300C
300C
300C
300C
300C
300C
300C
300C
3818
1C38
0FF0
07E0
0000
0000
0710
09E0
08C0
ENDCHAR
STARTCHAR uni1E75
ENCODING 7797
SWIDTH 529 0
DWIDTH 13 0
BBX 13 16 0 -5
BITMAP
30E0
F160
3060
3060
3060
3060
3060
3060
31E0
3F68
1E70
0000
0000
0E40
13C0
2180
ENDCHAR
STARTCHAR uni1E76
ENCODING 7798
SWIDTH 653 0
DWIDTH 16 0
BBX 16 21 0 -6
BITMAP
FC3F
300C
300C
300C
300C
300C
300C
300C
300C
300C
300C
3818
1C38
0FF0
07E0
0000
0000
0180
03C0
0660
0830
ENDCHAR
STARTCHAR uni1E77
ENCODING 7799
SWIDTH 529 0
DWIDTH 13 0
BBX 13 17 0 -6
BITMAP
30E0
F160
3060
3060
3060
3060
3060
3060
31E0
3F68
1E70
0000
0000
0600
0F00
0880
1040
ENDCHAR
STARTCHAR uni1E78
ENCODING 7800
SWIDTH 653 0
DWIDTH 16 0
BBX 16 25 0 0
BITMAP
0020
0070
00C0
0180
0200
0010
0710
0FA0
0040
0000
FC3F
300C
300C
300C
300C
300C
300C
300C
300C
300C
300C
3818
1C38
0FF0
07E0
ENDCHAR
STARTCHAR uni1E79
ENCODING 7801
SWIDTH 529 0
DWIDTH 13 0
BBX 13 21 0 0
BITMAP
00C0
0180
0300
0200
0400
0E40
13C0
2180
0000
0000
30E0
F160
3060
3060
3060
3060
3060
3060
31E0
3F68
1E70
ENDCHAR
STARTCHAR uni1E7A
ENCODING 7802
SWIDTH 653 0
DWIDTH 16 0
BBX 16 23 0 0
BITMAP
0C60
0C60
0C60
0000
0FF0
0FF0
0000
0000
FC3F
300C
300C
300C
300C
300C
300C
300C
300C
300C
300C
3818
1C38
0FF0
07E0
ENDCHAR
STARTCHAR uni1E7B
ENCODING 7803
SWIDTH 529 0
DWIDTH 13 0
BBX 13 20 0 0
BITMAP
1080
3180
1080
0000
0000
1FC0
1FC0
0000
0000
30E0
F160
3060
3060
3060
3060
3060
3060
31E0
3F68
1E70
ENDCHAR
STARTCHAR uni1E7C
ENCODING 7804
SWIDTH 649 0
DWIDTH 16 0
BBX 15 20 0 0
BITMAP
0020
0730
0FC0
0000
0000
F83E
3008
3018
1818
1810
1830
0C20
0C20
0660
0640
0640
03C0
0380
0380
0100
ENDCHAR
STARTCHAR uni1E7D
ENCODING 7805
SWIDTH 493 0
DWIDTH 12 0
BBX 12 16 0 0
BITMAP
0E40
17C0
2380
0000
0000
F8F0
3040
3040
3080
1880
1980
0900
0D00
0F00
0600
0600
ENDCHAR
STARTCHAR uni1E7E
ENCODING 7806
SWIDTH 649 0
DWIDTH 16 0
BBX 15 20 0 -5
BITMAP
F83E
3008
3018
1818
1810
1830
0C20
0C20
0660
0640
0640
03C0
0380
0380
0100
0000
0000
0180
0180
0100
ENDCHAR
STARTCHAR uni1E7F
ENCODING 7807
SWIDTH 493 0
DWIDTH 12 0
BBX 12 16 0 -5
BITMAP
F8F0
3040
3040
3080
1880
1980
0900
0D00
0F00
0600
0600
0000
0000
0600
0600
0600
ENDCHAR
STARTCHAR Wgrave
ENCODING 7808
SWIDTH 850 0
DWIDTH 20 0
BBX 20 21 0 0
BITMAP
010000
038000
00C000
006000
001000
000000
F821F0
306040
3060C0
3070C0
10F080
189080
189880
199980
190980
0D0D00
0F0D00
0E0700
0E0700
060700
040200
ENDCHAR
STARTCHAR wgrave
ENCODING 7809
SWIDTH 706 0
DWIDTH 17 0
BBX 17 17 0 0
BITMAP
070000
030000
018000
008000
004000
000000
F88780
20C200
30C200
314200
116600
1B6400
1A3400
1A3400
0E3800
0C1800
0C1800
ENDCHAR
STARTCHAR Wacute
ENCODING 7810
SWIDTH 850 0
DWIDTH 20 0
BBX 20 21 0 0
BITMAP
000800
001C00
003800
006000
008000
000000
F821F0
306040
3060C0
3070C0
10F080
189080
189880
199980
190980
0D0D00
0F0D00
0E0700
0E0700
060700
040200
ENDCHAR
STARTCHAR wacute
ENCODING 7811
SWIDTH 706 0
DWIDTH 17 0
BBX 17 17 0 0
BITMAP
003000
007000
006000
00C000
008000
000000
F88780
20C200
30C200
314200
116600
1B6400
1A3400
1A3400
0E3800
0C1800
0C1800
ENDCHAR
STARTCHAR Wdieresis
ENCODING 7812
SWIDTH 850 0
DWIDTH 20 0
BBX 20 19 0 0
BITMAP
031800
031800
031800
000000
F821F0
306040
3060C0
3070C0
10F080
189080
189880
199980
190980
0D0D00
0F0D00
0E0700
0E0700
060700
040200
ENDCHAR
STARTCHAR wdieresis
ENCODING 7813
SWIDTH 706 0
DWIDTH 17 0
BBX 17 16 0 0
BITMAP
063000
063000
042000
000000
000000
F88780
20C200
30C200
314200
116600
1B6400
1A3400
1A3400
0E3800
0C1800
0C1800
ENDCHAR
STARTCHAR uni1E86
ENCODING 7814
SWIDTH 850 0
DWIDTH 20 0
BBX 20 19 0 0
BITMAP
006000
006000
006000
000000
F821F0
306040
3060C0
3070C0
10F080
189080
189880
199980
190980
0D0D00
0F0D00
0E0700
0E0700
060700
040200
ENDCHAR
STARTCHAR uni1E87
ENCODING 7815
SWIDTH 706 0
DWIDTH 17 0
BBX 17 16 0 0
BITMAP
00C000
00C000
008000
000000
000000
F88780
20C200
30C200
314200
116600
1B6400
1A3400
1A3400
0E3800
0C1800
0C1800
ENDCHAR
STARTCHAR uni1E88
ENCODING 7816
SWIDTH 850 0
DWIDTH 20 0
BBX 20 20 0 -5
BITMAP
F821F0
306040
3060C0
3070C0
10F080
189080
189880
199980
190980
0D0D00
0F0D00
0E0700
0E0700
060700
040200
000000
000000
006000
006000
006000
ENDCHAR
STARTCHAR uni1E89
ENCODING 7817
SWIDTH 706 0
DWIDTH 17 0
BBX 17 16 0 -5
BITMAP
F88780
20C200
30C200
314200
116600
1B6400
1A3400
1A3400
0E3800
0C1800
0C1800
000000
000000
008000
00C000
008000
ENDCHAR
STARTCHAR uni1E8A
ENCODING 7818
SWIDTH 615 0
DWIDTH 15 0
BBX 14 19 0 0
BITMAP
0100
0300
0100
0000
FC7C
3030
1820
1C60
0CC0
0680
0380
0380
0780
06C0
0CE0
1860
1830
3038
FC7C
ENDCHAR
STARTCHAR uni1E8B
ENCODING 7819
SWIDTH 502 0
DWIDTH 12 0
BBX 12 16 0 0
BITMAP
0600
0600
0600
0000
0000
F9F0
30C0
1880
0D00
0E00
0600
0F00
1980
10C0
20E0
F9F0
ENDCHAR
STARTCHAR uni1E8C
ENCODING 7820
SWIDTH 615 0
DWIDTH 15 0
BBX 14 19 0 0
BITMAP
0840
18C0
0840
0000
FC7C
3030
1820
1C60
0CC0
0680
0380
0380
0780
06C0
0CE0
1860
1830
3038
FC7C
ENDCHAR
STARTCHAR uni1E8D
ENCODING 7821
SWIDTH 502 0
DWIDTH 12 0
BBX 12 16 0 0
BITMAP
3180
3180
3180
0000
0000
F9F0
30C0
1880
0D00
0E00
0600
0F00
1980
10C0
20E0
F9F0
ENDCHAR
STARTCHAR uni1E8E
ENCODING 7822
SWIDTH 594 0
DWIDTH 14 0
BBX 14 19 0 0
BITMAP
0300
0300
0300
0000
E07C
3030
3830
1860
0C40
0CC0
0680
0780
0300
0300
0300
0300
0300
0300
0FC0
ENDCHAR
STARTCHAR uni1E8F
ENCODING 7823
SWIDTH 493 0
DWIDTH 12 0
BBX 13 22 -1 -6
BITMAP
0100
0300
0300
0000
0000
7C78
1820
1820
1860
0C40
0C40
0480
0680
0780
0300
0300
0300
0200
0600
0400
7800
F000
ENDCHAR
STARTCHAR uni1E90
ENCODING 7824
SWIDTH 522 0
DWIDTH 13 0
BBX 11 20 1 0
BITMAP
0E00
0E00
1100
2080
0000
7FC0
40E0
8180
0380
0300
0600
0600
0C00
1C00
1800
3000
3000
6020
E060
FFE0
ENDCHAR
STARTCHAR uni1E91
ENCODING 7825
SWIDTH 424 0
DWIDTH 10 0
BBX 9 17 1 0
BITMAP
0C00
1C00
3600
2300
4100
0000
7F80
8300
8600
0600
0C00
1800
1800
3000
6080
6080
FF80
ENDCHAR
STARTCHAR uni1E92
ENCODING 7826
SWIDTH 522 0
DWIDTH 13 0
BBX 11 20 1 -5
BITMAP
7FC0
40E0
8180
0380
0300
0600
0600
0C00
1C00
1800
3000
3000
6020
E060
FFE0
0000
0000
0400
0C00
0C00
ENDCHAR
STARTCHAR uni1E93
ENCODING 7827
SWIDTH 424 0
DWIDTH 10 0
BBX 9 16 1 -5
BITMAP
7F80
8300
8600
0600
0C00
1800
1800
3000
6080
6080
FF80
0000
0000
0800
1800
1800
ENDCHAR
STARTCHAR uni1E94
ENCODING 7828
SWIDTH 522 0
DWIDTH 13 0
BBX 11 19 1 -4
BITMAP
7FC0
40E0
8180
0380
0300
0600
0600
0C00
1C00
1800
3000
3000
6020
E060
FFE0
0000
0000
3F80
7F80
ENDCHAR
STARTCHAR uni1E95
ENCODING 7829
SWIDTH 424 0
DWIDTH 10 0
BBX 9 15 1 -4
BITMAP
7F80
8300
8600
0600
0C00
1800
1800
3000
6080
6080
FF80
0000
0000
7F00
FF00
ENDCHAR
STARTCHAR uni1E96
ENCODING 7830
SWIDTH 551 0
DWIDTH 13 0
BBX 13 22 0 -4
BITMAP
3000
F000
3000
3000
3000
3000
3000
31C0
37E0
3C60
3860
3060
3060
3060
3060
3060
3060
FDF8
0000
0000
1FE0
1FC0
ENDCHAR
STARTCHAR uni1E97
ENCODING 7831
SWIDTH 344 0
DWIDTH 8 0
BBX 8 19 0 0
BITMAP
C6
C6
C6
00
10
30
30
30
FF
30
30
30
30
30
30
30
31
3E
1C
ENDCHAR
STARTCHAR uni1E98
ENCODING 7832
SWIDTH 706 0
DWIDTH 17 0
BBX 17 17 0 0
BITMAP
00C000
01E000
01E000
01C000
01C000
000000
F88780
20C200
30C200
314200
116600
1B6400
1A3400
1A3400
0E3800
0C1800
0C1800
ENDCHAR
STARTCHAR uni1E99
ENCODING 7833
SWIDTH 493 0
DWIDTH 12 0
BBX 13 23 -1 -6
BITMAP
0380
0380
0780
0780
0300
0000
7C78
1820
1820
1860
0C40
0C40
0480
0680
0780
0300
0300
0300
0200
0600
0400
7800
F000
ENDCHAR
STARTCHAR uni1E9A
ENCODING 7834
SWIDTH 458 0
DWIDTH 11 0
BBX 10 17 1 0
BITMAP
0C00
0C00
0600
0C00
0800
0000
1E00
6300
C300
0300
0700
3B00
4300
C300
C700
FFC0
7300
ENDCHAR
STARTCHAR uni1E9B
ENCODING 7835
SWIDTH 311 0
DWIDTH 7 0
BBX 9 23 0 0
BITMAP
0C00
0C00
0C00
0000
0000
0300
0F80
1980
1000
3000
3000
3000
3000
3000
3000
3000
3000
3000
3000
3000
3000
3000
FC00
ENDCHAR
STARTCHAR uni1E9C
ENCODING 7836
SWIDTH 311 0
DWIDTH 7 0
BBX 9 18 0 0
BITMAP
0300
0F80
1980
1000
3000
3000
3400
3600
3800
7000
F000
3000
3000
3000
3000
3000
3000
FC00
ENDCHAR
STARTCHAR uni1E9D
ENCODING 7837
SWIDTH 311 0
DWIDTH 7 0
BBX 9 18 0 0
BITMAP
0300
0F80
1980
3000
FF00
3000
3000
3000
3000
3000
3000
3000
3000
3000
3000
3000
3000
FC00
ENDCHAR
STARTCHAR uni1E9E
ENCODING 7838
SWIDTH 642 0
DWIDTH 15 0
BBX 14 15 0 0
BITMAP
03F0
0C38
1838
1070
30C0
3180
31C0
3070
3018
300C
340C
360C
3718
33F0
F9E0
ENDCHAR
STARTCHAR uni1E9F
ENCODING 7839
SWIDTH 479 0
DWIDTH 12 0
BBX 10 18 1 0
BITMAP
3FC0
6380
6000
7000
3800
1C00
0E00
1300
2180
4180
C0C0
C0C0
C0C0
C0C0
E0C0
7180
7F00
1E00
ENDCHAR
STARTCHAR uni1EA0
ENCODING 7840
SWIDTH 595 0
DWIDTH 14 0
BBX 14 20 0 -5
BITMAP
0100
0300
0300
0780
0580
04C0
0CC0
08C0
0860
1FE0
1060
1030
3030
2030
F87C
0000
0000
0300
0300
0300
ENDCHAR
STARTCHAR uni1EA1
ENCODING 7841
SWIDTH 458 0
DWIDTH 11 0
BBX 10 16 1 -5
BITMAP
1E00
6300
C300
0300
0700
3B00
4300
C300
C700
FFC0
7300
0000
0000
0800
1800
0800
ENDCHAR
STARTCHAR uni1EA2
ENCODING 7842
SWIDTH 595 0
DWIDTH 14 0
BBX 14 21 0 0
BITMAP
0300
0700
0600
0E00
0000
0000
0100
0300
0300
0780
0580
04C0
0CC0
08C0
0860
1FE0
1060
1030
3030
2030
F87C
ENDCHAR
STARTCHAR uni1EA3
ENCODING 7843
SWIDTH 458 0
DWIDTH 11 0
BBX 10 17 1 0
BITMAP
0C00
3C00
1800
3000
0800
0000
1E00
6300
C300
0300
0700
3B00
4300
C300
C700
FFC0
7300
ENDCHAR
STARTCHAR uni1EA4
ENCODING 7844
SWIDTH 595 0
DWIDTH 14 0
BBX 14 25 0 0
BITMAP
0040
00E0
01C0
0300
0400
0300
0780
0CC0
1820
0000
0100
0300
0300
0780
0580
04C0
0CC0
08C0
0860
1FE0
1060
1030
3030
2030
F87C
ENDCHAR
STARTCHAR uni1EA5
ENCODING 7845
SWIDTH 458 0
DWIDTH 11 0
BBX 10 22 1 0
BITMAP
0300
0600
0400
0C00
0800
1C00
1C00
3600
2300
4100
0000
1E00
6300
C300
0300
0700
3B00
4300
C300
C700
FFC0
7300
ENDCHAR
STARTCHAR uni1EA6
ENCODING 7846
SWIDTH 595 0
DWIDTH 14 0
BBX 14 25 0 0
BITMAP
0800
1C00
0E00
0300
0080
0300
0780
0CC0
1820
0000
0100
0300
0300
0780
0580
04C0
0CC0
08C0
0860
1FE0
1060
1030
3030
2030
F87C
ENDCHAR
STARTCHAR uni1EA7
ENCODING 7847
SWIDTH 458 0
DWIDTH 11 0
BBX 10 22 1 0
BITMAP
6000
3000
1800
0800
0400
0C00
1C00
3600
2300
4100
0000
1E00
6300
C300
0300
0700
3B00
4300
C300
C700
FFC0
7300
ENDCHAR
STARTCHAR uni1EA8
ENCODING 7848
SWIDTH 595 0
DWIDTH 14 0
BBX 14 25 0 0
BITMAP
0300
0700
0600
0E00
0000
0300
0780
0CC0
1820
0000
0100
0300
0300
0780
0580
04C0
0CC0
08C0
0860
1FE0
1060
1030
3030
2030
F87C
ENDCHAR
STARTCHAR uni1EA9
ENCODING 7849
SWIDTH 458 0
DWIDTH 11 0
BBX 10 22 1 0
BITMAP
0C00
3C00
1800
3000
0800
0C00
1C00
3600
2300
4100
0000
1E00
6300
C300
0300
0700
3B00
4300
C300
C700
FFC0
7300
ENDCHAR
STARTCHAR uni1EAA
ENCODING 7850
SWIDTH 595 0
DWIDTH 14 0
BBX 14 24 0 0
BITMAP
0020
0E20
1F40
0080
0300
0780
0CC0
1820
0000
0100
0300
0300
0780
0580
04C0
0CC0
08C0
0860
1FE0
1060
1030
3030
2030
F87C
ENDCHAR
STARTCHAR uni1EAB
ENCODING 7851
SWIDTH 458 0
DWIDTH 11 0
BBX 10 21 1 0
BITMAP
3980
4F00
8600
0000
0C00
1C00
3600
2300
4100
0000
1E00
6300
C300
0300
0700
3B00
4300
C300
C700
FFC0
7300
ENDCHAR
STARTCHAR uni1EAC
ENCODING 7852
SWIDTH 595 0
DWIDTH 14 0
BBX 14 25 0 -5
BITMAP
0300
0780
0CC0
1820
0000
0100
0300
0300
0780
0580
04C0
0CC0
08C0
0860
1FE0
1060
1030
3030
2030
F87C
0000
0000
0300
0300
0300
ENDCHAR
STARTCHAR uni1EAD
ENCODING 7853
SWIDTH 458 0
DWIDTH 11 0
BBX 10 22 1 -5
BITMAP
0C00
1C00
3600
2300
4100
0000
1E00
6300
C300
0300
0700
3B00
4300
C300
C700
FFC0
7300
0000
0000
0800
1800
0800
ENDCHAR
STARTCHAR uni1EAE
ENCODING 7854
SWIDTH 595 0
DWIDTH 14 0
BBX 14 25 0 0
BITMAP
0040
00E0
01C0
0300
0400
1020
0840
0FC0
0780
0000
0100
0300
0300
0780
0580
04C0
0CC0
08C0
0860
1FE0
1060
1030
3030
2030
F87C
ENDCHAR
STARTCHAR uni1EAF
ENCODING 7855
SWIDTH 458 0
DWIDTH 11 0
BBX 10 21 1 0
BITMAP
0300
0600
0400
0C00
0800
5100
6300
3E00
1C00
0000
1E00
6300
C300
0300
0700
3B00
4300
C300
C700
FFC0
7300
ENDCHAR
STARTCHAR uni1EB0
ENCODING 7856
SWIDTH 595 0
DWIDTH 14 0
BBX 14 25 0 0
BITMAP
0800
1C00
0E00
0300
0080
1020
0840
0FC0
0780
0000
0100
0300
0300
0780
0580
04C0
0CC0
08C0
0860
1FE0
1060
1030
3030
2030
F87C
ENDCHAR
STARTCHAR uni1EB1
ENCODING 7857
SWIDTH 458 0
DWIDTH 11 0
BBX 10 21 1 0
BITMAP
6000
3000
1800
0800
0400
4100
6300
3E00
1C00
0000
1E00
6300
C300
0300
0700
3B00
4300
C300
C700
FFC0
7300
ENDCHAR
STARTCHAR uni1EB2
ENCODING 7858
SWIDTH 595 0
DWIDTH 14 0
BBX 14 25 0 0
BITMAP
0300
0700
0600
0E00
0000
1020
0840
0FC0
0780
0000
0100
0300
0300
0780
0580
04C0
0CC0
08C0
0860
1FE0
1060
1030
3030
2030
F87C
ENDCHAR
STARTCHAR uni1EB3
ENCODING 7859
SWIDTH 458 0
DWIDTH 11 0
BBX 10 21 1 0
BITMAP
0C00
3C00
1800
3000
0800
4100
6300
3E00
1C00
0000
1E00
6300
C300
0300
0700
3B00
4300
C300
C700
FFC0
7300
ENDCHAR
STARTCHAR uni1EB4
ENCODING 7860
SWIDTH 595 0
DWIDTH 14 0
BBX 14 24 0 0
BITMAP
0620
0F20
13C0
0180
1020
0840
0FC0
0780
0000
0100
0300
0300
0780
0580
04C0
0CC0
08C0
0860
1FE0
1060
1030
3030
2030
F87C
ENDCHAR
STARTCHAR uni1EB5
ENCODING 7861
SWIDTH 458 0
DWIDTH 11 0
BBX 10 20 1 0
BITMAP
3980
4F00
8600
0000
4100
6300
3E00
1C00
0000
1E00
6300
C300
0300
0700
3B00
4300
C300
C700
FFC0
7300
ENDCHAR
STARTCHAR uni1EB6
ENCODING 7862
SWIDTH 595 0
DWIDTH 14 0
BBX 14 25 0 -5
BITMAP
1020
0840
0FC0
0780
0000
0100
0300
0300
0780
0580
04C0
0CC0
08C0
0860
1FE0
1060
1030
3030
2030
F87C
0000
0000
0300
0300
0300
ENDCHAR
STARTCHAR uni1EB7
ENCODING 7863
SWIDTH 458 0
DWIDTH 11 0
BBX 10 21 1 -5
BITMAP
4100
6300
3E00
1C00
0000
1E00
6300
C300
0300
0700
3B00
4300
C300
C700
FFC0
7300
0000
0000
0800
1800
0800
ENDCHAR
STARTCHAR uni1EB8
ENCODING 7864
SWIDTH 496 0
DWIDTH 12 0
BBX 11 20 0 -5
BITMAP
FFC0
3040
3040
3000
3000
3000
3F80
3100
3000
3000
3000
3000
3020
3020
FFE0
0000
0000
0600
0600
0600
ENDCHAR
STARTCHAR uni1EB9
ENCODING 7865
SWIDTH 461 0
DWIDTH 11 0
BBX 9 16 1 -5
BITMAP
1E00
2300
4180
C180
FF80
C000
C000
E080
7100
7F00
1C00
0000
0000
0C00
0C00
0C00
ENDCHAR
STARTCHAR uni1EBA
ENCODING 7866
SWIDTH 496 0
DWIDTH 12 0
BBX 11 21 0 0
BITMAP
0600
1E00
0C00
1C00
0000
0000
FFC0
3040
3040
3000
3000
3000
3F80
3100
3000
3000
3000
3000
3020
3020
FFE0
ENDCHAR
STARTCHAR uni1EBB
ENCODING 7867
SWIDTH 461 0
DWIDTH 11 0
BBX 9 17 1 0
BITMAP
0C00
1C00
1800
3800
0000
0000
1E00
2300
4180
C180
FF80
C000
C000
E080
7100
7F00
3C00
ENDCHAR
STARTCHAR uni1EBC
ENCODING 7868
SWIDTH 496 0
DWIDTH 12 0
BBX 11 20 0 0
BITMAP
0040
1C40
3E80
0100
0000
FFC0
3040
3040
3000
3000
3000
3F80
3100
3000
3000
3000
3000
3020
3020
FFE0
ENDCHAR
STARTCHAR uni1EBD
ENCODING 7869
SWIDTH 461 0
DWIDTH 11 0
BBX 9 16 1 0
BITMAP
1880
6F00
4600
0000
0000
1E00
2300
4180
C180
FF80
C000
C000
E080
7100
7F00
3C00
ENDCHAR
STARTCHAR uni1EBE
ENCODING 7870
SWIDTH 496 0
DWIDTH 12 0
BBX 11 25 0 0
BITMAP
0080
01C0
0300
0600
0800
0600
0F00
1980
20C0
0000
FFC0
3040
3040
3000
3000
3000
3F80
3100
3000
3000
3000
3000
3020
3020
FFE0
ENDCHAR
STARTCHAR uni1EBF
ENCODING 7871
SWIDTH 461 0
DWIDTH 11 0
BBX 9 22 1 0
BITMAP
0300
0380
0600
0C00
0800
0C00
1E00
1200
2100
4080
0000
1E00
2300
4180
C180
FF80
C000
C000
E080
7100
7F00
3C00
ENDCHAR
STARTCHAR uni1EC0
ENCODING 7872
SWIDTH 496 0
DWIDTH 12 0
BBX 11 25 0 0
BITMAP
1000
3800
1C00
0600
0100
0600
0F00
1980
20C0
0000
FFC0
3040
3040
3000
3000
3000
3F80
3100
3000
3000
3000
3000
3020
3020
FFE0
ENDCHAR
STARTCHAR uni1EC1
ENCODING 7873
SWIDTH 461 0
DWIDTH 11 0
BBX 9 22 1 0
BITMAP
3000
3000
1800
0C00
0400
0C00
1E00
1200
2100
4080
0000
1E00
2300
4180
C180
FF80
C000
C000
E080
7100
7F00
3C00
ENDCHAR
STARTCHAR uni1EC2
ENCODING 7874
SWIDTH 496 0
DWIDTH 12 0
BBX 11 25 0 0
BITMAP
0600
1E00
0C00
1C00
0000
0600
0F00
1980
20C0
0000
FFC0
3040
3040
3000
3000
3000
3F80
3100
3000
3000
3000
3000
3020
3020
FFE0
ENDCHAR
STARTCHAR uni1EC3
ENCODING 7875
SWIDTH 461 0
DWIDTH 11 0
BBX 9 22 1 0
BITMAP
0C00
1C00
1800
3800
0000
0C00
1E00
1200
2100
4080
0000
1E00
2300
4180
C180
FF80
C000
C000
E080
7100
7F00
3C00
ENDCHAR
STARTCHAR uni1EC4
ENCODING 7876
SWIDTH 496 0
DWIDTH 12 0
BBX 11 24 0 0
BITMAP
0040
1C40
3E80
0100
0600
0F00
1980
20C0
0000
FFC0
3040
3040
3000
3000
3000
3F80
3100
3000
3000
3000
3000
3020
3020
FFE0
ENDCHAR
STARTCHAR uni1EC5
ENCODING 7877
SWIDTH 461 0
DWIDTH 11 0
BBX 9 21 1 0
BITMAP
1880
6F00
4600
0000
0C00
1E00
1200
2100
4080
0000
1E00
2300
4180
C180
FF80
C000
C000
E080
7100
7F00
3C00
ENDCHAR
STARTCHAR uni1EC6
ENCODING 7878
SWIDTH 496 0
DWIDTH 12 0
BBX 11 25 0 -5
BITMAP
0600
0F00
1980
20C0
0000
FFC0
3040
3040
3000
3000
3000
3F80
3100
3000
3000
3000
3000
3020
3020
FFE0
0000
0000
0600
0600
0600
ENDCHAR
STARTCHAR uni1EC7
ENCODING 7879
SWIDTH 461 0
DWIDTH 11 0
BBX 9 22 1 -5
BITMAP
0C00
1E00
1200
2100
4080
0000
1E00
2300
4180
C180
FF80
C000
C000
E080
7100
7F00
1C00
0000
0000
0C00
0C00
0C00
ENDCHAR
STARTCHAR uni1EC8
ENCODING 7880
SWIDTH 297 0
DWIDTH 7 0
BBX 6 21 0 0
BITMAP
30
78
30
60
10
00
FC
30
30
30
30
30
30
30
30
30
30
30
30
30
FC
ENDCHAR
STARTCHAR uni1EC9
ENCODING 7881
SWIDTH 270 0
DWIDTH 7 0
BBX 6 17 0 0
BITMAP
30
30
60
60
10
00
30
F0
30
30
30
30
30
30
30
30
FC
ENDCHAR
STARTCHAR uni1ECA
ENCODING 7882
SWIDTH 297 0
DWIDTH 7 0
BBX 6 20 0 -5
BITMAP
FC
30
30
30
30
30
30
30
30
30
30
30
30
30
FC
00
00
10
38
10
ENDCHAR
STARTCHAR uni1ECB
ENCODING 7883
SWIDTH 270 0
DWIDTH 7 0
BBX 6 20 0 -5
BITMAP
30
30
30
00
30
F0
30
30
30
30
30
30
30
30
FC
00
00
10
30
30
ENDCHAR
STARTCHAR uni1ECC
ENCODING 7884
SWIDTH 600 0
DWIDTH 14 0
BBX 12 20 1 -5
BITMAP
0F00
1FC0
30E0
6060
4070
C030
C030
C030
C030
C030
E060
6060
70C0
3F80
1F00
0000
0000
0200
0600
0600
ENDCHAR
STARTCHAR uni1ECD
ENCODING 7885
SWIDTH 502 0
DWIDTH 12 0
BBX 10 16 1 -5
BITMAP
1E00
2380
4180
C0C0
C0C0
C0C0
C0C0
C0C0
6180
7100
1E00
0000
0000
0400
0C00
0C00
ENDCHAR
STARTCHAR uni1ECE
ENCODING 7886
SWIDTH 600 0
DWIDTH 14 0
BBX 12 21 1 0
BITMAP
0600
0E00
0C00
1C00
0000
0000
0F00
1FC0
30E0
6060
4070
C030
C030
C030
C030
C030
E060
6060
70C0
3F80
1F00
ENDCHAR
STARTCHAR uni1ECF
ENCODING 7887
SWIDTH 502 0
DWIDTH 12 0
BBX 10 17 1 0
BITMAP
0C00
1C00
1800
1800
0400
0000
1E00
2380
4180
C0C0
C0C0
C0C0
C0C0
C0C0
6180
7100
1E00
ENDCHAR
STARTCHAR uni1ED0
ENCODING 7888
SWIDTH 600 0
DWIDTH 14 0
BBX 12 25 1 0
BITMAP
0080
01C0
0380
0600
0C00
0600
0F00
1980
3040
0000
0F00
1FC0
30E0
6060
4070
C030
C030
C030
C030
C030
E060
6060
70C0
3F80
1F00
ENDCHAR
STARTCHAR uni1ED1
ENCODING 7889
SWIDTH 502 0
DWIDTH 12 0
BBX 10 22 1 0
BITMAP
0180
0300
0600
0400
0800
0C00
0E00
1B00
3100
2080
0000
1E00
2380
4180
C0C0
C0C0
C0C0
C0C0
C0C0
6180
7100
1E00
ENDCHAR
STARTCHAR uni1ED2
ENCODING 7890
SWIDTH 600 0
DWIDTH 14 0
BBX 12 25 1 0
BITMAP
1000
3800
0C00
0600
0100
0600
0F00
1980
3040
0000
0F00
1FC0
30E0
6060
4070
C030
C030
C030
C030
C030
E060
6060
70C0
3F80
1F00
ENDCHAR
STARTCHAR uni1ED3
ENCODING 7891
SWIDTH 502 0
DWIDTH 12 0
BBX 10 22 1 0
BITMAP
3000
1800
0800
0C00
0600
0C00
0E00
1B00
3100
2080
0000
1E00
2380
4180
C0C0
C0C0
C0C0
C0C0
C0C0
6180
7100
1E00
ENDCHAR
STARTCHAR uni1ED4
ENCODING 7892
SWIDTH 600 0
DWIDTH 14 0
BBX 12 25 1 0
BITMAP
0600
0E00
0C00
1C00
0000
0600
0F00
1980
3040
0000
0F00
1FC0
30E0
6060
4070
C030
C030
C030
C030
C030
E060
6060
70C0
3F80
1F00
ENDCHAR
STARTCHAR uni1ED5
ENCODING 7893
SWIDTH 502 0
DWIDTH 12 0
BBX 10 22 1 0
BITMAP
0C00
1C00
1800
1800
0400
0C00
0E00
1B00
3100
2080
0000
1E00
2380
4180
C0C0
C0C0
C0C0
C0C0
C0C0
6180
7100
1E00
ENDCHAR
STARTCHAR uni1ED6
ENCODING 7894
SWIDTH 600 0
DWIDTH 14 0
BBX 12 24 1 0
BITMAP
0040
0C40
3E80
0100
0600
0F00
1980
3040
0000
0F00
1FC0
30E0
6060
4070
C030
C030
C030
C030
C030
E060
6060
70C0
3F80
1F00
ENDCHAR
STARTCHAR uni1ED7
ENCODING 7895
SWIDTH 502 0
DWIDTH 12 0
BBX 10 21 1 0
BITMAP
1C80
2F80
4700
0000
0C00
0E00
1B00
3100
2080
0000
1E00
2380
4180
C0C0
C0C0
C0C0
C0C0
C0C0
6180
7100
1E00
ENDCHAR
STARTCHAR uni1ED8
ENCODING 7896
SWIDTH 600 0
DWIDTH 14 0
BBX 12 25 1 -5
BITMAP
0600
0F00
1980
3040
0000
0F00
1FC0
30E0
6060
4070
C030
C030
C030
C030
C030
E060
6060
70C0
3F80
1F00
0000
0000
0200
0600
0600
ENDCHAR
STARTCHAR uni1ED9
ENCODING 7897
SWIDTH 502 0
DWIDTH 12 0
BBX 10 22 1 -5
BITMAP
0C00
0E00
1B00
3100
2080
0000
1E00
2380
4180
C0C0
C0C0
C0C0
C0C0
C0C0
6180
7100
1E00
0000
0000
0400
0C00
0C00
ENDCHAR
STARTCHAR uni1EDA
ENCODING 7898
SWIDTH 600 0
DWIDTH 14 0
BBX 13 20 1 0
BITMAP
00C0
01C0
0300
0C38
0018
0F10
1FE0
30E0
6060
4070
C030
C030
C030
C030
C030
E060
6060
70C0
3F80
1F00
ENDCHAR
STARTCHAR uni1EDB
ENCODING 7899
SWIDTH 537 0
DWIDTH 13 0
BBX 12 17 1 0
BITMAP
0180
0300
0600
0400
0830
0030
1E20
2340
4180
C0C0
C0C0
C0C0
C0C0
C0C0
6180
7100
1E00
ENDCHAR
STARTCHAR uni1EDC
ENCODING 7900
SWIDTH 600 0
DWIDTH 14 0
BBX 13 20 1 0
BITMAP
1000
3C00
0E00
0338
0018
0F10
1FE0
30E0
6060
4070
C030
C030
C030
C030
C030
E060
6060
70C0
3F80
1F00
ENDCHAR
STARTCHAR uni1EDD
ENCODING 7901
SWIDTH 537 0
DWIDTH 13 0
BBX 12 17 1 0
BITMAP
3000
3800
1800
0C00
0430
0230
1E20
2340
4180
C0C0
C0C0
C0C0
C0C0
C0C0
6180
7100
1E00
ENDCHAR
STARTCHAR uni1EDE
ENCODING 7902
SWIDTH 600 0
DWIDTH 14 0
BBX 13 21 1 0
BITMAP
0300
0F00
0300
0E00
0638
0018
0F90
1FE0
30E0
6060
4070
C030
C030
C030
C030
C030
E060
6060
70C0
3F80
1F00
ENDCHAR
STARTCHAR uni1EDF
ENCODING 7903
SWIDTH 537 0
DWIDTH 13 0
BBX 12 17 1 0
BITMAP
0600
1E00
0600
1C00
0C30
0030
1E20
2360
4180
C0C0
C0C0
C0C0
C0C0
C0C0
6180
7100
1E00
ENDCHAR
STARTCHAR uni1EE0
ENCODING 7904
SWIDTH 600 0
DWIDTH 14 0
BBX 13 19 1 0
BITMAP
0C40
1E40
1780
2318
0F38
1FF0
30E0
6060
4060
C030
C030
C030
C030
C030
E070
6060
70C0
3F80
1F00
ENDCHAR
STARTCHAR uni1EE1
ENCODING 7905
SWIDTH 537 0
DWIDTH 13 0
BBX 12 16 1 0
BITMAP
1880
3C80
2F00
4730
0030
1E20
2340
4180
C0C0
C0C0
C0C0
C0C0
C0C0
6180
7100
1E00
ENDCHAR
STARTCHAR uni1EE2
ENCODING 7906
SWIDTH 600 0
DWIDTH 14 0
BBX 13 23 1 -5
BITMAP
0018
0038
0018
0F10
1FE0
30E0
6060
4070
C030
C030
C030
C030
C030
E060
6060
70C0
3F80
1F00
0000
0000
0600
0600
0600
ENDCHAR
STARTCHAR uni1EE3
ENCODING 7907
SWIDTH 537 0
DWIDTH 13 0
BBX 12 18 1 -5
BITMAP
0030
0030
1E20
2360
4180
C0C0
C0C0
C0C0
C0C0
C0C0
6180
7100
1E00
0000
0000
0C00
0C00
0C00
ENDCHAR
STARTCHAR uni1EE4
ENCODING 7908
SWIDTH 653 0
DWIDTH 16 0
BBX 16 20 0 -5
BITMAP
FC3F
300C
300C
300C
300C
300C
300C
300C
300C
300C
300C
3818
1C38
0FF0
07E0
0000
0000
0180
0180
0180
ENDCHAR
STARTCHAR uni1EE5
ENCODING 7909
SWIDTH 529 0
DWIDTH 13 0
BBX 13 16 0 -5
BITMAP
30E0
F160
3060
3060
3060
3060
3060
3060
31E0
3F68
1E70
0000
0000
0200
0600
0200
ENDCHAR
STARTCHAR uni1EE6
ENCODING 7910
SWIDTH 653 0
DWIDTH 16 0
BBX 16 21 0 0
BITMAP
0180
0780
0300
0700
0000
0000
FC3F
300C
300C
300C
300C
300C
300C
300C
300C
300C
300C
3818
1C38
0FF0
07E0
ENDCHAR
STARTCHAR uni1EE7
ENCODING 7911
SWIDTH 529 0
DWIDTH 13 0
BBX 13 17 0 0
BITMAP
0600
0600
0C00
0C00
0200
0000
30E0
F160
3060
3060
3060
3060
3060
3060
31E0
3F68
1E70
ENDCHAR
STARTCHAR uni1EE8
ENCODING 7912
SWIDTH 683 0
DWIDTH 16 0
BBX 16 20 0 0
BITMAP
0040
00E0
0180
0603
0003
FC7E
301C
3018
3018
3018
3018
3018
3018
3018
3018
3018
3838
1C70
1FE0
07C0
ENDCHAR
STARTCHAR uni1EE9
ENCODING 7913
SWIDTH 612 0
DWIDTH 15 0
BBX 15 17 0 0
BITMAP
00C0
0180
0100
0200
0606
700E
B0E4
3178
3060
3060
3060
3060
3060
3060
39E0
1F68
1E70
ENDCHAR
STARTCHAR uni1EEA
ENCODING 7914
SWIDTH 683 0
DWIDTH 16 0
BBX 16 20 0 0
BITMAP
0400
0E00
0300
00C3
0003
FC7E
301C
3018
3018
3018
3018
3018
3018
3018
3018
3018
3838
1C70
1FE0
07C0
ENDCHAR
STARTCHAR uni1EEB
ENCODING 7915
SWIDTH 612 0
DWIDTH 15 0
BBX 15 17 0 0
BITMAP
1800
0C00
0400
0600
0306
700E
B0E4
3178
3060
3060
3060
3060
3060
3060
39E0
1F68
1E70
ENDCHAR
STARTCHAR uni1EEC
ENCODING 7916
SWIDTH 683 0
DWIDTH 16 0
BBX 16 21 0 0
BITMAP
0180
0780
0180
0701
0303
0003
FC7E
301C
3018
3018
3018
3018
3018
3018
3018
3018
3018
3838
1C70
1FE0
07C0
ENDCHAR
STARTCHAR uni1EED
ENCODING 7917
SWIDTH 612 0
DWIDTH 15 0
BBX 15 17 0 0
BITMAP
0300
0F00
0300
0E0E
0606
71E4
B278
3060
3060
3060
3060
3060
3060
3060
39E0
1F78
1E60
ENDCHAR
STARTCHAR uni1EEE
ENCODING 7918
SWIDTH 683 0
DWIDTH 16 0
BBX 16 19 0 0
BITMAP
0310
07B0
09E0
00C3
FC7F
301E
301C
3018
3018
3018
3018
3018
3018
3018
3018
3838
1C70
1FF0
07C0
ENDCHAR
STARTCHAR uni1EEF
ENCODING 7919
SWIDTH 612 0
DWIDTH 15 0
BBX 15 16 0 0
BITMAP
0C40
1E40
1380
218E
7006
B1E4
3078
3060
3060
3060
3060
3060
3060
39E0
1F68
1E70
ENDCHAR
STARTCHAR uni1EF0
ENCODING 7920
SWIDTH 683 0
DWIDTH 16 0
BBX 16 23 0 -5
BITMAP
0003
0003
0003
FC7E
3018
3018
3018
3018
3018
3018
3018
3018
3018
3018
3838
1C70
1FE0
07C0
0000
0000
0180
0180
0180
ENDCHAR
STARTCHAR uni1EF1
ENCODING 7921
SWIDTH 612 0
DWIDTH 15 0
BBX 15 18 0 -5
BITMAP
0006
700E
B0E4
3168
3070
3060
3060
3060
3060
3060
39E0
1F68
1E70
0000
0000
0600
0600
0600
ENDCHAR
STARTCHAR Ygrave
ENCODING 7922
SWIDTH 594 0
DWIDTH 14 0
BBX 14 21 0 0
BITMAP
0800
1C00
0600
0300
0080
0000
E07C
3030
3830
1860
0C40
0CC0
0680
0780
0300
0300
0300
0300
0300
0300
0FC0
ENDCHAR
STARTCHAR ygrave
ENCODING 7923
SWIDTH 493 0
DWIDTH 12 0
BBX 13 23 -1 -6
BITMAP
0C00
0E00
0600
0300
0100
0080
7C78
1820
1820
1860
0C40
0C40
0480
0680
0780
0300
0300
0300
0200
0600
0400
7800
F000
ENDCHAR
STARTCHAR uni1EF4
ENCODING 7924
SWIDTH 594 0
DWIDTH 14 0
BBX 14 20 0 -5
BITMAP
E07C
3030
3830
1860
0C40
0CC0
0680
0780
0300
0300
0300
0300
0300
0300
0FC0
0000
0000
0300
0300
0300
ENDCHAR
STARTCHAR uni1EF5
ENCODING 7925
SWIDTH 493 0
DWIDTH 12 0
BBX 13 17 -1 -6
BITMAP
7C78
1820
1820
1860
0C40
0C40
0480
0680
0780
0300
0300
0300
0200
0660
0460
7860
F000
ENDCHAR
STARTCHAR uni1EF6
ENCODING 7926
SWIDTH 594 0
DWIDTH 14 0
BBX 14 21 0 0
BITMAP
0300
0700
0600
0E00
0000
0000
E07C
3030
3830
1860
0C40
0CC0
0680
0780
0300
0300
0300
0300
0300
0300
0FC0
ENDCHAR
STARTCHAR uni1EF7
ENCODING 7927
SWIDTH 493 0
DWIDTH 12 0
BBX 13 23 -1 -6
BITMAP
0300
0700
0600
0E00
0000
0000
7C78
1820
1820
1860
0C40
0C40
0480
0680
0780
0300
0300
0300
0200
0600
0400
7800
F000
ENDCHAR
STARTCHAR uni1EF8
ENCODING 7928
SWIDTH 594 0
DWIDTH 14 0
BBX 14 20 0 0
BITMAP
0020
0E20
1F40
0080
0000
E07C
3030
3830
1860
0C40
0CC0
0680
0780
0300
0300
0300
0300
0300
0300
0FC0
ENDCHAR
STARTCHAR uni1EF9
ENCODING 7929
SWIDTH 493 0
DWIDTH 12 0
BBX 13 22 -1 -6
BITMAP
0720
0BE0
11C0
0000
0000
7C78
1820
1820
1860
0C40
0C40
0480
0680
0780
0300
0300
0300
0200
0600
0400
7800
F000
ENDCHAR
STARTCHAR uni1EFA
ENCODING 7930
SWIDTH 642 0
DWIDTH 15 0
BBX 15 15 0 0
BITMAP
FFC0
3300
3300
3300
3300
3300
3300
3300
3300
3300
3300
3300
3302
3302
FFFE
ENDCHAR
STARTCHAR uni1EFB
ENCODING 7931
SWIDTH 541 0
DWIDTH 13 0
BBX 13 18 0 0
BITMAP
3060
F1E0
3060
3060
FFF8
3060
3060
3060
3060
3060
3060
3060
3060
3060
3060
3060
3060
FDF8
ENDCHAR
STARTCHAR uni1EFC
ENCODING 7932
SWIDTH 503 0
DWIDTH 12 0
BBX 10 15 1 0
BITMAP
0600
0800
1000
2000
6600
4380
C180
C0C0
C0C0
C0C0
E0C0
E080
7180
3F00
1E00
ENDCHAR
STARTCHAR uni1EFD
ENCODING 7933
SWIDTH 483 0
DWIDTH 12 0
BBX 10 18 1 0
BITMAP
0200
0C00
1800
3000
2000
6000
6000
C700
C380
C180
C0C0
C0C0
C0C0
C0C0
60C0
6080
3100
1E00
ENDCHAR
STARTCHAR uni1EFE
ENCODING 7934
SWIDTH 594 0
DWIDTH 14 0
BBX 14 15 0 0
BITMAP
F07C
3010
1830
1C20
0C60
0640
06C0
03C0
0380
0180
1F00
3100
3280
3E00
1C00
ENDCHAR
STARTCHAR uni1EFF
ENCODING 7935
SWIDTH 493 0
DWIDTH 12 0
BBX 11 17 0 -6
BITMAP
F1E0
6040
2080
3080
3180
1900
1900
1B00
0E00
0E00
0600
0400
7C00
C400
CA00
F000
7000
ENDCHAR
STARTCHAR uni1F00
ENCODING 7936
SWIDTH 525 0
DWIDTH 13 0
BBX 11 18 1 0
BITMAP
0E00
1600
0600
0600
0800
0000
0000
1CE0
22C0
4380
C180
C180
C100
C180
E380
E780
7DE0
38C0
ENDCHAR
STARTCHAR uni1F01
ENCODING 7937
SWIDTH 525 0
DWIDTH 13 0
BBX 11 18 1 0
BITMAP
0E00
0C00
0800
0C00
0400
0200
0000
1CE0
22C0
4380
C180
C180
C100
C180
E380
E780
7DE0
38C0
ENDCHAR
STARTCHAR uni1F02
ENCODING 7938
SWIDTH 525 0
DWIDTH 13 0
BBX 11 18 1 0
BITMAP
3600
7B00
1B00
1100
2080
0000
0000
1CE0
22C0
4380
C180
C180
C100
C180
E380
E780
7DE0
38C0
ENDCHAR
STARTCHAR uni1F03
ENCODING 7939
SWIDTH 525 0
DWIDTH 13 0
BBX 11 18 1 0
BITMAP
7600
6200
6300
6100
2100
1080
0000
1CE0
22C0
4380
C180
C180
C100
C180
E380
E780
7DE0
38C0
ENDCHAR
STARTCHAR uni1F04
ENCODING 7940
SWIDTH 525 0
DWIDTH 13 0
BBX 11 18 1 0
BITMAP
38C0
1D80
0D80
0B00
1200
0000
0000
1CE0
22C0
4380
C180
C180
C100
C180
E380
E780
7DE0
38C0
ENDCHAR
STARTCHAR uni1F05
ENCODING 7941
SWIDTH 525 0
DWIDTH 13 0
BBX 11 18 1 0
BITMAP
1CC0
38C0
3180
1100
0A00
0000
0000
1CE0
22C0
4380
C180
C180
C100
C180
E380
E780
7DE0
38C0
ENDCHAR
STARTCHAR uni1F06
ENCODING 7942
SWIDTH 525 0
DWIDTH 13 0
BBX 11 20 1 0
BITMAP
1C80
3F80
2700
4E00
0600
0600
0400
0000
0000
1CE0
22C0
4380
C180
C180
C100
C180
E380
E780
7DE0
38C0
ENDCHAR
STARTCHAR uni1F07
ENCODING 7943
SWIDTH 525 0
DWIDTH 13 0
BBX 11 20 1 0
BITMAP
1C80
3F80
2700
4E00
0C00
0800
0400
0000
0000
1CE0
22C0
4380
C180
C180
C100
C180
E380
E780
7DE0
38C0
ENDCHAR
STARTCHAR uni1F08
ENCODING 7944
SWIDTH 669 0
DWIDTH 16 0
BBX 16 17 0 0
BITMAP
F000
7000
30C0
20C0
41C0
0160
0160
0360
0230
0230
0610
07F8
0418
0C0C
080C
080C
3E1F
ENDCHAR
STARTCHAR uni1F09
ENCODING 7945
SWIDTH 669 0
DWIDTH 16 0
BBX 15 17 1 0
BITMAP
E000
C000
8180
8180
4380
02C0
02C0
06C0
0460
0460
0C20
0FF0
0830
1818
1018
1018
7C3E
ENDCHAR
STARTCHAR uni1F0A
ENCODING 7946
SWIDTH 834 0
DWIDTH 20 0
BBX 20 17 0 0
BITMAP
660000
F60000
320C00
230C00
411C00
001600
001600
003600
002300
002300
006300
007F80
004180
00C080
0080C0
0080C0
03E1F0
ENDCHAR
STARTCHAR uni1F0B
ENCODING 7947
SWIDTH 844 0
DWIDTH 20 0
BBX 19 17 1 0
BITMAP
EC0000
CC0000
840800
861800
421800
003C00
002C00
002600
006600
004600
004300
00FF00
008300
008180
018180
010180
07C3E0
ENDCHAR
STARTCHAR uni1F0C
ENCODING 7948
SWIDTH 805 0
DWIDTH 19 0
BBX 19 17 0 0
BITMAP
738000
F30000
360800
241800
481C00
003C00
002C00
002600
006600
004600
004300
00FF00
008300
008180
018180
010080
07C3E0
ENDCHAR
STARTCHAR uni1F0D
ENCODING 7949
SWIDTH 805 0
DWIDTH 19 0
BBX 19 17 0 0
BITMAP
738000
E30000
C60800
441800
281C00
003C00
002C00
002600
006600
004600
004300
00FF00
008300
008180
018180
010080
07C3E0
ENDCHAR
STARTCHAR uni1F0E
ENCODING 7950
SWIDTH 669 0
DWIDTH 16 0
BBX 18 19 -2 0
BITMAP
390000
7F0000
8E0000
3C0000
0C3000
083000
187000
005800
005800
00D800
008C00
008C00
018400
01FE00
010600
030300
020300
020300
0F87C0
ENDCHAR
STARTCHAR uni1F0F
ENCODING 7951
SWIDTH 669 0
DWIDTH 16 0
BBX 18 19 -2 0
BITMAP
390000
7F0000
8E0000
1C0000
103000
103000
087000
005800
005800
00D800
008C00
008C00
018400
01FE00
010600
030300
020300
020300
0F87C0
ENDCHAR
STARTCHAR uni1F10
ENCODING 7952
SWIDTH 420 0
DWIDTH 10 0
BBX 9 18 1 0
BITMAP
1C00
0C00
0C00
0C00
0800
1000
0000
1F80
6300
C000
C000
E000
7E00
6000
C000
E080
FF00
3E00
ENDCHAR
STARTCHAR uni1F11
ENCODING 7953
SWIDTH 420 0
DWIDTH 10 0
BBX 9 18 1 0
BITMAP
1C00
1800
1800
1800
0C00
0000
0000
1F80
6300
C000
C000
E000
7E00
6000
C000
E080
FF00
3E00
ENDCHAR
STARTCHAR uni1F12
ENCODING 7954
SWIDTH 420 0
DWIDTH 10 0
BBX 9 18 1 0
BITMAP
7600
3200
3300
3100
2100
4000
0000
1F80
6300
C000
C000
E000
7E00
6000
C000
E080
FF00
3E00
ENDCHAR
STARTCHAR uni1F13
ENCODING 7955
SWIDTH 420 0
DWIDTH 10 0
BBX 9 18 1 0
BITMAP
7600
6600
4200
4300
2100
0000
0000
1F80
6300
C000
C000
E000
7E00
6000
C000
E080
FF00
3E00
ENDCHAR
STARTCHAR uni1F14
ENCODING 7956
SWIDTH 420 0
DWIDTH 10 0
BBX 10 18 1 0
BITMAP
39C0
7980
1B00
1200
2400
0000
0000
1F80
6300
C000
C000
E000
7E00
6000
C000
E080
FF00
3E00
ENDCHAR
STARTCHAR uni1F15
ENCODING 7957
SWIDTH 420 0
DWIDTH 10 0
BBX 10 18 1 0
BITMAP
39C0
3180
2300
2200
1400
0000
0000
1F80
6300
C000
C000
E000
7E00
6000
C000
E080
FF00
3E00
ENDCHAR
STARTCHAR uni1F18
ENCODING 7960
SWIDTH 683 0
DWIDTH 16 0
BBX 16 17 0 0
BITMAP
F000
7000
37FE
2306
4304
0300
0300
0300
03FC
0308
0300
0300
0300
0300
0303
0382
07FE
ENDCHAR
STARTCHAR uni1F19
ENCODING 7961
SWIDTH 683 0
DWIDTH 16 0
BBX 15 17 1 0
BITMAP
E000
C000
8FFC
860C
4608
0600
0600
0600
07F8
0610
0600
0600
0600
0600
0606
0704
0FFC
ENDCHAR
STARTCHAR uni1F1A
ENCODING 7962
SWIDTH 847 0
DWIDTH 20 0
BBX 19 17 0 0
BITMAP
660000
F60000
327FE0
233060
413040
003000
003000
003000
003FC0
003080
003000
003000
003000
003000
003020
003820
007FE0
ENDCHAR
STARTCHAR uni1F1B
ENCODING 7963
SWIDTH 857 0
DWIDTH 21 0
BBX 19 17 1 0
BITMAP
EC0000
CC0000
84FFC0
863040
423040
003000
003000
003000
003F80
003100
003000
003000
003000
003000
003020
003060
00FFC0
ENDCHAR
STARTCHAR uni1F1C
ENCODING 7964
SWIDTH 818 0
DWIDTH 20 0
BBX 19 17 0 0
BITMAP
738000
F30000
36FFC0
243040
483040
003000
003000
003000
003F80
003100
003000
003000
003000
003000
003020
003060
00FFC0
ENDCHAR
STARTCHAR uni1F1D
ENCODING 7965
SWIDTH 818 0
DWIDTH 20 0
BBX 19 17 0 0
BITMAP
738000
E30000
C6FFC0
443040
283040
003000
003000
003000
003F80
003100
003000
003000
003000
003000
003020
003060
00FFC0
ENDCHAR
STARTCHAR uni1F20
ENCODING 7968
SWIDTH 534 0
DWIDTH 13 0
BBX 12 23 0 -5
BITMAP
0700
0380
0180
0300
0200
0000
0000
31C0
F7E0
3460
3860
3060
3060
3060
3060
3060
3060
3060
3060
0060
0060
0060
0070
ENDCHAR
STARTCHAR uni1F21
ENCODING 7969
SWIDTH 534 0
DWIDTH 13 0
BBX 12 23 0 -5
BITMAP
0380
0600
0600
0200
0100
0000
0000
31C0
F7E0
3460
3860
3060
3060
3060
3060
3060
3060
3060
3060
0060
0060
0060
0070
ENDCHAR
STARTCHAR uni1F22
ENCODING 7970
SWIDTH 534 0
DWIDTH 13 0
BBX 12 23 0 -5
BITMAP
0D80
1EC0
06C0
0440
0820
0000
0000
31C0
F7E0
3460
3860
3060
3060
3060
3060
3060
3060
3060
3060
0060
0060
0060
0070
ENDCHAR
STARTCHAR uni1F23
ENCODING 7971
SWIDTH 534 0
DWIDTH 13 0
BBX 12 23 0 -5
BITMAP
1D80
1880
10C0
1840
0840
0400
0000
31C0
F7E0
3460
3860
3060
3060
3060
3060
3060
3060
3060
3060
0060
0060
0060
0070
ENDCHAR
STARTCHAR uni1F24
ENCODING 7972
SWIDTH 534 0
DWIDTH 13 0
BBX 12 23 0 -5
BITMAP
0E30
0660
06C0
0680
0D00
0000
0000
31C0
F7E0
3460
3860
3060
3060
3060
3060
3060
3060
3060
3060
0060
0060
0060
0070
ENDCHAR
STARTCHAR uni1F25
ENCODING 7973
SWIDTH 534 0
DWIDTH 13 0
BBX 12 23 0 -5
BITMAP
0E30
0C60
0840
0C80
0480
0300
0000
31C0
F7E0
3460
3860
3060
3060
3060
3060
3060
3060
3060
3060
0060
0060
0060
0070
ENDCHAR
STARTCHAR uni1F26
ENCODING 7974
SWIDTH 534 0
DWIDTH 13 0
BBX 12 25 0 -5
BITMAP
0E20
0FC0
1180
0700
0180
0100
0200
0000
0000
31C0
F7E0
3460
3860
3060
3060
3060
3060
3060
3060
3060
3060
0060
0060
0060
0070
ENDCHAR
STARTCHAR uni1F27
ENCODING 7975
SWIDTH 534 0
DWIDTH 13 0
BBX 12 25 0 -5
BITMAP
0E20
0FC0
1180
0380
0600
0600
0300
0000
0000
31C0
F7E0
3460
3860
3060
3060
3060
3060
3060
3060
3060
3060
0060
0060
0060
0070
ENDCHAR
STARTCHAR uni1F28
ENCODING 7976
SWIDTH 840 0
DWIDTH 20 0
BBX 19 17 0 0
BITMAP
F00000
700000
37C3E0
230180
430180
030180
030180
030180
030180
03FF80
030180
030180
030180
030180
030180
030180
07C3E0
ENDCHAR
STARTCHAR uni1F29
ENCODING 7977
SWIDTH 840 0
DWIDTH 20 0
BBX 18 17 1 0
BITMAP
E00000
C00000
8F87C0
860300
460300
060300
060300
060300
060300
07FF00
060300
060300
060300
060300
060300
060300
0F87C0
ENDCHAR
STARTCHAR uni1F2A
ENCODING 7978
SWIDTH 1005 0
DWIDTH 24 0
BBX 23 17 0 0
BITMAP
660000
F60000
327C3E
233018
413018
003018
003018
003018
003018
003FF8
003018
003018
003018
003018
003018
003018
007C3E
ENDCHAR
STARTCHAR uni1F2B
ENCODING 7979
SWIDTH 1015 0
DWIDTH 24 0
BBX 22 17 1 0
BITMAP
EC0000
CC0000
84F87C
863018
423018
003018
003018
003018
003018
003FF8
003018
003018
003018
003018
003018
003018
00F87C
ENDCHAR
STARTCHAR uni1F2C
ENCODING 7980
SWIDTH 976 0
DWIDTH 23 0
BBX 22 17 0 0
BITMAP
738000
F30000
36F87C
243018
483018
003018
003018
003018
003018
003FF8
003018
003018
003018
003018
003018
003018
00F87C
ENDCHAR
STARTCHAR uni1F2D
ENCODING 7981
SWIDTH 976 0
DWIDTH 23 0
BBX 22 17 0 0
BITMAP
738000
E30000
C6F87C
443018
283018
003018
003018
003018
003018
003FF8
003018
003018
003018
003018
003018
003018
00F87C
ENDCHAR
STARTCHAR uni1F2E
ENCODING 7982
SWIDTH 840 0
DWIDTH 20 0
BBX 21 19 -2 0
BITMAP
390000
7F0000
8E0000
3C0000
0DF0F8
08C060
18C060
00C060
00C060
00C060
00C060
00FFE0
00C060
00C060
00C060
00C060
00C060
00C060
01F0F8
ENDCHAR
STARTCHAR uni1F2F
ENCODING 7983
SWIDTH 840 0
DWIDTH 20 0
BBX 21 19 -2 0
BITMAP
390000
7F0000
8E0000
1C0000
11F0F8
10C060
08C060
00C060
00C060
00C060
00C060
00FFE0
00C060
00C060
00C060
00C060
00C060
00C060
01F0F8
ENDCHAR
STARTCHAR uni1F30
ENCODING 7984
SWIDTH 294 0
DWIDTH 7 0
BBX 6 18 1 0
BITMAP
70
B0
30
30
40
00
00
20
E0
20
20
20
20
20
20
60
3C
30
ENDCHAR
STARTCHAR uni1F31
ENCODING 7985
SWIDTH 294 0
DWIDTH 7 0
BBX 6 18 1 0
BITMAP
70
60
40
60
30
00
00
20
E0
20
20
20
20
20
20
60
3C
30
ENDCHAR
STARTCHAR uni1F32
ENCODING 7986
SWIDTH 294 0
DWIDTH 7 0
BBX 8 18 -1 0
BITMAP
76
F6
32
31
21
40
00
08
38
08
08
08
08
08
08
18
0F
0C
ENDCHAR
STARTCHAR uni1F33
ENCODING 7987
SWIDTH 294 0
DWIDTH 7 0
BBX 8 18 -1 0
BITMAP
66
F6
C2
43
61
00
00
08
38
08
08
08
08
08
08
18
0F
0C
ENDCHAR
STARTCHAR uni1F34
ENCODING 7988
SWIDTH 294 0
DWIDTH 7 0
BBX 8 18 0 0
BITMAP
E3
76
36
2C
48
00
00
10
70
10
10
10
10
10
10
30
1E
18
ENDCHAR
STARTCHAR uni1F35
ENCODING 7989
SWIDTH 294 0
DWIDTH 7 0
BBX 8 18 0 0
BITMAP
73
E3
C6
44
28
00
00
10
70
10
10
10
10
10
10
30
1E
18
ENDCHAR
STARTCHAR uni1F36
ENCODING 7990
SWIDTH 294 0
DWIDTH 7 0
BBX 8 20 -1 0
BITMAP
39
7F
4E
9C
0C
0C
08
00
00
08
38
08
08
08
08
08
08
18
0F
0C
ENDCHAR
STARTCHAR uni1F37
ENCODING 7991
SWIDTH 294 0
DWIDTH 7 0
BBX 8 20 -1 0
BITMAP
39
7F
4E
9C
18
10
08
00
00
08
38
08
08
08
08
08
08
18
0F
0C
ENDCHAR
STARTCHAR uni1F38
ENCODING 7992
SWIDTH 494 0
DWIDTH 12 0
BBX 11 17 0 0
BITMAP
F000
7000
33E0
2180
4180
0180
0180
0180
0180
0180
0180
0180
0180
0180
0180
0180
03E0
ENDCHAR
STARTCHAR uni1F39
ENCODING 7993
SWIDTH 494 0
DWIDTH 12 0
BBX 10 17 1 0
BITMAP
E000
C000
87C0
8300
4300
0300
0300
0300
0300
0300
0300
0300
0300
0300
0300
0300
07C0
ENDCHAR
STARTCHAR uni1F3A
ENCODING 7994
SWIDTH 659 0
DWIDTH 16 0
BBX 15 17 0 0
BITMAP
6600
F600
323E
2318
4118
0018
0018
0018
0018
0018
0018
0018
0018
0018
0018
0018
003E
ENDCHAR
STARTCHAR uni1F3B
ENCODING 7995
SWIDTH 668 0
DWIDTH 16 0
BBX 14 17 1 0
BITMAP
EC00
CC00
847C
8630
4230
0030
0030
0030
0030
0030
0030
0030
0030
0030
0030
0030
007C
ENDCHAR
STARTCHAR uni1F3C
ENCODING 7996
SWIDTH 629 0
DWIDTH 15 0
BBX 14 17 0 0
BITMAP
7380
F300
367C
2438
4838
0038
0038
0038
0038
0038
0038
0038
0038
0038
0038
0038
007C
ENDCHAR
STARTCHAR uni1F3D
ENCODING 7997
SWIDTH 629 0
DWIDTH 15 0
BBX 14 17 0 0
BITMAP
7380
E300
C67C
4438
2838
0038
0038
0038
0038
0038
0038
0038
0038
0038
0038
0038
007C
ENDCHAR
STARTCHAR uni1F3E
ENCODING 7998
SWIDTH 494 0
DWIDTH 12 0
BBX 13 19 -2 0
BITMAP
3900
7F00
8E00
3C00
0CF8
0860
1860
0060
0060
0060
0060
0060
0060
0060
0060
0060
0060
0060
00F8
ENDCHAR
STARTCHAR uni1F3F
ENCODING 7999
SWIDTH 494 0
DWIDTH 12 0
BBX 13 19 -2 0
BITMAP
3900
7F00
8E00
1C00
10F8
1060
0860
0060
0060
0060
0060
0060
0060
0060
0060
0060
0060
0060
00F8
ENDCHAR
STARTCHAR uni1F40
ENCODING 8000
SWIDTH 498 0
DWIDTH 12 0
BBX 10 18 1 0
BITMAP
1E00
0E00
0600
0400
0800
0000
0000
1E00
2380
6180
C0C0
C0C0
C0C0
C0C0
C0C0
6180
7100
1E00
ENDCHAR
STARTCHAR uni1F41
ENCODING 8001
SWIDTH 498 0
DWIDTH 12 0
BBX 10 18 1 0
BITMAP
0E00
0C00
0800
0800
0400
0000
0000
1E00
2380
6180
C0C0
C0C0
C0C0
C0C0
C0C0
6180
7100
1E00
ENDCHAR
STARTCHAR uni1F42
ENCODING 8002
SWIDTH 498 0
DWIDTH 12 0
BBX 10 18 1 0
BITMAP
3300
7B00
1900
1100
2080
0000
0000
1E00
2380
6180
C0C0
C0C0
C0C0
C0C0
C0C0
6180
7100
1E00
ENDCHAR
STARTCHAR uni1F43
ENCODING 8003
SWIDTH 498 0
DWIDTH 12 0
BBX 10 18 1 0
BITMAP
3600
6300
6300
6100
2080
1000
0000
1E00
2380
6180
C0C0
C0C0
C0C0
C0C0
C0C0
6180
7100
1E00
ENDCHAR
STARTCHAR uni1F44
ENCODING 8004
SWIDTH 498 0
DWIDTH 12 0
BBX 10 18 1 0
BITMAP
38C0
1D80
0900
1A00
1200
2000
0000
1E00
2380
6180
C0C0
C0C0
C0C0
C0C0
C0C0
6180
7100
1E00
ENDCHAR
STARTCHAR uni1F45
ENCODING 8005
SWIDTH 498 0
DWIDTH 12 0
BBX 10 18 1 0
BITMAP
38C0
3180
3100
3300
1A00
0000
0000
1E00
2380
6180
C0C0
C0C0
C0C0
C0C0
C0C0
6180
7100
1E00
ENDCHAR
STARTCHAR uni1F48
ENCODING 8008
SWIDTH 762 0
DWIDTH 18 0
BBX 17 17 0 0
BITMAP
F00000
700000
307800
21FE00
418700
030300
060300
060180
060180
060180
060180
060180
070300
030300
038600
01FC00
00F800
ENDCHAR
STARTCHAR uni1F49
ENCODING 8009
SWIDTH 762 0
DWIDTH 18 0
BBX 16 17 1 0
BITMAP
E000
C000
80F0
83FC
430E
0606
0C06
0C03
0C03
0C03
0C03
0C03
0E06
0606
070C
03F8
01F0
ENDCHAR
STARTCHAR uni1F4A
ENCODING 8010
SWIDTH 927 0
DWIDTH 22 0
BBX 21 17 0 0
BITMAP
660000
F60000
320780
231FE0
411870
003030
006030
006018
006018
006018
006018
006018
007030
003030
003860
001FC0
000F80
ENDCHAR
STARTCHAR uni1F4B
ENCODING 8011
SWIDTH 937 0
DWIDTH 22 0
BBX 20 17 1 0
BITMAP
EC0000
CC0000
840F80
861FC0
4230E0
006060
006070
00C030
00C030
00C030
00C030
00C030
00E020
006060
0070C0
003F80
000F00
ENDCHAR
STARTCHAR uni1F4C
ENCODING 8012
SWIDTH 849 0
DWIDTH 20 0
BBX 19 17 0 0
BITMAP
738000
F30000
361F00
243F80
4861C0
00C0C0
00C0E0
018060
018060
018060
018060
018060
01C0C0
00C0C0
00E180
007F00
003E00
ENDCHAR
STARTCHAR uni1F4D
ENCODING 8013
SWIDTH 849 0
DWIDTH 20 0
BBX 19 17 0 0
BITMAP
738000
E30000
C61F00
443F80
2861C0
00C0C0
00C0E0
018060
018060
018060
018060
018060
01C0C0
00C0C0
00E180
007F00
003E00
ENDCHAR
STARTCHAR uni1F50
ENCODING 8016
SWIDTH 507 0
DWIDTH 12 0
BBX 11 18 0 0
BITMAP
0700
0B00
0300
0300
0400
0000
0000
31C0
F0E0
3060
3060
3060
3060
3060
30C0
3980
1F80
0E00
ENDCHAR
STARTCHAR uni1F51
ENCODING 8017
SWIDTH 507 0
DWIDTH 12 0
BBX 11 18 0 0
BITMAP
0700
0600
0600
0600
0300
0000
0000
31C0
F0E0
3060
3060
3060
3060
3060
30C0
3980
1F80
0E00
ENDCHAR
STARTCHAR uni1F52
ENCODING 8018
SWIDTH 507 0
DWIDTH 12 0
BBX 11 18 0 0
BITMAP
1D80
1D80
0CC0
0C40
0840
1000
0000
31C0
F0E0
3060
3060
3060
3060
3060
30C0
3980
1F80
0E00
ENDCHAR
STARTCHAR uni1F53
ENCODING 8019
SWIDTH 507 0
DWIDTH 12 0
BBX 11 18 0 0
BITMAP
1980
3D80
3080
10C0
1840
0000
0000
31C0
F0E0
3060
3060
3060
3060
3060
30C0
3980
1F80
0E00
ENDCHAR
STARTCHAR uni1F54
ENCODING 8020
SWIDTH 507 0
DWIDTH 12 0
BBX 11 18 0 0
BITMAP
0C60
1E40
06C0
0480
0900
0000
0000
31C0
F0E0
3060
3060
3060
3060
3060
30C0
3980
1F80
0E00
ENDCHAR
STARTCHAR uni1F55
ENCODING 8021
SWIDTH 507 0
DWIDTH 12 0
BBX 12 18 0 0
BITMAP
0E70
1C60
18C0
0880
0500
0000
0000
31C0
F0E0
3060
3060
3060
3060
3060
30C0
3980
1F80
0E00
ENDCHAR
STARTCHAR uni1F56
ENCODING 8022
SWIDTH 507 0
DWIDTH 12 0
BBX 11 20 0 0
BITMAP
0E40
1FC0
1380
2700
0300
0300
0200
0000
0000
31C0
F0E0
3060
3060
3060
3060
3060
30C0
3980
1F80
0E00
ENDCHAR
STARTCHAR uni1F57
ENCODING 8023
SWIDTH 507 0
DWIDTH 12 0
BBX 11 20 0 0
BITMAP
0E40
1FC0
1380
2700
0600
0600
0200
0000
0000
31C0
F0E0
3060
3060
3060
3060
3060
30C0
3980
1F80
0E00
ENDCHAR
STARTCHAR uni1F59
ENCODING 8025
SWIDTH 818 0
DWIDTH 20 0
BBX 18 17 1 0
BITMAP
E00000
C00000
8700C0
8381C0
41C300
00C200
00E400
006400
006400
003800
003800
003800
001800
001800
001800
001800
007E00
ENDCHAR
STARTCHAR uni1F5B
ENCODING 8027
SWIDTH 993 0
DWIDTH 24 0
BBX 23 17 1 0
BITMAP
EC0000
CC0000
84700E
86381C
421C30
000C20
000620
000640
000340
0003C0
000380
000180
000180
000180
000180
000180
0007E0
ENDCHAR
STARTCHAR uni1F5D
ENCODING 8029
SWIDTH 954 0
DWIDTH 23 0
BBX 23 17 0 0
BITMAP
738000
E30000
C6700E
44381C
281C30
000C20
000620
000640
000340
000340
000380
000180
000180
000180
000180
000180
0007E0
ENDCHAR
STARTCHAR uni1F5F
ENCODING 8031
SWIDTH 818 0
DWIDTH 20 0
BBX 21 19 -2 0
BITMAP
390000
7F0000
8E0000
1C0000
10E018
107038
083860
001840
001C80
000C80
000C80
000700
000700
000700
000300
000300
000300
000300
000FC0
ENDCHAR
STARTCHAR uni1F60
ENCODING 8032
SWIDTH 700 0
DWIDTH 17 0
BBX 15 18 1 0
BITMAP
0380
01C0
0080
0180
0100
0200
0000
1010
2008
610C
C306
C306
C306
C306
C306
E78C
7DF8
38F0
ENDCHAR
STARTCHAR uni1F61
ENCODING 8033
SWIDTH 700 0
DWIDTH 17 0
BBX 15 18 1 0
BITMAP
01C0
0300
0300
0100
0180
0000
0000
1010
2008
610C
C306
C306
C306
C306
C306
E78C
7DF8
38F0
ENDCHAR
STARTCHAR uni1F62
ENCODING 8034
SWIDTH 700 0
DWIDTH 17 0
BBX 15 18 1 0
BITMAP
0EC0
0740
0260
0620
0420
0810
0000
1010
2008
610C
C306
C306
C306
C306
C306
E78C
7DF8
38F0
ENDCHAR
STARTCHAR uni1F63
ENCODING 8035
SWIDTH 700 0
DWIDTH 17 0
BBX 15 18 1 0
BITMAP
0EC0
0CC0
0860
0820
0420
0000
0000
1010
2008
610C
C306
C306
C306
C306
C306
E78C
7DF8
38F0
ENDCHAR
STARTCHAR uni1F64
ENCODING 8036
SWIDTH 700 0
DWIDTH 17 0
BBX 15 18 1 0
BITMAP
0738
0B30
0360
0240
0480
0000
0000
1010
2008
610C
C306
C306
C306
C306
C306
E78C
7DF8
38F0
ENDCHAR
STARTCHAR uni1F65
ENCODING 8037
SWIDTH 700 0
DWIDTH 17 0
BBX 15 18 1 0
BITMAP
0738
0630
0460
0440
0280
0000
0000
1010
2008
610C
C306
C306
C306
C306
C306
E78C
7DF8
38F0
ENDCHAR
STARTCHAR uni1F66
ENCODING 8038
SWIDTH 700 0
DWIDTH 17 0
BBX 15 20 1 0
BITMAP
0710
0FE0
09C0
0380
0080
0080
0100
0000
0000
1010
2008
610C
C306
C306
C306
C306
C306
E78C
7DF8
38F0
ENDCHAR
STARTCHAR uni1F67
ENCODING 8039
SWIDTH 700 0
DWIDTH 17 0
BBX 15 20 1 0
BITMAP
0710
0FE0
09C0
0180
0300
0300
0180
0000
0000
1010
2008
610C
C306
C306
C306
C306
C306
E78C
7DF8
38F0
ENDCHAR
STARTCHAR uni1F68
ENCODING 8040
SWIDTH 788 0
DWIDTH 19 0
BBX 18 17 0 0
BITMAP
F00000
700000
307C00
218700
430180
020180
0601C0
0600C0
0600C0
0600C0
060180
060180
030300
030200
098640
0CCCC0
0FCF80
ENDCHAR
STARTCHAR uni1F69
ENCODING 8041
SWIDTH 788 0
DWIDTH 19 0
BBX 17 17 1 0
BITMAP
E00000
C00000
80F800
830E00
460300
040300
0C0380
0C0180
0C0180
0C0180
0C0300
0C0300
060600
060400
130C80
199980
1F9F00
ENDCHAR
STARTCHAR uni1F6A
ENCODING 8042
SWIDTH 952 0
DWIDTH 23 0
BBX 22 17 0 0
BITMAP
660000
F60000
3207C0
231870
413038
006018
006018
00600C
00600C
00600C
006018
006018
003030
003020
009844
00CCCC
00FCF8
ENDCHAR
STARTCHAR uni1F6B
ENCODING 8043
SWIDTH 962 0
DWIDTH 23 0
BBX 21 17 1 0
BITMAP
EC0000
CC0000
840F80
863060
426030
006030
00C018
00C018
00C018
00C018
00C018
00C030
006020
003060
0090C8
008988
00F9F8
ENDCHAR
STARTCHAR uni1F6C
ENCODING 8044
SWIDTH 874 0
DWIDTH 21 0
BBX 20 17 0 0
BITMAP
738000
F30000
361F00
2461C0
48C060
008060
018030
018030
018030
018030
018060
018060
00C0C0
0060C0
026190
011310
03F3F0
ENDCHAR
STARTCHAR uni1F6D
ENCODING 8045
SWIDTH 874 0
DWIDTH 21 0
BBX 20 17 0 0
BITMAP
738000
E30000
C61F00
4461C0
28C060
008060
018030
018030
018030
018030
018060
018060
00C0C0
0060C0
026190
011310
03F3F0
ENDCHAR
STARTCHAR uni1F6E
ENCODING 8046
SWIDTH 788 0
DWIDTH 19 0
BBX 20 19 -2 0
BITMAP
390000
7F0000
8E0000
3C0000
0C1F00
0861C0
18C060
008060
018070
018030
018030
018030
018060
018060
00C0C0
00C080
026190
033330
03F3E0
ENDCHAR
STARTCHAR uni1F6F
ENCODING 8047
SWIDTH 788 0
DWIDTH 19 0
BBX 20 19 -2 0
BITMAP
390000
7F0000
8E0000
1C0000
101F00
1061C0
08C060
008060
018070
018030
018030
018030
018060
018060
00C0C0
00C080
026190
033330
03F3E0
ENDCHAR
STARTCHAR uni1F70
ENCODING 8048
SWIDTH 525 0
DWIDTH 13 0
BBX 11 18 1 0
BITMAP
1800
0800
0C00
0400
0400
0000
0000
1CE0
22C0
4380
C180
C180
C100
C180
E380
E780
7DE0
38C0
ENDCHAR
STARTCHAR uni1F71
ENCODING 8049
SWIDTH 525 0
DWIDTH 13 0
BBX 11 18 1 0
BITMAP
0180
0300
0600
0400
0800
0000
0000
1CE0
22C0
4380
C180
C180
C100
C180
E380
E780
7DE0
38C0
ENDCHAR
STARTCHAR uni1F72
ENCODING 8050
SWIDTH 420 0
DWIDTH 10 0
BBX 9 18 1 0
BITMAP
3000
1800
1800
0800
0800
0400
0000
1F80
6300
C000
C000
E000
7E00
6000
C000
E080
FF00
3E00
ENDCHAR
STARTCHAR uni1F73
ENCODING 8051
SWIDTH 420 0
DWIDTH 10 0
BBX 9 18 1 0
BITMAP
0300
0600
0400
0C00
0800
0000
0000
1F80
6300
C000
C000
E000
7E00
6000
C000
E080
FF00
3E00
ENDCHAR
STARTCHAR uni1F74
ENCODING 8052
SWIDTH 534 0
DWIDTH 13 0
BBX 12 23 0 -5
BITMAP
0E00
0600
0200
0200
0100
0000
0000
31C0
F7E0
3460
3860
3060
3060
3060
3060
3060
3060
3060
3060
0060
0060
0060
0070
ENDCHAR
STARTCHAR uni1F75
ENCODING 8053
SWIDTH 534 0
DWIDTH 13 0
BBX 12 23 0 -5
BITMAP
00C0
0180
0180
0300
0200
0000
0000
31C0
F7E0
3460
3860
3060
3060
3060
3060
3060
3060
3060
3060
0060
0060
0060
0070
ENDCHAR
STARTCHAR uni1F76
ENCODING 8054
SWIDTH 294 0
DWIDTH 7 0
BBX 6 18 1 0
BITMAP
C0
40
60
20
20
00
00
20
E0
20
20
20
20
20
20
60
3C
30
ENDCHAR
STARTCHAR uni1F77
ENCODING 8055
SWIDTH 294 0
DWIDTH 7 0
BBX 6 18 1 0
BITMAP
0C
18
30
20
40
00
00
20
E0
20
20
20
20
20
20
60
3C
30
ENDCHAR
STARTCHAR uni1F78
ENCODING 8056
SWIDTH 498 0
DWIDTH 12 0
BBX 10 18 1 0
BITMAP
1800
1800
0800
0C00
0400
0000
0000
1E00
2380
6180
C0C0
C0C0
C0C0
C0C0
C0C0
6180
7100
1E00
ENDCHAR
STARTCHAR uni1F79
ENCODING 8057
SWIDTH 498 0
DWIDTH 12 0
BBX 10 18 1 0
BITMAP
0380
0300
0600
0400
0800
0000
0000
1E00
2380
6180
C0C0
C0C0
C0C0
C0C0
C0C0
6180
7100
1E00
ENDCHAR
STARTCHAR uni1F7A
ENCODING 8058
SWIDTH 507 0
DWIDTH 12 0
BBX 11 18 0 0
BITMAP
0C00
0400
0600
0200
0200
0000
0000
31C0
F0E0
3060
3060
3060
3060
3060
30C0
3980
1F80
0E00
ENDCHAR
STARTCHAR uni1F7B
ENCODING 8059
SWIDTH 507 0
DWIDTH 12 0
BBX 11 18 0 0
BITMAP
00C0
0180
0100
0200
0200
0400
0000
31C0
F0E0
3060
3060
3060
3060
3060
30C0
3980
1F80
0E00
ENDCHAR
STARTCHAR uni1F7C
ENCODING 8060
SWIDTH 700 0
DWIDTH 17 0
BBX 15 18 1 0
BITMAP
0600
0300
0300
0100
0080
0000
0000
1010
2008
610C
C306
C306
C306
C306
C306
E78C
7DF8
38F0
ENDCHAR
STARTCHAR uni1F7D
ENCODING 8061
SWIDTH 700 0
DWIDTH 17 0
BBX 15 18 1 0
BITMAP
0060
00C0
0080
0180
0100
0000
0000
1010
2008
610C
C306
C306
C306
C306
C306
E78C
7DF8
38F0
ENDCHAR
STARTCHAR uni1F80
ENCODING 8064
SWIDTH 525 0
DWIDTH 13 0
BBX 11 24 1 -6
BITMAP
0E00
1600
0600
0600
0800
0000
0000
1CE0
22C0
4380
C180
C180
C100
C180
E380
E780
7DE0
38C0
0000
0C00
0C00
0C00
0C00
0E00
ENDCHAR
STARTCHAR uni1F81
ENCODING 8065
SWIDTH 525 0
DWIDTH 13 0
BBX 11 24 1 -6
BITMAP
0E00
0C00
0800
0C00
0400
0200
0000
1CE0
22C0
4380
C180
C180
C100
C180
E380
E780
7DE0
38C0
0000
0C00
0C00
0C00
0C00
0E00
ENDCHAR
STARTCHAR uni1F82
ENCODING 8066
SWIDTH 525 0
DWIDTH 13 0
BBX 11 24 1 -6
BITMAP
3600
7B00
1B00
1100
2080
0000
0000
1CE0
22C0
4380
C180
C180
C100
C180
E380
E780
7DE0
38C0
0000
0C00
0C00
0C00
0C00
0E00
ENDCHAR
STARTCHAR uni1F83
ENCODING 8067
SWIDTH 525 0
DWIDTH 13 0
BBX 11 24 1 -6
BITMAP
7600
6200
6300
6100
2100
1080
0000
1CE0
22C0
4380
C180
C180
C100
C180
E380
E780
7DE0
38C0
0000
0C00
0C00
0C00
0C00
0E00
ENDCHAR
STARTCHAR uni1F84
ENCODING 8068
SWIDTH 525 0
DWIDTH 13 0
BBX 11 24 1 -6
BITMAP
38C0
1D80
0D80
0B00
1200
0000
0000
1CE0
22C0
4380
C180
C180
C100
C180
E380
E780
7DE0
38C0
0000
0C00
0C00
0C00
0C00
0E00
ENDCHAR
STARTCHAR uni1F85
ENCODING 8069
SWIDTH 525 0
DWIDTH 13 0
BBX 11 24 1 -6
BITMAP
1CC0
38C0
3180
1100
0A00
0000
0000
1CE0
22C0
4380
C180
C180
C100
C180
E380
E780
7DE0
38C0
0000
0C00
0C00
0C00
0C00
0E00
ENDCHAR
STARTCHAR uni1F86
ENCODING 8070
SWIDTH 525 0
DWIDTH 13 0
BBX 11 26 1 -6
BITMAP
1C80
3F80
2700
4E00
0600
0600
0400
0000
0000
1CE0
22C0
4380
C180
C180
C100
C180
E380
E780
7DE0
38C0
0000
0C00
0C00
0C00
0C00
0E00
ENDCHAR
STARTCHAR uni1F87
ENCODING 8071
SWIDTH 525 0
DWIDTH 13 0
BBX 11 26 1 -6
BITMAP
1C80
3F80
2700
4E00
0C00
0800
0400
0000
0000
1CE0
22C0
4380
C180
C180
C100
C180
E380
E780
7DE0
38C0
0000
0C00
0C00
0C00
0C00
0E00
ENDCHAR
STARTCHAR uni1F88
ENCODING 8072
SWIDTH 964 0
DWIDTH 23 0
BBX 23 17 0 0
BITMAP
F00000
700000
30C000
20C000
41C000
016000
016018
036078
023018
023018
061010
07F810
041810
0C0C10
080C10
080C1E
3E1F18
ENDCHAR
STARTCHAR uni1F89
ENCODING 8073
SWIDTH 964 0
DWIDTH 23 0
BBX 22 17 1 0
BITMAP
E00000
C00000
818000
818000
438000
02C000
02C030
06C0F0
046030
046030
0C2020
0FF020
083020
181820
101820
10183C
7C3E30
ENDCHAR
STARTCHAR uni1F8A
ENCODING 8074
SWIDTH 1129 0
DWIDTH 27 0
BBX 27 17 0 0
BITMAP
66000000
F6000000
320C0000
230C0000
411C0000
00160000
00160180
00360700
00230100
00230100
00630100
007F8100
00418100
00C08100
0080C100
0080C1E0
03E1F180
ENDCHAR
STARTCHAR uni1F8B
ENCODING 8075
SWIDTH 1139 0
DWIDTH 27 0
BBX 26 17 1 0
BITMAP
EC000000
CC000000
84080000
86180000
42180000
003C0000
002C0300
00260F00
00660300
00460300
00430300
00FF0300
00830300
00818300
01818300
010183C0
07C3E300
ENDCHAR
STARTCHAR uni1F8C
ENCODING 8076
SWIDTH 1100 0
DWIDTH 26 0
BBX 26 17 0 0
BITMAP
73800000
F3000000
36080000
24180000
481C0000
003C0000
002C0300
00260F00
00660300
00460300
00430300
00FF0300
00830300
00818300
01818300
010083C0
07C3E380
ENDCHAR
STARTCHAR uni1F8D
ENCODING 8077
SWIDTH 1100 0
DWIDTH 26 0
BBX 26 17 0 0
BITMAP
73800000
E3000000
C6080000
44180000
281C0000
003C0000
002C0300
00260F00
00660300
00460300
00430300
00FF0300
00830300
00818300
01818300
010083C0
07C3E380
ENDCHAR
STARTCHAR uni1F8E
ENCODING 8078
SWIDTH 964 0
DWIDTH 23 0
BBX 25 19 -2 0
BITMAP
39000000
7F000000
8E000000
3C000000
0C300000
08300000
18700000
00580000
00580600
00D81E00
008C0600
008C0600
01840400
01FE0400
01060400
03030400
02030400
02030780
0F87C600
ENDCHAR
STARTCHAR uni1F8F
ENCODING 8079
SWIDTH 964 0
DWIDTH 23 0
BBX 25 19 -2 0
BITMAP
39000000
7F000000
8E000000
1C000000
10300000
10300000
08700000
00580000
00580600
00D81E00
008C0600
008C0600
01840400
01FE0400
01060400
03030400
02030400
02030780
0F87C600
ENDCHAR
STARTCHAR uni1F90
ENCODING 8080
SWIDTH 534 0
DWIDTH 13 0
BBX 12 24 0 -6
BITMAP
0700
0380
0180
0300
0200
0000
0000
31C0
F7E0
3460
3860
3060
3060
3060
3060
3060
3060
3060
3060
3060
3060
3060
3070
3800
ENDCHAR
STARTCHAR uni1F91
ENCODING 8081
SWIDTH 534 0
DWIDTH 13 0
BBX 12 24 0 -6
BITMAP
0380
0600
0600
0200
0100
0000
0000
31C0
F7E0
3460
3860
3060
3060
3060
3060
3060
3060
3060
3060
3060
3060
3060
3070
3800
ENDCHAR
STARTCHAR uni1F92
ENCODING 8082
SWIDTH 534 0
DWIDTH 13 0
BBX 12 24 0 -6
BITMAP
0D80
1EC0
06C0
0440
0820
0000
0000
31C0
F7E0
3460
3860
3060
3060
3060
3060
3060
3060
3060
3060
3060
3060
3060
3070
3800
ENDCHAR
STARTCHAR uni1F93
ENCODING 8083
SWIDTH 534 0
DWIDTH 13 0
BBX 12 24 0 -6
BITMAP
1D80
1880
10C0
1840
0840
0400
0000
31C0
F7E0
3460
3860
3060
3060
3060
3060
3060
3060
3060
3060
3060
3060
3060
3070
3800
ENDCHAR
STARTCHAR uni1F94
ENCODING 8084
SWIDTH 534 0
DWIDTH 13 0
BBX 12 24 0 -6
BITMAP
0E30
0660
06C0
0680
0D00
0000
0000
31C0
F7E0
3460
3860
3060
3060
3060
3060
3060
3060
3060
3060
3060
3060
3060
3070
3800
ENDCHAR
STARTCHAR uni1F95
ENCODING 8085
SWIDTH 534 0
DWIDTH 13 0
BBX 12 24 0 -6
BITMAP
0E30
0C60
0840
0C80
0480
0300
0000
31C0
F7E0
3460
3860
3060
3060
3060
3060
3060
3060
3060
3060
3060
3060
3060
3070
3800
ENDCHAR
STARTCHAR uni1F96
ENCODING 8086
SWIDTH 534 0
DWIDTH 13 0
BBX 12 26 0 -6
BITMAP
0E20
0FC0
1180
0700
0180
0100
0200
0000
0000
31C0
F7E0
3460
3860
3060
3060
3060
3060
3060
3060
3060
3060
3060
3060
3060
3070
3800
ENDCHAR
STARTCHAR uni1F97
ENCODING 8087
SWIDTH 534 0
DWIDTH 13 0
BBX 12 26 0 -6
BITMAP
0E20
0FC0
1180
0380
0600
0600
0300
0000
0000
31C0
F7E0
3460
3860
3060
3060
3060
3060
3060
3060
3060
3060
3060
3060
3060
3070
3800
ENDCHAR
STARTCHAR uni1F98
ENCODING 8088
SWIDTH 1135 0
DWIDTH 27 0
BBX 27 17 0 0
BITMAP
F0000000
70000000
37C3E000
23018000
43018000
03018000
03018180
03018780
03018180
03FF8180
03018180
03018180
03018180
03018180
03018180
030181E0
07C3E180
ENDCHAR
STARTCHAR uni1F99
ENCODING 8089
SWIDTH 1135 0
DWIDTH 27 0
BBX 26 17 1 0
BITMAP
E0000000
C0000000
8F87C000
86030000
46030000
06030000
06030300
06030F00
06030300
07FF0300
06030300
06030300
06030300
06030300
06030300
060303C0
0F87C300
ENDCHAR
STARTCHAR uni1F9A
ENCODING 8090
SWIDTH 1300 0
DWIDTH 31 0
BBX 31 17 0 0
BITMAP
66000000
F6000000
327C3E00
23301800
41301800
00301800
00301818
00301878
00301818
003FF818
00301818
00301818
00301818
00301810
00301810
0030181E
007C3E18
ENDCHAR
STARTCHAR uni1F9B
ENCODING 8091
SWIDTH 1310 0
DWIDTH 31 0
BBX 30 17 1 0
BITMAP
EC000000
CC000000
84F87C00
86301800
42301800
00301800
00301830
003018F0
00301830
003FF830
00301830
00301830
00301830
00301830
00301830
0030183C
00F87C38
ENDCHAR
STARTCHAR uni1F9C
ENCODING 8092
SWIDTH 1270 0
DWIDTH 31 0
BBX 30 17 0 0
BITMAP
73800000
F3000000
36F87C00
24301800
48301800
00301800
00301830
003018F0
00301830
003FF830
00301830
00301830
00301830
00301830
00301830
0030183C
00F87C38
ENDCHAR
STARTCHAR uni1F9D
ENCODING 8093
SWIDTH 1270 0
DWIDTH 31 0
BBX 30 17 0 0
BITMAP
73800000
E3000000
C6F87C00
44301800
28301800
00301800
00301830
003018F0
00301830
003FF830
00301830
00301830
00301830
00301830
00301830
0030183C
00F87C38
ENDCHAR
STARTCHAR uni1F9E
ENCODING 8094
SWIDTH 1135 0
DWIDTH 27 0
BBX 29 19 -2 0
BITMAP
39000000
7F000000
8E000000
3C000000
0DF0F800
08C06000
18C06000
00C06000
00C06060
00C061E0
00C06060
00FFE060
00C06060
00C06060
00C06060
00C06060
00C06060
00C06078
01F0F860
ENDCHAR
STARTCHAR uni1F9F
ENCODING 8095
SWIDTH 1135 0
DWIDTH 27 0
BBX 29 19 -2 0
BITMAP
39000000
7F000000
8E000000
1C000000
11F0F800
10C06000
08C06000
00C06000
00C06060
00C061E0
00C06060
00FFE060
00C06060
00C06060
00C06060
00C06060
00C06060
00C06078
01F0F860
ENDCHAR
STARTCHAR uni1FA0
ENCODING 8096
SWIDTH 700 0
DWIDTH 17 0
BBX 15 24 1 -6
BITMAP
0380
01C0
0080
0180
0100
0200
0000
1010
2008
610C
C306
C306
C306
C306
C306
E78C
7DF8
38F0
0000
0100
0300
0300
0300
0380
ENDCHAR
STARTCHAR uni1FA1
ENCODING 8097
SWIDTH 700 0
DWIDTH 17 0
BBX 15 24 1 -6
BITMAP
01C0
0300
0300
0100
0180
0000
0000
1010
2008
610C
C306
C306
C306
C306
C306
E78C
7DF8
38F0
0000
0100
0300
0300
0300
0380
ENDCHAR
STARTCHAR uni1FA2
ENCODING 8098
SWIDTH 700 0
DWIDTH 17 0
BBX 15 24 1 -6
BITMAP
0EC0
0740
0260
0620
0420
0810
0000
1010
2008
610C
C306
C306
C306
C306
C306
E78C
7DF8
38F0
0000
0100
0300
0300
0300
0380
ENDCHAR
STARTCHAR uni1FA3
ENCODING 8099
SWIDTH 700 0
DWIDTH 17 0
BBX 15 24 1 -6
BITMAP
0EC0
0CC0
0860
0820
0420
0000
0000
1010
2008
610C
C306
C306
C306
C306
C306
E78C
7DF8
38F0
0000
0100
0300
0300
0300
0380
ENDCHAR
STARTCHAR uni1FA4
ENCODING 8100
SWIDTH 700 0
DWIDTH 17 0
BBX 15 24 1 -6
BITMAP
0738
0B30
0360
0240
0480
0000
0000
1010
2008
610C
C306
C306
C306
C306
C306
E78C
7DF8
38F0
0000
0100
0300
0300
0300
0380
ENDCHAR
STARTCHAR uni1FA5
ENCODING 8101
SWIDTH 700 0
DWIDTH 17 0
BBX 15 24 1 -6
BITMAP
0738
0630
0460
0440
0280
0000
0000
1010
2008
610C
C306
C306
C306
C306
C306
E78C
7DF8
38F0
0000
0100
0300
0300
0300
0380
ENDCHAR
STARTCHAR uni1FA6
ENCODING 8102
SWIDTH 700 0
DWIDTH 17 0
BBX 15 26 1 -6
BITMAP
0710
0FE0
09C0
0380
0080
0080
0100
0000
0000
1010
2008
610C
C306
C306
C306
C306
C306
E78C
7DF8
38F0
0000
0100
0300
0300
0300
0380
ENDCHAR
STARTCHAR uni1FA7
ENCODING 8103
SWIDTH 700 0
DWIDTH 17 0
BBX 15 26 1 -6
BITMAP
0710
0FE0
09C0
0180
0300
0300
0180
0000
0000
1010
2008
610C
C306
C306
C306
C306
C306
E78C
7DF8
38F0
0000
0100
0300
0300
0300
0380
ENDCHAR
STARTCHAR uni1FA8
ENCODING 8104
SWIDTH 1083 0
DWIDTH 26 0
BBX 26 17 0 0
BITMAP
F0000000
70000000
307C0000
21870000
43018000
02018000
0601C200
0600CE00
0600C600
0600C600
06018600
06018600
03030600
03020600
09864600
0CCCC7C0
0FCF8300
ENDCHAR
STARTCHAR uni1FA9
ENCODING 8105
SWIDTH 1083 0
DWIDTH 26 0
BBX 25 17 1 0
BITMAP
E0000000
C0000000
80F80000
830E0000
46030000
04030000
0C038400
0C019C00
0C018C00
0C018C00
0C030C00
0C030C00
06060C00
06040C00
130C8C00
19998F80
1F9F0600
ENDCHAR
STARTCHAR uni1FAA
ENCODING 8106
SWIDTH 1247 0
DWIDTH 30 0
BBX 30 17 0 0
BITMAP
66000000
F6000000
3207C000
23187000
41303800
00601800
00601860
00600CE0
00600C60
00600C60
00601860
00601860
00303060
00302060
00984460
00CCCC7C
00FCF830
ENDCHAR
STARTCHAR uni1FAB
ENCODING 8107
SWIDTH 1257 0
DWIDTH 30 0
BBX 29 17 1 0
BITMAP
EC000000
CC000000
840F8000
86306000
42603000
00603000
00C01860
00C019E0
00C01860
00C01860
00C01860
00C03040
00602040
00306040
0090C840
00898878
00F9F860
ENDCHAR
STARTCHAR uni1FAC
ENCODING 8108
SWIDTH 1218 0
DWIDTH 29 0
BBX 29 17 0 0
BITMAP
73800000
F3000000
360F8000
24306000
48603000
00603000
00C01860
00C019E0
00C01860
00C01860
00C01860
00603060
00602060
00306060
0098C860
00898878
00FDF860
ENDCHAR
STARTCHAR uni1FAD
ENCODING 8109
SWIDTH 1218 0
DWIDTH 29 0
BBX 29 17 0 0
BITMAP
73800000
E3000000
C60F8000
44306000
28603000
00603000
00C01860
00C019E0
00C01860
00C01860
00C01860
00603060
00602060
00306060
0098C860
00898878
00FDF860
ENDCHAR
STARTCHAR uni1FAE
ENCODING 8110
SWIDTH 1083 0
DWIDTH 26 0
BBX 28 19 -2 0
BITMAP
39000000
7F000000
8E000000
3C000000
0C1F0000
0861C000
18C06000
00806000
01807080
01803380
01803180
01803180
01806180
01806180
00C0C180
00C08180
02619180
033331F0
03F3E0C0
ENDCHAR
STARTCHAR uni1FAF
ENCODING 8111
SWIDTH 1083 0
DWIDTH 26 0
BBX 28 19 -2 0
BITMAP
39000000
7F000000
8E000000
1C000000
101F0000
1061C000
08C06000
00806000
01807080
01803380
01803180
01803180
01806180
01806180
00C0C180
00C08180
02619180
033331F0
03F3E0C0
ENDCHAR
STARTCHAR uni1FB0
ENCODING 8112
SWIDTH 525 0
DWIDTH 13 0
BBX 11 16 1 0
BITMAP
2080
3180
1F00
0E00
0000
1CE0
22C0
4380
C180
C180
C100
C180
E380
E780
7DE0
38C0
ENDCHAR
STARTCHAR uni1FB1
ENCODING 8113
SWIDTH 525 0
DWIDTH 13 0
BBX 11 15 1 0
BITMAP
3FC0
3F80
0000
0000
1CE0
22C0
4380
C180
C180
C100
C180
E380
E780
7DE0
38C0
ENDCHAR
STARTCHAR uni1FB2
ENCODING 8114
SWIDTH 525 0
DWIDTH 13 0
BBX 11 24 1 -6
BITMAP
1800
0800
0C00
0400
0400
0000
0000
1CE0
22C0
4380
C180
C180
C100
C180
E380
E780
7DE0
38C0
0000
0C00
0C00
0C00
0C00
0E00
ENDCHAR
STARTCHAR uni1FB3
ENCODING 8115
SWIDTH 525 0
DWIDTH 13 0
BBX 11 17 1 -6
BITMAP
1CE0
22C0
4380
C180
C180
C100
C180
E380
E780
7DE0
38C0
0000
0C00
0C00
0C00
0C00
0E00
ENDCHAR
STARTCHAR uni1FB4
ENCODING 8116
SWIDTH 525 0
DWIDTH 13 0
BBX 11 24 1 -6
BITMAP
0180
0300
0600
0400
0800
0000
0000
1CE0
22C0
4380
C180
C180
C100
C180
E380
E780
7DE0
38C0
0000
0C00
0C00
0C00
0C00
0E00
ENDCHAR
STARTCHAR uni1FB6
ENCODING 8118
SWIDTH 525 0
DWIDTH 13 0
BBX 11 16 1 0
BITMAP
1CC0
3F80
2700
0000
0000
1CE0
22C0
4380
C180
C180
C100
C180
E380
E780
7DE0
38C0
ENDCHAR
STARTCHAR uni1FB7
ENCODING 8119
SWIDTH 525 0
DWIDTH 13 0
BBX 11 22 1 -6
BITMAP
1CC0
3F80
2700
0000
0000
1CE0
22C0
4380
C180
C180
C100
C180
E380
E780
7DE0
38C0
0000
0C00
0C00
0C00
0C00
0E00
ENDCHAR
STARTCHAR uni1FB8
ENCODING 8120
SWIDTH 595 0
DWIDTH 14 0
BBX 14 20 0 0
BITMAP
1020
0840
0FC0
0780
0000
0100
0300
0300
0780
0580
04C0
0CC0
08C0
0860
1FE0
1060
1030
3030
2030
F87C
ENDCHAR
STARTCHAR uni1FB9
ENCODING 8121
SWIDTH 595 0
DWIDTH 14 0
BBX 14 19 0 0
BITMAP
1FE0
1FE0
0000
0000
0100
0300
0300
0780
0580
04C0
0CC0
08C0
0860
1FE0
1060
1030
3030
2030
F87C
ENDCHAR
STARTCHAR uni1FBA
ENCODING 8122
SWIDTH 704 0
DWIDTH 17 0
BBX 16 17 1 0
BITMAP
C000
6000
6080
20C0
11C0
0140
0160
0360
0230
0230
0630
07F8
0418
0C18
080C
080C
3E1F
ENDCHAR
STARTCHAR uni1FBB
ENCODING 8123
SWIDTH 708 0
DWIDTH 17 0
BBX 17 17 0 0
BITMAP
180000
300000
204000
406000
40E000
80B000
00B000
01B000
011800
011800
031800
03FC00
020C00
060C00
040600
040600
1F0F80
ENDCHAR
STARTCHAR uni1FBC
ENCODING 8124
SWIDTH 890 0
DWIDTH 21 0
BBX 21 15 0 0
BITMAP
010000
030000
030000
078000
058060
04C1E0
0CC060
08C060
086060
1FE060
106060
103060
303060
203078
F87C70
ENDCHAR
STARTCHAR uni1FBD
ENCODING 8125
SWIDTH 187 0
DWIDTH 4 0
BBX 4 5 0 13
BITMAP
F0
70
30
20
40
ENDCHAR
STARTCHAR uni1FBE
ENCODING 8126
SWIDTH 294 0
DWIDTH 7 0
BBX 6 11 1 0
BITMAP
20
E0
20
20
20
20
20
20
60
3C
30
ENDCHAR
STARTCHAR uni1FBF
ENCODING 8127
SWIDTH 187 0
DWIDTH 4 0
BBX 4 5 0 13
BITMAP
F0
70
30
20
40
ENDCHAR
STARTCHAR uni1FC0
ENCODING 8128
SWIDTH 401 0
DWIDTH 10 0
BBX 8 3 1 13
BITMAP
71
FE
9C
ENDCHAR
STARTCHAR uni1FC1
ENCODING 8129
SWIDTH 401 0
DWIDTH 10 0
BBX 10 7 0 12
BITMAP
38C0
7F80
8F00
0000
6180
6180
6180
ENDCHAR
STARTCHAR uni1FC2
ENCODING 8130
SWIDTH 534 0
DWIDTH 13 0
BBX 12 24 0 -6
BITMAP
0E00
0600
0200
0200
0100
0000
0000
31C0
F7E0
3460
3860
3060
3060
3060
3060
3060
3060
3060
3060
3060
3060
3060
3070
3800
ENDCHAR
STARTCHAR uni1FC3
ENCODING 8131
SWIDTH 534 0
DWIDTH 13 0
BBX 12 17 0 -6
BITMAP
31C0
F7E0
3460
3860
3060
3060
3060
3060
3060
3060
3060
3060
3060
3060
3060
3070
3800
ENDCHAR
STARTCHAR uni1FC4
ENCODING 8132
SWIDTH 534 0
DWIDTH 13 0
BBX 12 24 0 -6
BITMAP
00C0
0180
0180
0300
0200
0000
0000
31C0
F7E0
3460
3860
3060
3060
3060
3060
3060
3060
3060
3060
3060
3060
3060
3070
3800
ENDCHAR
STARTCHAR uni1FC6
ENCODING 8134
SWIDTH 534 0
DWIDTH 13 0
BBX 12 21 0 -5
BITMAP
0620
0FC0
11C0
0000
0000
31C0
F7E0
3460
3860
3060
3060
3060
3060
3060
3060
3060
3060
0060
0060
0060
0070
ENDCHAR
STARTCHAR uni1FC7
ENCODING 8135
SWIDTH 534 0
DWIDTH 13 0
BBX 12 22 0 -6
BITMAP
0620
0FC0
11C0
0000
0000
31C0
F7E0
3460
3860
3060
3060
3060
3060
3060
3060
3060
3060
3060
3060
3060
3070
3800
ENDCHAR
STARTCHAR uni1FC8
ENCODING 8136
SWIDTH 717 0
DWIDTH 17 0
BBX 15 17 1 0
BITMAP
C000
6000
67FE
2304
1304
0300
0300
0300
03F8
0310
0300
0300
0300
0300
0302
0302
07FE
ENDCHAR
STARTCHAR uni1FC9
ENCODING 8137
SWIDTH 721 0
DWIDTH 17 0
BBX 16 17 0 0
BITMAP
1800
3000
23FF
4183
4182
8180
0180
0180
01FC
0184
0180
0180
0180
0180
0181
0181
03FF
ENDCHAR
STARTCHAR uni1FCA
ENCODING 8138
SWIDTH 875 0
DWIDTH 21 0
BBX 19 17 1 0
BITMAP
C00000
600000
67C3E0
230180
130180
030180
030180
030180
030180
03FF80
030180
030180
030180
030180
030180
030180
07C3E0
ENDCHAR
STARTCHAR uni1FCB
ENCODING 8139
SWIDTH 878 0
DWIDTH 21 0
BBX 20 17 0 0
BITMAP
180000
300000
23E1F0
4180C0
4180C0
8180C0
0180C0
0180C0
0180C0
01FFC0
0180C0
0180C0
0180C0
0180C0
0180C0
0180C0
03E1F0
ENDCHAR
STARTCHAR uni1FCC
ENCODING 8140
SWIDTH 948 0
DWIDTH 23 0
BBX 22 15 0 0
BITMAP
FC7E00
301800
301800
301800
301830
301870
301830
3FF830
301830
301830
301830
301830
301830
30183C
FC7E18
ENDCHAR
STARTCHAR uni1FCD
ENCODING 8141
SWIDTH 351 0
DWIDTH 8 0
BBX 8 5 0 13
BITMAP
66
F6
32
23
41
ENDCHAR
STARTCHAR uni1FCE
ENCODING 8142
SWIDTH 322 0
DWIDTH 8 0
BBX 9 5 0 13
BITMAP
7380
F300
3600
2400
4800
ENDCHAR
STARTCHAR uni1FCF
ENCODING 8143
SWIDTH 187 0
DWIDTH 4 0
BBX 8 7 -2 13
BITMAP
39
7F
8E
3C
0C
08
18
ENDCHAR
STARTCHAR uni1FD0
ENCODING 8144
SWIDTH 294 0
DWIDTH 7 0
BBX 7 16 0 0
BITMAP
82
C6
7C
38
00
10
70
10
10
10
10
10
10
30
1E
18
ENDCHAR
STARTCHAR uni1FD1
ENCODING 8145
SWIDTH 294 0
DWIDTH 7 0
BBX 8 15 0 0
BITMAP
FF
FE
00
00
10
70
10
10
10
10
10
10
30
1E
18
ENDCHAR
STARTCHAR uni1FD2
ENCODING 8146
SWIDTH 294 0
DWIDTH 7 0
BBX 9 17 -1 0
BITMAP
3000
1800
5980
EB80
C900
0400
0800
3800
0800
0800
0800
0800
0800
0800
1800
0F00
0C00
ENDCHAR
STARTCHAR uni1FD3
ENCODING 8147
SWIDTH 294 0
DWIDTH 7 0
BBX 9 18 -1 0
BITMAP
0700
0600
0C00
4980
FB80
C100
0000
0800
3800
0800
0800
0800
0800
0800
0800
1800
0F00
0C00
ENDCHAR
STARTCHAR uni1FD6
ENCODING 8150
SWIDTH 294 0
DWIDTH 7 0
BBX 8 16 0 0
BITMAP
71
FE
9C
00
00
10
70
10
10
10
10
10
10
30
1E
18
ENDCHAR
STARTCHAR uni1FD7
ENCODING 8151
SWIDTH 294 0
DWIDTH 7 0
BBX 9 19 -1 0
BITMAP
3880
7F80
8F00
0000
6180
6180
4100
0000
0800
3800
0800
0800
0800
0800
0800
0800
1800
0F00
0C00
ENDCHAR
STARTCHAR uni1FD8
ENCODING 8152
SWIDTH 317 0
DWIDTH 8 0
BBX 8 20 0 0
BITMAP
82
C7
7C
38
00
7E
18
18
18
18
18
18
18
18
18
18
18
18
18
7E
ENDCHAR
STARTCHAR uni1FD9
ENCODING 8153
SWIDTH 317 0
DWIDTH 8 0
BBX 8 19 0 0
BITMAP
FF
FE
00
00
7E
18
18
18
18
18
18
18
18
18
18
18
18
18
7E
ENDCHAR
STARTCHAR uni1FDA
ENCODING 8154
SWIDTH 529 0
DWIDTH 13 0
BBX 11 17 1 0
BITMAP
C000
6000
67E0
2180
1180
0180
0180
0180
0180
0180
0180
0180
0180
0180
0180
0180
07E0
ENDCHAR
STARTCHAR uni1FDB
ENCODING 8155
SWIDTH 532 0
DWIDTH 13 0
BBX 12 17 0 0
BITMAP
1800
3000
23F0
40C0
40C0
80C0
00C0
00C0
00C0
00C0
00C0
00C0
00C0
00C0
00C0
00C0
03F0
ENDCHAR
STARTCHAR uni1FDD
ENCODING 8157
SWIDTH 361 0
DWIDTH 9 0
BBX 7 5 1 13
BITMAP
EC
CC
84
86
42
ENDCHAR
STARTCHAR uni1FDE
ENCODING 8158
SWIDTH 322 0
DWIDTH 8 0
BBX 9 5 0 13
BITMAP
7380
E300
C600
4400
2800
ENDCHAR
STARTCHAR uni1FDF
ENCODING 8159
SWIDTH 187 0
DWIDTH 4 0
BBX 8 7 -2 13
BITMAP
39
7F
8E
1C
10
10
08
ENDCHAR
STARTCHAR uni1FE0
ENCODING 8160
SWIDTH 507 0
DWIDTH 12 0
BBX 11 16 0 0
BITMAP
1040
18C0
0F80
0700
0000
31C0
F0E0
3060
3060
3060
3060
3060
30C0
3980
1F80
0E00
ENDCHAR
STARTCHAR uni1FE1
ENCODING 8161
SWIDTH 507 0
DWIDTH 12 0
BBX 11 15 0 0
BITMAP
1FE0
1FC0
0000
0000
31C0
F0E0
3060
3060
3060
3060
3060
30C0
3980
1F80
0E00
ENDCHAR
STARTCHAR uni1FE2
ENCODING 8162
SWIDTH 507 0
DWIDTH 12 0
BBX 11 17 0 0
BITMAP
0C00
0600
1660
3AE0
3240
0100
31C0
F0E0
3060
3060
3060
3060
3060
30C0
3980
1F80
0E00
ENDCHAR
STARTCHAR uni1FE3
ENCODING 8163
SWIDTH 507 0
DWIDTH 12 0
BBX 11 18 0 0
BITMAP
00C0
0180
0300
1260
3EE0
3040
0000
31C0
F0E0
3060
3060
3060
3060
3060
30C0
3980
1F80
0E00
ENDCHAR
STARTCHAR uni1FE4
ENCODING 8164
SWIDTH 478 0
DWIDTH 11 0
BBX 8 24 2 -6
BITMAP
38
1C
0C
08
10
00
00
1C
66
43
C3
C3
C3
C3
C3
E6
FE
DC
C0
C0
C0
C0
C0
C0
ENDCHAR
STARTCHAR uni1FE5
ENCODING 8165
SWIDTH 478 0
DWIDTH 11 0
BBX 8 24 2 -6
BITMAP
1C
30
30
10
08
00
00
1C
66
43
C3
C3
C3
C3
C3
E6
FE
DC
C0
C0
C0
C0
C0
C0
ENDCHAR
STARTCHAR uni1FE6
ENCODING 8166
SWIDTH 507 0
DWIDTH 12 0
BBX 11 16 0 0
BITMAP
0E20
1FC0
1380
0000
0000
31C0
F0E0
3060
3060
3060
3060
3060
30C0
3980
1F80
0E00
ENDCHAR
STARTCHAR uni1FE7
ENCODING 8167
SWIDTH 507 0
DWIDTH 12 0
BBX 11 19 0 0
BITMAP
0E20
1FE0
23C0
0000
1860
1860
1040
0000
31C0
F0E0
3060
3060
3060
3060
3060
30C0
3980
1F80
0E00
ENDCHAR
STARTCHAR uni1FE8
ENCODING 8168
SWIDTH 583 0
DWIDTH 14 0
BBX 14 20 0 0
BITMAP
1020
0840
0FC0
0780
0000
E01C
7038
3820
1840
0C40
0C80
0680
0680
0700
0300
0300
0300
0300
0300
0FC0
ENDCHAR
STARTCHAR uni1FE9
ENCODING 8169
SWIDTH 583 0
DWIDTH 14 0
BBX 14 19 0 0
BITMAP
0FE0
1FE0
0000
0000
E01C
7038
3820
1840
0C40
0C80
0680
0680
0700
0300
0300
0300
0300
0300
0FC0
ENDCHAR
STARTCHAR uni1FEA
ENCODING 8170
SWIDTH 853 0
DWIDTH 20 0
BBX 19 17 1 0
BITMAP
C00000
600000
678060
21C0E0
10C180
006100
006200
003200
003400
001C00
001C00
001C00
001C00
001C00
001C00
001C00
003E00
ENDCHAR
STARTCHAR uni1FEB
ENCODING 8171
SWIDTH 856 0
DWIDTH 21 0
BBX 20 17 0 0
BITMAP
180000
300000
23C030
40E070
4060C0
803080
003900
001900
001900
000E00
000E00
000E00
000E00
000600
000600
000600
001F80
ENDCHAR
STARTCHAR uni1FEC
ENCODING 8172
SWIDTH 709 0
DWIDTH 17 0
BBX 15 17 1 0
BITMAP
E000
C000
87F8
8E0C
4606
0606
0606
0606
0606
060C
06F8
0600
0600
0600
0600
0600
0FC0
ENDCHAR
STARTCHAR uni1FED
ENCODING 8173
SWIDTH 395 0
DWIDTH 9 0
BBX 9 5 0 12
BITMAP
3800
1800
6980
6980
C580
ENDCHAR
STARTCHAR uni1FEE
ENCODING 8174
SWIDTH 395 0
DWIDTH 9 0
BBX 9 6 0 12
BITMAP
0300
0600
0400
6D80
6980
D180
ENDCHAR
STARTCHAR uni1FEF
ENCODING 8175
SWIDTH 221 0
DWIDTH 5 0
BBX 4 5 1 13
BITMAP
C0
60
60
20
10
ENDCHAR
STARTCHAR uni1FF2
ENCODING 8178
SWIDTH 700 0
DWIDTH 17 0
BBX 15 24 1 -6
BITMAP
0600
0300
0300
0100
0080
0000
0000
1010
2008
610C
C306
C306
C306
C306
C306
E78C
7DF8
38F0
0000
0100
0300
0300
0300
0380
ENDCHAR
STARTCHAR uni1FF3
ENCODING 8179
SWIDTH 700 0
DWIDTH 17 0
BBX 15 17 1 -6
BITMAP
1010
2008
610C
C306
C306
C306
C306
C306
E78C
7DF8
38F0
0000
0100
0300
0300
0300
0380
ENDCHAR
STARTCHAR uni1FF4
ENCODING 8180
SWIDTH 700 0
DWIDTH 17 0
BBX 15 24 1 -6
BITMAP
0060
00C0
0080
0180
0100
0000
0000
1010
2008
610C
C306
C306
C306
C306
C306
E78C
7DF8
38F0
0000
0100
0300
0300
0300
0380
ENDCHAR
STARTCHAR uni1FF6
ENCODING 8182
SWIDTH 700 0
DWIDTH 17 0
BBX 15 16 1 0
BITMAP
0710
07E0
08C0
0000
0000
1010
2008
610C
C306
C306
C306
C306
C306
E78C
7DF8
38F0
ENDCHAR
STARTCHAR uni1FF7
ENCODING 8183
SWIDTH 700 0
DWIDTH 17 0
BBX 15 22 1 -6
BITMAP
0710
07E0
08C0
0000
0000
1010
2008
610C
C306
C306
C306
C306
C306
E78C
7DF8
38F0
0000
0100
0300
0300
0300
0380
ENDCHAR
STARTCHAR uni1FF8
ENCODING 8184
SWIDTH 797 0
DWIDTH 19 0
BBX 17 17 1 0
BITMAP
C00000
600000
607800
21FE00
138E00
030700
060300
060380
060180
060180
060180
060100
060300
070300
038600
01FC00
00F800
ENDCHAR
STARTCHAR uni1FF9
ENCODING 8185
SWIDTH 727 0
DWIDTH 17 0
BBX 16 17 0 0
BITMAP
1800
3000
20F8
41FC
430E
8606
0607
0C03
0C03
0C03
0C03
0C03
0E02
0606
070C
03F8
00F0
ENDCHAR
STARTCHAR uni1FFA
ENCODING 8186
SWIDTH 822 0
DWIDTH 20 0
BBX 18 17 1 0
BITMAP
C00000
600000
607C00
218700
130380
060180
060180
0601C0
0600C0
060180
060180
060180
030300
030200
098440
0CC880
0FCF80
ENDCHAR
STARTCHAR uni1FFB
ENCODING 8187
SWIDTH 752 0
DWIDTH 18 0
BBX 17 17 0 0
BITMAP
180000
300000
20F800
430600
460300
860300
0C0180
0C0180
0C0180
0C0180
0C0180
0C0300
060200
030600
090C80
089880
0F9F80
ENDCHAR
STARTCHAR uni1FFC
ENCODING 8188
SWIDTH 927 0
DWIDTH 22 0
BBX 21 15 1 0
BITMAP
0FC000
306000
603000
603000
C01860
C019E0
C01860
C01860
C01860
603060
602060
306060
98C860
888878
FDF860
ENDCHAR
STARTCHAR uni1FFD
ENCODING 8189
SWIDTH 225 0
DWIDTH 5 0
BBX 5 5 0 13
BITMAP
18
30
20
40
C0
ENDCHAR
STARTCHAR uni1FFE
ENCODING 8190
SWIDTH 187 0
DWIDTH 4 0
BBX 3 5 1 13
BITMAP
E0
C0
80
80
40
ENDCHAR
STARTCHAR uni2000
ENCODING 8192
SWIDTH 469 0
DWIDTH 11 0
BBX 1 1 0 0
BITMAP
00
ENDCHAR
STARTCHAR uni2001
ENCODING 8193
SWIDTH 766 0
DWIDTH 18 0
BBX 1 1 0 0
BITMAP
00
ENDCHAR
STARTCHAR uni2002
ENCODING 8194
SWIDTH 469 0
DWIDTH 11 0
BBX 1 1 0 0
BITMAP
00
ENDCHAR
STARTCHAR uni2003
ENCODING 8195
SWIDTH 766 0
DWIDTH 18 0
BBX 1 1 0 0
BITMAP
00
ENDCHAR
STARTCHAR uni2004
ENCODING 8196
SWIDTH 256 0
DWIDTH 6 0
BBX 1 1 0 0
BITMAP
00
ENDCHAR
STARTCHAR uni2005
ENCODING 8197
SWIDTH 195 0
DWIDTH 5 0
BBX 1 1 0 0
BITMAP
00
ENDCHAR
STARTCHAR uni2006
ENCODING 8198
SWIDTH 126 0
DWIDTH 3 0
BBX 1 1 0 0
BITMAP
00
ENDCHAR
STARTCHAR uni2007
ENCODING 8199
SWIDTH 469 0
DWIDTH 11 0
BBX 1 1 0 0
BITMAP
00
ENDCHAR
STARTCHAR uni2008
ENCODING 8200
SWIDTH 229 0
DWIDTH 6 0
BBX 1 1 0 0
BITMAP
00
ENDCHAR
STARTCHAR uni2009
ENCODING 8201
SWIDTH 146 0
DWIDTH 4 0
BBX 1 1 0 0
BITMAP
00
ENDCHAR
STARTCHAR uni200A
ENCODING 8202
SWIDTH 48 0
DWIDTH 1 0
BBX 1 1 0 0
BITMAP
00
ENDCHAR
STARTCHAR uni200B
ENCODING 8203
SWIDTH 0 0
DWIDTH 0 0
BBX 1 1 0 0
BITMAP
00
ENDCHAR
STARTCHAR uni200C
ENCODING 8204
SWIDTH 0 0
DWIDTH 0 0
BBX 1 1 0 0
BITMAP
00
ENDCHAR
STARTCHAR uni200D
ENCODING 8205
SWIDTH 0 0
DWIDTH 0 0
BBX 1 1 0 0
BITMAP
00
ENDCHAR
STARTCHAR uni200E
ENCODING 8206
SWIDTH 0 0
DWIDTH 0 0
BBX 1 1 0 0
BITMAP
00
ENDCHAR
STARTCHAR uni200F
ENCODING 8207
SWIDTH 0 0
DWIDTH 0 0
BBX 1 1 0 0
BITMAP
00
ENDCHAR
STARTCHAR uni2010
ENCODING 8208
SWIDTH 336 0
DWIDTH 8 0
BBX 6 2 1 5
BITMAP
FC
FC
ENDCHAR
STARTCHAR uni2011
ENCODING 8209
SWIDTH 336 0
DWIDTH 8 0
BBX 6 2 1 5
BITMAP
FC
FC
ENDCHAR
STARTCHAR figuredash
ENCODING 8210
SWIDTH 469 0
DWIDTH 11 0
BBX 10 2 1 5
BITMAP
FFC0
FF80
ENDCHAR
STARTCHAR endash
ENCODING 8211
SWIDTH 469 0
DWIDTH 11 0
BBX 10 2 1 5
BITMAP
FFC0
FF80
ENDCHAR
STARTCHAR emdash
ENCODING 8212
SWIDTH 766 0
DWIDTH 18 0
BBX 17 2 1 5
BITMAP
FFFF80
FFFF00
ENDCHAR
STARTCHAR uni2015
ENCODING 8213
SWIDTH 951 0
DWIDTH 23 0
BBX 21 2 1 5
BITMAP
FFFFF8
FFFFF8
ENDCHAR
STARTCHAR uni2016
ENCODING 8214
SWIDTH 512 0
DWIDTH 12 0
BBX 6 26 3 -6
BITMAP
CC
CC
CC
CC
CC
CC
CC
CC
CC
CC
CC
CC
CC
CC
CC
CC
CC
CC
CC
CC
CC
CC
CC
CC
CC
CC
ENDCHAR
STARTCHAR underscoredbl
ENCODING 8215
SWIDTH 391 0
DWIDTH 9 0
BBX 10 5 0 -6
BITMAP
FFC0
FFC0
0000
FFC0
FFC0
ENDCHAR
STARTCHAR quoteleft
ENCODING 8216
SWIDTH 229 0
DWIDTH 6 0
BBX 4 6 1 11
BITMAP
20
40
C0
C0
E0
50
ENDCHAR
STARTCHAR quoteright
ENCODING 8217
SWIDTH 229 0
DWIDTH 6 0
BBX 3 6 1 11
BITMAP
40
E0
60
60
40
80
ENDCHAR
STARTCHAR quotesinglbase
ENCODING 8218
SWIDTH 229 0
DWIDTH 6 0
BBX 3 6 1 -3
BITMAP
40
E0
60
60
40
80
ENDCHAR
STARTCHAR quotereversed
ENCODING 8219
SWIDTH 229 0
DWIDTH 6 0
BBX 3 6 1 11
BITMAP
40
E0
C0
C0
40
20
ENDCHAR
STARTCHAR quotedblleft
ENCODING 8220
SWIDTH 436 0
DWIDTH 10 0
BBX 8 6 1 11
BITMAP
22
44
CC
CC
EE
55
ENDCHAR
STARTCHAR quotedblright
ENCODING 8221
SWIDTH 436 0
DWIDTH 10 0
BBX 7 6 2 11
BITMAP
44
FE
66
66
44
88
ENDCHAR
STARTCHAR quotedblbase
ENCODING 8222
SWIDTH 449 0
DWIDTH 11 0
BBX 8 6 2 -3
BITMAP
42
EF
63
63
42
84
ENDCHAR
STARTCHAR uni201F
ENCODING 8223
SWIDTH 436 0
DWIDTH 10 0
BBX 8 6 1 11
BITMAP
44
FF
CC
CC
44
22
ENDCHAR
STARTCHAR dagger
ENCODING 8224
SWIDTH 477 0
DWIDTH 11 0
BBX 10 17 1 0
BITMAP
0E00
1C00
0C00
0C00
8C40
FFC0
8C80
0C00
0C00
0C00
0C00
0C00
0C00
0C00
0C00
0C00
0C00
ENDCHAR
STARTCHAR daggerdbl
ENCODING 8225
SWIDTH 477 0
DWIDTH 11 0
BBX 10 17 1 0
BITMAP
0E00
1C00
0C00
0C00
8C40
FFC0
8C80
0C00
0C00
0C00
0C00
8C40
FFC0
8C80
0C00
0C00
1E00
ENDCHAR
STARTCHAR bullet
ENCODING 8226
SWIDTH 277 0
DWIDTH 7 0
BBX 5 5 1 5
BITMAP
70
F8
F8
F8
70
ENDCHAR
STARTCHAR uni2023
ENCODING 8227
SWIDTH 255 0
DWIDTH 6 0
BBX 4 5 1 5
BITMAP
80
E0
F0
E0
80
ENDCHAR
STARTCHAR onedotenleader
ENCODING 8228
SWIDTH 229 0
DWIDTH 6 0
BBX 3 3 1 0
BITMAP
60
E0
E0
ENDCHAR
STARTCHAR twodotenleader
ENCODING 8229
SWIDTH 448 0
DWIDTH 11 0
BBX 8 3 2 0
BITMAP
63
E7
C6
ENDCHAR
STARTCHAR ellipsis
ENCODING 8230
SWIDTH 668 0
DWIDTH 16 0
BBX 14 3 1 0
BITMAP
6318
E71C
E718
ENDCHAR
STARTCHAR uni2027
ENCODING 8231
SWIDTH 146 0
DWIDTH 4 0
BBX 2 3 1 7
BITMAP
C0
C0
C0
ENDCHAR
STARTCHAR uni2028
ENCODING 8232
SWIDTH 0 0
DWIDTH 0 0
BBX 1 1 0 0
BITMAP
00
ENDCHAR
STARTCHAR uni2029
ENCODING 8233
SWIDTH 0 0
DWIDTH 0 0
BBX 1 1 0 0
BITMAP
00
ENDCHAR
STARTCHAR uni202A
ENCODING 8234
SWIDTH 0 0
DWIDTH 0 0
BBX 1 1 0 0
BITMAP
00
ENDCHAR
STARTCHAR uni202B
ENCODING 8235
SWIDTH 0 0
DWIDTH 0 0
BBX 1 1 0 0
BITMAP
00
ENDCHAR
STARTCHAR uni202C
ENCODING 8236
SWIDTH 0 0
DWIDTH 0 0
BBX 1 1 0 0
BITMAP
00
ENDCHAR
STARTCHAR uni202D
ENCODING 8237
SWIDTH 0 0
DWIDTH 0 0
BBX 1 1 0 0
BITMAP
00
ENDCHAR
STARTCHAR uni202E
ENCODING 8238
SWIDTH 0 0
DWIDTH 0 0
BBX 1 1 0 0
BITMAP
00
ENDCHAR
STARTCHAR uni202F
ENCODING 8239
SWIDTH 240 0
DWIDTH 6 0
BBX 1 1 0 0
BITMAP
00
ENDCHAR
STARTCHAR perthousand
ENCODING 8240
SWIDTH 1013 0
DWIDTH 25 0
BBX 23 15 1 0
BITMAP
000800
381000
6C3000
C66000
C64000
C6C000
658000
3B3838
026C6C
06C6C6
0CC6C6
08C6C6
18C6C6
306464
603838
ENDCHAR
STARTCHAR minute
ENCODING 8242
SWIDTH 241 0
DWIDTH 6 0
BBX 4 6 1 10
BITMAP
30
70
60
40
C0
80
ENDCHAR
STARTCHAR second
ENCODING 8243
SWIDTH 388 0
DWIDTH 9 0
BBX 8 6 1 10
BITMAP
37
76
6C
4C
C8
90
ENDCHAR
STARTCHAR uni2034
ENCODING 8244
SWIDTH 534 0
DWIDTH 13 0
BBX 11 6 1 10
BITMAP
3760
76E0
6CC0
4C80
C980
9100
ENDCHAR
STARTCHAR uni2035
ENCODING 8245
SWIDTH 246 0
DWIDTH 6 0
BBX 4 6 1 10
BITMAP
C0
E0
60
20
30
10
ENDCHAR
STARTCHAR uni2036
ENCODING 8246
SWIDTH 393 0
DWIDTH 9 0
BBX 8 6 1 10
BITMAP
DC
EC
66
26
32
11
ENDCHAR
STARTCHAR uni2037
ENCODING 8247
SWIDTH 539 0
DWIDTH 13 0
BBX 11 6 1 10
BITMAP
DD80
EDC0
66C0
2640
3220
1120
ENDCHAR
STARTCHAR uni2038
ENCODING 8248
SWIDTH 258 0
DWIDTH 6 0
BBX 6 3 0 -3
BITMAP
30
68
CC
ENDCHAR
STARTCHAR guilsinglleft
ENCODING 8249
SWIDTH 304 0
DWIDTH 7 0
BBX 5 11 1 0
BITMAP
08
10
30
60
C0
C0
E0
60
30
10
08
ENDCHAR
STARTCHAR guilsinglright
ENCODING 8250
SWIDTH 304 0
DWIDTH 7 0
BBX 4 11 2 0
BITMAP
80
80
40
60
30
30
30
60
40
80
80
ENDCHAR
STARTCHAR exclamdbl
ENCODING 8252
SWIDTH 457 0
DWIDTH 11 0
BBX 7 17 2 0
BITMAP
46
C6
C6
C6
C6
C6
C6
C6
C4
C4
44
44
44
00
66
EE
E6
ENDCHAR
STARTCHAR uni203F
ENCODING 8255
SWIDTH 317 0
DWIDTH 8 0
BBX 8 4 0 -6
BITMAP
81
C2
7E
3C
ENDCHAR
STARTCHAR uni2040
ENCODING 8256
SWIDTH 317 0
DWIDTH 8 0
BBX 8 5 0 12
BITMAP
38
7C
46
82
81
ENDCHAR
STARTCHAR fraction
ENCODING 8260
SWIDTH 469 0
DWIDTH 11 0
BBX 11 18 0 -2
BITMAP
0020
0060
0040
0080
0180
0100
0300
0200
0600
0400
0C00
1800
1000
3000
2000
6000
4000
C000
ENDCHAR
STARTCHAR uni2053
ENCODING 8275
SWIDTH 410 0
DWIDTH 10 0
BBX 8 3 1 5
BITMAP
71
9E
8E
ENDCHAR
STARTCHAR uni2057
ENCODING 8279
SWIDTH 681 0
DWIDTH 16 0
BBX 15 6 1 10
BITMAP
376E
76EC
6CC8
4C98
C990
9120
ENDCHAR
STARTCHAR uni2060
ENCODING 8288
SWIDTH 0 0
DWIDTH 0 0
BBX 1 1 0 0
BITMAP
00
ENDCHAR
STARTCHAR uni2061
ENCODING 8289
SWIDTH 0 0
DWIDTH 0 0
BBX 1 1 0 0
BITMAP
00
ENDCHAR
STARTCHAR uni2062
ENCODING 8290
SWIDTH 0 0
DWIDTH 0 0
BBX 1 1 0 0
BITMAP
00
ENDCHAR
STARTCHAR uni2063
ENCODING 8291
SWIDTH 0 0
DWIDTH 0 0
BBX 1 1 0 0
BITMAP
00
ENDCHAR
STARTCHAR uni206A
ENCODING 8298
SWIDTH 0 0
DWIDTH 0 0
BBX 1 1 0 0
BITMAP
00
ENDCHAR
STARTCHAR uni206B
ENCODING 8299
SWIDTH 0 0
DWIDTH 0 0
BBX 1 1 0 0
BITMAP
00
ENDCHAR
STARTCHAR uni206C
ENCODING 8300
SWIDTH 0 0
DWIDTH 0 0
BBX 1 1 0 0
BITMAP
00
ENDCHAR
STARTCHAR uni206D
ENCODING 8301
SWIDTH 0 0
DWIDTH 0 0
BBX 1 1 0 0
BITMAP
00
ENDCHAR
STARTCHAR uni206E
ENCODING 8302
SWIDTH 0 0
DWIDTH 0 0
BBX 1 1 0 0
BITMAP
00
ENDCHAR
STARTCHAR uni206F
ENCODING 8303
SWIDTH 0 0
DWIDTH 0 0
BBX 1 1 0 0
BITMAP
00
ENDCHAR
STARTCHAR uni2070
ENCODING 8304
SWIDTH 328 0
DWIDTH 8 0
BBX 6 9 1 7
BITMAP
38
58
CC
CC
CC
CC
CC
48
70
ENDCHAR
STARTCHAR uni2071
ENCODING 8305
SWIDTH 189 0
DWIDTH 5 0
BBX 4 10 0 7
BITMAP
20
60
00
20
E0
60
60
60
60
F0
ENDCHAR
STARTCHAR uni2074
ENCODING 8308
SWIDTH 328 0
DWIDTH 8 0
BBX 7 9 0 7
BITMAP
0C
1C
3C
2C
4C
8C
FE
0C
3E
ENDCHAR
STARTCHAR uni2075
ENCODING 8309
SWIDTH 328 0
DWIDTH 8 0
BBX 7 9 0 7
BITMAP
7E
40
40
78
8E
06
06
8C
78
ENDCHAR
STARTCHAR uni2076
ENCODING 8310
SWIDTH 328 0
DWIDTH 8 0
BBX 6 9 1 7
BITMAP
0C
30
60
F8
CC
CC
CC
CC
78
ENDCHAR
STARTCHAR uni2077
ENCODING 8311
SWIDTH 328 0
DWIDTH 8 0
BBX 6 9 1 7
BITMAP
FC
84
08
08
10
10
20
20
60
ENDCHAR
STARTCHAR uni2078
ENCODING 8312
SWIDTH 328 0
DWIDTH 8 0
BBX 7 9 0 7
BITMAP
7C
C6
C6
6C
3C
C6
C6
C6
78
ENDCHAR
STARTCHAR uni2079
ENCODING 8313
SWIDTH 328 0
DWIDTH 8 0
BBX 6 9 1 7
BITMAP
38
5C
CC
CC
CC
7C
18
30
C0
ENDCHAR
STARTCHAR uni207A
ENCODING 8314
SWIDTH 293 0
DWIDTH 7 0
BBX 6 5 1 9
BITMAP
30
30
FC
30
30
ENDCHAR
STARTCHAR uni207B
ENCODING 8315
SWIDTH 235 0
DWIDTH 6 0
BBX 5 1 0 10
BITMAP
F8
ENDCHAR
STARTCHAR uni207C
ENCODING 8316
SWIDTH 307 0
DWIDTH 7 0
BBX 7 3 0 10
BITMAP
7E
80
FE
ENDCHAR
STARTCHAR uni207D
ENCODING 8317
SWIDTH 221 0
DWIDTH 5 0
BBX 4 14 1 5
BITMAP
10
20
60
60
C0
C0
C0
C0
C0
C0
40
60
20
10
ENDCHAR
STARTCHAR uni207E
ENCODING 8318
SWIDTH 221 0
DWIDTH 5 0
BBX 5 14 0 5
BITMAP
C0
20
30
10
18
18
18
18
18
18
30
20
20
C0
ENDCHAR
STARTCHAR uni207F
ENCODING 8319
SWIDTH 386 0
DWIDTH 9 0
BBX 9 7 0 7
BITMAP
E600
7B00
6300
6300
6300
6300
F780
ENDCHAR
STARTCHAR uni2080
ENCODING 8320
SWIDTH 328 0
DWIDTH 8 0
BBX 6 9 1 -3
BITMAP
38
58
CC
CC
CC
CC
CC
48
70
ENDCHAR
STARTCHAR uni2081
ENCODING 8321
SWIDTH 328 0
DWIDTH 8 0
BBX 6 9 1 -3
BITMAP
30
F0
30
30
30
30
30
30
FC
ENDCHAR
STARTCHAR uni2082
ENCODING 8322
SWIDTH 328 0
DWIDTH 8 0
BBX 7 9 0 -3
BITMAP
3C
46
46
06
0C
18
30
62
FE
ENDCHAR
STARTCHAR uni2083
ENCODING 8323
SWIDTH 328 0
DWIDTH 8 0
BBX 7 9 0 -3
BITMAP
3C
66
06
0C
1E
06
06
8C
78
ENDCHAR
STARTCHAR uni2084
ENCODING 8324
SWIDTH 328 0
DWIDTH 8 0
BBX 7 9 0 -3
BITMAP
0C
1C
3C
2C
4C
8C
FE
0C
3E
ENDCHAR
STARTCHAR uni2085
ENCODING 8325
SWIDTH 328 0
DWIDTH 8 0
BBX 7 9 0 -3
BITMAP
7E
40
40
78
8E
06
06
8C
78
ENDCHAR
STARTCHAR uni2086
ENCODING 8326
SWIDTH 328 0
DWIDTH 8 0
BBX 6 9 1 -3
BITMAP
0C
30
60
F8
CC
CC
CC
CC
78
ENDCHAR
STARTCHAR uni2087
ENCODING 8327
SWIDTH 328 0
DWIDTH 8 0
BBX 6 9 1 -3
BITMAP
FC
84
08
08
10
10
20
20
60
ENDCHAR
STARTCHAR uni2088
ENCODING 8328
SWIDTH 328 0
DWIDTH 8 0
BBX 7 9 0 -3
BITMAP
7C
C6
C6
6C
3C
C6
C6
C6
78
ENDCHAR
STARTCHAR uni2089
ENCODING 8329
SWIDTH 328 0
DWIDTH 8 0
BBX 6 9 1 -3
BITMAP
38
5C
CC
CC
CC
7C
18
30
C0
ENDCHAR
STARTCHAR uni208A
ENCODING 8330
SWIDTH 287 0
DWIDTH 7 0
BBX 6 5 1 -1
BITMAP
30
30
FC
30
30
ENDCHAR
STARTCHAR uni208B
ENCODING 8331
SWIDTH 235 0
DWIDTH 6 0
BBX 5 1 0 0
BITMAP
F8
ENDCHAR
STARTCHAR uni208C
ENCODING 8332
SWIDTH 307 0
DWIDTH 7 0
BBX 7 3 0 0
BITMAP
7E
80
FE
ENDCHAR
STARTCHAR uni208D
ENCODING 8333
SWIDTH 221 0
DWIDTH 5 0
BBX 4 14 1 -5
BITMAP
10
20
60
60
C0
C0
C0
C0
C0
C0
40
60
20
10
ENDCHAR
STARTCHAR uni208E
ENCODING 8334
SWIDTH 221 0
DWIDTH 5 0
BBX 5 14 0 -5
BITMAP
C0
20
30
10
18
18
18
18
18
18
30
20
20
C0
ENDCHAR
STARTCHAR uni2090
ENCODING 8336
SWIDTH 321 0
DWIDTH 8 0
BBX 7 8 1 -3
BITMAP
38
CC
0C
1C
7C
CC
CC
FE
ENDCHAR
STARTCHAR uni2091
ENCODING 8337
SWIDTH 323 0
DWIDTH 8 0
BBX 7 7 0 -3
BITMAP
3C
46
FE
C0
C0
62
3C
ENDCHAR
STARTCHAR uni2092
ENCODING 8338
SWIDTH 352 0
DWIDTH 8 0
BBX 6 7 1 -3
BITMAP
38
5C
CC
CC
CC
C8
70
ENDCHAR
STARTCHAR uni2093
ENCODING 8339
SWIDTH 352 0
DWIDTH 8 0
BBX 8 6 0 -2
BITMAP
F7
34
18
1C
26
E7
ENDCHAR
STARTCHAR uni2094
ENCODING 8340
SWIDTH 317 0
DWIDTH 8 0
BBX 6 7 1 -3
BITMAP
78
9C
0C
7C
CC
C8
70
ENDCHAR
STARTCHAR uni20A0
ENCODING 8352
SWIDTH 469 0
DWIDTH 11 0
BBX 9 14 1 0
BITMAP
1E00
2300
4000
C000
C000
FF80
D880
D800
7800
3F00
1800
1800
1880
3F80
ENDCHAR
STARTCHAR colonmonetary
ENCODING 8353
SWIDTH 469 0
DWIDTH 11 0
BBX 10 16 1 -1
BITMAP
0280
0F80
35C0
6500
6900
CA00
CA00
D400
D400
E400
E800
E840
7180
7F00
5E00
A000
ENDCHAR
STARTCHAR uni20A2
ENCODING 8354
SWIDTH 469 0
DWIDTH 11 0
BBX 10 14 1 0
BITMAP
0F80
31C0
2000
6000
C000
CDC0
DE40
CE00
CC00
CC00
6C00
6CC0
3F00
1E00
ENDCHAR
STARTCHAR franc
ENCODING 8355
SWIDTH 469 0
DWIDTH 11 0
BBX 10 14 0 0
BITMAP
FFC0
3040
3040
3000
3000
3000
3F80
3100
3000
7E00
B000
3000
3000
FC00
ENDCHAR
STARTCHAR lira
ENCODING 8356
SWIDTH 469 0
DWIDTH 11 0
BBX 10 14 0 0
BITMAP
0780
18C0
1040
3040
3000
7C00
B200
3000
FE00
3000
3040
2040
7FC0
8080
ENDCHAR
STARTCHAR uni20A5
ENCODING 8357
SWIDTH 532 0
DWIDTH 13 0
BBX 13 15 0 -3
BITMAP
0020
0040
0040
E670
7BB0
7330
6330
6330
6330
6730
6730
FBF8
0C00
0800
1000
ENDCHAR
STARTCHAR uni20A6
ENCODING 8358
SWIDTH 469 0
DWIDTH 11 0
BBX 9 14 1 0
BITMAP
C780
4300
6300
6300
7300
FF80
6B00
FF80
6B00
6700
6700
6700
6300
F300
ENDCHAR
STARTCHAR peseta
ENCODING 8359
SWIDTH 865 0
DWIDTH 21 0
BBX 20 15 0 0
BITMAP
7F0000
B18000
31C000
30D800
30D800
30D800
30FFF0
319B10
3E1B00
301980
3018E0
301870
301A30
301A30
FC1FE0
ENDCHAR
STARTCHAR uni20A8
ENCODING 8360
SWIDTH 645 0
DWIDTH 16 0
BBX 16 15 0 0
BITMAP
7F00
B180
30C0
30C0
30C0
3080
338E
3E31
3230
3238
311C
3186
3086
30C6
787C
ENDCHAR
STARTCHAR uni20A9
ENCODING 8361
SWIDTH 469 0
DWIDTH 11 0
BBX 11 14 0 0
BITMAP
E4E0
4440
6640
6640
2A40
7FE0
2A80
7FE0
2980
2980
3180
3180
3180
1100
ENDCHAR
STARTCHAR uni20AA
ENCODING 8362
SWIDTH 500 0
DWIDTH 13 0
BBX 12 11 0 0
BITMAP
FF30
FFB0
C1B0
D9B0
D9B0
D9B0
D9B0
D9B0
D830
DFF0
DFF0
ENDCHAR
STARTCHAR dong
ENCODING 8363
SWIDTH 469 0
DWIDTH 11 0
BBX 10 17 1 -3
BITMAP
0700
0300
1FC0
0300
0300
3F00
6300
4300
C300
C300
C300
E700
7F80
3BC0
0000
7800
7F00
ENDCHAR
STARTCHAR Euro
ENCODING 8364
SWIDTH 469 0
DWIDTH 11 0
BBX 11 14 0 0
BITMAP
07C0
08E0
1000
3000
3000
7F00
2000
2000
FF00
3000
3020
3840
1F80
0F00
ENDCHAR
STARTCHAR uni20AD
ENCODING 8365
SWIDTH 469 0
DWIDTH 11 0
BBX 12 14 0 0
BITMAP
79F0
30C0
3180
3300
3200
3400
7FC0
B400
3600
3300
3180
30C0
30C0
7870
ENDCHAR
STARTCHAR uni20AE
ENCODING 8366
SWIDTH 469 0
DWIDTH 11 0
BBX 10 14 1 0
BITMAP
FFC0
8C40
8C40
0D00
0D00
0E00
1D00
3F00
4C00
3C00
2C00
0C00
0C00
3F00
ENDCHAR
STARTCHAR uni20AF
ENCODING 8367
SWIDTH 898 0
DWIDTH 22 0
BBX 20 20 1 -5
BITMAP
060000
1F8000
68C000
986000
186000
1831C0
183260
183430
183430
183430
182430
182430
F86670
9CC7E0
E786C0
000600
000600
000600
000E00
000C00
ENDCHAR
STARTCHAR uni20B0
ENCODING 8368
SWIDTH 444 0
DWIDTH 11 0
BBX 8 16 1 0
BITMAP
1C
34
34
34
14
18
08
4C
34
76
72
A3
03
03
03
0C
ENDCHAR
STARTCHAR uni20B1
ENCODING 8369
SWIDTH 469 0
DWIDTH 11 0
BBX 11 15 0 0
BITMAP
7F00
B180
30C0
FFE0
30C0
FFE0
3080
3180
3F00
3000
3000
3000
3000
3000
FC00
ENDCHAR
STARTCHAR uni20B2
ENCODING 8370
SWIDTH 469 0
DWIDTH 11 0
BBX 10 18 1 -2
BITMAP
0C00
0C00
1F80
3D80
6C00
4C00
CC00
CC00
CC00
CFC0
CD80
CD80
CD80
6D80
7D80
1E00
0C00
0C00
ENDCHAR
STARTCHAR uni20B3
ENCODING 8371
SWIDTH 469 0
DWIDTH 11 0
BBX 11 15 0 0
BITMAP
0400
0400
0E00
0E00
0E00
0B00
1B00
1300
7FC0
1180
7FC0
2080
20C0
60C0
F1E0
ENDCHAR
STARTCHAR uni20B4
ENCODING 8372
SWIDTH 469 0
DWIDTH 11 0
BBX 11 14 0 0
BITMAP
1F00
31C0
20C0
00C0
01C0
FFE0
0E00
FFE0
7000
6040
6040
70C0
3F80
1F00
ENDCHAR
STARTCHAR uni20B5
ENCODING 8373
SWIDTH 469 0
DWIDTH 11 0
BBX 10 18 1 -2
BITMAP
0C00
0C00
1F80
2DC0
6C00
4C00
CC00
CC00
CC00
CC00
CC00
CC00
EC00
6C40
7D80
1E00
0C00
0C00
ENDCHAR
STARTCHAR uni20E5
ENCODING 8421
SWIDTH 0 0
DWIDTH 0 0
BBX 10 19 -11 -4
BITMAP
8000
C000
4000
6000
2000
3000
1000
1800
0800
0C00
0400
0600
0200
0300
0100
0180
0080
0080
0040
ENDCHAR
STARTCHAR uni20EC
ENCODING 8428
SWIDTH 0 0
DWIDTH 0 0
BBX 6 3 -9 -6
BITMAP
FC
08
08
ENDCHAR
STARTCHAR uni20ED
ENCODING 8429
SWIDTH 0 0
DWIDTH 0 0
BBX 7 3 -10 -6
BITMAP
FE
60
20
ENDCHAR
STARTCHAR uni20EE
ENCODING 8430
SWIDTH 0 0
DWIDTH 0 0
BBX 7 5 -10 -6
BITMAP
20
40
FE
40
20
ENDCHAR
STARTCHAR uni20EF
ENCODING 8431
SWIDTH 0 0
DWIDTH 0 0
BBX 6 5 -9 -6
BITMAP
08
04
FC
04
08
ENDCHAR
STARTCHAR uni2116
ENCODING 8470
SWIDTH 932 0
DWIDTH 23 0
BBX 21 15 0 0
BITMAP
F03E00
300C00
380C70
3C0D98
360D98
320D98
310D90
318CE0
30CC00
306DF8
302C00
303C00
301C00
300C00
FC0400
ENDCHAR
STARTCHAR uni211F
ENCODING 8479
SWIDTH 610 0
DWIDTH 16 0
BBX 15 21 0 -4
BITMAP
0006
000E
7F86
B0C6
3064
306C
3068
3048
30D8
3F10
3330
31A0
31A0
30E0
30E0
3070
FCBC
0080
0180
0100
0100
ENDCHAR
STARTCHAR trademark
ENCODING 8482
SWIDTH 559 0
DWIDTH 13 0
BBX 12 6 1 9
BITMAP
FC30
A660
2660
25A0
25A0
7EF0
ENDCHAR
STARTCHAR uni2123
ENCODING 8483
SWIDTH 649 0
DWIDTH 16 0
BBX 14 21 0 -4
BITMAP
0380
0380
F9BC
6118
3110
3330
3230
1E20
1C60
1C60
0C40
0CC0
0E80
1680
1780
1300
2300
2000
2000
4000
4000
ENDCHAR
STARTCHAR Omega
ENCODING 8486
SWIDTH 632 0
DWIDTH 15 0
BBX 13 15 1 0
BITMAP
0FC0
3060
6030
6030
C018
C018
C018
C018
C018
6030
6020
3060
98C8
8888
FDF8
ENDCHAR
STARTCHAR onethird
ENCODING 8531
SWIDTH 585 0
DWIDTH 14 0
BBX 14 14 0 0
BITMAP
3010
F030
3020
3040
30C0
3080
7900
8770
0298
0418
0C78
080C
110C
30F0
ENDCHAR
STARTCHAR twothirds
ENCODING 8532
SWIDTH 585 0
DWIDTH 14 0
BBX 14 14 0 0
BITMAP
3C10
4C30
0C20
1840
30C0
6480
FD00
0370
0298
0418
0C78
080C
110C
30F0
ENDCHAR
STARTCHAR uni2155
ENCODING 8533
SWIDTH 585 0
DWIDTH 14 0
BBX 12 14 1 0
BITMAP
3020
F060
3040
3080
3180
3100
7A00
87E0
0580
09E0
1A30
1030
2430
63C0
ENDCHAR
STARTCHAR uni2156
ENCODING 8534
SWIDTH 585 0
DWIDTH 14 0
BBX 14 14 0 0
BITMAP
3C10
4C30
0C20
1840
30C0
6480
FD00
0378
0240
0478
0C0C
080C
110C
30F0
ENDCHAR
STARTCHAR uni2157
ENCODING 8535
SWIDTH 585 0
DWIDTH 15 0
BBX 13 14 1 0
BITMAP
7020
9840
30C0
5880
0D00
8F00
7200
04F0
0C80
08F0
1018
1018
2218
41E0
ENDCHAR
STARTCHAR uni2158
ENCODING 8536
SWIDTH 585 0
DWIDTH 14 0
BBX 12 14 1 0
BITMAP
1830
3860
5840
9880
FD80
1900
3A00
07E0
0500
09E0
0A30
1030
2430
63C0
ENDCHAR
STARTCHAR uni2159
ENCODING 8537
SWIDTH 585 0
DWIDTH 15 0
BBX 14 14 0 0
BITMAP
3018
F030
3020
3040
3040
3080
7900
8500
0238
0440
04F8
08CC
10CC
3078
ENDCHAR
STARTCHAR uni215A
ENCODING 8538
SWIDTH 585 0
DWIDTH 15 0
BBX 14 14 0 0
BITMAP
7C10
4030
7820
8C40
0CC0
8C80
7100
0300
0238
0440
0CB8
08CC
10CC
3078
ENDCHAR
STARTCHAR oneeighth
ENCODING 8539
SWIDTH 585 0
DWIDTH 14 0
BBX 14 14 0 0
BITMAP
3010
F030
3020
3040
30C0
3080
7900
8738
0248
0448
0C78
08CC
10CC
3078
ENDCHAR
STARTCHAR threeeighths
ENCODING 8540
SWIDTH 585 0
DWIDTH 14 0
BBX 12 14 1 0
BITMAP
7020
9840
30C0
5880
0D00
8F00
7200
04F0
0DB0
09A0
10E0
3190
2190
40E0
ENDCHAR
STARTCHAR fiveeighths
ENCODING 8541
SWIDTH 585 0
DWIDTH 14 0
BBX 14 14 0 0
BITMAP
7C10
4020
7860
8C40
0C80
8D80
7100
0238
0648
0448
0878
18CC
10CC
2078
ENDCHAR
STARTCHAR seveneighths
ENCODING 8542
SWIDTH 585 0
DWIDTH 14 0
BBX 13 14 1 0
BITMAP
F860
88C0
1080
1100
2100
2200
4400
0470
0890
1090
10F0
2198
4198
C0F0
ENDCHAR
STARTCHAR uni215F
ENCODING 8543
SWIDTH 585 0
DWIDTH 14 0
BBX 13 14 0 0
BITMAP
3018
F030
3020
3040
30C0
3080
7900
8700
0200
0400
0C00
0800
1000
3000
ENDCHAR
STARTCHAR uni2160
ENCODING 8544
SWIDTH 297 0
DWIDTH 7 0
BBX 6 15 0 0
BITMAP
FC
30
30
30
30
30
30
30
30
30
30
30
30
30
FC
ENDCHAR
STARTCHAR uni2161
ENCODING 8545
SWIDTH 595 0
DWIDTH 14 0
BBX 13 15 0 0
BITMAP
FDF8
3060
3060
3060
3060
3060
3060
3060
3060
3060
3060
3060
3060
3060
FDF8
ENDCHAR
STARTCHAR uni2162
ENCODING 8546
SWIDTH 893 0
DWIDTH 21 0
BBX 20 15 0 0
BITMAP
FDF9F0
3060C0
3060C0
3060C0
3060C0
3060C0
3060C0
3060C0
3060C0
3060C0
3060C0
3060C0
3060C0
3060C0
FDF9F0
ENDCHAR
STARTCHAR uni2163
ENCODING 8547
SWIDTH 947 0
DWIDTH 23 0
BBX 22 15 0 0
BITMAP
FDF07C
306010
302010
303030
303020
301820
301860
301840
300CC0
300CC0
300480
300780
300780
300300
FC0300
ENDCHAR
STARTCHAR uni2164
ENCODING 8548
SWIDTH 649 0
DWIDTH 16 0
BBX 15 15 0 0
BITMAP
F83E
3008
3018
1818
1810
1830
0C20
0C20
0660
0640
0640
03C0
0380
0380
0100
ENDCHAR
STARTCHAR uni2165
ENCODING 8549
SWIDTH 947 0
DWIDTH 23 0
BBX 21 15 0 0
BITMAP
F83EF8
300830
301830
181830
181030
183030
0C2030
0C2030
066030
064030
064030
03C030
038030
038030
0100F8
ENDCHAR
STARTCHAR uni2166
ENCODING 8550
SWIDTH 1245 0
DWIDTH 30 0
BBX 28 15 0 0
BITMAP
F83EF9F0
30083060
30183060
18183060
18103060
18303060
0C203060
0C203060
06603060
06403060
06403060
03C03060
03803060
03803060
0100F9F0
ENDCHAR
STARTCHAR uni2167
ENCODING 8551
SWIDTH 1543 0
DWIDTH 37 0
BBX 36 15 0 0
BITMAP
F83EF9F3F0
30083060C0
30183060C0
18183060C0
18103060C0
18303060C0
0C203060C0
0C203060C0
06603060C0
06403060C0
06403060C0
03C03060C0
03803060C0
03803060C0
0100F9F3F0
ENDCHAR
STARTCHAR uni2168
ENCODING 8552
SWIDTH 913 0
DWIDTH 22 0
BBX 22 15 0 0
BITMAP
FCF8F8
306060
303040
3018C0
301D80
300D80
300700
300700
300700
300D80
3018C0
3010E0
303060
306030
FCF8FC
ENDCHAR
STARTCHAR uni2169
ENCODING 8553
SWIDTH 615 0
DWIDTH 15 0
BBX 14 15 0 0
BITMAP
FC7C
3030
1820
1C60
0CC0
0680
0380
0380
0780
06C0
0CE0
1860
1830
3038
FC7C
ENDCHAR
STARTCHAR uni216A
ENCODING 8554
SWIDTH 913 0
DWIDTH 22 0
BBX 20 15 0 0
BITMAP
FC7DF0
303060
182060
1C6060
0CC060
068060
038060
038060
078060
06C060
0CE060
186060
183060
303860
FC7DF0
ENDCHAR
STARTCHAR uni216B
ENCODING 8555
SWIDTH 1210 0
DWIDTH 29 0
BBX 28 15 0 0
BITMAP
FC7DF3F0
303060C0
182060C0
1C6060C0
0CC060C0
068060C0
038060C0
038060C0
078060C0
06C060C0
0CE060C0
186060C0
183060C0
303860C0
FC7DF3F0
ENDCHAR
STARTCHAR uni216C
ENCODING 8556
SWIDTH 476 0
DWIDTH 11 0
BBX 11 15 0 0
BITMAP
FC00
3000
3000
3000
3000
3000
3000
3000
3000
3000
3000
3000
3020
3020
FFE0
ENDCHAR
STARTCHAR uni216D
ENCODING 8557
SWIDTH 536 0
DWIDTH 13 0
BBX 11 15 1 0
BITMAP
07C0
1860
2000
6000
4000
C000
C000
C000
C000
C000
E000
7020
7840
3F80
0F00
ENDCHAR
STARTCHAR uni216E
ENCODING 8558
SWIDTH 592 0
DWIDTH 14 0
BBX 13 15 0 0
BITMAP
7F80
B0E0
3070
3030
3018
3018
3018
3018
3018
3018
3010
3030
3060
30C0
FF80
ENDCHAR
STARTCHAR uni216F
ENCODING 8559
SWIDTH 806 0
DWIDTH 19 0
BBX 17 15 1 0
BITMAP
F00780
700700
780F00
780B00
680B00
6C1B00
6C1300
663300
662300
632300
636300
614300
61C300
618300
F08F80
ENDCHAR
STARTCHAR uni2170
ENCODING 8560
SWIDTH 270 0
DWIDTH 7 0
BBX 6 16 0 0
BITMAP
30
30
30
00
00
30
F0
30
30
30
30
30
30
30
30
FC
ENDCHAR
STARTCHAR uni2171
ENCODING 8561
SWIDTH 541 0
DWIDTH 13 0
BBX 12 16 0 0
BITMAP
3040
30E0
30C0
0000
0000
3060
F1E0
30E0
30E0
30E0
30E0
30E0
30E0
30E0
30E0
FDF0
ENDCHAR
STARTCHAR uni2172
ENCODING 8562
SWIDTH 812 0
DWIDTH 20 0
BBX 19 16 0 0
BITMAP
304180
30E180
30C180
000000
000000
306180
F1E780
30E180
30E180
30E180
30E180
30E180
30E180
30E180
30E180
FDF7E0
ENDCHAR
STARTCHAR uni2173
ENCODING 8563
SWIDTH 764 0
DWIDTH 18 0
BBX 18 16 0 0
BITMAP
300000
300000
300000
000000
000000
31E3C0
F0C180
304100
306100
306300
303200
303200
301400
301C00
301C00
FC0800
ENDCHAR
STARTCHAR uni2174
ENCODING 8564
SWIDTH 493 0
DWIDTH 12 0
BBX 12 11 0 0
BITMAP
F8F0
3040
3040
3080
1880
1980
0900
0D00
0F00
0600
0600
ENDCHAR
STARTCHAR uni2175
ENCODING 8565
SWIDTH 764 0
DWIDTH 18 0
BBX 17 16 0 0
BITMAP
000300
000700
000200
000000
000000
F8F300
304F00
304300
308300
188300
198300
090300
0D0300
0F0300
060300
060F80
ENDCHAR
STARTCHAR uni2176
ENCODING 8566
SWIDTH 1035 0
DWIDTH 25 0
BBX 24 16 0 0
BITMAP
00030C
00070C
00020C
000000
000000
F8F30C
304F1C
30430C
30830C
18830C
19830C
09030C
0D030C
0F030C
06030C
060F9F
ENDCHAR
STARTCHAR uni2177
ENCODING 8567
SWIDTH 1306 0
DWIDTH 31 0
BBX 30 16 0 0
BITMAP
00030C18
00070C38
00020C10
00000000
00000000
F8F30C18
304F1C78
30430C18
30830C18
18830C18
19830C18
09030C18
0D030C18
0F030C18
06030C18
060F9F7C
ENDCHAR
STARTCHAR uni2178
ENCODING 8568
SWIDTH 773 0
DWIDTH 19 0
BBX 18 16 0 0
BITMAP
300000
300000
300000
000000
000000
31F3C0
F0E100
306200
303600
301C00
300C00
301E00
302600
306300
30C180
FDE3C0
ENDCHAR
STARTCHAR uni2179
ENCODING 8569
SWIDTH 502 0
DWIDTH 12 0
BBX 12 11 0 0
BITMAP
F9F0
30C0
1880
0D00
0E00
0600
0F00
1980
10C0
20E0
F9F0
ENDCHAR
STARTCHAR uni217A
ENCODING 8570
SWIDTH 773 0
DWIDTH 19 0
BBX 18 16 0 0
BITMAP
000300
000300
000300
000000
000000
F9F300
30CF00
188300
0D0300
0E0300
060300
0F0300
198300
10C300
20E300
F9FFC0
ENDCHAR
STARTCHAR uni217B
ENCODING 8571
SWIDTH 1044 0
DWIDTH 25 0
BBX 24 16 0 0
BITMAP
000304
00030E
00030C
000000
000000
F9F306
30CF1E
188306
0D0306
0E0306
060306
0F0306
198306
10C306
20E306
F9FFDF
ENDCHAR
STARTCHAR uni217C
ENCODING 8572
SWIDTH 270 0
DWIDTH 7 0
BBX 6 18 0 0
BITMAP
30
F0
30
30
30
30
30
30
30
30
30
30
30
30
30
30
30
FC
ENDCHAR
STARTCHAR uni217D
ENCODING 8573
SWIDTH 437 0
DWIDTH 10 0
BBX 9 11 1 0
BITMAP
0F80
3180
6000
C000
C000
C000
C000
E080
7180
7F00
1E00
ENDCHAR
STARTCHAR uni217E
ENCODING 8574
SWIDTH 520 0
DWIDTH 12 0
BBX 11 18 1 0
BITMAP
0180
0780
0180
0180
0180
0180
0180
1F80
2380
4180
C180
C180
C180
C180
E180
6380
7DA0
39C0
ENDCHAR
STARTCHAR uni217F
ENCODING 8575
SWIDTH 803 0
DWIDTH 20 0
BBX 20 11 0 0
BITMAP
31C780
F7EFC0
3C78C0
3870C0
3060C0
3060C0
3060C0
3060C0
3060C0
3060C0
FDFBF0
ENDCHAR
STARTCHAR uni2180
ENCODING 8576
SWIDTH 906 0
DWIDTH 22 0
BBX 20 15 1 0
BITMAP
0FFF00
3861C0
7060E0
606060
C06070
C06030
C06030
C06030
C06030
C06030
406020
606060
3060C0
186180
0FFF00
ENDCHAR
STARTCHAR uni2181
ENCODING 8577
SWIDTH 592 0
DWIDTH 14 0
BBX 13 15 0 0
BITMAP
7F80
B0E0
3070
3E30
3318
3198
3198
3198
3198
3318
3E10
3030
3060
30C0
FF80
ENDCHAR
STARTCHAR uni2182
ENCODING 8578
SWIDTH 906 0
DWIDTH 22 0
BBX 20 15 1 0
BITMAP
0FFF00
3861C0
7060E0
63F860
C66C70
CC6630
CC6630
CC6630
CC6630
C66C30
43F820
606060
3060C0
186180
0FFF00
ENDCHAR
STARTCHAR uni2183
ENCODING 8579
SWIDTH 536 0
DWIDTH 13 0
BBX 11 15 1 0
BITMAP
7C00
C300
0080
00C0
0040
0060
0060
0060
0060
0060
00E0
81C0
43C0
3F80
1E00
ENDCHAR
STARTCHAR uni2184
ENCODING 8580
SWIDTH 434 0
DWIDTH 11 0
BBX 9 11 1 0
BITMAP
7C00
C200
8100
0180
0180
0180
0180
8380
C700
7E00
3C00
ENDCHAR
STARTCHAR uni2185
ENCODING 8581
SWIDTH 536 0
DWIDTH 13 0
BBX 12 20 1 -5
BITMAP
0FC0
10C0
2000
6000
4000
C000
C000
C000
C000
C000
E000
7020
78E0
3FE0
1E60
0060
0060
0060
0060
0070
ENDCHAR
STARTCHAR uni2186
ENCODING 8582
SWIDTH 605 0
DWIDTH 15 0
BBX 14 15 0 0
BITMAP
0300
0300
0300
0300
0300
C30C
6318
3330
3330
1B60
0FC0
0FC0
0780
0300
0300
ENDCHAR
STARTCHAR uni2187
ENCODING 8583
SWIDTH 592 0
DWIDTH 14 0
BBX 13 15 0 0
BITMAP
7F80
B0E0
3E70
33B0
31D8
3CD8
36D8
36D8
36D8
3CD8
3190
33B0
3E60
30C0
FF80
ENDCHAR
STARTCHAR uni2188
ENCODING 8584
SWIDTH 906 0
DWIDTH 22 0
BBX 20 15 1 0
BITMAP
0FFF00
3861C0
73FCE0
6E6760
DC63F0
D9F9B0
DB6DB0
DB6DB0
DB6DB0
D9F9B0
4C6320
6E6760
33FCC0
186180
0FFF00
ENDCHAR
STARTCHAR arrowleft
ENCODING 8592
SWIDTH 964 0
DWIDTH 23 0
BBX 20 7 2 3
BITMAP
060000
180000
FFFFF0
FFFFF0
E00000
1C0000
060000
ENDCHAR
STARTCHAR arrowup
ENCODING 8593
SWIDTH 488 0
DWIDTH 12 0
BBX 8 21 2 -4
BITMAP
18
3C
3C
7E
5A
5A
99
18
18
18
18
18
18
18
18
18
18
18
18
18
18
ENDCHAR
STARTCHAR arrowright
ENCODING 8594
SWIDTH 964 0
DWIDTH 23 0
BBX 20 7 2 3
BITMAP
000400
000B80
FFFFE0
FFFFF0
0000E0
000380
000C00
ENDCHAR
STARTCHAR arrowdown
ENCODING 8595
SWIDTH 488 0
DWIDTH 12 0
BBX 8 21 2 -4
BITMAP
18
18
18
18
18
18
18
18
18
18
18
18
18
18
99
5A
5A
7E
3C
3C
18
ENDCHAR
STARTCHAR arrowboth
ENCODING 8596
SWIDTH 964 0
DWIDTH 23 0
BBX 20 7 2 3
BITMAP
060400
180B80
FFFFE0
FFFFF0
E000E0
1C0380
060C00
ENDCHAR
STARTCHAR arrowupdn
ENCODING 8597
SWIDTH 488 0
DWIDTH 12 0
BBX 8 21 2 -4
BITMAP
18
3C
3C
7E
5A
5A
99
18
18
18
18
18
18
18
99
5A
5A
7E
3C
3C
18
ENDCHAR
STARTCHAR uni2196
ENCODING 8598
SWIDTH 964 0
DWIDTH 23 0
BBX 15 16 4 -1
BITMAP
4000
F800
EE00
7100
5800
2C00
2600
3300
0180
00C0
0060
0030
0018
000C
0006
0002
ENDCHAR
STARTCHAR uni2197
ENCODING 8599
SWIDTH 964 0
DWIDTH 23 0
BBX 15 16 4 -1
BITMAP
0006
003E
00EE
019C
0034
006C
00C8
0188
0310
0600
0C00
1800
3000
6000
C000
8000
ENDCHAR
STARTCHAR uni2198
ENCODING 8600
SWIDTH 964 0
DWIDTH 23 0
BBX 15 16 4 -1
BITMAP
8000
C000
6000
3000
1800
0C00
0600
0300
0198
00C8
006C
0034
019C
00EE
003E
0006
ENDCHAR
STARTCHAR uni2199
ENCODING 8601
SWIDTH 964 0
DWIDTH 23 0
BBX 15 16 4 -1
BITMAP
0002
0006
000C
0018
0030
0060
00C0
0180
3300
2600
2C00
5800
7100
EE00
F800
4000
ENDCHAR
STARTCHAR uni219A
ENCODING 8602
SWIDTH 964 0
DWIDTH 23 0
BBX 20 9 2 2
BITMAP
040400
1E0C00
601800
FFFFF0
FFFFF0
E03000
182000
066000
004000
ENDCHAR
STARTCHAR uni219B
ENCODING 8603
SWIDTH 964 0
DWIDTH 23 0
BBX 20 9 2 2
BITMAP
00C400
008F00
0180E0
FFFFF0
FFFFF0
0300E0
060300
060C00
0C0000
ENDCHAR
STARTCHAR arrowupdnbse
ENCODING 8616
SWIDTH 488 0
DWIDTH 12 0
BBX 11 22 0 -5
BITMAP
0600
0F00
0F00
1F80
1680
1680
2640
0600
0600
0600
0600
0600
2640
1680
1680
1F80
0F00
0F00
0600
0000
FFE0
FFE0
ENDCHAR
STARTCHAR arrowdblleft
ENCODING 8656
SWIDTH 964 0
DWIDTH 23 0
BBX 21 10 1 2
BITMAP
020000
070000
1C0000
3FFFF8
E00000
C00000
200000
1FFFF8
060000
030000
ENDCHAR
STARTCHAR arrowdblup
ENCODING 8657
SWIDTH 488 0
DWIDTH 12 0
BBX 10 21 1 -4
BITMAP
0C00
1E00
1E00
3300
7380
7380
F3C0
B340
3300
3300
3300
3300
3300
3300
3300
3300
3300
3300
3300
3300
3300
ENDCHAR
STARTCHAR arrowdblright
ENCODING 8658
SWIDTH 964 0
DWIDTH 23 0
BBX 21 10 1 2
BITMAP
000200
000700
0001C0
FFFFF0
000038
000008
000030
FFFFC0
000100
000600
ENDCHAR
STARTCHAR arrowdbldown
ENCODING 8659
SWIDTH 488 0
DWIDTH 12 0
BBX 10 21 1 -4
BITMAP
3300
3300
3300
3300
3300
3300
3300
3300
3300
3300
3300
3300
3300
B340
F3C0
7380
7380
3300
1E00
1E00
0C00
ENDCHAR
STARTCHAR arrowdblboth
ENCODING 8660
SWIDTH 964 0
DWIDTH 23 0
BBX 21 10 1 2
BITMAP
020200
070700
1C01C0
3FFFF0
E00038
C00008
200030
1FFFC0
060100
030600
ENDCHAR
STARTCHAR uni21D5
ENCODING 8661
SWIDTH 488 0
DWIDTH 12 0
BBX 10 21 1 -4
BITMAP
0C00
1E00
1E00
3300
7380
7380
F3C0
B340
3300
3300
3300
3300
3300
B340
F3C0
7380
7380
3300
1E00
1E00
0C00
ENDCHAR
STARTCHAR partialdiff
ENCODING 8706
SWIDTH 500 0
DWIDTH 12 0
BBX 10 17 1 0
BITMAP
3E00
7F00
4380
8180
01C0
00C0
1CC0
3FC0
63C0
E1C0
C0C0
C0C0
C080
C080
6180
7300
1E00
ENDCHAR
STARTCHAR uni2203
ENCODING 8707
SWIDTH 561 0
DWIDTH 14 0
BBX 10 16 2 0
BITMAP
FFC0
FFC0
00C0
00C0
00C0
00C0
00C0
FFC0
FFC0
00C0
00C0
00C0
00C0
00C0
FFC0
FFC0
ENDCHAR
STARTCHAR uni2204
ENCODING 8708
SWIDTH 561 0
DWIDTH 14 0
BBX 10 22 2 -3
BITMAP
00C0
0080
0080
FFC0
FFC0
01C0
02C0
02C0
06C0
04C0
FFC0
FFC0
08C0
18C0
10C0
10C0
30C0
FFC0
FFC0
6000
4000
4000
ENDCHAR
STARTCHAR emptyset
ENCODING 8709
SWIDTH 659 0
DWIDTH 16 0
BBX 14 17 1 -1
BITMAP
000C
0788
1870
2030
6078
40C8
C08C
C18C
C30C
C60C
C40C
4C08
7818
3010
3860
4780
C000
ENDCHAR
STARTCHAR Delta
ENCODING 8710
SWIDTH 573 0
DWIDTH 14 0
BBX 12 15 1 0
BITMAP
0400
0600
0E00
0A00
1B00
1300
1180
3180
2080
20C0
40C0
4060
C060
FFE0
FFF0
ENDCHAR
STARTCHAR product
ENCODING 8719
SWIDTH 629 0
DWIDTH 15 0
BBX 14 15 0 0
BITMAP
FFFC
3030
3030
3030
3030
3030
3030
3030
3030
3030
3030
3030
3030
3030
FCFC
ENDCHAR
STARTCHAR summation
ENCODING 8721
SWIDTH 519 0
DWIDTH 12 0
BBX 11 15 1 0
BITMAP
FFC0
6040
7040
3000
1800
1C00
0C00
0400
0800
1800
1040
2020
4060
FFE0
FFE0
ENDCHAR
STARTCHAR minus
ENCODING 8722
SWIDTH 410 0
DWIDTH 10 0
BBX 8 1 1 6
BITMAP
FF
ENDCHAR
STARTCHAR uni2213
ENCODING 8723
SWIDTH 410 0
DWIDTH 10 0
BBX 10 10 0 1
BITMAP
7F80
0000
0C00
0C00
0C00
7FC0
8C00
0C00
0C00
0C00
ENDCHAR
STARTCHAR uni2219
ENCODING 8729
SWIDTH 146 0
DWIDTH 4 0
BBX 2 3 1 7
BITMAP
C0
C0
C0
ENDCHAR
STARTCHAR radical
ENCODING 8730
SWIDTH 590 0
DWIDTH 14 0
BBX 15 17 0 0
BITMAP
000E
001C
0010
0010
0030
0020
F020
3020
1860
1840
0C40
0CC0
0680
0680
0380
0380
0100
ENDCHAR
STARTCHAR infinity
ENCODING 8734
SWIDTH 661 0
DWIDTH 16 0
BBX 14 7 1 3
BITMAP
3C38
7EFC
C31C
C20C
E78C
FDF8
70F0
ENDCHAR
STARTCHAR uni2225
ENCODING 8741
SWIDTH 512 0
DWIDTH 12 0
BBX 6 26 3 -6
BITMAP
CC
CC
CC
CC
CC
CC
CC
CC
CC
CC
CC
CC
CC
CC
CC
CC
CC
CC
CC
CC
CC
CC
CC
CC
CC
CC
ENDCHAR
STARTCHAR integral
ENCODING 8747
SWIDTH 270 0
DWIDTH 7 0
BBX 11 24 -2 -6
BITMAP
01C0
07C0
06E0
0C00
0C00
0C00
0C00
0C00
0C00
0C00
0C00
0C00
0600
0600
0600
0600
0600
0600
0600
0600
0400
4C00
F800
F000
ENDCHAR
STARTCHAR similar
ENCODING 8764
SWIDTH 410 0
DWIDTH 10 0
BBX 8 3 1 5
BITMAP
71
9E
8E
ENDCHAR
STARTCHAR approxequal
ENCODING 8776
SWIDTH 438 0
DWIDTH 11 0
BBX 9 5 1 4
BITMAP
7F80
FF00
F880
FF00
8E00
ENDCHAR
STARTCHAR uni225F
ENCODING 8799
SWIDTH 438 0
DWIDTH 11 0
BBX 9 10 1 4
BITMAP
0C00
3C00
0C00
3800
1800
0000
FF80
0000
0000
FF80
ENDCHAR
STARTCHAR notequal
ENCODING 8800
SWIDTH 438 0
DWIDTH 11 0
BBX 9 11 1 1
BITMAP
0100
0300
0600
FF80
0C00
1800
1800
FF80
2000
6000
C000
ENDCHAR
STARTCHAR equivalence
ENCODING 8801
SWIDTH 438 0
DWIDTH 11 0
BBX 9 7 1 3
BITMAP
FF80
0000
0000
FF80
0000
0000
FF80
ENDCHAR
STARTCHAR lessequal
ENCODING 8804
SWIDTH 438 0
DWIDTH 11 0
BBX 9 10 1 2
BITMAP
0180
0F00
3C00
E000
F000
3C00
0780
0100
0000
FF80
ENDCHAR
STARTCHAR greaterequal
ENCODING 8805
SWIDTH 438 0
DWIDTH 11 0
BBX 9 10 1 2
BITMAP
C000
7800
1E00
0380
0F00
3800
E000
8000
0000
FF80
ENDCHAR
STARTCHAR uni2308
ENCODING 8968
SWIDTH 390 0
DWIDTH 9 0
BBX 6 12 2 4
BITMAP
FC
C0
C0
C0
C0
C0
C0
C0
C0
C0
C0
C0
ENDCHAR
STARTCHAR uni2309
ENCODING 8969
SWIDTH 390 0
DWIDTH 9 0
BBX 6 12 2 4
BITMAP
FC
0C
0C
0C
0C
0C
0C
0C
0C
0C
0C
0C
ENDCHAR
STARTCHAR uni230A
ENCODING 8970
SWIDTH 390 0
DWIDTH 9 0
BBX 6 15 2 -3
BITMAP
C0
C0
C0
C0
C0
C0
C0
C0
C0
C0
C0
C0
C0
C0
FC
ENDCHAR
STARTCHAR uni230B
ENCODING 8971
SWIDTH 390 0
DWIDTH 9 0
BBX 6 15 2 -3
BITMAP
0C
0C
0C
0C
0C
0C
0C
0C
0C
0C
0C
0C
0C
0C
FC
ENDCHAR
STARTCHAR uni231C
ENCODING 8988
SWIDTH 308 0
DWIDTH 7 0
BBX 7 8 0 7
BITMAP
FE
C0
C0
C0
C0
C0
C0
C0
ENDCHAR
STARTCHAR uni231D
ENCODING 8989
SWIDTH 308 0
DWIDTH 8 0
BBX 7 8 0 7
BITMAP
FE
06
06
06
06
06
06
06
ENDCHAR
STARTCHAR uni231E
ENCODING 8990
SWIDTH 308 0
DWIDTH 7 0
BBX 7 8 0 -4
BITMAP
C0
C0
C0
C0
C0
C0
C0
FE
ENDCHAR
STARTCHAR uni231F
ENCODING 8991
SWIDTH 308 0
DWIDTH 8 0
BBX 7 8 0 -4
BITMAP
06
06
06
06
06
06
06
FE
ENDCHAR
STARTCHAR uni2329
ENCODING 9001
SWIDTH 553 0
DWIDTH 13 0
BBX 12 22 1 -3
BITMAP
0010
0030
0060
00C0
0180
0300
0600
0C00
1800
3000
6000
C000
6000
3000
1800
0C00
0600
0300
0180
00C0
0060
0030
ENDCHAR
STARTCHAR uni232A
ENCODING 9002
SWIDTH 553 0
DWIDTH 13 0
BBX 11 22 1 -3
BITMAP
8000
C000
E000
7000
3800
1C00
0E00
0700
0380
01C0
00E0
0060
00C0
0180
0300
0600
0C00
1800
3000
6000
C000
8000
ENDCHAR
STARTCHAR uni239B
ENCODING 9115
SWIDTH 439 0
DWIDTH 11 0
BBX 7 34 2 -11
BITMAP
02
06
0C
08
18
10
30
30
60
60
60
60
C0
C0
C0
C0
C0
C0
C0
C0
C0
C0
C0
C0
C0
C0
C0
C0
C0
C0
C0
C0
C0
C0
ENDCHAR
STARTCHAR uni239C
ENCODING 9116
SWIDTH 439 0
DWIDTH 11 0
BBX 2 40 2 -11
BITMAP
C0
C0
C0
C0
C0
C0
C0
C0
C0
C0
C0
C0
C0
C0
C0
C0
C0
C0
C0
C0
C0
C0
C0
C0
C0
C0
C0
C0
C0
C0
C0
C0
C0
C0
C0
C0
C0
C0
C0
C0
ENDCHAR
STARTCHAR uni239D
ENCODING 9117
SWIDTH 439 0
DWIDTH 11 0
BBX 7 35 2 -6
BITMAP
C0
C0
C0
C0
C0
C0
C0
C0
C0
C0
C0
C0
C0
C0
C0
C0
C0
C0
C0
C0
C0
C0
C0
60
60
60
60
30
30
10
18
08
0C
06
02
ENDCHAR
STARTCHAR uni239E
ENCODING 9118
SWIDTH 439 0
DWIDTH 10 0
BBX 7 34 1 -11
BITMAP
80
C0
60
20
30
10
18
18
0C
0C
0C
0C
04
06
06
06
06
06
06
06
06
06
06
06
06
06
06
06
06
06
06
06
06
06
ENDCHAR
STARTCHAR uni239F
ENCODING 9119
SWIDTH 439 0
DWIDTH 10 0
BBX 2 40 6 -11
BITMAP
C0
C0
C0
C0
C0
C0
C0
C0
C0
C0
C0
C0
C0
C0
C0
C0
C0
C0
C0
C0
C0
C0
C0
C0
C0
C0
C0
C0
C0
C0
C0
C0
C0
C0
C0
C0
C0
C0
C0
C0
ENDCHAR
STARTCHAR uni23A0
ENCODING 9120
SWIDTH 439 0
DWIDTH 10 0
BBX 7 35 1 -6
BITMAP
06
06
06
06
06
06
06
06
06
06
06
06
06
06
06
06
06
06
06
06
06
06
0E
0C
0C
0C
0C
18
18
10
30
20
60
C0
80
ENDCHAR
STARTCHAR uni23A1
ENCODING 9121
SWIDTH 439 0
DWIDTH 11 0
BBX 6 33 2 -11
BITMAP
FC
C0
C0
C0
C0
C0
C0
C0
C0
C0
C0
C0
C0
C0
C0
C0
C0
C0
C0
C0
C0
C0
C0
C0
C0
C0
C0
C0
C0
C0
C0
C0
C0
ENDCHAR
STARTCHAR uni23A2
ENCODING 9122
SWIDTH 439 0
DWIDTH 11 0
BBX 2 40 2 -11
BITMAP
C0
C0
C0
C0
C0
C0
C0
C0
C0
C0
C0
C0
C0
C0
C0
C0
C0
C0
C0
C0
C0
C0
C0
C0
C0
C0
C0
C0
C0
C0
C0
C0
C0
C0
C0
C0
C0
C0
C0
C0
ENDCHAR
STARTCHAR uni23A3
ENCODING 9123
SWIDTH 439 0
DWIDTH 11 0
BBX 6 34 2 -5
BITMAP
C0
C0
C0
C0
C0
C0
C0
C0
C0
C0
C0
C0
C0
C0
C0
C0
C0
C0
C0
C0
C0
C0
C0
C0
C0
C0
C0
C0
C0
C0
C0
C0
C0
FC
ENDCHAR
STARTCHAR uni23A4
ENCODING 9124
SWIDTH 439 0
DWIDTH 10 0
BBX 6 33 2 -11
BITMAP
FC
0C
0C
0C
0C
0C
0C
0C
0C
0C
0C
0C
0C
0C
0C
0C
0C
0C
0C
0C
0C
0C
0C
0C
0C
0C
0C
0C
0C
0C
0C
0C
0C
ENDCHAR
STARTCHAR uni23A5
ENCODING 9125
SWIDTH 439 0
DWIDTH 10 0
BBX 2 40 6 -11
BITMAP
C0
C0
C0
C0
C0
C0
C0
C0
C0
C0
C0
C0
C0
C0
C0
C0
C0
C0
C0
C0
C0
C0
C0
C0
C0
C0
C0
C0
C0
C0
C0
C0
C0
C0
C0
C0
C0
C0
C0
C0
ENDCHAR
STARTCHAR uni23A6
ENCODING 9126
SWIDTH 439 0
DWIDTH 10 0
BBX 6 34 2 -5
BITMAP
0C
0C
0C
0C
0C
0C
0C
0C
0C
0C
0C
0C
0C
0C
0C
0C
0C
0C
0C
0C
0C
0C
0C
0C
0C
0C
0C
0C
0C
0C
0C
0C
0C
FC
ENDCHAR
STARTCHAR uni23A7
ENCODING 9127
SWIDTH 585 0
DWIDTH 14 0
BBX 8 33 6 -11
BITMAP
0F
38
30
60
60
C0
C0
C0
C0
C0
C0
C0
C0
C0
C0
C0
C0
C0
C0
C0
C0
C0
C0
C0
C0
C0
C0
C0
C0
C0
C0
C0
C0
ENDCHAR
STARTCHAR uni23A8
ENCODING 9128
SWIDTH 585 0
DWIDTH 14 0
BBX 8 41 0 -11
BITMAP
03
03
03
03
03
03
03
03
03
03
03
03
03
03
03
03
03
06
06
06
1C
F8
1C
06
06
06
03
03
03
03
03
03
03
03
03
03
03
03
03
03
03
ENDCHAR
STARTCHAR uni23A9
ENCODING 9129
SWIDTH 585 0
DWIDTH 14 0
BBX 8 34 6 -5
BITMAP
C0
C0
C0
C0
C0
C0
C0
C0
C0
C0
C0
C0
C0
C0
C0
C0
C0
C0
C0
C0
C0
C0
C0
C0
C0
C0
C0
C0
C0
60
60
30
38
0F
ENDCHAR
STARTCHAR uni23AA
ENCODING 9130
SWIDTH 585 0
DWIDTH 14 0
BBX 2 40 6 -11
BITMAP
C0
C0
C0
C0
C0
C0
C0
C0
C0
C0
C0
C0
C0
C0
C0
C0
C0
C0
C0
C0
C0
C0
C0
C0
C0
C0
C0
C0
C0
C0
C0
C0
C0
C0
C0
C0
C0
C0
C0
C0
ENDCHAR
STARTCHAR uni23AB
ENCODING 9131
SWIDTH 585 0
DWIDTH 14 0
BBX 8 33 0 -11
BITMAP
F0
1C
0C
06
06
03
03
03
03
03
03
03
03
03
03
03
03
03
03
03
03
03
03
03
03
03
03
03
03
03
03
03
03
ENDCHAR
STARTCHAR uni23AC
ENCODING 9132
SWIDTH 585 0
DWIDTH 14 0
BBX 8 41 6 -11
BITMAP
C0
C0
C0
C0
C0
C0
C0
C0
C0
C0
C0
C0
C0
C0
C0
C0
C0
60
60
60
30
1F
30
60
60
60
C0
C0
C0
C0
C0
C0
C0
C0
C0
C0
C0
C0
C0
C0
C0
ENDCHAR
STARTCHAR uni23AD
ENCODING 9133
SWIDTH 585 0
DWIDTH 14 0
BBX 8 34 0 -5
BITMAP
03
03
03
03
03
03
03
03
03
03
03
03
03
03
03
03
03
03
03
03
03
03
03
03
03
03
03
03
03
06
06
0C
1C
F0
ENDCHAR
STARTCHAR uni2423
ENCODING 9251
SWIDTH 259 0
DWIDTH 6 0
BBX 7 3 0 -3
BITMAP
C2
C2
FE
ENDCHAR
STARTCHAR lozenge
ENCODING 9674
SWIDTH 332 0
DWIDTH 8 0
BBX 8 15 0 0
BITMAP
08
18
3C
2C
66
46
43
C3
C2
62
64
34
3C
18
10
ENDCHAR
STARTCHAR uni25CC
ENCODING 9676
SWIDTH 520 0
DWIDTH 13 0
BBX 12 11 1 0
BITMAP
0C00
3300
30C0
0000
C030
8060
0000
C030
0000
30C0
3F00
ENDCHAR
STARTCHAR uni2713
ENCODING 10003
SWIDTH 865 0
DWIDTH 21 0
BBX 17 23 1 -3
BITMAP
000180
000100
000300
000700
000F00
000F80
001F80
003F00
003E00
007C00
00F800
20F000
61E000
F1E000
73C000
3B8000
3B8000
1F0000
1E0000
1E0000
0C0000
0C0000
080000
ENDCHAR
STARTCHAR uni274D
ENCODING 10061
SWIDTH 793 0
DWIDTH 19 0
BBX 18 15 0 0
BITMAP
07F800
1C1E00
300700
600380
600380
C001C0
C001C0
C001C0
C001C0
C001C0
600380
600380
300700
1C1E00
07F800
ENDCHAR
STARTCHAR uni27E6
ENCODING 10214
SWIDTH 439 0
DWIDTH 11 0
BBX 8 23 2 -4
BITMAP
FF
FF
D8
D8
D8
D8
D8
D8
D8
D8
D8
D8
D8
D8
D8
D8
D8
D8
D8
D8
D8
FF
FF
ENDCHAR
STARTCHAR uni27E7
ENCODING 10215
SWIDTH 439 0
DWIDTH 11 0
BBX 8 23 1 -4
BITMAP
FF
FF
1B
1B
1B
1B
1B
1B
1B
1B
1B
1B
1B
1B
1B
1B
1B
1B
1B
1B
1B
FF
FF
ENDCHAR
STARTCHAR uni2C60
ENCODING 11360
SWIDTH 476 0
DWIDTH 11 0
BBX 11 15 0 0
BITMAP
FC00
3000
3000
3000
3000
3000
3000
FE00
3000
FE00
3000
3000
3020
3020
FFE0
ENDCHAR
STARTCHAR uni2C61
ENCODING 11361
SWIDTH 319 0
DWIDTH 8 0
BBX 6 18 1 0
BITMAP
30
F0
30
30
30
30
30
FC
30
FC
30
30
30
30
30
30
30
FC
ENDCHAR
STARTCHAR uni2C62
ENCODING 11362
SWIDTH 476 0
DWIDTH 11 0
BBX 12 15 -1 0
BITMAP
7E00
1800
1800
1800
1800
3800
7900
9E00
1C00
1800
1800
1800
1810
1810
7FF0
ENDCHAR
STARTCHAR uni2C63
ENCODING 11363
SWIDTH 522 0
DWIDTH 13 0
BBX 12 15 0 0
BITMAP
7F80
B0E0
3070
3030
FE30
3030
3060
30E0
3F80
3000
3000
3000
3000
3000
FC00
ENDCHAR
STARTCHAR uni2C64
ENCODING 11364
SWIDTH 561 0
DWIDTH 14 0
BBX 13 19 0 -4
BITMAP
7F80
B0C0
3060
3060
3060
3040
30C0
3F00
3200
3300
3180
3180
30C0
3060
3078
3000
3300
3200
1C00
ENDCHAR
STARTCHAR uni2C65
ENCODING 11365
SWIDTH 458 0
DWIDTH 11 0
BBX 10 15 1 -2
BITMAP
0040
0080
1F00
6300
C300
0700
0700
3B00
6B00
D300
D700
FFC0
F300
4000
8000
ENDCHAR
STARTCHAR uni2C66
ENCODING 11366
SWIDTH 344 0
DWIDTH 8 0
BBX 10 17 -1 -2
BITMAP
0800
1840
18C0
1880
7F80
1900
1B00
1A00
1C00
1C00
1800
1800
1880
3F00
2E00
4000
8000
ENDCHAR
STARTCHAR uni2C67
ENCODING 11367
SWIDTH 718 0
DWIDTH 17 0
BBX 15 19 0 -4
BITMAP
FC7E
3018
3018
3018
3018
3018
3018
3FF8
3018
3018
3018
3018
3018
3018
FC7E
0006
0006
0004
0004
ENDCHAR
STARTCHAR uni2C68
ENCODING 11368
SWIDTH 571 0
DWIDTH 14 0
BBX 14 22 0 -4
BITMAP
3000
F000
3000
3000
3000
3000
3000
31E0
37F0
3E30
3830
3030
3030
3030
3030
3030
3030
FCFC
000C
000C
0008
0008
ENDCHAR
STARTCHAR uni2C69
ENCODING 11369
SWIDTH 601 0
DWIDTH 14 0
BBX 14 19 0 -4
BITMAP
FCF8
3060
30C0
3180
3300
3600
3400
3C00
3600
3300
3180
31C0
30E0
3070
FC3C
000C
0008
0008
0008
ENDCHAR
STARTCHAR uni2C6A
ENCODING 11370
SWIDTH 495 0
DWIDTH 12 0
BBX 12 22 0 -4
BITMAP
3000
F000
3000
3000
3000
3000
3000
31F0
3080
3300
3600
3C00
3600
3700
3300
3180
30C0
F870
0030
0030
0020
0020
ENDCHAR
STARTCHAR uni2C6B
ENCODING 11371
SWIDTH 524 0
DWIDTH 13 0
BBX 11 19 1 -4
BITMAP
7FC0
40E0
8180
0380
0300
0600
0600
0C00
1C00
1800
3000
3000
6000
E000
FFE0
0060
0060
0040
0040
ENDCHAR
STARTCHAR uni2C6C
ENCODING 11372
SWIDTH 431 0
DWIDTH 10 0
BBX 9 15 1 -4
BITMAP
7F80
8300
8600
0600
0C00
1800
1800
3000
6000
6000
FF80
0180
0180
0100
0100
ENDCHAR
STARTCHAR uni2C6D
ENCODING 11373
SWIDTH 617 0
DWIDTH 15 0
BBX 13 15 1 0
BITMAP
0F20
1FE0
30E0
6060
6060
C060
C060
C060
C060
C060
E060
60E0
71E0
3F60
1E78
ENDCHAR
STARTCHAR uni2C6E
ENCODING 11374
SWIDTH 795 0
DWIDTH 19 0
BBX 17 20 1 -5
BITMAP
F00780
700700
780F00
780B00
680B00
6C1B00
6C1300
663300
662300
632300
636300
614300
61C300
618300
F08300
000300
000600
004600
007C00
007000
ENDCHAR
STARTCHAR uni2C6F
ENCODING 11375
SWIDTH 585 0
DWIDTH 14 0
BBX 14 15 0 0
BITMAP
F87C
3010
3030
3020
1820
1FE0
1840
0C40
0CC0
0C80
0680
0780
0700
0300
0200
ENDCHAR
STARTCHAR uniF209
ENCODING 11376
SWIDTH 617 0
DWIDTH 15 0
BBX 14 15 0 0
BITMAP
F3C0
37F0
3C78
3818
301C
300C
300C
300C
300C
300C
3018
3818
3C30
3FE0
23C0
ENDCHAR
STARTCHAR uni2C71
ENCODING 11377
SWIDTH 612 0
DWIDTH 15 0
BBX 15 12 0 0
BITMAP
001E
F83E
3060
3040
30C0
1880
1980
0900
0D00
0F00
0600
0600
ENDCHAR
STARTCHAR uni2C72
ENCODING 11378
SWIDTH 958 0
DWIDTH 22 0
BBX 23 16 0 0
BITMAP
00001C
F8207E
206066
3060C6
3060C4
30F080
309080
199180
199980
191900
1B0900
0B0F00
0E0F00
0E0600
0E0600
0C0600
ENDCHAR
STARTCHAR uni2C73
ENCODING 11379
SWIDTH 778 0
DWIDTH 19 0
BBX 20 14 0 0
BITMAP
000070
0000F0
0001A0
F88300
20C200
30C200
314200
116400
1B6400
1A3400
1A3C00
0E3800
0C1800
0C1800
ENDCHAR
STARTCHAR uni2C74
ENCODING 11380
SWIDTH 493 0
DWIDTH 12 0
BBX 11 11 1 0
BITMAP
39E0
6C80
6C80
6900
3100
F100
3200
1A00
1E00
1C00
0800
ENDCHAR
STARTCHAR uni2C75
ENCODING 11381
SWIDTH 424 0
DWIDTH 10 0
BBX 10 15 0 0
BITMAP
FC00
3000
3000
3000
3000
3000
3FC0
3080
3000
3000
3000
3000
3000
3000
FC00
ENDCHAR
STARTCHAR uni2C76
ENCODING 11382
SWIDTH 372 0
DWIDTH 9 0
BBX 8 11 0 0
BITMAP
FC
30
30
30
30
3F
31
30
30
30
FC
ENDCHAR
STARTCHAR uni2C77
ENCODING 11383
SWIDTH 562 0
DWIDTH 14 0
BBX 12 11 1 0
BITMAP
39E0
7BE0
E370
C630
C630
C630
C630
C620
6620
3E40
1F80
ENDCHAR
STARTCHAR uni2C78
ENCODING 11384
SWIDTH 654 0
DWIDTH 16 0
BBX 14 11 1 0
BITMAP
1E00
2300
4180
C180
FF80
C000
C000
E084
71C8
7FF8
3C70
ENDCHAR
STARTCHAR uni2C79
ENCODING 11385
SWIDTH 391 0
DWIDTH 10 0
BBX 9 18 1 0
BITMAP
3C00
6E00
C600
0600
0600
0600
0600
0600
0600
0600
0600
0600
0600
0600
8E00
9E00
F700
E680
ENDCHAR
STARTCHAR uni2C7A
ENCODING 11386
SWIDTH 502 0
DWIDTH 12 0
BBX 10 11 1 0
BITMAP
1E00
2380
4180
C0C0
C0C0
C0C0
CEC0
D3C0
7380
7300
1E00
ENDCHAR
STARTCHAR uni2C7B
ENCODING 11387
SWIDTH 431 0
DWIDTH 11 0
BBX 9 11 1 0
BITMAP
FF80
8600
8600
0600
0600
0600
7E00
0600
0600
8600
FF80
ENDCHAR
STARTCHAR uni2C7C
ENCODING 11388
SWIDTH 181 0
DWIDTH 4 0
BBX 5 13 -2 -6
BITMAP
18
18
00
38
18
18
18
18
18
18
18
10
E0
ENDCHAR
STARTCHAR uni2C7D
ENCODING 11389
SWIDTH 455 0
DWIDTH 11 0
BBX 11 9 0 7
BITMAP
F1E0
2080
3180
3100
1100
1A00
0A00
0E00
0400
ENDCHAR
STARTCHAR uniA700
ENCODING 42752
SWIDTH 243 0
DWIDTH 6 0
BBX 5 4 0 -2
BITMAP
78
80
80
78
ENDCHAR
STARTCHAR uniA701
ENCODING 42753
SWIDTH 243 0
DWIDTH 6 0
BBX 5 7 0 -5
BITMAP
78
80
80
78
00
00
78
ENDCHAR
STARTCHAR uniA702
ENCODING 42754
SWIDTH 230 0
DWIDTH 6 0
BBX 5 4 0 14
BITMAP
78
80
80
78
ENDCHAR
STARTCHAR uniA703
ENCODING 42755
SWIDTH 230 0
DWIDTH 6 0
BBX 5 7 0 11
BITMAP
78
80
80
78
00
00
F8
ENDCHAR
STARTCHAR uniA704
ENCODING 42756
SWIDTH 228 0
DWIDTH 6 0
BBX 5 4 0 14
BITMAP
F0
08
08
F0
ENDCHAR
STARTCHAR uniA705
ENCODING 42757
SWIDTH 228 0
DWIDTH 6 0
BBX 5 7 0 11
BITMAP
F0
08
08
F0
00
00
F8
ENDCHAR
STARTCHAR uniA706
ENCODING 42758
SWIDTH 243 0
DWIDTH 6 0
BBX 5 4 0 -2
BITMAP
F0
08
08
F0
ENDCHAR
STARTCHAR uniA707
ENCODING 42759
SWIDTH 243 0
DWIDTH 6 0
BBX 5 7 0 -5
BITMAP
F0
08
08
F0
00
00
F8
ENDCHAR
STARTCHAR uniA708
ENCODING 42760
SWIDTH 317 0
DWIDTH 8 0
BBX 5 18 1 0
BITMAP
D8
D8
18
18
18
18
18
18
18
18
18
18
18
18
18
18
18
18
ENDCHAR
STARTCHAR uniA709
ENCODING 42761
SWIDTH 317 0
DWIDTH 8 0
BBX 5 18 1 0
BITMAP
18
18
18
18
D8
D8
18
18
18
18
18
18
18
18
18
18
18
18
ENDCHAR
STARTCHAR uniA70A
ENCODING 42762
SWIDTH 317 0
DWIDTH 8 0
BBX 5 18 1 0
BITMAP
18
18
18
18
18
18
18
18
D8
D8
18
18
18
18
18
18
18
18
ENDCHAR
STARTCHAR uniA70B
ENCODING 42763
SWIDTH 317 0
DWIDTH 8 0
BBX 5 18 1 0
BITMAP
18
18
18
18
18
18
18
18
18
18
18
18
D8
D8
18
18
18
18
ENDCHAR
STARTCHAR uniA70C
ENCODING 42764
SWIDTH 317 0
DWIDTH 8 0
BBX 5 18 1 0
BITMAP
18
18
18
18
18
18
18
18
18
18
18
18
18
18
18
18
D8
D8
ENDCHAR
STARTCHAR uniA70D
ENCODING 42765
SWIDTH 317 0
DWIDTH 8 0
BBX 5 18 1 0
BITMAP
D8
D8
C0
C0
C0
C0
C0
C0
C0
C0
C0
C0
C0
C0
C0
C0
C0
C0
ENDCHAR
STARTCHAR uniA70E
ENCODING 42766
SWIDTH 317 0
DWIDTH 8 0
BBX 5 18 1 0
BITMAP
C0
C0
C0
C0
D8
D8
C0
C0
C0
C0
C0
C0
C0
C0
C0
C0
C0
C0
ENDCHAR
STARTCHAR uniA70F
ENCODING 42767
SWIDTH 317 0
DWIDTH 8 0
BBX 5 18 1 0
BITMAP
C0
C0
C0
C0
C0
C0
C0
C0
D8
D8
C0
C0
C0
C0
C0
C0
C0
C0
ENDCHAR
STARTCHAR uniA710
ENCODING 42768
SWIDTH 317 0
DWIDTH 8 0
BBX 5 18 1 0
BITMAP
C0
C0
C0
C0
C0
C0
C0
C0
C0
C0
C0
C0
D8
D8
C0
C0
C0
C0
ENDCHAR
STARTCHAR uniA711
ENCODING 42769
SWIDTH 317 0
DWIDTH 8 0
BBX 5 18 1 0
BITMAP
C0
C0
C0
C0
C0
C0
C0
C0
C0
C0
C0
C0
C0
C0
C0
C0
D8
D8
ENDCHAR
STARTCHAR uniA712
ENCODING 42770
SWIDTH 362 0
DWIDTH 9 0
BBX 7 18 1 0
BITMAP
FE
C0
C0
C0
C0
C0
C0
C0
C0
C0
C0
C0
C0
C0
C0
C0
C0
C0
ENDCHAR
STARTCHAR uniA713
ENCODING 42771
SWIDTH 362 0
DWIDTH 9 0
BBX 7 18 1 0
BITMAP
C0
C0
C0
C0
FE
C0
C0
C0
C0
C0
C0
C0
C0
C0
C0
C0
C0
C0
ENDCHAR
STARTCHAR uniA714
ENCODING 42772
SWIDTH 362 0
DWIDTH 9 0
BBX 7 18 1 0
BITMAP
C0
C0
C0
C0
C0
C0
C0
C0
C0
FE
C0
C0
C0
C0
C0
C0
C0
C0
ENDCHAR
STARTCHAR uniA715
ENCODING 42773
SWIDTH 362 0
DWIDTH 9 0
BBX 7 18 1 0
BITMAP
C0
C0
C0
C0
C0
C0
C0
C0
C0
C0
C0
C0
C0
FE
C0
C0
C0
C0
ENDCHAR
STARTCHAR uniA716
ENCODING 42774
SWIDTH 362 0
DWIDTH 9 0
BBX 7 18 1 0
BITMAP
C0
C0
C0
C0
C0
C0
C0
C0
C0
C0
C0
C0
C0
C0
C0
C0
C0
FE
ENDCHAR
STARTCHAR uniA717
ENCODING 42775
SWIDTH 231 0
DWIDTH 6 0
BBX 4 8 0 12
BITMAP
30
30
30
B0
F0
30
30
30
ENDCHAR
STARTCHAR uniA718
ENCODING 42776
SWIDTH 283 0
DWIDTH 7 0
BBX 6 6 0 13
BITMAP
44
4C
18
30
60
C0
ENDCHAR
STARTCHAR uniA719
ENCODING 42777
SWIDTH 356 0
DWIDTH 9 0
BBX 8 5 0 13
BITMAP
08
18
00
7F
FF
ENDCHAR
STARTCHAR uniA71A
ENCODING 42778
SWIDTH 380 0
DWIDTH 9 0
BBX 8 4 0 14
BITMAP
03
03
03
FF
ENDCHAR
STARTCHAR uniA71B
ENCODING 42779
SWIDTH 261 0
DWIDTH 6 0
BBX 6 7 0 10
BITMAP
30
78
B4
30
30
30
30
ENDCHAR
STARTCHAR uniA71C
ENCODING 42780
SWIDTH 261 0
DWIDTH 6 0
BBX 6 7 0 10
BITMAP
30
30
30
30
B4
78
30
ENDCHAR
STARTCHAR uniA71D
ENCODING 42781
SWIDTH 189 0
DWIDTH 5 0
BBX 2 11 1 7
BITMAP
40
C0
C0
40
40
40
40
40
00
C0
C0
ENDCHAR
STARTCHAR uniA71E
ENCODING 42782
SWIDTH 189 0
DWIDTH 5 0
BBX 2 11 1 3
BITMAP
C0
C0
00
40
40
40
40
C0
C0
C0
C0
ENDCHAR
STARTCHAR uniA71F
ENCODING 42783
SWIDTH 189 0
DWIDTH 5 0
BBX 2 10 1 -6
BITMAP
C0
C0
40
40
40
40
C0
C0
C0
C0
ENDCHAR
STARTCHAR uniA720
ENCODING 42784
SWIDTH 522 0
DWIDTH 13 0
BBX 12 5 1 13
BITMAP
FFF0
FFE0
CC00
CC00
CC00
ENDCHAR
STARTCHAR uniA721
ENCODING 42785
SWIDTH 522 0
DWIDTH 13 0
BBX 12 6 1 12
BITMAP
CC00
CC00
CC00
CC00
FFF0
FFE0
ENDCHAR
STARTCHAR uniA722
ENCODING 42786
SWIDTH 273 0
DWIDTH 6 0
BBX 4 15 1 0
BITMAP
E0
60
30
30
30
70
E0
00
C0
60
30
30
30
30
E0
ENDCHAR
STARTCHAR uniA723
ENCODING 42787
SWIDTH 258 0
DWIDTH 6 0
BBX 3 11 2 0
BITMAP
C0
60
60
60
C0
00
C0
60
60
60
C0
ENDCHAR
STARTCHAR uniA724
ENCODING 42788
SWIDTH 273 0
DWIDTH 7 0
BBX 4 7 1 8
BITMAP
70
60
C0
C0
C0
E0
70
ENDCHAR
STARTCHAR uniA725
ENCODING 42789
SWIDTH 258 0
DWIDTH 6 0
BBX 3 5 1 6
BITMAP
60
C0
C0
C0
60
ENDCHAR
STARTCHAR uniA726
ENCODING 42790
SWIDTH 653 0
DWIDTH 16 0
BBX 15 20 0 -5
BITMAP
FC7E
3018
3018
3018
3018
3018
3018
3FF8
3018
3018
3018
3018
3018
3018
FC18
0018
0030
0630
07E0
0380
ENDCHAR
STARTCHAR uniA727
ENCODING 42791
SWIDTH 512 0
DWIDTH 12 0
BBX 11 24 0 -6
BITMAP
3000
F000
3000
3000
3000
3000
3000
31C0
37E0
3C60
3860
3060
3060
3060
3060
3060
3060
FC60
0060
0060
00C0
18C0
1F80
0E00
ENDCHAR
STARTCHAR uniA728
ENCODING 42792
SWIDTH 703 0
DWIDTH 17 0
BBX 15 21 1 -6
BITMAP
FFF0
8610
8610
0600
07FE
060C
0618
0638
0630
0660
06C0
07F8
061C
060E
1F86
0006
0006
0006
020C
0708
03F0
ENDCHAR
STARTCHAR uniA729
ENCODING 42793
SWIDTH 570 0
DWIDTH 14 0
BBX 13 21 0 -6
BITMAP
1000
3000
3000
3000
7FF0
B030
3060
30C0
31C0
3180
3300
37E0
3170
3E38
1C18
0018
0018
0010
0830
1C20
0FC0
ENDCHAR
STARTCHAR uniA72A
ENCODING 42794
SWIDTH 492 0
DWIDTH 12 0
BBX 10 15 1 0
BITMAP
0700
0FC0
3980
7080
7000
1800
0E00
3F00
7000
C000
C000
C040
C0C0
6180
3F00
ENDCHAR
STARTCHAR uniA72B
ENCODING 42795
SWIDTH 454 0
DWIDTH 11 0
BBX 10 17 0 -6
BITMAP
0700
0F80
1980
3080
6000
3000
1C00
0600
3F00
7000
C000
C000
C000
C0C0
60C0
7180
1F00
ENDCHAR
STARTCHAR uniA72C
ENCODING 42796
SWIDTH 484 0
DWIDTH 11 0
BBX 11 15 0 0
BITMAP
0180
0380
0780
0580
0980
1980
3180
2180
6180
FFE0
0180
0180
6300
7E00
3C00
ENDCHAR
STARTCHAR uniA72D
ENCODING 42797
SWIDTH 441 0
DWIDTH 11 0
BBX 11 17 0 -6
BITMAP
0180
0380
0780
0580
0D80
0980
1180
3180
2180
4180
FFE0
0180
0180
0100
2300
7E00
3800
ENDCHAR
STARTCHAR uniA72E
ENCODING 42798
SWIDTH 539 0
DWIDTH 13 0
BBX 11 16 1 -1
BITMAP
0180
0380
0780
0580
0980
1980
3180
2180
6180
FFE0
0180
01E0
6360
7E40
3C80
0080
ENDCHAR
STARTCHAR uniA72F
ENCODING 42799
SWIDTH 506 0
DWIDTH 12 0
BBX 11 17 0 -6
BITMAP
0180
0380
0780
0580
0D80
0980
1180
3180
2180
4180
FFE0
0180
01E0
0160
2360
7E40
3880
ENDCHAR
STARTCHAR uniA730
ENCODING 42800
SWIDTH 402 0
DWIDTH 10 0
BBX 9 11 0 0
BITMAP
FF80
3080
3000
3000
3F00
3000
3000
3000
3000
3000
FC00
ENDCHAR
STARTCHAR uniA731
ENCODING 42801
SWIDTH 364 0
DWIDTH 9 0
BBX 9 11 1 0
BITMAP
3F00
4300
C000
E000
7C00
1F00
0780
0180
8180
C300
7E00
ENDCHAR
STARTCHAR uniA732
ENCODING 42802
SWIDTH 976 0
DWIDTH 23 0
BBX 23 15 0 0
BITMAP
010080
030180
0301C0
0783C0
0582C0
04C260
0CC660
08C430
086430
1FEFF0
106818
303818
303818
20380C
F87C3E
ENDCHAR
STARTCHAR uniA733
ENCODING 42803
SWIDTH 717 0
DWIDTH 17 0
BBX 16 11 1 0
BITMAP
1E78
638C
C30C
030C
071C
3BEC
430C
C30C
C71C
FFFF
71CC
ENDCHAR
STARTCHAR uniA734
ENCODING 42804
SWIDTH 932 0
DWIDTH 22 0
BBX 21 15 0 0
BITMAP
020780
031FE0
0718F0
07A030
05E038
0CE018
0CC018
08C018
186018
1FE018
106030
307030
203860
201FC0
F80F80
ENDCHAR
STARTCHAR uniA735
ENCODING 42805
SWIDTH 753 0
DWIDTH 18 0
BBX 16 11 1 0
BITMAP
1E78
638E
C306
0303
0703
3B03
6303
C303
C382
CDC4
7078
ENDCHAR
STARTCHAR uniA740
ENCODING 42816
SWIDTH 578 0
DWIDTH 14 0
BBX 14 15 0 0
BITMAP
FCF8
3060
30C0
FD80
3300
3600
3400
3C00
3600
3300
3180
31C0
30E0
3070
FC3C
ENDCHAR
STARTCHAR uniA741
ENCODING 42817
SWIDTH 500 0
DWIDTH 12 0
BBX 12 18 0 0
BITMAP
3000
F000
3000
3000
FF00
3000
3000
31F0
3080
3100
3600
3C00
3600
3600
3300
3180
30C0
F870
ENDCHAR
STARTCHAR uniA74E
ENCODING 42830
SWIDTH 1005 0
DWIDTH 24 0
BBX 22 15 1 0
BITMAP
0F83E0
1FC7F0
30EC38
607818
40701C
C0300C
C0300C
C0300C
C0300C
C0300C
E03808
607818
70DC30
3F8FE0
1F07C0
ENDCHAR
STARTCHAR uniA74F
ENCODING 42831
SWIDTH 822 0
DWIDTH 20 0
BBX 18 11 1 0
BITMAP
1E1E00
23A380
41C180
C0C0C0
C0C0C0
C0C0C0
C0C0C0
C0C0C0
60E080
717100
1E1E00
ENDCHAR
STARTCHAR uniA788
ENCODING 42888
SWIDTH 309 0
DWIDTH 7 0
BBX 7 4 0 -6
BITMAP
18
3C
46
82
ENDCHAR
STARTCHAR uniA789
ENCODING 42889
SWIDTH 208 0
DWIDTH 5 0
BBX 3 9 1 1
BITMAP
60
E0
E0
00
00
00
60
E0
E0
ENDCHAR
STARTCHAR uniA78A
ENCODING 42890
SWIDTH 330 0
DWIDTH 8 0
BBX 6 5 1 3
BITMAP
FC
FC
00
FC
FC
ENDCHAR
STARTCHAR uniA78B
ENCODING 42891
SWIDTH 250 0
DWIDTH 6 0
BBX 2 11 2 8
BITMAP
C0
C0
C0
C0
C0
C0
C0
C0
C0
C0
C0
ENDCHAR
STARTCHAR uniA78C
ENCODING 42892
SWIDTH 245 0
DWIDTH 6 0
BBX 2 10 2 7
BITMAP
C0
C0
C0
C0
C0
C0
C0
C0
C0
C0
ENDCHAR
STARTCHAR uniF26B
ENCODING 42893
SWIDTH 603 0
DWIDTH 14 0
BBX 13 15 0 0
BITMAP
FDF8
3060
3060
3060
3060
3060
3060
39E0
1E60
0060
0060
0060
0060
0060
01F8
ENDCHAR
STARTCHAR uniF266
ENCODING 42894
SWIDTH 333 0
DWIDTH 8 0
BBX 10 24 0 -6
BITMAP
1800
7800
1800
1800
1800
1800
7800
D800
D900
D980
7E00
1800
1800
1800
1800
1800
1800
1800
1800
1800
1800
18C0
1880
0F00
ENDCHAR
STARTCHAR uniA7FB
ENCODING 43003
SWIDTH 478 0
DWIDTH 12 0
BBX 10 15 1 0
BITMAP
FFC0
8300
8300
0300
0300
0300
7F00
2300
0300
0300
0300
0300
0300
0300
0FC0
ENDCHAR
STARTCHAR uniA7FC
ENCODING 43004
SWIDTH 522 0
DWIDTH 13 0
BBX 11 15 1 0
BITMAP
1FC0
71A0
E180
C180
C180
C180
6180
6180
1F80
0180
0180
0180
0180
0180
07E0
ENDCHAR
STARTCHAR uniA7FD
ENCODING 43005
SWIDTH 806 0
DWIDTH 19 0
BBX 17 15 1 0
BITMAP
F08F80
618300
61C300
61C300
636300
632300
662300
663300
6C1300
6C1B00
680B00
780B00
380F00
300700
F00780
ENDCHAR
STARTCHAR uniA7FE
ENCODING 43006
SWIDTH 297 0
DWIDTH 7 0
BBX 6 18 0 0
BITMAP
FC
30
30
30
30
30
30
30
30
30
30
30
30
30
30
30
30
FC
ENDCHAR
STARTCHAR uniA7FF
ENCODING 43007
SWIDTH 1168 0
DWIDTH 28 0
BBX 28 15 0 0
BITMAP
010081F0
03018040
0301C0C0
0783C080
05824080
04C26180
0CC66100
08C42100
08643300
186C3200
10681A00
10381E00
30381C00
20300C00
F87C0800
ENDCHAR
STARTCHAR uniF130
ENCODING 61744
SWIDTH 166 0
DWIDTH 4 0
BBX 3 3 1 -3
BITMAP
E0
20
20
ENDCHAR
STARTCHAR uniF131
ENCODING 61745
SWIDTH 166 0
DWIDTH 4 0
BBX 3 3 0 -3
BITMAP
E0
80
80
ENDCHAR
STARTCHAR uniF132
ENCODING 61746
SWIDTH 204 0
DWIDTH 5 0
BBX 3 24 2 -6
BITMAP
E0
20
20
E0
20
20
20
E0
20
20
20
20
20
20
20
20
20
20
E0
20
20
20
20
E0
ENDCHAR
STARTCHAR uniF133
ENCODING 61747
SWIDTH 204 0
DWIDTH 4 0
BBX 3 24 0 -6
BITMAP
E0
80
80
E0
80
80
80
E0
80
80
80
80
80
80
80
80
80
80
E0
80
80
80
80
E0
ENDCHAR
STARTCHAR uni230A.dup1
ENCODING 61748
SWIDTH 390 0
DWIDTH 9 0
BBX 6 15 2 -3
BITMAP
C0
C0
C0
C0
C0
C0
C0
C0
C0
C0
C0
C0
C0
C0
FC
ENDCHAR
STARTCHAR uni230B.dup2
ENCODING 61749
SWIDTH 390 0
DWIDTH 9 0
BBX 6 15 2 -3
BITMAP
0C
0C
0C
0C
0C
0C
0C
0C
0C
0C
0C
0C
0C
0C
FC
ENDCHAR
STARTCHAR uni1DC2.dup3
ENCODING 61808
SWIDTH 0 0
DWIDTH 0 0
BBX 5 6 -7 -8
BITMAP
78
18
E0
30
60
F8
ENDCHAR
STARTCHAR uni1DC4.dup4
ENCODING 61809
SWIDTH 0 0
DWIDTH 0 0
BBX 8 5 -9 13
BITMAP
01
02
06
FC
FC
ENDCHAR
STARTCHAR uni1DC5.dup5
ENCODING 61810
SWIDTH 0 0
DWIDTH 0 0
BBX 8 5 -11 13
BITMAP
80
40
60
3F
3F
ENDCHAR
STARTCHAR uni1DC6.dup6
ENCODING 61811
SWIDTH 0 0
DWIDTH 0 0
BBX 8 5 -10 12
BITMAP
FC
FE
06
03
01
ENDCHAR
STARTCHAR uni1DC7.dup7
ENCODING 61812
SWIDTH 0 0
DWIDTH 0 0
BBX 8 5 -10 12
BITMAP
3F
3F
60
40
80
ENDCHAR
STARTCHAR uni1DC8.dup8
ENCODING 61813
SWIDTH 0 0
DWIDTH 0 0
BBX 8 3 -10 13
BITMAP
8C
52
31
ENDCHAR
STARTCHAR uni035C.dup9
ENCODING 61814
SWIDTH 0 0
DWIDTH 0 0
BBX 20 4 -10 -10
BITMAP
C00030
7801E0
1FFF80
03FC00
ENDCHAR
STARTCHAR uni1DCA.dup10
ENCODING 61816
SWIDTH 0 0
DWIDTH 0 0
BBX 5 5 -9 -7
BITMAP
78
E8
60
60
F0
ENDCHAR
STARTCHAR uni1DC9.dup11
ENCODING 61817
SWIDTH 0 0
DWIDTH 0 0
BBX 9 3 -10 13
BITMAP
3080
6B00
8600
ENDCHAR
STARTCHAR uniF17A
ENCODING 61818
SWIDTH 0 0
DWIDTH 0 0
BBX 8 3 -4 13
BITMAP
C3
C3
C3
ENDCHAR
STARTCHAR uniF17B.dup12
ENCODING 61819
SWIDTH 0 0
DWIDTH 0 0
BBX 7 4 -10 -6
BITMAP
72
8C
72
8C
ENDCHAR
STARTCHAR uni1D50.dup13
ENCODING 61824
SWIDTH 562 0
DWIDTH 13 0
BBX 13 7 0 7
BITMAP
EF70
73B0
6330
6330
6330
6330
F7F8
ENDCHAR
STARTCHAR uni1DAE.dup14
ENCODING 61825
SWIDTH 382 0
DWIDTH 9 0
BBX 11 10 -2 4
BITMAP
39C0
1EC0
18C0
18C0
18C0
18C0
19E0
1800
1000
E000
ENDCHAR
STARTCHAR uni1D51.dup15
ENCODING 61826
SWIDTH 382 0
DWIDTH 9 0
BBX 8 10 0 4
BITMAP
E7
7B
63
63
63
63
F3
03
26
38
ENDCHAR
STARTCHAR uni1D9F.dup16
ENCODING 61835
SWIDTH 298 0
DWIDTH 8 0
BBX 7 7 0 7
BITMAP
3C
46
04
1C
06
86
7C
ENDCHAR
STARTCHAR uni02CB.dup17
ENCODING 61845
SWIDTH 199 0
DWIDTH 5 0
BBX 5 5 0 12
BITMAP
C0
60
20
10
08
ENDCHAR
STARTCHAR uni02C8.dup18
ENCODING 61846
SWIDTH 205 0
DWIDTH 5 0
BBX 2 7 1 12
BITMAP
C0
C0
C0
C0
C0
C0
C0
ENDCHAR
STARTCHAR uni02CA.dup19
ENCODING 61847
SWIDTH 196 0
DWIDTH 5 0
BBX 5 5 0 12
BITMAP
38
30
60
40
80
ENDCHAR
STARTCHAR uniA717.dup20
ENCODING 61848
SWIDTH 231 0
DWIDTH 6 0
BBX 4 8 0 12
BITMAP
30
30
30
B0
F0
30
30
30
ENDCHAR
STARTCHAR uniA718.dup21
ENCODING 61849
SWIDTH 283 0
DWIDTH 7 0
BBX 6 6 0 13
BITMAP
44
4C
18
30
60
C0
ENDCHAR
STARTCHAR uniA719.dup22
ENCODING 61850
SWIDTH 356 0
DWIDTH 9 0
BBX 8 5 0 13
BITMAP
08
18
00
7F
FF
ENDCHAR
STARTCHAR uniA71A.dup23
ENCODING 61851
SWIDTH 380 0
DWIDTH 9 0
BBX 8 4 0 14
BITMAP
03
03
03
FF
ENDCHAR
STARTCHAR uniA71B.dup24
ENCODING 61852
SWIDTH 261 0
DWIDTH 6 0
BBX 6 7 0 10
BITMAP
30
78
B4
30
30
30
30
ENDCHAR
STARTCHAR uniA71C.dup25
ENCODING 61853
SWIDTH 261 0
DWIDTH 6 0
BBX 6 7 0 10
BITMAP
30
30
30
30
B4
78
30
ENDCHAR
STARTCHAR uniA71D.dup26
ENCODING 61854
SWIDTH 189 0
DWIDTH 5 0
BBX 2 11 1 7
BITMAP
40
C0
C0
40
40
40
40
40
00
C0
C0
ENDCHAR
STARTCHAR uniA71E.dup27
ENCODING 61855
SWIDTH 189 0
DWIDTH 5 0
BBX 2 11 1 3
BITMAP
C0
C0
00
40
40
40
40
C0
C0
C0
C0
ENDCHAR
STARTCHAR uni1D9B.dup28
ENCODING 61856
SWIDTH 358 0
DWIDTH 9 0
BBX 8 7 0 7
BITMAP
EE
77
63
63
63
66
5C
ENDCHAR
STARTCHAR uniF1A1
ENCODING 61857
SWIDTH 483 0
DWIDTH 12 0
BBX 10 7 1 7
BITMAP
3BC0
CC40
BFC0
6C00
CC00
CE40
7380
ENDCHAR
STARTCHAR uni1D9D.dup29
ENCODING 61858
SWIDTH 305 0
DWIDTH 7 0
BBX 5 7 1 7
BITMAP
38
68
C0
C0
D8
B8
F0
ENDCHAR
STARTCHAR uniF1A3
ENCODING 61859
SWIDTH 323 0
DWIDTH 8 0
BBX 7 7 0 7
BITMAP
78
C4
FE
06
06
8C
78
ENDCHAR
STARTCHAR uniF1A4
ENCODING 61860
SWIDTH 327 0
DWIDTH 8 0
BBX 7 7 0 7
BITMAP
3C
66
C6
DC
C6
66
3C
ENDCHAR
STARTCHAR uni1DA0.dup30
ENCODING 61861
SWIDTH 217 0
DWIDTH 5 0
BBX 7 11 0 7
BITMAP
1E
24
60
60
F8
60
60
60
60
60
F8
ENDCHAR
STARTCHAR uni1DA2.dup31
ENCODING 61862
SWIDTH 336 0
DWIDTH 8 0
BBX 6 10 1 4
BITMAP
3C
4C
CC
CC
CC
CC
7C
0C
48
70
ENDCHAR
STARTCHAR uni1DA4.dup32
ENCODING 61863
SWIDTH 189 0
DWIDTH 5 0
BBX 4 10 0 7
BITMAP
20
60
00
E0
60
60
F0
60
60
F0
ENDCHAR
STARTCHAR uni1DA6.dup33
ENCODING 61864
SWIDTH 195 0
DWIDTH 5 0
BBX 4 7 0 7
BITMAP
F0
60
60
60
60
60
F0
ENDCHAR
STARTCHAR uni1DA1.dup34
ENCODING 61865
SWIDTH 203 0
DWIDTH 5 0
BBX 6 10 -1 4
BITMAP
38
18
18
18
18
18
7C
18
10
E0
ENDCHAR
STARTCHAR uni1DA9.dup35
ENCODING 61866
SWIDTH 189 0
DWIDTH 5 0
BBX 6 14 0 4
BITMAP
E0
60
60
60
60
60
60
60
60
60
60
60
6C
38
ENDCHAR
STARTCHAR uniF1AB
ENCODING 61867
SWIDTH 352 0
DWIDTH 8 0
BBX 6 7 1 7
BITMAP
7C
48
CC
FC
CC
48
F8
ENDCHAR
STARTCHAR uni1DB1.dup36
ENCODING 61868
SWIDTH 352 0
DWIDTH 8 0
BBX 6 7 1 7
BITMAP
38
4C
CC
FC
CC
C8
70
ENDCHAR
STARTCHAR uniF1AD
ENCODING 61869
SWIDTH 548 0
DWIDTH 13 0
BBX 11 7 1 7
BITMAP
33C0
4E40
CC60
CFE0
CC00
CE20
73C0
ENDCHAR
STARTCHAR uniF1AE
ENCODING 61870
SWIDTH 462 0
DWIDTH 11 0
BBX 10 6 1 8
BITMAP
3F80
4C80
CC00
CF00
CC40
7F80
ENDCHAR
STARTCHAR uni1DB4.dup37
ENCODING 61871
SWIDTH 171 0
DWIDTH 4 0
BBX 9 14 -3 4
BITMAP
0380
0480
0C00
0C00
0C00
0C00
0C00
0C00
0C00
0C00
0C00
0C00
0800
F000
ENDCHAR
STARTCHAR uni1DB6.dup38
ENCODING 61872
SWIDTH 370 0
DWIDTH 9 0
BBX 9 7 0 7
BITMAP
E700
6300
6300
FF80
6300
6700
3B80
ENDCHAR
STARTCHAR uni1DB7.dup39
ENCODING 61873
SWIDTH 344 0
DWIDTH 8 0
BBX 6 7 1 7
BITMAP
FC
78
CC
CC
CC
C8
70
ENDCHAR
STARTCHAR uni1DAD.dup40
ENCODING 61874
SWIDTH 553 0
DWIDTH 13 0
BBX 13 10 0 4
BITMAP
E770
6330
6330
6330
6330
6770
7BB0
0030
0030
0038
ENDCHAR
STARTCHAR uni1DBA.dup41
ENCODING 61875
SWIDTH 345 0
DWIDTH 8 0
BBX 8 7 0 7
BITMAP
18
18
3C
24
26
46
E7
ENDCHAR
STARTCHAR uniF1B4
ENCODING 61876
SWIDTH 338 0
DWIDTH 8 0
BBX 8 7 0 7
BITMAP
C7
62
34
18
18
18
3C
ENDCHAR
STARTCHAR uniF1B5
ENCODING 61877
SWIDTH 376 0
DWIDTH 9 0
BBX 8 7 0 7
BITMAP
C3
E7
BD
18
18
34
38
ENDCHAR
STARTCHAR uni1DBB.dup42
ENCODING 61878
SWIDTH 296 0
DWIDTH 7 0
BBX 6 7 1 7
BITMAP
FC
88
10
20
60
C4
FC
ENDCHAR
STARTCHAR uni1DBD.dup43
ENCODING 61879
SWIDTH 312 0
DWIDTH 7 0
BBX 6 8 1 6
BITMAP
FC
88
10
20
6C
D4
FC
20
ENDCHAR
STARTCHAR uni1DBE.dup44
ENCODING 61880
SWIDTH 314 0
DWIDTH 8 0
BBX 7 10 0 4
BITMAP
FE
88
10
20
78
0E
06
06
CC
78
ENDCHAR
STARTCHAR uni1D9C.dup45
ENCODING 61881
SWIDTH 305 0
DWIDTH 7 0
BBX 7 7 0 7
BITMAP
1C
66
C0
C0
C0
62
3C
ENDCHAR
STARTCHAR uni1D9E.dup46
ENCODING 61882
SWIDTH 348 0
DWIDTH 8 0
BBX 6 10 1 7
BITMAP
64
38
08
3C
4C
CC
CC
CC
C8
70
ENDCHAR
STARTCHAR uni1DA3.dup47
ENCODING 61883
SWIDTH 370 0
DWIDTH 9 0
BBX 9 10 0 4
BITMAP
E700
6300
6300
6300
6300
6700
3B00
0300
0300
0380
ENDCHAR
STARTCHAR uniF1BC
ENCODING 61884
SWIDTH 386 0
DWIDTH 9 0
BBX 9 11 0 7
BITMAP
E000
6000
F800
6000
6E00
7300
6300
6300
6300
6300
F780
ENDCHAR
STARTCHAR uni1DA8.dup48
ENCODING 61885
SWIDTH 181 0
DWIDTH 4 0
BBX 6 13 -2 4
BITMAP
18
18
00
38
18
18
18
18
18
18
78
C8
F4
ENDCHAR
STARTCHAR uni1DAA.dup49
ENCODING 61886
SWIDTH 189 0
DWIDTH 5 0
BBX 4 14 0 4
BITMAP
E0
60
60
60
60
60
60
60
60
E0
10
10
D0
60
ENDCHAR
STARTCHAR uni1DAB.dup50
ENCODING 61887
SWIDTH 303 0
DWIDTH 7 0
BBX 7 7 0 7
BITMAP
F0
60
60
60
60
62
FE
ENDCHAR
STARTCHAR uni1DAC.dup51
ENCODING 61888
SWIDTH 558 0
DWIDTH 13 0
BBX 12 10 0 4
BITMAP
EF70
73B0
6330
6330
6330
6330
F7B0
0030
0260
0380
ENDCHAR
STARTCHAR uni1DAF.dup52
ENCODING 61889
SWIDTH 389 0
DWIDTH 9 0
BBX 11 10 0 4
BITMAP
E700
7B00
6300
6300
6300
6300
F300
0300
0360
01C0
ENDCHAR
STARTCHAR uni1DB0.dup53
ENCODING 61890
SWIDTH 391 0
DWIDTH 9 0
BBX 9 7 0 7
BITMAP
C780
6300
7300
6B00
6700
6700
F300
ENDCHAR
STARTCHAR uni1DB2.dup54
ENCODING 61891
SWIDTH 418 0
DWIDTH 11 0
BBX 10 14 0 4
BITMAP
1C00
0C00
0C00
0C00
1F00
6D80
CCC0
CCC0
CCC0
6D80
3E00
0C00
0C00
1E00
ENDCHAR
STARTCHAR uni1DB3.dup55
ENCODING 61892
SWIDTH 270 0
DWIDTH 7 0
BBX 5 10 1 4
BITMAP
78
C8
E0
70
98
98
F0
80
A0
C0
ENDCHAR
STARTCHAR uni1DB5.dup56
ENCODING 61893
SWIDTH 240 0
DWIDTH 7 0
BBX 6 12 0 4
BITMAP
60
60
FC
60
60
60
60
60
7C
04
34
18
ENDCHAR
STARTCHAR uni1DB9.dup57
ENCODING 61894
SWIDTH 339 0
DWIDTH 8 0
BBX 7 7 0 7
BITMAP
FC
6E
66
66
66
64
38
ENDCHAR
STARTCHAR uni1DBC.dup58
ENCODING 61895
SWIDTH 309 0
DWIDTH 8 0
BBX 9 10 1 4
BITMAP
FC00
8800
1000
3000
6000
4400
FC00
0400
0580
0700
ENDCHAR
STARTCHAR uni02C0.dup59
ENCODING 61896
SWIDTH 304 0
DWIDTH 8 0
BBX 7 9 0 9
BITMAP
3C
CE
C6
06
0C
08
18
18
18
ENDCHAR
STARTCHAR uni1DBF.dup60
ENCODING 61897
SWIDTH 349 0
DWIDTH 8 0
BBX 6 11 1 7
BITMAP
30
58
4C
CC
CC
FC
CC
CC
CC
68
30
ENDCHAR
STARTCHAR uni1DA5.dup61
ENCODING 61898
SWIDTH 197 0
DWIDTH 5 0
BBX 5 7 0 7
BITMAP
E0
60
60
60
60
68
70
ENDCHAR
STARTCHAR uni1DA7.dup62
ENCODING 61899
SWIDTH 192 0
DWIDTH 5 0
BBX 4 7 0 7
BITMAP
F0
60
60
F0
60
60
F0
ENDCHAR
STARTCHAR uni1DB8.dup63
ENCODING 61900
SWIDTH 386 0
DWIDTH 9 0
BBX 9 7 0 7
BITMAP
F780
6300
6300
6300
6300
6300
3E00
ENDCHAR
STARTCHAR uniF1CD
ENCODING 61901
SWIDTH 401 0
DWIDTH 10 0
BBX 9 6 0 7
BITMAP
F780
6300
FF80
6300
6300
3E00
ENDCHAR
STARTCHAR uniF1CE
ENCODING 61902
SWIDTH 345 0
DWIDTH 8 0
BBX 9 11 0 7
BITMAP
0380
0400
0800
0800
1800
1800
1C00
2400
2600
4600
E700
ENDCHAR
STARTCHAR uniA712.dup64
ENCODING 61904
SWIDTH 362 0
DWIDTH 9 0
BBX 7 18 1 0
BITMAP
FE
C0
C0
C0
C0
C0
C0
C0
C0
C0
C0
C0
C0
C0
C0
C0
C0
C0
ENDCHAR
STARTCHAR uniA713.dup65
ENCODING 61905
SWIDTH 362 0
DWIDTH 9 0
BBX 7 18 1 0
BITMAP
C0
C0
C0
C0
FE
C0
C0
C0
C0
C0
C0
C0
C0
C0
C0
C0
C0
C0
ENDCHAR
STARTCHAR uniA714.dup66
ENCODING 61906
SWIDTH 362 0
DWIDTH 9 0
BBX 7 18 1 0
BITMAP
C0
C0
C0
C0
C0
C0
C0
C0
C0
FE
C0
C0
C0
C0
C0
C0
C0
C0
ENDCHAR
STARTCHAR uniA715.dup67
ENCODING 61907
SWIDTH 362 0
DWIDTH 9 0
BBX 7 18 1 0
BITMAP
C0
C0
C0
C0
C0
C0
C0
C0
C0
C0
C0
C0
C0
FE
C0
C0
C0
C0
ENDCHAR
STARTCHAR uniA716.dup68
ENCODING 61908
SWIDTH 362 0
DWIDTH 9 0
BBX 7 18 1 0
BITMAP
C0
C0
C0
C0
C0
C0
C0
C0
C0
C0
C0
C0
C0
C0
C0
C0
C0
FE
ENDCHAR
STARTCHAR uniA708.dup69
ENCODING 61909
SWIDTH 317 0
DWIDTH 8 0
BBX 5 18 1 0
BITMAP
D8
D8
18
18
18
18
18
18
18
18
18
18
18
18
18
18
18
18
ENDCHAR
STARTCHAR uniA709.dup70
ENCODING 61910
SWIDTH 317 0
DWIDTH 8 0
BBX 5 18 1 0
BITMAP
18
18
18
18
D8
D8
18
18
18
18
18
18
18
18
18
18
18
18
ENDCHAR
STARTCHAR uniA70A.dup71
ENCODING 61911
SWIDTH 317 0
DWIDTH 8 0
BBX 5 18 1 0
BITMAP
18
18
18
18
18
18
18
18
D8
D8
18
18
18
18
18
18
18
18
ENDCHAR
STARTCHAR uniA70B.dup72
ENCODING 61912
SWIDTH 317 0
DWIDTH 8 0
BBX 5 18 1 0
BITMAP
18
18
18
18
18
18
18
18
18
18
18
18
D8
D8
18
18
18
18
ENDCHAR
STARTCHAR uniA70C.dup73
ENCODING 61913
SWIDTH 317 0
DWIDTH 8 0
BBX 5 18 1 0
BITMAP
18
18
18
18
18
18
18
18
18
18
18
18
18
18
18
18
D8
D8
ENDCHAR
STARTCHAR uniA70D.dup74
ENCODING 61914
SWIDTH 317 0
DWIDTH 8 0
BBX 5 18 1 0
BITMAP
D8
D8
C0
C0
C0
C0
C0
C0
C0
C0
C0
C0
C0
C0
C0
C0
C0
C0
ENDCHAR
STARTCHAR uniA70E.dup75
ENCODING 61915
SWIDTH 317 0
DWIDTH 8 0
BBX 5 18 1 0
BITMAP
C0
C0
C0
C0
D8
D8
C0
C0
C0
C0
C0
C0
C0
C0
C0
C0
C0
C0
ENDCHAR
STARTCHAR uniA70F.dup76
ENCODING 61916
SWIDTH 317 0
DWIDTH 8 0
BBX 5 18 1 0
BITMAP
C0
C0
C0
C0
C0
C0
C0
C0
D8
D8
C0
C0
C0
C0
C0
C0
C0
C0
ENDCHAR
STARTCHAR uniA710.dup77
ENCODING 61917
SWIDTH 317 0
DWIDTH 8 0
BBX 5 18 1 0
BITMAP
C0
C0
C0
C0
C0
C0
C0
C0
C0
C0
C0
C0
D8
D8
C0
C0
C0
C0
ENDCHAR
STARTCHAR uniA711.dup78
ENCODING 61918
SWIDTH 317 0
DWIDTH 8 0
BBX 5 18 1 0
BITMAP
C0
C0
C0
C0
C0
C0
C0
C0
C0
C0
C0
C0
C0
C0
C0
C0
D8
D8
ENDCHAR
STARTCHAR uniA700.dup79
ENCODING 61919
SWIDTH 243 0
DWIDTH 6 0
BBX 5 4 0 -2
BITMAP
78
80
80
78
ENDCHAR
STARTCHAR uniA702.dup80
ENCODING 61920
SWIDTH 230 0
DWIDTH 6 0
BBX 5 4 0 14
BITMAP
78
80
80
78
ENDCHAR
STARTCHAR uniA704.dup81
ENCODING 61921
SWIDTH 228 0
DWIDTH 6 0
BBX 5 4 0 14
BITMAP
F0
08
08
F0
ENDCHAR
STARTCHAR uniA706.dup82
ENCODING 61922
SWIDTH 243 0
DWIDTH 6 0
BBX 5 4 0 -2
BITMAP
F0
08
08
F0
ENDCHAR
STARTCHAR uniA701.dup83
ENCODING 61923
SWIDTH 243 0
DWIDTH 6 0
BBX 5 7 0 -5
BITMAP
78
80
80
78
00
00
78
ENDCHAR
STARTCHAR uniA703.dup84
ENCODING 61924
SWIDTH 230 0
DWIDTH 6 0
BBX 5 7 0 11
BITMAP
78
80
80
78
00
00
F8
ENDCHAR
STARTCHAR uniA705.dup85
ENCODING 61925
SWIDTH 228 0
DWIDTH 6 0
BBX 5 7 0 11
BITMAP
F0
08
08
F0
00
00
F8
ENDCHAR
STARTCHAR uniA707.dup86
ENCODING 61926
SWIDTH 243 0
DWIDTH 6 0
BBX 5 7 0 -5
BITMAP
F0
08
08
F0
00
00
F8
ENDCHAR
STARTCHAR uniA788.dup87
ENCODING 61927
SWIDTH 309 0
DWIDTH 7 0
BBX 7 4 0 -6
BITMAP
18
3C
46
82
ENDCHAR
STARTCHAR uni02EC.dup88
ENCODING 61928
SWIDTH 309 0
DWIDTH 7 0
BBX 7 5 0 -6
BITMAP
82
46
7C
38
18
ENDCHAR
STARTCHAR uniA789.dup89
ENCODING 61929
SWIDTH 208 0
DWIDTH 5 0
BBX 3 9 1 1
BITMAP
60
E0
E0
00
00
00
60
E0
E0
ENDCHAR
STARTCHAR uniA78A.dup90
ENCODING 61930
SWIDTH 330 0
DWIDTH 8 0
BBX 6 5 1 3
BITMAP
FC
FC
00
FC
FC
ENDCHAR
STARTCHAR uniF1F1
ENCODING 61937
SWIDTH 439 0
DWIDTH 11 0
BBX 12 1 -1 -4
BITMAP
FFF0
ENDCHAR
STARTCHAR uniF1F2
ENCODING 61938
SWIDTH 439 0
DWIDTH 11 0
BBX 12 1 -1 -1
BITMAP
FFF0
ENDCHAR
STARTCHAR uniF1F3
ENCODING 61939
SWIDTH 439 0
DWIDTH 11 0
BBX 12 1 -1 2
BITMAP
FFF0
ENDCHAR
STARTCHAR uniF1F4
ENCODING 61940
SWIDTH 439 0
DWIDTH 11 0
BBX 12 1 -1 4
BITMAP
FFF0
ENDCHAR
STARTCHAR uniF1F5
ENCODING 61941
SWIDTH 439 0
DWIDTH 11 0
BBX 12 1 -1 7
BITMAP
FFF0
ENDCHAR
STARTCHAR uniF1F6
ENCODING 61942
SWIDTH 439 0
DWIDTH 11 0
BBX 12 1 -1 10
BITMAP
FFF0
ENDCHAR
STARTCHAR uniF1F7
ENCODING 61943
SWIDTH 439 0
DWIDTH 11 0
BBX 12 1 -1 12
BITMAP
FFF0
ENDCHAR
STARTCHAR uniF1F8
ENCODING 61944
SWIDTH 439 0
DWIDTH 11 0
BBX 12 1 -1 15
BITMAP
FFF0
ENDCHAR
STARTCHAR uniF1F9
ENCODING 61945
SWIDTH 439 0
DWIDTH 11 0
BBX 12 1 -1 18
BITMAP
FFF0
ENDCHAR
STARTCHAR uni2C6D.dup91
ENCODING 61960
SWIDTH 617 0
DWIDTH 15 0
BBX 13 15 1 0
BITMAP
0F20
1FE0
30E0
6060
6060
C060
C060
C060
C060
C060
E060
60E0
71E0
3F60
1E78
ENDCHAR
STARTCHAR uniF209.dup92
ENCODING 61961
SWIDTH 617 0
DWIDTH 15 0
BBX 14 15 0 0
BITMAP
F3C0
37F0
3C78
3818
301C
300C
300C
300C
300C
300C
3018
3818
3C30
3FE0
23C0
ENDCHAR
STARTCHAR uni0243.dup93
ENCODING 61962
SWIDTH 549 0
DWIDTH 13 0
BBX 12 15 0 0
BITMAP
7F80
B0C0
3060
3060
3060
3080
3FC0
30E0
3070
3030
FE30
3030
3030
3060
FF80
ENDCHAR
STARTCHAR uni023C.dup94
ENCODING 61963
SWIDTH 437 0
DWIDTH 10 0
BBX 9 15 1 -2
BITMAP
0080
0100
0F00
3380
6300
4400
C400
C800
C800
D100
F180
7F00
3C00
2000
4000
ENDCHAR
STARTCHAR uni1D91.dup95
ENCODING 61964
SWIDTH 514 0
DWIDTH 12 0
BBX 14 24 1 -6
BITMAP
0038
007C
00CC
00C0
00C0
00C0
00C0
1FC0
21C0
60C0
40C0
C0C0
C0C0
C0C0
E0C0
73C0
7FC0
3CC0
00C0
00C0
00C0
00CC
00C8
0070
ENDCHAR
STARTCHAR uniF20D
ENCODING 61965
SWIDTH 705 0
DWIDTH 17 0
BBX 16 15 0 0
BITMAP
1FF0
661C
C60E
C606
E607
0603
0603
1FC3
0603
0603
0602
0606
060C
0618
1FF0
ENDCHAR
STARTCHAR uni2C61.dup96
ENCODING 61966
SWIDTH 319 0
DWIDTH 8 0
BBX 6 18 1 0
BITMAP
30
F0
30
30
30
30
30
FC
30
FC
30
30
30
30
30
30
30
FC
ENDCHAR
STARTCHAR uni2C60.dup97
ENCODING 61967
SWIDTH 476 0
DWIDTH 11 0
BBX 11 15 0 0
BITMAP
FC00
3000
3000
3000
3000
3000
3000
FE00
3000
FE00
3000
3000
3020
3020
FFE0
ENDCHAR
STARTCHAR uni1D7D.dup98
ENCODING 61968
SWIDTH 529 0
DWIDTH 13 0
BBX 13 17 0 -6
BITMAP
31C0
F7E0
3C60
3830
3030
FFF8
3030
3020
3860
3FC0
3380
3000
3000
3000
3000
3000
FC00
ENDCHAR
STARTCHAR uni024B.dup99
ENCODING 61969
SWIDTH 514 0
DWIDTH 12 0
BBX 14 17 1 -6
BITMAP
0F40
31C0
60C0
40C0
C0C0
C0C0
C0C0
E0C0
73C0
7FC0
3CC0
00C0
00C0
00C0
00CC
00C8
0070
ENDCHAR
STARTCHAR uni024A.dup100
ENCODING 61970
SWIDTH 600 0
DWIDTH 14 0
BBX 16 21 1 -6
BITMAP
07A0
1FE0
38E0
6060
6060
C060
C060
C060
C060
C060
E060
60E0
71E0
3F60
1E60
0060
0060
0060
0063
0062
003C
ENDCHAR
STARTCHAR uni024D.dup101
ENCODING 61971
SWIDTH 395 0
DWIDTH 10 0
BBX 9 11 0 0
BITMAP
3380
F780
3C80
3880
3000
FE00
3000
3000
3000
3000
FC00
ENDCHAR
STARTCHAR uni024C.dup102
ENCODING 61972
SWIDTH 561 0
DWIDTH 13 0
BBX 13 15 0 0
BITMAP
7F00
B180
30C0
30C0
30C0
30C0
3180
FF00
3200
3300
3180
3080
30C0
3060
FC78
ENDCHAR
STARTCHAR uni2C64.dup103
ENCODING 61973
SWIDTH 561 0
DWIDTH 14 0
BBX 13 19 0 -4
BITMAP
7F80
B0C0
3060
3060
3060
3040
30C0
3F00
3200
3300
3180
3180
30C0
3060
3078
3000
3300
3200
1C00
ENDCHAR
STARTCHAR uni1D98.dup104
ENCODING 61974
SWIDTH 246 0
DWIDTH 6 0
BBX 12 28 -4 -10
BITMAP
00E0
01F0
0320
0600
0600
0600
0600
0600
0600
0600
0600
0600
0300
0300
0300
0300
0300
0300
0300
0300
0300
4600
FC00
F800
C000
CC00
CC00
7800
ENDCHAR
STARTCHAR uni01B7.RevSigmaStyle
ENCODING 61975
SWIDTH 519 0
DWIDTH 12 0
BBX 11 15 1 0
BITMAP
FFE0
81C0
8180
0300
0700
0600
0C00
0C00
0400
0200
8100
8180
8080
FFC0
FFE0
ENDCHAR
STARTCHAR uni0244.dup105
ENCODING 61976
SWIDTH 653 0
DWIDTH 16 0
BBX 16 15 0 0
BITMAP
FC3F
300C
300C
300C
300C
300C
300C
FFFF
300C
300C
300C
381C
1C38
1FF0
07E0
ENDCHAR
STARTCHAR uni0245.dup106
ENCODING 61977
SWIDTH 595 0
DWIDTH 14 0
BBX 14 15 0 0
BITMAP
0100
0300
0300
0780
0580
04C0
0CC0
08C0
0860
1860
1060
1030
3030
2030
F87C
ENDCHAR
STARTCHAR uni2C73.dup107
ENCODING 61978
SWIDTH 778 0
DWIDTH 19 0
BBX 20 14 0 0
BITMAP
000070
0000F0
0001A0
F88300
20C200
30C200
314200
116400
1B6400
1A3400
1A3C00
0E3800
0C1800
0C1800
ENDCHAR
STARTCHAR uni2C72.dup108
ENCODING 61979
SWIDTH 958 0
DWIDTH 22 0
BBX 23 16 0 0
BITMAP
00001C
F8207E
206066
3060C6
3060C4
30F080
309080
199180
199980
191900
1B0900
0B0F00
0E0F00
0E0600
0E0600
0C0600
ENDCHAR
STARTCHAR uni1D9A.dup109
ENCODING 61980
SWIDTH 449 0
DWIDTH 11 0
BBX 10 21 0 -10
BITMAP
3FC0
2180
4380
0700
0E00
0C00
1C00
3F00
0380
01C0
00C0
00C0
00C0
00C0
4180
E100
FE00
C000
CC00
CC00
7800
ENDCHAR
STARTCHAR uniA78C.dup110
ENCODING 61981
SWIDTH 245 0
DWIDTH 6 0
BBX 2 10 2 7
BITMAP
C0
C0
C0
C0
C0
C0
C0
C0
C0
C0
ENDCHAR
STARTCHAR uni0242.dup111
ENCODING 61982
SWIDTH 400 0
DWIDTH 10 0
BBX 8 11 1 0
BITMAP
3E
47
C3
C3
06
0C
18
18
18
18
7E
ENDCHAR
STARTCHAR uni023D.dup112
ENCODING 61983
SWIDTH 476 0
DWIDTH 11 0
BBX 11 15 0 0
BITMAP
FC00
3000
3000
3000
3000
3000
3000
3000
FE00
3000
3000
3000
3020
3020
FFE0
ENDCHAR
STARTCHAR uni0247.dup113
ENCODING 61984
SWIDTH 461 0
DWIDTH 11 0
BBX 9 15 1 -2
BITMAP
0080
0100
1F00
2380
4780
C580
FF80
C800
D800
D080
E180
7F00
5C00
4000
8000
ENDCHAR
STARTCHAR uni0246.dup114
ENCODING 61985
SWIDTH 496 0
DWIDTH 12 0
BBX 12 19 0 -2
BITMAP
0010
0020
FFE0
3040
30C0
3080
3180
3100
3F80
3700
3400
3C00
3800
3800
3020
3020
FFE0
6000
4000
ENDCHAR
STARTCHAR uni2C68.dup115
ENCODING 61986
SWIDTH 571 0
DWIDTH 14 0
BBX 14 22 0 -4
BITMAP
3000
F000
3000
3000
3000
3000
3000
31E0
37F0
3E30
3830
3030
3030
3030
3030
3030
3030
FCFC
000C
000C
0008
0008
ENDCHAR
STARTCHAR uni2C67.dup116
ENCODING 61987
SWIDTH 718 0
DWIDTH 17 0
BBX 15 19 0 -4
BITMAP
FC7E
3018
3018
3018
3018
3018
3018
3FF8
3018
3018
3018
3018
3018
3018
FC7E
0006
0006
0004
0004
ENDCHAR
STARTCHAR uni1D80.dup117
ENCODING 61988
SWIDTH 507 0
DWIDTH 12 0
BBX 11 24 0 -6
BITMAP
3000
F000
3000
3000
3000
3000
3000
3380
37C0
3C60
3820
3020
3020
3020
3020
3860
3FE0
0E60
0060
0060
0060
0660
0640
0380
ENDCHAR
STARTCHAR uniF225
ENCODING 61989
SWIDTH 437 0
DWIDTH 11 0
BBX 9 17 1 -6
BITMAP
0F80
3180
6000
C000
C000
C000
C000
E080
7180
7F80
3D80
0180
0180
0180
1980
1900
0E00
ENDCHAR
STARTCHAR uni1D81.dup118
ENCODING 61990
SWIDTH 520 0
DWIDTH 14 0
BBX 12 24 1 -6
BITMAP
00C0
03C0
00C0
00C0
00C0
00C0
00C0
1FC0
21C0
60C0
40C0
C0C0
C0C0
C0C0
E0C0
73C0
7FC0
3CF0
0030
0030
0030
0330
0320
01C0
ENDCHAR
STARTCHAR uni1D82.dup119
ENCODING 61991
SWIDTH 311 0
DWIDTH 8 0
BBX 9 24 0 -6
BITMAP
0700
0F80
1980
3000
3000
3000
3000
FE00
3000
3000
3000
3000
3000
3000
3000
3000
3000
FE00
0600
0600
0600
6600
6400
3800
ENDCHAR
STARTCHAR uni1D83.dup120
ENCODING 61992
SWIDTH 654 0
DWIDTH 17 0
BBX 15 17 1 -6
BITMAP
0F40
31C0
60C0
40C0
C0C0
C0C0
C0C0
C0C0
61C0
73C0
3CFE
00C6
00C6
00A6
01E6
6164
7E38
ENDCHAR
STARTCHAR uni1D84.dup121
ENCODING 61993
SWIDTH 487 0
DWIDTH 13 0
BBX 12 24 0 -6
BITMAP
3000
F000
3000
3000
3000
3000
3000
31F0
3080
3100
3600
3C00
3C00
3600
3300
3180
31C0
F8F0
0030
0030
0030
0330
0320
01C0
ENDCHAR
STARTCHAR uni1D85.dup122
ENCODING 61994
SWIDTH 270 0
DWIDTH 7 0
BBX 6 24 0 -6
BITMAP
30
F0
30
30
30
30
30
30
30
30
30
30
30
30
30
30
30
F8
0C
0C
0C
CC
C8
70
ENDCHAR
STARTCHAR uni1D86.dup123
ENCODING 61995
SWIDTH 803 0
DWIDTH 20 0
BBX 19 17 0 -6
BITMAP
31C700
F7EF80
3C7980
387180
306180
306180
306180
306180
306180
306180
78F3C0
850C60
000060
000060
000660
000640
000380
ENDCHAR
STARTCHAR uni1D87.dup124
ENCODING 61996
SWIDTH 551 0
DWIDTH 14 0
BBX 13 17 0 -6
BITMAP
31C0
F3E0
3460
3860
3060
3060
3060
3060
3060
3060
7DF0
8018
0018
0018
0198
0190
00E0
ENDCHAR
STARTCHAR uni1D88.dup125
ENCODING 61997
SWIDTH 559 0
DWIDTH 14 0
BBX 12 17 0 -6
BITMAP
31C0
F7E0
3C70
3870
3030
3030
3030
3030
3870
3FF0
33B0
3030
3030
3030
3130
FB20
01C0
ENDCHAR
STARTCHAR uni1D89.dup126
ENCODING 61998
SWIDTH 395 0
DWIDTH 10 0
BBX 9 17 0 -6
BITMAP
3380
F780
3C80
3880
3000
3000
3000
3000
3000
3000
F800
0600
0600
0600
6600
6400
3800
ENDCHAR
STARTCHAR uni1D8A.dup127
ENCODING 61999
SWIDTH 386 0
DWIDTH 10 0
BBX 8 17 0 -6
BITMAP
1F
23
60
70
38
1E
07
03
83
C3
7F
03
03
03
13
13
0E
ENDCHAR
STARTCHAR uni1D8B.dup128
ENCODING 62000
SWIDTH 410 0
DWIDTH 11 0
BBX 14 24 -4 -6
BITMAP
00E0
01F0
0320
0600
0600
0600
0600
0600
0600
0600
0600
0600
0300
0300
0300
0300
0300
03FC
030C
030C
020C
46CC
FCC8
7078
ENDCHAR
STARTCHAR uni1D8C.dup129
ENCODING 62001
SWIDTH 493 0
DWIDTH 12 0
BBX 12 17 0 -6
BITMAP
F1F0
6060
2040
30C0
3080
1980
1900
1B00
0E00
0E00
07C0
00C0
00C0
00C0
0CC0
0C80
0700
ENDCHAR
STARTCHAR uni1D8D.dup130
ENCODING 62002
SWIDTH 502 0
DWIDTH 13 0
BBX 13 17 -1 -6
BITMAP
F9F8
30C0
1880
0D00
0700
0600
0F00
0980
10C0
30E0
F9F8
0018
0018
0018
0198
0190
00E0
ENDCHAR
STARTCHAR uni1D8E.dup131
ENCODING 62003
SWIDTH 441 0
DWIDTH 11 0
BBX 10 17 0 -6
BITMAP
7FC0
4380
8300
0700
0E00
0C00
1800
3000
3040
60C0
FFC0
00C0
00C0
00C0
0CC0
0C80
0700
ENDCHAR
STARTCHAR uniF234
ENCODING 62004
SWIDTH 522 0
DWIDTH 13 0
BBX 12 21 0 -6
BITMAP
7FF0
40E0
40C0
01C0
0380
0300
0700
0600
0C00
1C00
1800
3000
7030
6030
FFF0
0030
0030
0030
0330
0320
01C0
ENDCHAR
STARTCHAR uniF235
ENCODING 62005
SWIDTH 639 0
DWIDTH 16 0
BBX 15 17 0 -6
BITMAP
7F80
43C0
4300
0600
0E00
0C00
1800
3F00
0380
01C0
00FE
00C6
00C6
0086
41A6
E364
3C38
ENDCHAR
STARTCHAR uni1D8F.dup132
ENCODING 62006
SWIDTH 466 0
DWIDTH 12 0
BBX 14 17 1 -6
BITMAP
1E00
6300
C300
0300
0700
3B00
4300
C300
C700
FFC0
73C0
00C0
00C0
00C0
00CC
00CC
0078
ENDCHAR
STARTCHAR uni1D90.dup133
ENCODING 62007
SWIDTH 508 0
DWIDTH 13 0
BBX 15 17 1 -6
BITMAP
1E80
2380
4180
C180
C180
C180
C180
E180
6380
7F80
3DE0
0060
0060
0060
0066
0066
003C
ENDCHAR
STARTCHAR uni1D92.dup134
ENCODING 62008
SWIDTH 461 0
DWIDTH 11 0
BBX 13 17 1 -6
BITMAP
1E00
2300
4180
C180
FF80
C000
C000
E080
7180
7F80
3E80
0080
0180
0180
0198
0198
00F0
ENDCHAR
STARTCHAR uni1D93.dup135
ENCODING 62009
SWIDTH 426 0
DWIDTH 11 0
BBX 13 17 1 -6
BITMAP
1F00
6300
C000
C000
E000
3800
6000
C080
E180
FF80
7D80
0180
0180
0180
0198
0198
00F0
ENDCHAR
STARTCHAR uni1D94.dup136
ENCODING 62010
SWIDTH 436 0
DWIDTH 10 0
BBX 9 17 0 -6
BITMAP
3E00
6380
4180
0180
0300
0E00
0380
8180
C380
FF00
DE00
C000
C000
C000
CC00
CC00
7800
ENDCHAR
STARTCHAR uni1D95.dup137
ENCODING 62011
SWIDTH 521 0
DWIDTH 13 0
BBX 15 17 1 -6
BITMAP
3C00
7E00
C700
0380
0180
0180
7FE0
C1E0
C160
6360
3C60
0060
0060
0060
0066
0066
003C
ENDCHAR
STARTCHAR uni1D96.dup138
ENCODING 62012
SWIDTH 270 0
DWIDTH 7 0
BBX 10 22 0 -6
BITMAP
3000
3000
3000
0000
0000
3000
F000
3000
3000
3000
3000
3000
3000
3000
3000
F800
0C00
0C00
0C00
0CC0
0CC0
0780
ENDCHAR
STARTCHAR uni1D97.dup139
ENCODING 62013
SWIDTH 441 0
DWIDTH 11 0
BBX 10 17 0 -6
BITMAP
1E00
3F00
6380
01C0
00C0
00C0
00C0
00C0
8180
C100
FE00
C000
C000
C000
CC00
CC00
7800
ENDCHAR
STARTCHAR uni1D99.dup140
ENCODING 62014
SWIDTH 538 0
DWIDTH 14 0
BBX 17 17 0 -6
BITMAP
30E000
F16000
306000
306000
306000
306000
306000
306000
31E000
3FE000
1E7800
001800
001800
001800
001980
001980
000F00
ENDCHAR
STARTCHAR uni1D7E.dup141
ENCODING 62015
SWIDTH 573 0
DWIDTH 14 0
BBX 13 11 0 0
BITMAP
FDF8
3060
3060
3060
3060
7FF8
B060
3060
3060
18C0
0F80
ENDCHAR
STARTCHAR uni0238.dup142
ENCODING 62016
SWIDTH 803 0
DWIDTH 19 0
BBX 17 18 1 0
BITMAP
00C000
03C000
00C000
00C000
00C000
00C000
00C000
1FCE00
21BF00
60E380
40C180
C0C180
C0C180
C0C180
E0C100
71E300
7FFE00
3C3C00
ENDCHAR
STARTCHAR uni0239.dup143
ENCODING 62017
SWIDTH 798 0
DWIDTH 19 0
BBX 17 17 1 -6
BITMAP
0F5E00
31E300
60C180
40C180
C0C180
C0C180
C0C180
E0C180
73E300
7FFE00
3CCC00
00C000
00C000
00C000
00C000
00C000
03F000
ENDCHAR
STARTCHAR uni2C62.dup144
ENCODING 62018
SWIDTH 476 0
DWIDTH 11 0
BBX 12 15 -1 0
BITMAP
7E00
1800
1800
1800
1800
3800
7900
9E00
1C00
1800
1800
1800
1810
1810
7FF0
ENDCHAR
STARTCHAR uni024F.dup145
ENCODING 62019
SWIDTH 493 0
DWIDTH 12 0
BBX 13 17 -1 -6
BITMAP
7C78
1820
1860
7FF0
0C40
0CC0
0680
0680
0780
0300
0300
0300
0200
0600
0C00
7800
F000
ENDCHAR
STARTCHAR uni024E.dup146
ENCODING 62020
SWIDTH 594 0
DWIDTH 14 0
BBX 14 15 0 0
BITMAP
E07C
3030
3820
7FF8
0C40
0EC0
0780
0780
0300
0300
0300
0300
0300
0300
0FC0
ENDCHAR
STARTCHAR uniA72B.dup147
ENCODING 62021
SWIDTH 454 0
DWIDTH 11 0
BBX 10 17 0 -6
BITMAP
0700
0F80
1980
3080
6000
3000
1C00
0600
3F00
7000
C000
C000
C000
C0C0
60C0
7180
1F00
ENDCHAR
STARTCHAR uniA72D.dup148
ENCODING 62022
SWIDTH 441 0
DWIDTH 11 0
BBX 11 17 0 -6
BITMAP
0180
0380
0780
0580
0D80
0980
1180
3180
2180
4180
FFE0
0180
0180
0100
2300
7E00
3800
ENDCHAR
STARTCHAR uniF247
ENCODING 62023
SWIDTH 804 0
DWIDTH 20 0
BBX 18 19 1 -4
BITMAP
03F800
0E0E00
180300
300180
61E980
623880
C418C0
CC18C0
CC18C0
CC18C0
CC18C0
CE1880
C63980
67D900
638E00
300000
180100
0E0600
03F800
ENDCHAR
STARTCHAR uniF248
ENCODING 62024
SWIDTH 873 0
DWIDTH 21 0
BBX 19 21 1 -5
BITMAP
01F800
07FE00
1E4700
38C380
30E1C0
71A0C0
61A0C0
C1B060
C31060
C31060
C3F860
C61860
C40860
C40CC0
6C0C80
7E1F00
300000
380180
1E0700
07FC00
01F800
ENDCHAR
STARTCHAR uni1D6C.dup149
ENCODING 62025
SWIDTH 507 0
DWIDTH 12 0
BBX 12 18 -1 0
BITMAP
1800
7800
1800
3900
7900
9E00
1C00
19C0
1BE0
1C70
1830
1830
1830
1830
1830
1C60
1FC0
0780
ENDCHAR
STARTCHAR uni1D6D.dup150
ENCODING 62026
SWIDTH 520 0
DWIDTH 12 0
BBX 12 18 1 0
BITMAP
0380
0580
0180
0790
07A0
09E0
01C0
1F80
2380
4180
C180
C180
C180
C180
E180
6380
7DA0
39C0
ENDCHAR
STARTCHAR uni1D6E.dup151
ENCODING 62027
SWIDTH 311 0
DWIDTH 7 0
BBX 9 18 0 0
BITMAP
0700
0F80
1980
3000
3000
3000
3000
FE00
3000
3000
3000
7200
BC00
3C00
3000
3000
3000
FC00
ENDCHAR
STARTCHAR uni1D6F.dup152
ENCODING 62028
SWIDTH 803 0
DWIDTH 20 0
BBX 20 11 0 0
BITMAP
31C780
F7EFC0
3878C0
3FF0E0
3FE0E0
70FFC0
B07FC0
3060C0
3060C0
3060C0
FDFBF0
ENDCHAR
STARTCHAR uni1D70.dup153
ENCODING 62029
SWIDTH 551 0
DWIDTH 13 0
BBX 13 11 0 0
BITMAP
31C0
F3E0
3C60
3C70
3F70
77E0
B1E0
3060
3060
3060
FDF8
ENDCHAR
STARTCHAR uni1D71.dup154
ENCODING 62030
SWIDTH 529 0
DWIDTH 13 0
BBX 13 17 -1 -6
BITMAP
18E0
7BF0
1E78
1C38
1818
1818
1818
1810
1C30
1FE0
19C0
1800
1800
7900
9E00
1800
7E00
ENDCHAR
STARTCHAR uni1D72.dup155
ENCODING 62031
SWIDTH 395 0
DWIDTH 10 0
BBX 9 11 0 0
BITMAP
3380
7780
3C80
3880
3200
7E00
BC00
3000
3000
3000
7C00
ENDCHAR
STARTCHAR uni1D73.dup156
ENCODING 62032
SWIDTH 364 0
DWIDTH 9 0
BBX 8 11 0 0
BITMAP
07
0F
19
31
32
7E
BC
30
30
30
FC
ENDCHAR
STARTCHAR uni1D74.dup157
ENCODING 62033
SWIDTH 386 0
DWIDTH 9 0
BBX 8 11 0 0
BITMAP
3E
66
60
70
3D
7E
87
03
43
42
7C
ENDCHAR
STARTCHAR uni1D75.dup158
ENCODING 62034
SWIDTH 344 0
DWIDTH 8 0
BBX 8 15 0 0
BITMAP
10
30
30
30
FF
30
30
30
72
BE
3C
30
31
3E
1C
ENDCHAR
STARTCHAR uni1D76.dup159
ENCODING 62035
SWIDTH 441 0
DWIDTH 11 0
BBX 9 11 1 0
BITMAP
7F80
8300
8600
3C00
7D80
9F00
3E00
3000
6080
E080
FF80
ENDCHAR
STARTCHAR uni1D7B.dup160
ENCODING 62036
SWIDTH 278 0
DWIDTH 7 0
BBX 6 11 0 0
BITMAP
FC
30
30
30
30
FC
30
30
30
30
FC
ENDCHAR
STARTCHAR uni1D7F.dup161
ENCODING 62037
SWIDTH 493 0
DWIDTH 12 0
BBX 12 11 0 0
BITMAP
79E0
1980
30C0
6060
6060
FFF0
6060
6060
7040
3880
1F00
ENDCHAR
STARTCHAR uni023F.dup162
ENCODING 62038
SWIDTH 386 0
DWIDTH 9 0
BBX 7 16 1 -5
BITMAP
7C
CC
C0
E0
F8
7C
1E
06
86
84
F8
60
30
36
16
1C
ENDCHAR
STARTCHAR uni0240.dup163
ENCODING 62039
SWIDTH 441 0
DWIDTH 11 0
BBX 9 16 1 -5
BITMAP
7F80
8300
8600
0600
0C00
1800
1800
3000
6000
4000
E000
3000
1800
0980
0D80
0700
ENDCHAR
STARTCHAR uniF258
ENCODING 62040
SWIDTH 332 0
DWIDTH 8 0
BBX 7 14 0 0
BITMAP
18
18
18
18
18
18
18
78
8C
06
06
7E
64
38
ENDCHAR
STARTCHAR uniF259
ENCODING 62041
SWIDTH 363 0
DWIDTH 9 0
BBX 7 14 1 0
BITMAP
EE
7C
46
46
46
64
38
78
8C
06
06
FE
C4
78
ENDCHAR
STARTCHAR uniA727.dup164
ENCODING 62042
SWIDTH 512 0
DWIDTH 12 0
BBX 11 24 0 -6
BITMAP
3000
F000
3000
3000
3000
3000
3000
31C0
37E0
3C60
3860
3060
3060
3060
3060
3060
3060
FC60
0060
0060
00C0
18C0
1F80
0E00
ENDCHAR
STARTCHAR uni2C6E.dup165
ENCODING 62043
SWIDTH 795 0
DWIDTH 19 0
BBX 17 20 1 -5
BITMAP
F00780
700700
780F00
780B00
680B00
6C1B00
6C1300
663300
662300
632300
636300
614300
61C300
618300
F08300
000300
000600
004600
007C00
007000
ENDCHAR
STARTCHAR uni2C63.dup166
ENCODING 62044
SWIDTH 522 0
DWIDTH 13 0
BBX 12 15 0 0
BITMAP
7F80
B0E0
3070
3030
FE30
3030
3060
30E0
3F80
3000
3000
3000
3000
3000
FC00
ENDCHAR
STARTCHAR uni1D7C.dup167
ENCODING 62045
SWIDTH 282 0
DWIDTH 7 0
BBX 7 11 0 0
BITMAP
30
F0
30
30
30
FC
30
30
30
3E
38
ENDCHAR
STARTCHAR uni2C74.dup168
ENCODING 62046
SWIDTH 493 0
DWIDTH 12 0
BBX 11 11 1 0
BITMAP
39E0
6C80
6C80
6900
3100
F100
3200
1A00
1E00
1C00
0800
ENDCHAR
STARTCHAR uni2C71.dup169
ENCODING 62047
SWIDTH 612 0
DWIDTH 15 0
BBX 15 12 0 0
BITMAP
001E
F83E
3060
3040
30C0
1880
1980
0900
0D00
0F00
0600
0600
ENDCHAR
STARTCHAR uni0249.dup170
ENCODING 62048
SWIDTH 258 0
DWIDTH 6 0
BBX 9 22 -3 -6
BITMAP
0600
0600
0600
0000
0000
0600
1E00
0600
0600
0600
1F80
0600
0600
0600
0600
0600
0600
0600
0400
4C00
F800
E000
ENDCHAR
STARTCHAR uni0248.dup171
ENCODING 62049
SWIDTH 305 0
DWIDTH 7 0
BBX 9 20 -2 -5
BITMAP
1F80
0600
0600
0600
0600
0600
0600
3F80
0600
0600
0600
0600
0600
0600
0600
0600
0400
8C00
F800
F000
ENDCHAR
STARTCHAR uni2C6A.dup172
ENCODING 62050
SWIDTH 495 0
DWIDTH 12 0
BBX 12 22 0 -4
BITMAP
3000
F000
3000
3000
3000
3000
3000
31F0
3080
3300
3600
3C00
3600
3700
3300
3180
30C0
F870
0030
0030
0020
0020
ENDCHAR
STARTCHAR uni2C69.dup173
ENCODING 62051
SWIDTH 601 0
DWIDTH 14 0
BBX 14 19 0 -4
BITMAP
FCF8
3060
30C0
3180
3300
3600
3400
3C00
3600
3300
3180
31C0
30E0
3070
FC3C
000C
0008
0008
0008
ENDCHAR
STARTCHAR uni2C6C.dup174
ENCODING 62052
SWIDTH 431 0
DWIDTH 10 0
BBX 9 15 1 -4
BITMAP
7F80
8300
8600
0600
0C00
1800
1800
3000
6000
6000
FF80
0180
0180
0100
0100
ENDCHAR
STARTCHAR uni2C6B.dup175
ENCODING 62053
SWIDTH 524 0
DWIDTH 13 0
BBX 11 19 1 -4
BITMAP
7FC0
40E0
8180
0380
0300
0600
0600
0C00
1C00
1800
3000
3000
6000
E000
FFE0
0060
0060
0040
0040
ENDCHAR
STARTCHAR uniF266.dup176
ENCODING 62054
SWIDTH 333 0
DWIDTH 8 0
BBX 10 24 0 -6
BITMAP
1800
7800
1800
1800
1800
1800
7800
D800
D900
D980
7E00
1800
1800
1800
1800
1800
1800
1800
1800
1800
1800
18C0
1880
0F00
ENDCHAR
STARTCHAR uniF267
ENCODING 62055
SWIDTH 493 0
DWIDTH 12 0
BBX 13 18 0 0
BITMAP
0078
00F0
0180
0100
3B00
6600
6640
7660
3F80
0F00
0B00
0900
1180
1180
30C0
20C0
20C0
F1F0
ENDCHAR
STARTCHAR uniF268
ENCODING 62056
SWIDTH 493 0
DWIDTH 12 0
BBX 12 11 0 0
BITMAP
3F00
0C00
7C00
CC00
CC00
EC80
7F00
0C00
0C10
0C10
3FF0
ENDCHAR
STARTCHAR uniF269
ENCODING 62057
SWIDTH 378 0
DWIDTH 10 0
BBX 12 24 1 -6
BITMAP
0600
1E00
0600
0600
0600
0600
0600
0600
0600
0600
0600
0600
0600
0600
8E00
9E00
F600
E600
0600
0600
0600
0630
0620
03C0
ENDCHAR
STARTCHAR uniA78B.dup177
ENCODING 62058
SWIDTH 250 0
DWIDTH 6 0
BBX 2 11 2 8
BITMAP
C0
C0
C0
C0
C0
C0
C0
C0
C0
C0
C0
ENDCHAR
STARTCHAR uniF26B.dup178
ENCODING 62059
SWIDTH 603 0
DWIDTH 14 0
BBX 13 15 0 0
BITMAP
FDF8
3060
3060
3060
3060
3060
3060
39E0
1E60
0060
0060
0060
0060
0060
01F8
ENDCHAR
STARTCHAR uni04F6.dup179
ENCODING 62240
SWIDTH 475 0
DWIDTH 11 0
BBX 11 19 0 -4
BITMAP
FFE0
3060
3040
3040
3000
3000
3000
3000
3000
3000
3000
3000
3000
3000
FE00
0600
0400
0400
0400
ENDCHAR
STARTCHAR uni04F7.dup180
ENCODING 62241
SWIDTH 414 0
DWIDTH 10 0
BBX 9 15 0 -4
BITMAP
FF80
3080
3080
3080
3000
3000
3000
3000
3000
3000
FC00
0C00
0400
0400
0400
ENDCHAR
STARTCHAR uni0512.dup181
ENCODING 62242
SWIDTH 614 0
DWIDTH 15 0
BBX 15 20 0 -5
BITMAP
1FFE
0618
0618
0618
0618
0418
0C18
0C18
0C18
0818
0818
9818
9018
F018
E018
0018
0030
0670
0FE0
0780
ENDCHAR
STARTCHAR uni0513.dup182
ENCODING 62243
SWIDTH 528 0
DWIDTH 13 0
BBX 12 17 1 -6
BITMAP
3FF0
08C0
08C0
18C0
18C0
10C0
10C0
10C0
B0C0
E0C0
C0C0
00C0
00C0
0180
3180
3F00
1C00
ENDCHAR
STARTCHAR uni04FC.dup183
ENCODING 62244
SWIDTH 615 0
DWIDTH 15 0
BBX 14 20 0 -5
BITMAP
F8FC
7030
3060
18C0
0CC0
0F80
0700
0300
0700
0D80
08C0
1840
3060
2030
F838
0018
0018
0198
03F0
01C0
ENDCHAR
STARTCHAR uni04FD.dup184
ENCODING 62245
SWIDTH 502 0
DWIDTH 13 0
BBX 12 17 0 -6
BITMAP
F9F0
30C0
1880
0D80
0F00
0600
0F00
0980
11C0
30C0
F860
0030
0030
0030
0330
03E0
0380
ENDCHAR
STARTCHAR uniF326
ENCODING 62246
SWIDTH 475 0
DWIDTH 11 0
BBX 11 19 0 -4
BITMAP
FFE0
3060
3040
3040
3000
3000
3000
FE00
3000
3000
3000
3000
3000
3000
FE00
0600
0400
0400
0400
ENDCHAR
STARTCHAR uniF327
ENCODING 62247
SWIDTH 414 0
DWIDTH 10 0
BBX 9 15 0 -4
BITMAP
FF80
3080
3080
3080
3000
FE00
3000
3000
3000
3000
FC00
0C00
0400
0400
0400
ENDCHAR
STARTCHAR uni04FE.dup185
ENCODING 62248
SWIDTH 615 0
DWIDTH 15 0
BBX 14 15 0 0
BITMAP
FC7C
3030
1820
1C60
0CC0
06C0
0380
1FF0
0380
06C0
0CE0
0860
1830
3038
FC7C
ENDCHAR
STARTCHAR uni04FF.dup186
ENCODING 62249
SWIDTH 502 0
DWIDTH 12 0
BBX 12 11 0 0
BITMAP
F9F0
30C0
1880
0D00
0F00
3FC0
0F00
0980
10C0
20E0
F9F0
ENDCHAR
STARTCHAR uni0510.dup187
ENCODING 62250
SWIDTH 502 0
DWIDTH 12 0
BBX 10 15 1 0
BITMAP
1F00
2180
4080
C080
C000
C000
7000
3E00
6000
C000
C080
C0C0
F0C0
7F80
3E00
ENDCHAR
STARTCHAR uni0511.dup188
ENCODING 62251
SWIDTH 420 0
DWIDTH 10 0
BBX 8 11 1 0
BITMAP
3F
63
C1
C0
E0
7C
C0
C0
C1
E1
3E
ENDCHAR
STARTCHAR uniF32C.dup189
ENCODING 62252
SWIDTH 597 0
DWIDTH 14 0
BBX 14 19 0 -4
BITMAP
FC00
3000
3000
3000
3000
37C0
3870
3030
3030
3030
3030
3030
3030
3030
FCFC
000C
000C
0008
0008
ENDCHAR
STARTCHAR uniF32D.dup190
ENCODING 62253
SWIDTH 571 0
DWIDTH 14 0
BBX 14 22 0 -4
BITMAP
3000
F000
3000
3000
3000
3000
3000
31E0
37F0
3E30
3830
3030
3030
3030
3030
3030
3030
FCFC
000C
000C
0008
0008
ENDCHAR
STARTCHAR ff
ENCODING 64256
SWIDTH 622 0
DWIDTH 15 0
BBX 17 18 0 0
BITMAP
070700
0F9F80
19B100
303000
303000
306000
306000
FEFE00
306000
306000
306000
306000
306000
306000
306000
306000
306000
FCFC00
ENDCHAR
STARTCHAR fi
ENCODING 64257
SWIDTH 582 0
DWIDTH 14 0
BBX 13 18 0 0
BITMAP
0700
0F80
19A0
3060
3060
3000
3000
FE20
30E0
3060
3060
3060
3060
3060
3060
3060
3060
FCF8
ENDCHAR
STARTCHAR fl
ENCODING 64258
SWIDTH 582 0
DWIDTH 14 0
BBX 14 18 0 0
BITMAP
07B0
0FF0
19B0
3030
3030
3030
3030
FE30
3030
3030
3030
3030
3030
3030
3030
3030
3030
FCFC
ENDCHAR
STARTCHAR ffi
ENCODING 64259
SWIDTH 893 0
DWIDTH 21 0
BBX 21 18 0 0
BITMAP
070700
0F9F80
19B160
303060
303060
306000
306000
FEFE60
3061E0
306060
306060
306060
306060
306060
306060
306060
306060
FCFDF8
ENDCHAR
STARTCHAR ffl
ENCODING 64260
SWIDTH 893 0
DWIDTH 21 0
BBX 21 18 0 0
BITMAP
070760
0F8FE0
199960
303060
303060
303060
303060
FEFE60
303060
303060
303060
303060
303060
303060
303060
303060
303060
FCFDF8
ENDCHAR
STARTCHAR uniFE00
ENCODING 65024
SWIDTH 0 0
DWIDTH 0 0
BBX 1 1 0 0
BITMAP
00
ENDCHAR
STARTCHAR uniFE01
ENCODING 65025
SWIDTH 0 0
DWIDTH 0 0
BBX 1 1 0 0
BITMAP
00
ENDCHAR
STARTCHAR uniFE02
ENCODING 65026
SWIDTH 0 0
DWIDTH 0 0
BBX 1 1 0 0
BITMAP
00
ENDCHAR
STARTCHAR uniFE03
ENCODING 65027
SWIDTH 0 0
DWIDTH 0 0
BBX 1 1 0 0
BITMAP
00
ENDCHAR
STARTCHAR uniFE04
ENCODING 65028
SWIDTH 0 0
DWIDTH 0 0
BBX 1 1 0 0
BITMAP
00
ENDCHAR
STARTCHAR uniFE05
ENCODING 65029
SWIDTH 0 0
DWIDTH 0 0
BBX 1 1 0 0
BITMAP
00
ENDCHAR
STARTCHAR uniFE06
ENCODING 65030
SWIDTH 0 0
DWIDTH 0 0
BBX 1 1 0 0
BITMAP
00
ENDCHAR
STARTCHAR uniFE07
ENCODING 65031
SWIDTH 0 0
DWIDTH 0 0
BBX 1 1 0 0
BITMAP
00
ENDCHAR
STARTCHAR uniFE08
ENCODING 65032
SWIDTH 0 0
DWIDTH 0 0
BBX 1 1 0 0
BITMAP
00
ENDCHAR
STARTCHAR uniFE09
ENCODING 65033
SWIDTH 0 0
DWIDTH 0 0
BBX 1 1 0 0
BITMAP
00
ENDCHAR
STARTCHAR uniFE0A
ENCODING 65034
SWIDTH 0 0
DWIDTH 0 0
BBX 1 1 0 0
BITMAP
00
ENDCHAR
STARTCHAR uniFE0B
ENCODING 65035
SWIDTH 0 0
DWIDTH 0 0
BBX 1 1 0 0
BITMAP
00
ENDCHAR
STARTCHAR uniFE0C
ENCODING 65036
SWIDTH 0 0
DWIDTH 0 0
BBX 1 1 0 0
BITMAP
00
ENDCHAR
STARTCHAR uniFE0D
ENCODING 65037
SWIDTH 0 0
DWIDTH 0 0
BBX 1 1 0 0
BITMAP
00
ENDCHAR
STARTCHAR uniFE0E
ENCODING 65038
SWIDTH 0 0
DWIDTH 0 0
BBX 1 1 0 0
BITMAP
00
ENDCHAR
STARTCHAR uniFE0F
ENCODING 65039
SWIDTH 0 0
DWIDTH 0 0
BBX 1 1 0 0
BITMAP
00
ENDCHAR
STARTCHAR uniFE20
ENCODING 65056
SWIDTH 0 0
DWIDTH 0 0
BBX 10 4 -10 18
BITMAP
03C0
1FC0
7800
C000
ENDCHAR
STARTCHAR uniFE21
ENCODING 65057
SWIDTH 0 0
DWIDTH 0 0
BBX 10 4 -10 18
BITMAP
F800
FF00
0780
00C0
ENDCHAR
STARTCHAR uniFE22
ENCODING 65058
SWIDTH 0 0
DWIDTH 0 0
BBX 9 4 -9 18
BITMAP
1F00
3F80
4180
8000
ENDCHAR
STARTCHAR uniFE23
ENCODING 65059
SWIDTH 0 0
DWIDTH 0 0
BBX 9 4 -9 18
BITMAP
0080
C300
FE00
7C00
ENDCHAR
STARTCHAR uniFEFF
ENCODING 65279
SWIDTH 0 0
DWIDTH 0 0
BBX 1 1 0 0
BITMAP
00
ENDCHAR
STARTCHAR uniFFF9
ENCODING 65529
SWIDTH 0 0
DWIDTH 0 0
BBX 1 1 0 0
BITMAP
00
ENDCHAR
STARTCHAR uniFFFA
ENCODING 65530
SWIDTH 0 0
DWIDTH 0 0
BBX 1 1 0 0
BITMAP
00
ENDCHAR
STARTCHAR uniFFFB
ENCODING 65531
SWIDTH 0 0
DWIDTH 0 0
BBX 1 1 0 0
BITMAP
00
ENDCHAR
STARTCHAR uniFFFC
ENCODING 65532
SWIDTH 0 0
DWIDTH 0 0
BBX 1 1 0 0
BITMAP
00
ENDCHAR
STARTCHAR uniFFFD
ENCODING 65533
SWIDTH 962 0
DWIDTH 23 0
BBX 23 23 0 -3
BITMAP
001000
003800
007C00
00FE00
018700
037980
067CC0
0E7CE0
1E7CF0
3FFCF8
7FF9FC
FFF9FE
7FF3FC
3FF7F8
1FE7F0
0FEFE0
07EFC0
03D780
01C700
00C600
007C00
003800
001000
ENDCHAR
STARTCHAR .notdef.dup191
ENCODING 65535
SWIDTH 683 0
DWIDTH 16 0
BBX 14 21 1 0
BITMAP
FFFC
8004
8004
8004
8004
8004
8004
8004
8004
8004
8004
8004
8004
8004
8004
8004
8004
8004
8004
8004
FFFC
ENDCHAR
STARTCHAR u1D510
ENCODING 120080
SWIDTH 975 0
DWIDTH 24 0
BBX 22 16 0 0
BITMAP
1070C0
38F3F8
7DFEF0
3E7844
1E3808
0E3830
0E3870
0E3870
0C3870
1C3870
183870
303870
703870
FFB87C
3F387C
043830
ENDCHAR
STARTCHAR u1D513
ENCODING 120083
SWIDTH 786 0
DWIDTH 19 0
BBX 17 21 1 -5
BITMAP
3C0000
7E3000
677800
C7BC00
C31E00
C30E00
E30700
E30700
730380
330380
330180
230180
030180
0FC100
3BFF00
033E00
030000
030000
030000
070000
0E0000
ENDCHAR
STARTCHAR .null
ENCODING -1
SWIDTH 0 0
DWIDTH 0 0
BBX 1 1 0 0
BITMAP
00
ENDCHAR
STARTCHAR a.2StorySlantItalic
ENCODING -1
SWIDTH 458 0
DWIDTH 11 0
BBX 10 11 1 0
BITMAP
1E00
6300
C300
0300
0700
3B00
4300
C300
C700
FFC0
7300
ENDCHAR
STARTCHAR uni1EA5.VN
ENCODING -1
SWIDTH 458 0
DWIDTH 11 0
BBX 10 19 1 0
BITMAP
00C0
0080
0D00
1C00
3600
2300
4100
0000
1E00
6300
C300
0300
0700
3B00
4300
C300
C700
FFC0
7300
ENDCHAR
STARTCHAR uni1EA5.2StorySlantItalic
ENCODING -1
SWIDTH 458 0
DWIDTH 11 0
BBX 10 22 1 0
BITMAP
0300
0600
0400
0C00
0800
1C00
1C00
3600
2300
4100
0000
1E00
6300
C300
0300
0700
3B00
4300
C300
C700
FFC0
7300
ENDCHAR
STARTCHAR uni1EA5.2StorySlantItalic.VN
ENCODING -1
SWIDTH 458 0
DWIDTH 11 0
BBX 10 19 1 0
BITMAP
00C0
0080
0D00
1C00
3600
2300
4100
0000
1E00
6300
C300
0300
0700
3B00
4300
C300
C700
FFC0
7300
ENDCHAR
STARTCHAR uni1EA7.VN
ENCODING -1
SWIDTH 458 0
DWIDTH 11 0
BBX 11 19 0 0
BITMAP
C000
6000
2600
0E00
1B00
1180
2080
0000
0F00
3180
6180
0180
0380
1D80
2180
6180
6380
7FE0
3980
ENDCHAR
STARTCHAR uni1EA7.2StorySlantItalic
ENCODING -1
SWIDTH 458 0
DWIDTH 11 0
BBX 10 22 1 0
BITMAP
6000
3000
1800
0800
0400
0C00
1C00
3600
2300
4100
0000
1E00
6300
C300
0300
0700
3B00
4300
C300
C700
FFC0
7300
ENDCHAR
STARTCHAR uni1EA7.2StorySlantItalic.VN
ENCODING -1
SWIDTH 458 0
DWIDTH 11 0
BBX 11 19 0 0
BITMAP
C000
6000
2600
0E00
1B00
1180
2080
0000
0F00
3180
6180
0180
0380
1D80
2180
6180
6380
7FE0
3980
ENDCHAR
STARTCHAR uni1EAB.VN
ENCODING -1
SWIDTH 458 0
DWIDTH 11 0
BBX 10 21 1 0
BITMAP
3880
3D00
4F00
0600
0C00
1C00
3600
2300
4100
0000
1E00
6300
C300
0300
0700
3B00
4300
C300
C700
FFC0
7300
ENDCHAR
STARTCHAR uni1EAB.2StorySlantItalic.VN
ENCODING -1
SWIDTH 458 0
DWIDTH 11 0
BBX 10 21 1 0
BITMAP
3880
3D00
4F00
0600
0C00
1C00
3600
2300
4100
0000
1E00
6300
C300
0300
0700
3B00
4300
C300
C700
FFC0
7300
ENDCHAR
STARTCHAR uni1EAB.2StorySlantItalic
ENCODING -1
SWIDTH 458 0
DWIDTH 11 0
BBX 10 21 1 0
BITMAP
3980
4F00
8600
0000
0C00
1C00
3600
2300
4100
0000
1E00
6300
C300
0300
0700
3B00
4300
C300
C700
FFC0
7300
ENDCHAR
STARTCHAR uni1EA9.VN
ENCODING -1
SWIDTH 458 0
DWIDTH 11 0
BBX 11 20 1 0
BITMAP
01C0
0260
0080
0D00
1C80
3600
2300
4100
0000
1E00
6300
C300
0300
0700
3B00
4300
C300
C700
FFC0
7300
ENDCHAR
STARTCHAR uni1EA9.2StorySlantItalic
ENCODING -1
SWIDTH 458 0
DWIDTH 11 0
BBX 10 22 1 0
BITMAP
0C00
3C00
1800
3000
0800
0C00
1C00
3600
2300
4100
0000
1E00
6300
C300
0300
0700
3B00
4300
C300
C700
FFC0
7300
ENDCHAR
STARTCHAR uni1EA9.2StorySlantItalic.VN
ENCODING -1
SWIDTH 458 0
DWIDTH 11 0
BBX 11 20 1 0
BITMAP
01C0
0260
0080
0D00
1C80
3600
2300
4100
0000
1E00
6300
C300
0300
0700
3B00
4300
C300
C700
FFC0
7300
ENDCHAR
STARTCHAR uni1EAF.VN
ENCODING -1
SWIDTH 458 0
DWIDTH 11 0
BBX 10 20 1 0
BITMAP
0600
0600
0C00
0800
5100
6300
3E00
1C00
0000
1E00
6300
C300
0300
0700
3B00
4300
C300
C700
FFC0
7300
ENDCHAR
STARTCHAR uni1EAF.2StorySlantItalic.VN
ENCODING -1
SWIDTH 458 0
DWIDTH 11 0
BBX 10 20 1 0
BITMAP
0600
0600
0C00
0800
5100
6300
3E00
1C00
0000
1E00
6300
C300
0300
0700
3B00
4300
C300
C700
FFC0
7300
ENDCHAR
STARTCHAR uni1EB1.VN
ENCODING -1
SWIDTH 458 0
DWIDTH 11 0
BBX 10 20 1 0
BITMAP
1000
3000
1800
0800
4D00
6300
3E00
1C00
0000
1E00
6300
C300
0300
0700
3B00
4300
C300
C700
FFC0
7300
ENDCHAR
STARTCHAR uni1EB1.2StorySlantItalic.VN
ENCODING -1
SWIDTH 458 0
DWIDTH 11 0
BBX 10 20 1 0
BITMAP
1000
3000
1800
0800
4D00
6300
3E00
1C00
0000
1E00
6300
C300
0300
0700
3B00
4300
C300
C700
FFC0
7300
ENDCHAR
STARTCHAR uni1EB5.VN
ENCODING -1
SWIDTH 458 0
DWIDTH 11 0
BBX 10 20 1 0
BITMAP
3880
3D00
4F00
0600
4100
6300
3E00
1C00
0000
1E00
6300
C300
0300
0700
3B00
4300
C300
C700
FFC0
7300
ENDCHAR
STARTCHAR uni1EB5.2StorySlantItalic.VN
ENCODING -1
SWIDTH 458 0
DWIDTH 11 0
BBX 10 20 1 0
BITMAP
3880
3D00
4F00
0600
4100
6300
3E00
1C00
0000
1E00
6300
C300
0300
0700
3B00
4300
C300
C700
FFC0
7300
ENDCHAR
STARTCHAR uni1EB3.VN
ENCODING -1
SWIDTH 458 0
DWIDTH 11 0
BBX 10 20 1 0
BITMAP
0800
3C00
1800
3000
7900
6300
3E00
1C00
0000
1E00
6300
C300
0300
0700
3B00
4300
C300
C700
FFC0
7300
ENDCHAR
STARTCHAR uni1EB3.2StorySlantItalic.VN
ENCODING -1
SWIDTH 458 0
DWIDTH 11 0
BBX 10 20 1 0
BITMAP
0800
3C00
1800
3000
7900
6300
3E00
1C00
0000
1E00
6300
C300
0300
0700
3B00
4300
C300
C700
FFC0
7300
ENDCHAR
STARTCHAR uni00E30301
ENCODING -1
SWIDTH 458 0
DWIDTH 11 0
BBX 10 21 1 0
BITMAP
0300
0600
0400
0C00
0800
3980
4F00
8600
0000
0000
1E00
6300
C300
0300
0700
3B00
4300
C300
C700
FFC0
7300
ENDCHAR
STARTCHAR uni00E30300
ENCODING -1
SWIDTH 458 0
DWIDTH 11 0
BBX 10 21 1 0
BITMAP
6000
3000
1800
0800
0400
3980
4F00
8600
0000
0000
1E00
6300
C300
0300
0700
3B00
4300
C300
C700
FFC0
7300
ENDCHAR
STARTCHAR uni00E30302
ENCODING -1
SWIDTH 458 0
DWIDTH 11 0
BBX 10 21 1 0
BITMAP
0C00
1C00
3600
2300
4100
3980
4F00
8600
0000
0000
1E00
6300
C300
0300
0700
3B00
4300
C300
C700
FFC0
7300
ENDCHAR
STARTCHAR uni01010301
ENCODING -1
SWIDTH 458 0
DWIDTH 11 0
BBX 10 21 1 0
BITMAP
0300
0600
0400
0C00
0800
1000
7F80
7F00
0000
0000
1E00
6300
C300
0300
0700
3B00
4300
C300
C700
FFC0
7300
ENDCHAR
STARTCHAR uni01010302
ENCODING -1
SWIDTH 458 0
DWIDTH 11 0
BBX 10 21 1 0
BITMAP
0C00
1C00
3600
2300
4100
0000
7F80
7F00
0000
0000
1E00
6300
C300
0300
0700
3B00
4300
C300
C700
FFC0
7300
ENDCHAR
STARTCHAR uni00E40301
ENCODING -1
SWIDTH 458 0
DWIDTH 11 0
BBX 10 21 1 0
BITMAP
0300
0600
0400
0C00
0800
7300
6300
4200
0000
0000
1E00
6300
C300
0300
0700
3B00
4300
C300
C700
FFC0
7300
ENDCHAR
STARTCHAR uni00E40300
ENCODING -1
SWIDTH 458 0
DWIDTH 11 0
BBX 10 21 1 0
BITMAP
6000
3000
1800
0800
0400
6300
6300
4200
0000
0000
1E00
6300
C300
0300
0700
3B00
4300
C300
C700
FFC0
7300
ENDCHAR
STARTCHAR uni00E40302
ENCODING -1
SWIDTH 458 0
DWIDTH 11 0
BBX 10 21 1 0
BITMAP
0C00
1C00
3600
2300
4100
6300
6300
4200
0000
0000
1E00
6300
C300
0300
0700
3B00
4300
C300
C700
FFC0
7300
ENDCHAR
STARTCHAR uni00E4030C
ENCODING -1
SWIDTH 458 0
DWIDTH 11 0
BBX 10 21 1 0
BITMAP
4100
2200
1600
0C00
0000
6300
6300
4200
0000
0000
1E00
6300
C300
0300
0700
3B00
4300
C300
C700
FFC0
7300
ENDCHAR
STARTCHAR uni00E40303
ENCODING -1
SWIDTH 458 0
DWIDTH 11 0
BBX 10 20 1 0
BITMAP
3980
4F00
8600
0000
6300
6300
4200
0000
0000
1E00
6300
C300
0300
0700
3B00
4300
C300
C700
FFC0
7300
ENDCHAR
STARTCHAR uni0061030D
ENCODING -1
SWIDTH 458 0
DWIDTH 11 0
BBX 10 17 1 0
BITMAP
0C00
0C00
0C00
0C00
0C00
0000
1E00
6300
C300
0300
0700
3B00
4300
C300
C700
FFC0
7300
ENDCHAR
STARTCHAR uni00610330
ENCODING -1
SWIDTH 458 0
DWIDTH 11 0
BBX 10 16 1 -5
BITMAP
1E00
6300
C300
0300
0700
3B00
4300
C300
C700
FFC0
7300
0000
0000
3900
4F00
8600
ENDCHAR
STARTCHAR uni00610331
ENCODING -1
SWIDTH 458 0
DWIDTH 11 0
BBX 10 15 1 -4
BITMAP
1E00
6300
C300
0300
0700
3B00
4300
C300
C700
FFC0
7300
0000
0000
7F00
FF00
ENDCHAR
STARTCHAR uni00E10331
ENCODING -1
SWIDTH 458 0
DWIDTH 11 0
BBX 10 21 1 -4
BITMAP
0300
0600
0400
0C00
0800
1000
1E00
6300
C300
0300
0700
3B00
4300
C300
C700
FFC0
7300
0000
0000
7F00
FF00
ENDCHAR
STARTCHAR uni00E00331
ENCODING -1
SWIDTH 458 0
DWIDTH 11 0
BBX 10 21 1 -4
BITMAP
6000
3000
1800
0800
0400
0000
1E00
6300
C300
0300
0700
3B00
4300
C300
C700
FFC0
7300
0000
0000
7F00
FF00
ENDCHAR
STARTCHAR uni00E20331
ENCODING -1
SWIDTH 458 0
DWIDTH 11 0
BBX 10 21 1 -4
BITMAP
0C00
1C00
3600
2300
4100
0000
1E00
6300
C300
0300
0700
3B00
4300
C300
C700
FFC0
7300
0000
0000
7F00
FF00
ENDCHAR
STARTCHAR uni01CE0331
ENCODING -1
SWIDTH 458 0
DWIDTH 11 0
BBX 10 21 1 -4
BITMAP
4100
2200
1600
0C00
0000
0000
1E00
6300
C300
0300
0700
3B00
4300
C300
C700
FFC0
7300
0000
0000
7F00
FF00
ENDCHAR
STARTCHAR uni00E40331
ENCODING -1
SWIDTH 458 0
DWIDTH 11 0
BBX 10 20 1 -4
BITMAP
6300
6300
4200
0000
0000
1E00
6300
C300
0300
0700
3B00
4300
C300
C700
FFC0
7300
0000
0000
7F00
FF00
ENDCHAR
STARTCHAR uni1EA10301
ENCODING -1
SWIDTH 458 0
DWIDTH 11 0
BBX 10 22 1 -5
BITMAP
0300
0600
0400
0C00
0800
1000
1E00
6300
C300
0300
0700
3B00
4300
C300
C700
FFC0
7300
0000
0000
0800
1800
0800
ENDCHAR
STARTCHAR uni1EA10300
ENCODING -1
SWIDTH 458 0
DWIDTH 11 0
BBX 10 22 1 -5
BITMAP
6000
3000
1800
0800
0400
0000
1E00
6300
C300
0300
0700
3B00
4300
C300
C700
FFC0
7300
0000
0000
0800
1800
0800
ENDCHAR
STARTCHAR uni1EA1030C
ENCODING -1
SWIDTH 458 0
DWIDTH 11 0
BBX 10 22 1 -5
BITMAP
4100
2200
1600
0C00
0000
0000
1E00
6300
C300
0300
0700
3B00
4300
C300
C700
FFC0
7300
0000
0000
0800
1800
0800
ENDCHAR
STARTCHAR uni1EA10303
ENCODING -1
SWIDTH 458 0
DWIDTH 11 0
BBX 10 21 1 -5
BITMAP
3980
4F00
8600
0000
0000
1E00
6300
C300
0300
0700
3B00
4300
C300
C700
FFC0
7300
0000
0000
0800
1800
0800
ENDCHAR
STARTCHAR uni0061031C
ENCODING -1
SWIDTH 458 0
DWIDTH 11 0
BBX 10 17 1 -6
BITMAP
1E00
6300
C300
0300
0700
3B00
4300
C300
C700
FFC0
7300
0000
1000
3000
6000
3000
1000
ENDCHAR
STARTCHAR uni00E1031C
ENCODING -1
SWIDTH 458 0
DWIDTH 11 0
BBX 10 23 1 -6
BITMAP
0300
0600
0400
0C00
0800
1000
1E00
6300
C300
0300
0700
3B00
4300
C300
C700
FFC0
7300
0000
1000
3000
6000
3000
1000
ENDCHAR
STARTCHAR uni00610327
ENCODING -1
SWIDTH 458 0
DWIDTH 11 0
BBX 10 16 1 -5
BITMAP
1E00
6300
C300
0300
0700
3B00
4300
C300
C700
FFC0
7300
0300
0380
0180
0180
0600
ENDCHAR
STARTCHAR uni00E10327
ENCODING -1
SWIDTH 458 0
DWIDTH 11 0
BBX 10 22 1 -5
BITMAP
0300
0600
0600
0C00
0800
1000
1E00
6300
C300
0300
0700
3B00
4300
C300
C700
FFC0
7300
0300
0380
0180
0180
0600
ENDCHAR
STARTCHAR uni00E00327
ENCODING -1
SWIDTH 458 0
DWIDTH 11 0
BBX 10 22 1 -5
BITMAP
6000
3000
1800
0800
0400
0000
1E00
6300
C300
0300
0700
3B00
4300
C300
C700
FFC0
7300
0300
0380
0180
0180
0600
ENDCHAR
STARTCHAR uni00E20327
ENCODING -1
SWIDTH 458 0
DWIDTH 11 0
BBX 10 22 1 -5
BITMAP
0C00
1C00
3600
2300
4100
0000
1E00
6300
C300
0300
0700
3B00
4300
C300
C700
FFC0
7300
0300
0380
0180
0180
0600
ENDCHAR
STARTCHAR uni01CE0327
ENCODING -1
SWIDTH 458 0
DWIDTH 11 0
BBX 10 22 1 -5
BITMAP
4100
2300
3600
1C00
0800
0000
1E00
6300
C300
0300
0700
3B00
4300
C300
C700
FFC0
7300
0300
0380
0180
0180
0600
ENDCHAR
STARTCHAR uni01050301
ENCODING -1
SWIDTH 458 0
DWIDTH 11 0
BBX 10 22 1 -5
BITMAP
0300
0600
0600
0C00
0800
1000
1E00
6300
C300
0300
0700
3B00
4300
C300
C700
FFC0
7300
0200
0400
0C00
0C80
0F00
ENDCHAR
STARTCHAR uni01050300
ENCODING -1
SWIDTH 458 0
DWIDTH 11 0
BBX 10 22 1 -5
BITMAP
6000
3000
1800
0800
0400
0000
1E00
6300
C300
0300
0700
3B00
4300
C300
C700
FFC0
7300
0200
0400
0C00
0C80
0F00
ENDCHAR
STARTCHAR aogonek.RetroHookStyle
ENCODING -1
SWIDTH 458 0
DWIDTH 11 0
BBX 10 17 1 -6
BITMAP
1E00
6300
C300
0300
0700
3B00
4300
C300
C700
FFC0
7B00
1800
1800
1800
1980
1980
0F00
ENDCHAR
STARTCHAR atilde.2StorySlantItalic
ENCODING -1
SWIDTH 458 0
DWIDTH 11 0
BBX 10 16 1 0
BITMAP
3980
4F00
8600
0000
0000
1E00
6300
C300
0300
0700
3B00
4300
C300
C700
FFC0
7300
ENDCHAR
STARTCHAR uni1EA1.2StorySlantItalic
ENCODING -1
SWIDTH 458 0
DWIDTH 11 0
BBX 10 16 1 -5
BITMAP
1E00
6300
C300
0300
0700
3B00
4300
C300
C700
FFC0
7300
0000
0000
0800
1800
0800
ENDCHAR
STARTCHAR uni0250.2StorySlantItalic
ENCODING -1
SWIDTH 472 0
DWIDTH 11 0
BBX 10 11 0 0
BITMAP
3380
F7C0
3CC0
30C0
3080
3100
3E00
3000
30C0
3080
1F00
ENDCHAR
STARTCHAR uni2C65.2StorySlantItalic
ENCODING -1
SWIDTH 458 0
DWIDTH 11 0
BBX 10 15 1 -2
BITMAP
0040
0080
1F00
6300
C300
0700
0700
3B00
6B00
D300
D700
FFC0
F300
4000
8000
ENDCHAR
STARTCHAR a.SngStory
ENCODING -1
SWIDTH 499 0
DWIDTH 12 0
BBX 11 11 1 0
BITMAP
1E80
2380
4180
C180
C180
C180
C180
E180
6380
7DE0
3980
ENDCHAR
STARTCHAR a.SngStory.SlantItalic
ENCODING -1
SWIDTH 499 0
DWIDTH 12 0
BBX 11 11 1 0
BITMAP
1E80
2380
4180
C180
C180
C180
C180
E180
6380
7DE0
3980
ENDCHAR
STARTCHAR uni2C65.SngStory.SlantItalic
ENCODING -1
SWIDTH 499 0
DWIDTH 12 0
BBX 11 15 1 -2
BITMAP
0040
0040
1E80
2180
4180
4380
C580
C580
C980
D180
6380
7FE0
3D80
4000
4000
ENDCHAR
STARTCHAR aacute.SngStory
ENCODING -1
SWIDTH 499 0
DWIDTH 12 0
BBX 11 17 1 0
BITMAP
0180
0300
0600
0400
0800
0000
1E80
2380
4180
C180
C180
C180
C180
E180
6380
7DE0
3980
ENDCHAR
STARTCHAR aacute.SngStory.SlantItalic
ENCODING -1
SWIDTH 499 0
DWIDTH 12 0
BBX 11 17 1 0
BITMAP
0180
0300
0600
0400
0800
0000
1E80
2380
4180
C180
C180
C180
C180
E180
6380
7DE0
3980
ENDCHAR
STARTCHAR agrave.SngStory
ENCODING -1
SWIDTH 499 0
DWIDTH 12 0
BBX 11 17 1 0
BITMAP
3000
1800
0800
0400
0200
0000
1E80
2380
4180
C180
C180
C180
C180
E180
6380
7DE0
3980
ENDCHAR
STARTCHAR agrave.SngStory.SlantItalic
ENCODING -1
SWIDTH 499 0
DWIDTH 12 0
BBX 11 17 1 0
BITMAP
3000
1800
0800
0400
0200
0000
1E80
2380
4180
C180
C180
C180
C180
E180
6380
7DE0
3980
ENDCHAR
STARTCHAR uni0201.SngStory
ENCODING -1
SWIDTH 499 0
DWIDTH 12 0
BBX 11 17 1 0
BITMAP
6C00
6600
3200
1300
0900
0000
1E80
2380
4180
C180
C180
C180
C180
E180
6380
7DE0
3980
ENDCHAR
STARTCHAR uni0201.SngStory.SlantItalic
ENCODING -1
SWIDTH 499 0
DWIDTH 12 0
BBX 11 17 1 0
BITMAP
6C00
6600
3200
1300
0900
0000
1E80
2380
4180
C180
C180
C180
C180
E180
6380
7DE0
3980
ENDCHAR
STARTCHAR acircumflex.SngStory
ENCODING -1
SWIDTH 499 0
DWIDTH 12 0
BBX 11 17 1 0
BITMAP
0C00
0E00
1B00
3100
2080
0000
1E80
2380
4180
C180
C180
C180
C180
E180
6380
7DE0
3980
ENDCHAR
STARTCHAR uni1EAD.SngStory
ENCODING -1
SWIDTH 499 0
DWIDTH 12 0
BBX 11 22 1 -5
BITMAP
0C00
0E00
1B00
3100
2080
0000
1E80
2380
4180
C180
C180
C180
C180
E180
6380
7DE0
3980
0000
0000
0400
0C00
0400
ENDCHAR
STARTCHAR acircumflex.SngStory.SlantItalic
ENCODING -1
SWIDTH 499 0
DWIDTH 12 0
BBX 11 17 1 0
BITMAP
0C00
0E00
1B00
3100
2080
0000
1E80
2380
4180
C180
C180
C180
C180
E180
6380
7DE0
3980
ENDCHAR
STARTCHAR uni1EAD.SngStory.SlantItalic
ENCODING -1
SWIDTH 499 0
DWIDTH 12 0
BBX 11 22 1 -5
BITMAP
0C00
0E00
1B00
3100
2080
0000
1E80
2380
4180
C180
C180
C180
C180
E180
6380
7DE0
3980
0000
0000
0400
0C00
0400
ENDCHAR
STARTCHAR uni1EA5.SngStory
ENCODING -1
SWIDTH 499 0
DWIDTH 12 0
BBX 11 22 1 0
BITMAP
0180
0300
0600
0400
0800
0C00
0E00
1B00
3100
2080
0000
1E80
2380
4180
C180
C180
C180
C180
E180
6380
7DE0
3980
ENDCHAR
STARTCHAR uni1EA5.SngStory.VN
ENCODING -1
SWIDTH 499 0
DWIDTH 12 0
BBX 11 19 1 0
BITMAP
0060
00C0
0C80
0E00
1B00
3100
2080
0000
1E80
2380
4180
C180
C180
C180
C180
E180
6380
7DE0
3980
ENDCHAR
STARTCHAR uni1EA5.SngStory.SlantItalic
ENCODING -1
SWIDTH 499 0
DWIDTH 12 0
BBX 11 22 1 0
BITMAP
0180
0300
0600
0400
0800
0C00
0E00
1B00
3100
2080
0000
1E80
2380
4180
C180
C180
C180
C180
E180
6380
7DE0
3980
ENDCHAR
STARTCHAR uni1EA5.SngStory.SlantItalic.VN
ENCODING -1
SWIDTH 499 0
DWIDTH 12 0
BBX 11 19 1 0
BITMAP
0060
00C0
0C80
0E00
1B00
3100
2080
0000
1E80
2380
4180
C180
C180
C180
C180
E180
6380
7DE0
3980
ENDCHAR
STARTCHAR uni1EA7.SngStory
ENCODING -1
SWIDTH 499 0
DWIDTH 12 0
BBX 11 22 1 0
BITMAP
3000
1800
0800
0400
0200
0C00
0E00
1B00
3100
2080
0000
1E80
2380
4180
C180
C180
C180
C180
E180
6380
7DE0
3980
ENDCHAR
STARTCHAR uni1EA7.SngStory.VN
ENCODING -1
SWIDTH 499 0
DWIDTH 12 0
BBX 11 19 1 0
BITMAP
C000
4000
2C00
0E00
1B00
3100
2080
0000
1E80
2380
4180
C180
C180
C180
C180
E180
6380
7DE0
3980
ENDCHAR
STARTCHAR uni1EA7.SngStory.SlantItalic
ENCODING -1
SWIDTH 499 0
DWIDTH 12 0
BBX 11 22 1 0
BITMAP
3000
1800
0800
0400
0200
0C00
0E00
1B00
3100
2080
0000
1E80
2380
4180
C180
C180
C180
C180
E180
6380
7DE0
3980
ENDCHAR
STARTCHAR uni1EA7.SngStory.SlantItalic.VN
ENCODING -1
SWIDTH 499 0
DWIDTH 12 0
BBX 11 19 1 0
BITMAP
C000
4000
2C00
0E00
1B00
3100
2080
0000
1E80
2380
4180
C180
C180
C180
C180
E180
6380
7DE0
3980
ENDCHAR
STARTCHAR uni1EAB.SngStory
ENCODING -1
SWIDTH 499 0
DWIDTH 12 0
BBX 11 21 1 0
BITMAP
1C80
2780
4300
0000
0C00
0E00
1B00
3100
2080
0000
1E80
2380
4180
C180
C180
C180
C180
E180
6380
7DE0
3980
ENDCHAR
STARTCHAR uni1EAB.SngStory.VN
ENCODING -1
SWIDTH 499 0
DWIDTH 12 0
BBX 11 21 1 0
BITMAP
1880
3C80
2700
4300
0C00
0E00
1B00
3100
2080
0000
1E80
2380
4180
C180
C180
C180
C180
E180
6380
7DE0
3980
ENDCHAR
STARTCHAR uni1EAB.SngStory.SlantItalic
ENCODING -1
SWIDTH 499 0
DWIDTH 12 0
BBX 11 21 1 0
BITMAP
1C80
2780
4300
0000
0C00
0E00
1B00
3100
2080
0000
1E80
2380
4180
C180
C180
C180
C180
E180
6380
7DE0
3980
ENDCHAR
STARTCHAR uni1EAB.SngStory.SlantItalic.VN
ENCODING -1
SWIDTH 499 0
DWIDTH 12 0
BBX 11 21 1 0
BITMAP
1880
3C80
2700
4300
0C00
0E00
1B00
3100
2080
0000
1E80
2380
4180
C180
C180
C180
C180
E180
6380
7DE0
3980
ENDCHAR
STARTCHAR uni1EA9.SngStory
ENCODING -1
SWIDTH 499 0
DWIDTH 12 0
BBX 11 22 1 0
BITMAP
0C00
0C00
1800
1800
0400
0C00
0E00
1B00
3100
2080
0000
1E80
2380
4180
C180
C180
C180
C180
E180
6380
7DE0
3980
ENDCHAR
STARTCHAR uni1EA9.SngStory.VN
ENCODING -1
SWIDTH 499 0
DWIDTH 12 0
BBX 11 20 1 0
BITMAP
00E0
0160
00C0
0C80
0E00
1B00
3100
2080
0000
1E80
2380
4180
C180
C180
C180
C180
E180
6380
7DE0
3980
ENDCHAR
STARTCHAR uni1EA9.SngStory.SlantItalic
ENCODING -1
SWIDTH 499 0
DWIDTH 12 0
BBX 11 22 1 0
BITMAP
0C00
0C00
1800
1800
0400
0C00
0E00
1B00
3100
2080
0000
1E80
2380
4180
C180
C180
C180
C180
E180
6380
7DE0
3980
ENDCHAR
STARTCHAR uni1EA9.SngStory.SlantItalic.VN
ENCODING -1
SWIDTH 499 0
DWIDTH 12 0
BBX 11 20 1 0
BITMAP
00E0
0160
00C0
0C80
0E00
1B00
3100
2080
0000
1E80
2380
4180
C180
C180
C180
C180
E180
6380
7DE0
3980
ENDCHAR
STARTCHAR uni0203.SngStory
ENCODING -1
SWIDTH 499 0
DWIDTH 12 0
BBX 11 17 1 0
BITMAP
0E00
1F00
3100
2080
4080
0000
1E80
2380
4180
C180
C180
C180
C180
E180
6380
7DE0
3980
ENDCHAR
STARTCHAR uni0203.SngStory.SlantItalic
ENCODING -1
SWIDTH 499 0
DWIDTH 12 0
BBX 11 17 1 0
BITMAP
0E00
1F00
3100
2080
4080
0000
1E80
2380
4180
C180
C180
C180
C180
E180
6380
7DE0
3980
ENDCHAR
STARTCHAR abreve.SngStory
ENCODING -1
SWIDTH 499 0
DWIDTH 12 0
BBX 11 16 1 0
BITMAP
4080
3180
1F00
0E00
0000
1E80
2380
4180
C180
C180
C180
C180
E180
6380
7DE0
3980
ENDCHAR
STARTCHAR uni1EB7.SngStory
ENCODING -1
SWIDTH 499 0
DWIDTH 12 0
BBX 11 21 1 -5
BITMAP
4080
3180
1F00
0E00
0000
1E80
2380
4180
C180
C180
C180
C180
E180
6380
7DE0
3980
0000
0000
0400
0C00
0400
ENDCHAR
STARTCHAR abreve.SngStory.SlantItalic
ENCODING -1
SWIDTH 499 0
DWIDTH 12 0
BBX 11 16 1 0
BITMAP
4080
3180
1F00
0E00
0000
1E80
2380
4180
C180
C180
C180
C180
E180
6380
7DE0
3980
ENDCHAR
STARTCHAR uni1EB7.SngStory.SlantItalic
ENCODING -1
SWIDTH 499 0
DWIDTH 12 0
BBX 11 21 1 -5
BITMAP
4080
3180
1F00
0E00
0000
1E80
2380
4180
C180
C180
C180
C180
E180
6380
7DE0
3980
0000
0000
0400
0C00
0400
ENDCHAR
STARTCHAR uni1EAF.SngStory
ENCODING -1
SWIDTH 499 0
DWIDTH 12 0
BBX 11 21 1 0
BITMAP
0180
0300
0600
0400
0800
4080
3180
1F00
0E00
0000
1E80
2380
4180
C180
C180
C180
C180
E180
6380
7DE0
3980
ENDCHAR
STARTCHAR uni1EAF.SngStory.SlantItalic
ENCODING -1
SWIDTH 499 0
DWIDTH 12 0
BBX 11 21 1 0
BITMAP
0180
0300
0600
0400
0800
4080
3180
1F00
0E00
0000
1E80
2380
4180
C180
C180
C180
C180
E180
6380
7DE0
3980
ENDCHAR
STARTCHAR uni1EAF.SngStory.VN
ENCODING -1
SWIDTH 499 0
DWIDTH 12 0
BBX 11 20 1 0
BITMAP
0300
0200
0600
0C00
2080
3180
1F00
0E00
0000
1E80
2380
4180
C180
C180
C180
C180
E180
6380
7DE0
3980
ENDCHAR
STARTCHAR uni1EAF.SngStory.SlantItalic.VN
ENCODING -1
SWIDTH 499 0
DWIDTH 12 0
BBX 11 20 1 0
BITMAP
0300
0200
0600
0C00
2080
3180
1F00
0E00
0000
1E80
2380
4180
C180
C180
C180
C180
E180
6380
7DE0
3980
ENDCHAR
STARTCHAR uni1EB1.SngStory
ENCODING -1
SWIDTH 499 0
DWIDTH 12 0
BBX 11 21 1 0
BITMAP
3000
1800
0800
0400
0200
4080
3180
1F00
0E00
0000
1E80
2380
4180
C180
C180
C180
C180
E180
6380
7DE0
3980
ENDCHAR
STARTCHAR uni1EB1.SngStory.SlantItalic
ENCODING -1
SWIDTH 499 0
DWIDTH 12 0
BBX 11 21 1 0
BITMAP
3000
1800
0800
0400
0200
4080
3180
1F00
0E00
0000
1E80
2380
4180
C180
C180
C180
C180
E180
6380
7DE0
3980
ENDCHAR
STARTCHAR uni1EB1.SngStory.VN
ENCODING -1
SWIDTH 499 0
DWIDTH 12 0
BBX 11 20 1 0
BITMAP
0800
1800
1C00
0C00
2480
3380
1F00
0E00
0000
1E80
2380
4180
C180
C180
C180
C180
E180
6380
7DE0
3980
ENDCHAR
STARTCHAR uni1EB1.SngStory.SlantItalic.VN
ENCODING -1
SWIDTH 499 0
DWIDTH 12 0
BBX 11 20 1 0
BITMAP
0800
1800
1C00
0C00
2480
3380
1F00
0E00
0000
1E80
2380
4180
C180
C180
C180
C180
E180
6380
7DE0
3980
ENDCHAR
STARTCHAR uni1EB5.SngStory
ENCODING -1
SWIDTH 499 0
DWIDTH 12 0
BBX 11 20 1 0
BITMAP
1C80
2780
4300
0000
4080
3180
1F00
0E00
0000
1E80
2380
4180
C180
C180
C180
C180
E180
6380
7DE0
3980
ENDCHAR
STARTCHAR uni1EB5.SngStory.VN
ENCODING -1
SWIDTH 499 0
DWIDTH 12 0
BBX 11 20 1 0
BITMAP
1880
3C80
2700
4300
2080
3180
1F00
0E00
0000
1E80
2380
4180
C180
C180
C180
C180
E180
6380
7DE0
3980
ENDCHAR
STARTCHAR uni1EB5.SngStory.SlantItalic
ENCODING -1
SWIDTH 499 0
DWIDTH 12 0
BBX 11 20 1 0
BITMAP
1C80
2780
4300
0000
4080
3180
1F00
0E00
0000
1E80
2380
4180
C180
C180
C180
C180
E180
6380
7DE0
3980
ENDCHAR
STARTCHAR uni1EB5.SngStory.SlantItalic.VN
ENCODING -1
SWIDTH 499 0
DWIDTH 12 0
BBX 11 20 1 0
BITMAP
1880
3C80
2700
4300
2080
3180
1F00
0E00
0000
1E80
2380
4180
C180
C180
C180
C180
E180
6380
7DE0
3980
ENDCHAR
STARTCHAR uni1EB3.SngStory
ENCODING -1
SWIDTH 499 0
DWIDTH 12 0
BBX 11 21 1 0
BITMAP
0C00
0C00
1800
1800
0400
4080
3180
1F00
0E00
0000
1E80
2380
4180
C180
C180
C180
C180
E180
6380
7DE0
3980
ENDCHAR
STARTCHAR uni1EB3.SngStory.VN
ENCODING -1
SWIDTH 499 0
DWIDTH 12 0
BBX 11 20 1 0
BITMAP
0C00
0C00
1C00
1800
3880
3580
1F00
0E00
0000
1E80
2380
4180
C180
C180
C180
C180
E180
6380
7DE0
3980
ENDCHAR
STARTCHAR uni1EB3.SngStory.SlantItalic
ENCODING -1
SWIDTH 499 0
DWIDTH 12 0
BBX 11 21 1 0
BITMAP
0C00
0C00
1800
1800
0400
4080
3180
1F00
0E00
0000
1E80
2380
4180
C180
C180
C180
C180
E180
6380
7DE0
3980
ENDCHAR
STARTCHAR uni1EB3.SngStory.SlantItalic.VN
ENCODING -1
SWIDTH 499 0
DWIDTH 12 0
BBX 11 20 1 0
BITMAP
0C00
0C00
1C00
1800
3880
3580
1F00
0E00
0000
1E80
2380
4180
C180
C180
C180
C180
E180
6380
7DE0
3980
ENDCHAR
STARTCHAR uni01CE.SngStory
ENCODING -1
SWIDTH 499 0
DWIDTH 12 0
BBX 11 17 1 0
BITMAP
2080
1100
1A00
0C00
0000
0000
1E80
2380
4180
C180
C180
C180
C180
E180
6380
7DE0
3980
ENDCHAR
STARTCHAR uni01CE.SngStory.SlantItalic
ENCODING -1
SWIDTH 499 0
DWIDTH 12 0
BBX 11 17 1 0
BITMAP
2080
1100
1A00
0C00
0000
0000
1E80
2380
4180
C180
C180
C180
C180
E180
6380
7DE0
3980
ENDCHAR
STARTCHAR atilde.SngStory
ENCODING -1
SWIDTH 499 0
DWIDTH 12 0
BBX 11 16 1 0
BITMAP
1C80
2780
4300
0000
0000
1E80
2380
4180
C180
C180
C180
C180
E180
6380
7DE0
3980
ENDCHAR
STARTCHAR atilde.SngStory.SlantItalic
ENCODING -1
SWIDTH 499 0
DWIDTH 12 0
BBX 11 16 1 0
BITMAP
1C80
2780
4300
0000
0000
1E80
2380
4180
C180
C180
C180
C180
E180
6380
7DE0
3980
ENDCHAR
STARTCHAR uni00E30301.SngStory
ENCODING -1
SWIDTH 499 0
DWIDTH 12 0
BBX 11 21 1 0
BITMAP
0180
0300
0600
0400
0800
1C80
2780
4300
0000
0000
1E80
2380
4180
C180
C180
C180
C180
E180
6380
7DE0
3980
ENDCHAR
STARTCHAR uni00E30300.SngStory
ENCODING -1
SWIDTH 499 0
DWIDTH 12 0
BBX 11 21 1 0
BITMAP
3000
1800
0800
0400
0200
1C80
2780
4300
0000
0000
1E80
2380
4180
C180
C180
C180
C180
E180
6380
7DE0
3980
ENDCHAR
STARTCHAR uni00E30302.SngStory
ENCODING -1
SWIDTH 499 0
DWIDTH 12 0
BBX 11 21 1 0
BITMAP
0C00
0E00
1B00
3100
2080
1C80
2780
4300
0000
0000
1E80
2380
4180
C180
C180
C180
C180
E180
6380
7DE0
3980
ENDCHAR
STARTCHAR amacron.SngStory
ENCODING -1
SWIDTH 499 0
DWIDTH 12 0
BBX 11 15 1 0
BITMAP
3F80
3F80
0000
0000
1E80
2380
4180
C180
C180
C180
C180
E180
6380
7DE0
3980
ENDCHAR
STARTCHAR amacron.SngStory.SlantItalic
ENCODING -1
SWIDTH 499 0
DWIDTH 12 0
BBX 11 15 1 0
BITMAP
3F80
3F80
0000
0000
1E80
2380
4180
C180
C180
C180
C180
E180
6380
7DE0
3980
ENDCHAR
STARTCHAR uni01010301.SngStory
ENCODING -1
SWIDTH 499 0
DWIDTH 12 0
BBX 11 21 1 0
BITMAP
0180
0300
0600
0400
0800
0000
3F80
3F80
0000
0000
1E80
2380
4180
C180
C180
C180
C180
E180
6380
7DE0
3980
ENDCHAR
STARTCHAR uni01010302.SngStory
ENCODING -1
SWIDTH 499 0
DWIDTH 12 0
BBX 11 21 1 0
BITMAP
0C00
0E00
1B00
3100
2080
0000
3F80
3F80
0000
0000
1E80
2380
4180
C180
C180
C180
C180
E180
6380
7DE0
3980
ENDCHAR
STARTCHAR adieresis.SngStory
ENCODING -1
SWIDTH 499 0
DWIDTH 12 0
BBX 11 16 1 0
BITMAP
2100
6300
2100
0000
0000
1E80
2380
4180
C180
C180
C180
C180
E180
6380
7DE0
3980
ENDCHAR
STARTCHAR adieresis.SngStory.SlantItalic
ENCODING -1
SWIDTH 499 0
DWIDTH 12 0
BBX 11 16 1 0
BITMAP
2100
6300
2100
0000
0000
1E80
2380
4180
C180
C180
C180
C180
E180
6380
7DE0
3980
ENDCHAR
STARTCHAR uni00E40301.SngStory
ENCODING -1
SWIDTH 499 0
DWIDTH 12 0
BBX 11 21 1 0
BITMAP
0180
0300
0600
0400
0800
2100
6300
2100
0000
0000
1E80
2380
4180
C180
C180
C180
C180
E180
6380
7DE0
3980
ENDCHAR
STARTCHAR uni00E40300.SngStory
ENCODING -1
SWIDTH 499 0
DWIDTH 12 0
BBX 11 21 1 0
BITMAP
3000
1800
0800
0400
0200
2100
6300
2100
0000
0000
1E80
2380
4180
C180
C180
C180
C180
E180
6380
7DE0
3980
ENDCHAR
STARTCHAR uni00E40302.SngStory
ENCODING -1
SWIDTH 499 0
DWIDTH 12 0
BBX 11 21 1 0
BITMAP
0C00
0E00
1B00
3100
2080
2100
6300
2100
0000
0000
1E80
2380
4180
C180
C180
C180
C180
E180
6380
7DE0
3980
ENDCHAR
STARTCHAR uni00E4030C.SngStory
ENCODING -1
SWIDTH 499 0
DWIDTH 12 0
BBX 11 21 1 0
BITMAP
2080
1100
1A00
0C00
0000
2100
6300
2100
0000
0000
1E80
2380
4180
C180
C180
C180
C180
E180
6380
7DE0
3980
ENDCHAR
STARTCHAR uni00E40303.SngStory
ENCODING -1
SWIDTH 499 0
DWIDTH 12 0
BBX 11 20 1 0
BITMAP
1C80
2780
4300
0000
2100
6300
2100
0000
0000
1E80
2380
4180
C180
C180
C180
C180
E180
6380
7DE0
3980
ENDCHAR
STARTCHAR uni01DF.SngStory
ENCODING -1
SWIDTH 499 0
DWIDTH 12 0
BBX 11 19 1 0
BITMAP
3F80
3F80
0000
2100
6300
2100
0000
0000
1E80
2380
4180
C180
C180
C180
C180
E180
6380
7DE0
3980
ENDCHAR
STARTCHAR uni01DF.SngStory.SlantItalic
ENCODING -1
SWIDTH 499 0
DWIDTH 12 0
BBX 11 19 1 0
BITMAP
3F80
3F80
0000
2100
6300
2100
0000
0000
1E80
2380
4180
C180
C180
C180
C180
E180
6380
7DE0
3980
ENDCHAR
STARTCHAR uni0227.SngStory
ENCODING -1
SWIDTH 499 0
DWIDTH 12 0
BBX 11 16 1 0
BITMAP
0400
0C00
0400
0000
0000
1E80
2380
4180
C180
C180
C180
C180
E180
6380
7DE0
3980
ENDCHAR
STARTCHAR uni0227.SngStory.SlantItalic
ENCODING -1
SWIDTH 499 0
DWIDTH 12 0
BBX 11 16 1 0
BITMAP
0400
0C00
0400
0000
0000
1E80
2380
4180
C180
C180
C180
C180
E180
6380
7DE0
3980
ENDCHAR
STARTCHAR uni01E1.SngStory
ENCODING -1
SWIDTH 499 0
DWIDTH 12 0
BBX 11 19 1 0
BITMAP
3F80
3F80
0000
0400
0C00
0400
0000
0000
1E80
2380
4180
C180
C180
C180
C180
E180
6380
7DE0
3980
ENDCHAR
STARTCHAR uni01E1.SngStory.SlantItalic
ENCODING -1
SWIDTH 499 0
DWIDTH 12 0
BBX 11 19 1 0
BITMAP
3F80
3F80
0000
0400
0C00
0400
0000
0000
1E80
2380
4180
C180
C180
C180
C180
E180
6380
7DE0
3980
ENDCHAR
STARTCHAR aring.SngStory
ENCODING -1
SWIDTH 499 0
DWIDTH 12 0
BBX 11 17 1 0
BITMAP
0600
0E00
1E00
1E00
0C00
0000
1E80
2380
4180
C180
C180
C180
C180
E180
6380
7DE0
3980
ENDCHAR
STARTCHAR aring.SngStory.SlantItalic
ENCODING -1
SWIDTH 499 0
DWIDTH 12 0
BBX 11 17 1 0
BITMAP
0600
0E00
1E00
1E00
0C00
0000
1E80
2380
4180
C180
C180
C180
C180
E180
6380
7DE0
3980
ENDCHAR
STARTCHAR aringacute.SngStory
ENCODING -1
SWIDTH 499 0
DWIDTH 12 0
BBX 11 22 1 0
BITMAP
0180
0380
0700
0C00
1800
0600
0E00
1E00
1E00
0C00
0000
1E80
2380
4180
C180
C180
C180
C180
E180
6380
7DE0
3980
ENDCHAR
STARTCHAR aringacute.SngStory.SlantItalic
ENCODING -1
SWIDTH 499 0
DWIDTH 12 0
BBX 11 22 1 0
BITMAP
0180
0380
0700
0C00
1800
0600
0E00
1E00
1E00
0C00
0000
1E80
2380
4180
C180
C180
C180
C180
E180
6380
7DE0
3980
ENDCHAR
STARTCHAR uni1E9A.SngStory
ENCODING -1
SWIDTH 499 0
DWIDTH 12 0
BBX 11 17 1 0
BITMAP
0C00
0600
0600
0600
0C00
0000
1E80
2380
4180
C180
C180
C180
C180
E180
6380
7DE0
3980
ENDCHAR
STARTCHAR uni1E9A.SngStory.SlantItalic
ENCODING -1
SWIDTH 499 0
DWIDTH 12 0
BBX 11 17 1 0
BITMAP
0C00
0600
0600
0600
0C00
0000
1E80
2380
4180
C180
C180
C180
C180
E180
6380
7DE0
3980
ENDCHAR
STARTCHAR uni1EA3.SngStory
ENCODING -1
SWIDTH 499 0
DWIDTH 12 0
BBX 11 17 1 0
BITMAP
0C00
0C00
1800
1800
0400
0000
1E80
2380
4180
C180
C180
C180
C180
E180
6380
7DE0
3980
ENDCHAR
STARTCHAR uni1EA3.SngStory.SlantItalic
ENCODING -1
SWIDTH 499 0
DWIDTH 12 0
BBX 11 17 1 0
BITMAP
0C00
0C00
1800
1800
0400
0000
1E80
2380
4180
C180
C180
C180
C180
E180
6380
7DE0
3980
ENDCHAR
STARTCHAR uni00610330.SngStory
ENCODING -1
SWIDTH 499 0
DWIDTH 12 0
BBX 11 16 1 -5
BITMAP
1E80
2380
4180
C180
C180
C180
C180
E180
6380
7DE0
3980
0000
0000
1C80
2780
4300
ENDCHAR
STARTCHAR uni00610331.SngStory
ENCODING -1
SWIDTH 499 0
DWIDTH 12 0
BBX 11 15 1 -4
BITMAP
1E80
2380
4180
C180
C180
C180
C180
E180
6380
7DE0
3980
0000
0000
3F80
7F80
ENDCHAR
STARTCHAR uni00E10331.SngStory
ENCODING -1
SWIDTH 499 0
DWIDTH 12 0
BBX 11 21 1 -4
BITMAP
0180
0300
0600
0400
0800
0000
1E80
2380
4180
C180
C180
C180
C180
E180
6380
7DE0
3980
0000
0000
3F80
7F80
ENDCHAR
STARTCHAR uni00E00331.SngStory
ENCODING -1
SWIDTH 499 0
DWIDTH 12 0
BBX 11 21 1 -4
BITMAP
3000
1800
0800
0400
0200
0000
1E80
2380
4180
C180
C180
C180
C180
E180
6380
7DE0
3980
0000
0000
3F80
7F80
ENDCHAR
STARTCHAR uni00E20331.SngStory
ENCODING -1
SWIDTH 499 0
DWIDTH 12 0
BBX 11 21 1 -4
BITMAP
0C00
0E00
1B00
3100
2080
0000
1E80
2380
4180
C180
C180
C180
C180
E180
6380
7DE0
3980
0000
0000
3F80
7F80
ENDCHAR
STARTCHAR uni01CE0331.SngStory
ENCODING -1
SWIDTH 499 0
DWIDTH 12 0
BBX 11 21 1 -4
BITMAP
2080
1100
1A00
0C00
0000
0000
1E80
2380
4180
C180
C180
C180
C180
E180
6380
7DE0
3980
0000
0000
3F80
7F80
ENDCHAR
STARTCHAR uni00E40331.SngStory
ENCODING -1
SWIDTH 499 0
DWIDTH 12 0
BBX 11 20 1 -4
BITMAP
2100
6300
2100
0000
0000
1E80
2380
4180
C180
C180
C180
C180
E180
6380
7DE0
3980
0000
0000
3F80
7F80
ENDCHAR
STARTCHAR uni1EA1.SngStory
ENCODING -1
SWIDTH 499 0
DWIDTH 12 0
BBX 11 16 1 -5
BITMAP
1E80
2380
4180
C180
C180
C180
C180
E180
6380
7DE0
3980
0000
0000
0400
0C00
0400
ENDCHAR
STARTCHAR uni1EA10301.SngStory
ENCODING -1
SWIDTH 499 0
DWIDTH 12 0
BBX 11 22 1 -5
BITMAP
0180
0300
0600
0400
0800
0000
1E80
2380
4180
C180
C180
C180
C180
E180
6380
7DE0
3980
0000
0000
0400
0C00
0400
ENDCHAR
STARTCHAR uni1EA10300.SngStory
ENCODING -1
SWIDTH 499 0
DWIDTH 12 0
BBX 11 22 1 -5
BITMAP
3000
1800
0800
0400
0200
0000
1E80
2380
4180
C180
C180
C180
C180
E180
6380
7DE0
3980
0000
0000
0400
0C00
0400
ENDCHAR
STARTCHAR uni1EA1030C.SngStory
ENCODING -1
SWIDTH 499 0
DWIDTH 12 0
BBX 11 22 1 -5
BITMAP
2080
1100
1A00
0C00
0000
0000
1E80
2380
4180
C180
C180
C180
C180
E180
6380
7DE0
3980
0000
0000
0400
0C00
0400
ENDCHAR
STARTCHAR uni1EA10303.SngStory
ENCODING -1
SWIDTH 499 0
DWIDTH 12 0
BBX 11 21 1 -5
BITMAP
1C80
2780
4300
0000
0000
1E80
2380
4180
C180
C180
C180
C180
E180
6380
7DE0
3980
0000
0000
0400
0C00
0400
ENDCHAR
STARTCHAR uni1E01.SngStory
ENCODING -1
SWIDTH 499 0
DWIDTH 12 0
BBX 11 17 1 -6
BITMAP
1E80
2380
4180
C180
C180
C180
C180
E180
6380
7DE0
3980
0000
0600
0E00
1E00
1E00
0C00
ENDCHAR
STARTCHAR uni1E01.SngStory.SlantItalic
ENCODING -1
SWIDTH 499 0
DWIDTH 12 0
BBX 11 17 1 -6
BITMAP
1E80
2380
4180
C180
C180
C180
C180
E180
6380
7DE0
3980
0000
0600
0E00
1E00
1E00
0C00
ENDCHAR
STARTCHAR uni0061031C.SngStory
ENCODING -1
SWIDTH 499 0
DWIDTH 12 0
BBX 11 17 1 -6
BITMAP
1E80
2380
4180
C180
C180
C180
C180
E180
6380
7DE0
3980
0000
0800
1800
3000
1800
0800
ENDCHAR
STARTCHAR uni00E1031C.SngStory
ENCODING -1
SWIDTH 499 0
DWIDTH 12 0
BBX 11 23 1 -6
BITMAP
0180
0300
0600
0400
0800
0000
1E80
2380
4180
C180
C180
C180
C180
E180
6380
7DE0
3980
0000
0800
1800
3000
1800
0800
ENDCHAR
STARTCHAR uni00610327.SngStory
ENCODING -1
SWIDTH 499 0
DWIDTH 12 0
BBX 11 16 1 -5
BITMAP
1E80
2380
4180
C180
C180
C180
C180
E180
6380
7FA0
39C0
0180
0180
00C0
00C0
0300
ENDCHAR
STARTCHAR uni00E10327.SngStory
ENCODING -1
SWIDTH 499 0
DWIDTH 12 0
BBX 11 22 1 -5
BITMAP
0180
0300
0200
0400
0C00
0000
1E80
2380
4180
C180
C180
C180
C180
E180
6380
7FA0
39C0
0180
0180
00C0
00C0
0300
ENDCHAR
STARTCHAR uni00E00327.SngStory
ENCODING -1
SWIDTH 499 0
DWIDTH 12 0
BBX 11 22 1 -5
BITMAP
3000
1800
0800
0C00
0600
0000
1E80
2380
4180
C180
C180
C180
C180
E180
6380
7FA0
39C0
0180
0180
00C0
00C0
0300
ENDCHAR
STARTCHAR uni00E20327.SngStory
ENCODING -1
SWIDTH 499 0
DWIDTH 12 0
BBX 11 22 1 -5
BITMAP
0C00
0E00
1B00
3100
2080
0000
1E80
2380
4180
C180
C180
C180
C180
E180
6380
7FA0
39C0
0180
0180
00C0
00C0
0300
ENDCHAR
STARTCHAR uni01CE0327.SngStory
ENCODING -1
SWIDTH 499 0
DWIDTH 12 0
BBX 11 22 1 -5
BITMAP
2080
3100
1B00
0E00
0400
0000
1E80
2380
4180
C180
C180
C180
C180
E180
6380
7FA0
39C0
0180
0180
00C0
00C0
0300
ENDCHAR
STARTCHAR aogonek.SngStory
ENCODING -1
SWIDTH 499 0
DWIDTH 12 0
BBX 11 16 1 -5
BITMAP
1E80
2380
4180
C180
C180
C180
C180
E180
6380
7D80
39E0
0180
0300
0600
0640
0780
ENDCHAR
STARTCHAR uni01050301.SngStory
ENCODING -1
SWIDTH 499 0
DWIDTH 12 0
BBX 11 22 1 -5
BITMAP
0180
0300
0200
0400
0C00
0000
1E80
2380
4180
C180
C180
C180
C180
E180
6380
7D80
39E0
0180
0300
0600
0640
0780
ENDCHAR
STARTCHAR uni01050300.SngStory
ENCODING -1
SWIDTH 499 0
DWIDTH 12 0
BBX 11 22 1 -5
BITMAP
3000
1800
0800
0C00
0600
0000
1E80
2380
4180
C180
C180
C180
C180
E180
6380
7D80
39E0
0180
0300
0600
0640
0780
ENDCHAR
STARTCHAR aogonek.SngStory.RetroHookStyle
ENCODING -1
SWIDTH 499 0
DWIDTH 12 0
BBX 11 17 1 -6
BITMAP
1E80
2380
4180
C180
C180
C180
C180
E180
6380
7FE0
3F80
0C00
0C00
0C00
0CC0
0CC0
0780
ENDCHAR
STARTCHAR uni2C65.SngStory
ENCODING -1
SWIDTH 499 0
DWIDTH 12 0
BBX 11 15 1 -2
BITMAP
0040
0040
1E80
2180
4180
4380
C580
C580
C980
D180
6380
7FE0
3D80
4000
4000
ENDCHAR
STARTCHAR aacute.2StorySlantItalic
ENCODING -1
SWIDTH 458 0
DWIDTH 11 0
BBX 10 17 1 0
BITMAP
0300
0600
0400
0C00
0800
1000
1E00
6300
C300
0300
0700
3B00
4300
C300
C700
FFC0
7300
ENDCHAR
STARTCHAR agrave.2StorySlantItalic
ENCODING -1
SWIDTH 458 0
DWIDTH 11 0
BBX 10 17 1 0
BITMAP
6000
3000
1800
0800
0400
0000
1E00
6300
C300
0300
0700
3B00
4300
C300
C700
FFC0
7300
ENDCHAR
STARTCHAR uni0201.2StorySlantItalic
ENCODING -1
SWIDTH 458 0
DWIDTH 11 0
BBX 10 17 1 0
BITMAP
C800
4C00
6400
2200
1200
0000
1E00
6300
C300
0300
0700
3B00
4300
C300
C700
FFC0
7300
ENDCHAR
STARTCHAR acircumflex.2StorySlantItalic
ENCODING -1
SWIDTH 458 0
DWIDTH 11 0
BBX 10 17 1 0
BITMAP
0C00
1C00
3600
2300
4100
0000
1E00
6300
C300
0300
0700
3B00
4300
C300
C700
FFC0
7300
ENDCHAR
STARTCHAR uni1EAD.2StorySlantItalic
ENCODING -1
SWIDTH 458 0
DWIDTH 11 0
BBX 10 22 1 -5
BITMAP
0C00
1C00
3600
2300
4100
0000
1E00
6300
C300
0300
0700
3B00
4300
C300
C700
FFC0
7300
0000
0000
0800
1800
0800
ENDCHAR
STARTCHAR uni0203.2StorySlantItalic
ENCODING -1
SWIDTH 458 0
DWIDTH 11 0
BBX 10 17 1 0
BITMAP
1C00
3E00
6300
4100
4100
0000
1E00
6300
C300
0300
0700
3B00
4300
C300
C700
FFC0
7300
ENDCHAR
STARTCHAR abreve.2StorySlantItalic
ENCODING -1
SWIDTH 458 0
DWIDTH 11 0
BBX 10 16 1 0
BITMAP
4100
6300
3E00
1C00
0000
1E00
6300
C300
0300
0700
3B00
4300
C300
C700
FFC0
7300
ENDCHAR
STARTCHAR uni1EB7.2StorySlantItalic
ENCODING -1
SWIDTH 458 0
DWIDTH 11 0
BBX 10 21 1 -5
BITMAP
4100
6300
3E00
1C00
0000
1E00
6300
C300
0300
0700
3B00
4300
C300
C700
FFC0
7300
0000
0000
0800
1800
0800
ENDCHAR
STARTCHAR uni1EAF.2StorySlantItalic
ENCODING -1
SWIDTH 458 0
DWIDTH 11 0
BBX 10 21 1 0
BITMAP
0300
0600
0400
0C00
0800
5100
6300
3E00
1C00
0000
1E00
6300
C300
0300
0700
3B00
4300
C300
C700
FFC0
7300
ENDCHAR
STARTCHAR uni1EB1.2StorySlantItalic
ENCODING -1
SWIDTH 458 0
DWIDTH 11 0
BBX 10 21 1 0
BITMAP
6000
3000
1800
0800
0400
4100
6300
3E00
1C00
0000
1E00
6300
C300
0300
0700
3B00
4300
C300
C700
FFC0
7300
ENDCHAR
STARTCHAR uni1EB5.2StorySlantItalic
ENCODING -1
SWIDTH 458 0
DWIDTH 11 0
BBX 10 20 1 0
BITMAP
3980
4F00
8600
0000
4100
6300
3E00
1C00
0000
1E00
6300
C300
0300
0700
3B00
4300
C300
C700
FFC0
7300
ENDCHAR
STARTCHAR uni1EB3.2StorySlantItalic
ENCODING -1
SWIDTH 458 0
DWIDTH 11 0
BBX 10 21 1 0
BITMAP
0C00
3C00
1800
3000
0800
4100
6300
3E00
1C00
0000
1E00
6300
C300
0300
0700
3B00
4300
C300
C700
FFC0
7300
ENDCHAR
STARTCHAR uni01CE.2StorySlantItalic
ENCODING -1
SWIDTH 458 0
DWIDTH 11 0
BBX 10 17 1 0
BITMAP
4100
2200
1600
0C00
0000
0000
1E00
6300
C300
0300
0700
3B00
4300
C300
C700
FFC0
7300
ENDCHAR
STARTCHAR amacron.2StorySlantItalic
ENCODING -1
SWIDTH 458 0
DWIDTH 11 0
BBX 10 15 1 0
BITMAP
7F80
7F00
0000
0000
1E00
6300
C300
0300
0700
3B00
4300
C300
C700
FFC0
7300
ENDCHAR
STARTCHAR adieresis.2StorySlantItalic
ENCODING -1
SWIDTH 458 0
DWIDTH 11 0
BBX 10 16 1 0
BITMAP
6300
6300
4200
0000
0000
1E00
6300
C300
0300
0700
3B00
4300
C300
C700
FFC0
7300
ENDCHAR
STARTCHAR uni01DF.2StorySlantItalic
ENCODING -1
SWIDTH 458 0
DWIDTH 11 0
BBX 10 19 1 0
BITMAP
7F80
7F00
0000
6300
6300
4200
0000
0000
1E00
6300
C300
0300
0700
3B00
4300
C300
C700
FFC0
7300
ENDCHAR
STARTCHAR uni0227.2StorySlantItalic
ENCODING -1
SWIDTH 458 0
DWIDTH 11 0
BBX 10 16 1 0
BITMAP
0C00
0C00
0800
0000
0000
1E00
6300
C300
0300
0700
3B00
4300
C300
C700
FFC0
7300
ENDCHAR
STARTCHAR uni01E1.2StorySlantItalic
ENCODING -1
SWIDTH 458 0
DWIDTH 11 0
BBX 10 19 1 0
BITMAP
7F80
7F00
0000
0C00
0C00
0800
0000
0000
1E00
6300
C300
0300
0700
3B00
4300
C300
C700
FFC0
7300
ENDCHAR
STARTCHAR aring.2StorySlantItalic
ENCODING -1
SWIDTH 458 0
DWIDTH 11 0
BBX 10 17 1 0
BITMAP
0C00
1E00
1E00
1C00
1C00
0000
1E00
6300
C300
0300
0700
3B00
4300
C300
C700
FFC0
7300
ENDCHAR
STARTCHAR aringacute.2StorySlantItalic
ENCODING -1
SWIDTH 458 0
DWIDTH 11 0
BBX 10 22 1 0
BITMAP
0100
0380
0E00
1C00
1000
0C00
1E00
1E00
1C00
1C00
0000
1E00
6300
C300
0300
0700
3B00
4300
C300
C700
FFC0
7300
ENDCHAR
STARTCHAR uni1E9A.2StorySlantItalic
ENCODING -1
SWIDTH 458 0
DWIDTH 11 0
BBX 10 17 1 0
BITMAP
0C00
0C00
0600
0C00
0800
0000
1E00
6300
C300
0300
0700
3B00
4300
C300
C700
FFC0
7300
ENDCHAR
STARTCHAR uni1EA3.2StorySlantItalic
ENCODING -1
SWIDTH 458 0
DWIDTH 11 0
BBX 10 17 1 0
BITMAP
0C00
3C00
1800
3000
0800
0000
1E00
6300
C300
0300
0700
3B00
4300
C300
C700
FFC0
7300
ENDCHAR
STARTCHAR uni1EA1.SngStory.SlantItalic
ENCODING -1
SWIDTH 499 0
DWIDTH 12 0
BBX 11 16 1 -5
BITMAP
1E80
2380
4180
C180
C180
C180
C180
E180
6380
7DE0
3980
0000
0000
0400
0C00
0400
ENDCHAR
STARTCHAR uni1E01.2StorySlantItalic
ENCODING -1
SWIDTH 458 0
DWIDTH 11 0
BBX 10 17 1 -6
BITMAP
1E00
6300
C300
0300
0700
3B00
4300
C300
C700
FFC0
7300
0000
0C00
1C00
3C00
3C00
1800
ENDCHAR
STARTCHAR ae.2StorySlantItalic
ENCODING -1
SWIDTH 691 0
DWIDTH 17 0
BBX 15 11 1 0
BITMAP
1E78
638C
C306
8306
0FFE
3300
4300
C304
C786
FDF8
70F0
ENDCHAR
STARTCHAR aeacute.2StorySlantItalic
ENCODING -1
SWIDTH 691 0
DWIDTH 17 0
BBX 15 17 1 0
BITMAP
0060
00C0
00C0
0180
0100
0200
1E78
638C
C306
8306
0FFE
3300
4300
C304
C786
FDF8
70F0
ENDCHAR
STARTCHAR uni01E3.2StorySlantItalic
ENCODING -1
SWIDTH 691 0
DWIDTH 17 0
BBX 15 15 1 0
BITMAP
0FF0
0FE0
0000
0000
1E78
638C
C306
8306
0FFE
3300
4300
C304
C786
FDF8
70F0
ENDCHAR
STARTCHAR uni00E60330
ENCODING -1
SWIDTH 691 0
DWIDTH 17 0
BBX 15 16 1 -5
BITMAP
1E78
638C
C306
8306
0FFE
3300
4300
C304
C786
FDF8
70F0
0000
0000
0730
09E0
08C0
ENDCHAR
STARTCHAR uni1EA4.VN
ENCODING -1
SWIDTH 595 0
DWIDTH 14 0
BBX 14 22 0 0
BITMAP
0018
0030
0340
0780
0CC0
1820
0000
0100
0300
0300
0780
0580
04C0
0CC0
08C0
0860
1FE0
1060
1030
3030
2030
F87C
ENDCHAR
STARTCHAR uni1EA6.VN
ENCODING -1
SWIDTH 595 0
DWIDTH 14 0
BBX 14 22 0 0
BITMAP
6000
3000
0B00
0780
0CC0
1820
0000
0100
0300
0300
0780
0580
04C0
0CC0
08C0
0860
1FE0
1060
1030
3030
2030
F87C
ENDCHAR
STARTCHAR uni1EAA.VN
ENCODING -1
SWIDTH 595 0
DWIDTH 14 0
BBX 14 24 0 0
BITMAP
0620
0F60
13C0
0180
0300
0780
0CC0
1020
0000
0100
0300
0300
0780
0580
04C0
0CC0
08C0
0860
1FE0
1060
1030
3030
2030
F87C
ENDCHAR
STARTCHAR uni1EA8.VN
ENCODING -1
SWIDTH 595 0
DWIDTH 14 0
BBX 14 23 0 0
BITMAP
0078
0058
0020
0320
0780
0CC0
1820
0000
0100
0300
0300
0780
0580
04C0
0CC0
08C0
0860
1FE0
1060
1030
3030
2030
F87C
ENDCHAR
STARTCHAR uni1EAE.VN
ENCODING -1
SWIDTH 595 0
DWIDTH 14 0
BBX 14 22 0 0
BITMAP
00C0
0180
1220
0840
0FC0
0780
0000
0100
0300
0300
0780
0580
04C0
0CC0
08C0
0860
1FE0
1060
1030
3030
2030
F87C
ENDCHAR
STARTCHAR uni1EB0.VN
ENCODING -1
SWIDTH 595 0
DWIDTH 14 0
BBX 14 22 0 0
BITMAP
0C00
0600
1120
0840
0FC0
0780
0000
0100
0300
0300
0780
0580
04C0
0CC0
08C0
0860
1FE0
1060
1030
3030
2030
F87C
ENDCHAR
STARTCHAR uni1EB4.VN
ENCODING -1
SWIDTH 595 0
DWIDTH 14 0
BBX 14 24 0 0
BITMAP
0620
0F20
13C0
0180
1020
0840
0FC0
0780
0000
0100
0300
0300
0780
0580
04C0
0CC0
08C0
0860
1FE0
1060
1030
3030
2030
F87C
ENDCHAR
STARTCHAR uni1EB2.VN
ENCODING -1
SWIDTH 595 0
DWIDTH 14 0
BBX 14 24 0 0
BITMAP
0300
0700
0300
0E00
1620
0840
0FC0
0780
0000
0100
0300
0300
0780
0580
04C0
0CC0
08C0
0860
1FE0
1060
1030
3030
2030
F87C
ENDCHAR
STARTCHAR uni00C30301
ENCODING -1
SWIDTH 595 0
DWIDTH 14 0
BBX 14 25 0 0
BITMAP
0040
00E0
01C0
0300
0400
0020
0E20
1F40
0080
0000
0100
0300
0300
0780
0580
04C0
0CC0
08C0
0860
1FE0
1060
1030
3030
2030
F87C
ENDCHAR
STARTCHAR uni00C30300
ENCODING -1
SWIDTH 595 0
DWIDTH 14 0
BBX 14 25 0 0
BITMAP
0800
1C00
0E00
0300
0080
0020
0E20
1F40
0080
0000
0100
0300
0300
0780
0580
04C0
0CC0
08C0
0860
1FE0
1060
1030
3030
2030
F87C
ENDCHAR
STARTCHAR uni00C30302
ENCODING -1
SWIDTH 595 0
DWIDTH 14 0
BBX 14 24 0 0
BITMAP
0300
0780
0CC0
1820
0020
0E20
1F40
0080
0000
0100
0300
0300
0780
0580
04C0
0CC0
08C0
0860
1FE0
1060
1030
3030
2030
F87C
ENDCHAR
STARTCHAR uni01000301
ENCODING -1
SWIDTH 595 0
DWIDTH 14 0
BBX 14 25 0 0
BITMAP
0040
00E0
01C0
0300
0400
0000
1FE0
1FE0
0000
0000
0100
0300
0300
0780
0580
04C0
0CC0
08C0
0860
1FE0
1060
1030
3030
2030
F87C
ENDCHAR
STARTCHAR uni01000302
ENCODING -1
SWIDTH 595 0
DWIDTH 14 0
BBX 14 24 0 0
BITMAP
0300
0780
0CC0
1820
0000
1FE0
1FE0
0000
0000
0100
0300
0300
0780
0580
04C0
0CC0
08C0
0860
1FE0
1060
1030
3030
2030
F87C
ENDCHAR
STARTCHAR uni00C40301
ENCODING -1
SWIDTH 595 0
DWIDTH 14 0
BBX 14 25 0 0
BITMAP
0040
00E0
01C0
0300
0400
0000
18C0
18C0
18C0
0000
0100
0300
0300
0780
0580
04C0
0CC0
08C0
0860
1FE0
1060
1030
3030
2030
F87C
ENDCHAR
STARTCHAR uni00C40300
ENCODING -1
SWIDTH 595 0
DWIDTH 14 0
BBX 14 25 0 0
BITMAP
0800
1C00
0E00
0300
0080
0000
18C0
18C0
18C0
0000
0100
0300
0300
0780
0580
04C0
0CC0
08C0
0860
1FE0
1060
1030
3030
2030
F87C
ENDCHAR
STARTCHAR uni00C40302
ENCODING -1
SWIDTH 595 0
DWIDTH 14 0
BBX 14 24 0 0
BITMAP
0300
0780
0CC0
1820
0000
18C0
18C0
18C0
0000
0100
0300
0300
0780
0580
04C0
0CC0
08C0
0860
1FE0
1060
1030
3030
2030
F87C
ENDCHAR
STARTCHAR uni00C4030C
ENCODING -1
SWIDTH 595 0
DWIDTH 14 0
BBX 14 25 0 0
BITMAP
1020
0CC0
0780
0300
0000
0000
18C0
18C0
18C0
0000
0100
0300
0300
0780
0580
04C0
0CC0
08C0
0860
1FE0
1060
1030
3030
2030
F87C
ENDCHAR
STARTCHAR uni00C40303
ENCODING -1
SWIDTH 595 0
DWIDTH 14 0
BBX 14 24 0 0
BITMAP
0020
0E20
1F40
0080
0000
18C0
18C0
18C0
0000
0100
0300
0300
0780
0580
04C0
0CC0
08C0
0860
1FE0
1060
1030
3030
2030
F87C
ENDCHAR
STARTCHAR uni0041030D
ENCODING -1
SWIDTH 595 0
DWIDTH 14 0
BBX 14 21 0 0
BITMAP
0300
0300
0300
0300
0300
0000
0100
0300
0300
0780
0580
04C0
0CC0
08C0
0860
1FE0
1060
1030
3030
2030
F87C
ENDCHAR
STARTCHAR uni00410330
ENCODING -1
SWIDTH 595 0
DWIDTH 14 0
BBX 14 20 0 -5
BITMAP
0100
0300
0300
0780
0580
04C0
0CC0
08C0
0860
1FE0
1060
1030
3030
2030
F87C
0000
0000
0620
0BC0
1180
ENDCHAR
STARTCHAR uni00410331
ENCODING -1
SWIDTH 595 0
DWIDTH 14 0
BBX 14 19 0 -4
BITMAP
0100
0300
0300
0780
0580
04C0
0CC0
08C0
0860
1FE0
1060
1030
3030
2030
F87C
0000
0000
1FE0
1FE0
ENDCHAR
STARTCHAR uni00C10331
ENCODING -1
SWIDTH 595 0
DWIDTH 14 0
BBX 14 25 0 -4
BITMAP
0040
00E0
01C0
0300
0400
0000
0100
0300
0300
0780
0580
04C0
0CC0
08C0
0860
1FE0
1060
1030
3030
2030
F87C
0000
0000
1FE0
1FE0
ENDCHAR
STARTCHAR uni00C00331
ENCODING -1
SWIDTH 595 0
DWIDTH 14 0
BBX 14 25 0 -4
BITMAP
0800
1C00
0E00
0300
0080
0000
0100
0300
0300
0780
0580
04C0
0CC0
08C0
0860
1FE0
1060
1030
3030
2030
F87C
0000
0000
1FE0
1FE0
ENDCHAR
STARTCHAR uni00C20331
ENCODING -1
SWIDTH 595 0
DWIDTH 14 0
BBX 14 24 0 -4
BITMAP
0300
0780
0CC0
1820
0000
0100
0300
0300
0780
0580
04C0
0CC0
08C0
0860
1FE0
1060
1030
3030
2030
F87C
0000
0000
1FE0
1FE0
ENDCHAR
STARTCHAR uni01CD0331
ENCODING -1
SWIDTH 595 0
DWIDTH 14 0
BBX 14 25 0 -4
BITMAP
1020
0CC0
0780
0300
0000
0000
0100
0300
0300
0780
0580
04C0
0CC0
08C0
0860
1FE0
1060
1030
3030
2030
F87C
0000
0000
1FE0
1FE0
ENDCHAR
STARTCHAR uni00C40331
ENCODING -1
SWIDTH 595 0
DWIDTH 14 0
BBX 14 23 0 -4
BITMAP
18C0
18C0
18C0
0000
0100
0300
0300
0780
0580
04C0
0CC0
08C0
0860
1FE0
1060
1030
3030
2030
F87C
0000
0000
1FE0
1FE0
ENDCHAR
STARTCHAR uni1EA00301
ENCODING -1
SWIDTH 595 0
DWIDTH 14 0
BBX 14 26 0 -5
BITMAP
0040
00E0
01C0
0300
0400
0000
0100
0300
0300
0780
0580
04C0
0CC0
08C0
0860
1FE0
1060
1030
3030
2030
F87C
0000
0000
0300
0300
0300
ENDCHAR
STARTCHAR uni1EA00300
ENCODING -1
SWIDTH 595 0
DWIDTH 14 0
BBX 14 26 0 -5
BITMAP
0800
1C00
0E00
0300
0080
0000
0100
0300
0300
0780
0580
04C0
0CC0
08C0
0860
1FE0
1060
1030
3030
2030
F87C
0000
0000
0300
0300
0300
ENDCHAR
STARTCHAR uni1EA0030C
ENCODING -1
SWIDTH 595 0
DWIDTH 14 0
BBX 14 26 0 -5
BITMAP
1020
0CC0
0780
0300
0000
0000
0100
0300
0300
0780
0580
04C0
0CC0
08C0
0860
1FE0
1060
1030
3030
2030
F87C
0000
0000
0300
0300
0300
ENDCHAR
STARTCHAR uni1EA00303
ENCODING -1
SWIDTH 595 0
DWIDTH 14 0
BBX 14 25 0 -5
BITMAP
0020
0E20
1F40
0080
0000
0100
0300
0300
0780
0580
04C0
0CC0
08C0
0860
1FE0
1060
1030
3030
2030
F87C
0000
0000
0300
0300
0300
ENDCHAR
STARTCHAR uni0041031C
ENCODING -1
SWIDTH 595 0
DWIDTH 14 0
BBX 14 21 0 -6
BITMAP
0100
0300
0300
0780
0580
04C0
0CC0
08C0
0860
1FE0
1060
1030
3030
2030
F87C
0000
0200
0C00
0C00
0C00
0600
ENDCHAR
STARTCHAR uni00C1031C
ENCODING -1
SWIDTH 595 0
DWIDTH 14 0
BBX 14 27 0 -6
BITMAP
0040
00E0
01C0
0300
0400
0000
0100
0300
0300
0780
0580
04C0
0CC0
08C0
0860
1FE0
1060
1030
3030
2030
F87C
0000
0200
0C00
0C00
0C00
0600
ENDCHAR
STARTCHAR uni00410327
ENCODING -1
SWIDTH 595 0
DWIDTH 14 0
BBX 14 20 0 -5
BITMAP
0100
0300
0300
0780
0580
04C0
0CC0
08C0
0860
1FE0
1060
1030
3030
2030
F87C
0010
0018
001C
000C
0030
ENDCHAR
STARTCHAR uni00C10327
ENCODING -1
SWIDTH 595 0
DWIDTH 14 0
BBX 14 25 0 -5
BITMAP
0040
00E0
0380
0600
0000
0300
0300
0380
0780
0580
04C0
0CC0
08C0
0860
1FE0
1060
1030
3030
2038
F87C
0010
0018
001C
000C
0030
ENDCHAR
STARTCHAR uni00C00327
ENCODING -1
SWIDTH 595 0
DWIDTH 14 0
BBX 14 25 0 -5
BITMAP
0800
1C00
0700
0180
0000
0300
0300
0380
0780
0580
04C0
0CC0
08C0
0860
1FE0
1060
1030
3030
2038
F87C
0010
0018
001C
000C
0030
ENDCHAR
STARTCHAR uni00C20327
ENCODING -1
SWIDTH 595 0
DWIDTH 14 0
BBX 14 25 0 -5
BITMAP
0300
0780
0CC0
1860
0000
0300
0300
0380
0780
0580
04C0
0CC0
08C0
0860
1FE0
1060
1030
3030
2038
F87C
0010
0018
001C
000C
0030
ENDCHAR
STARTCHAR uni01CD0327
ENCODING -1
SWIDTH 595 0
DWIDTH 14 0
BBX 14 25 0 -5
BITMAP
1020
0CC0
0780
0300
0000
0300
0300
0380
0780
0580
04C0
0CC0
08C0
0860
1FE0
1060
1030
3030
2038
F87C
0010
0018
001C
000C
0030
ENDCHAR
STARTCHAR uni01040301
ENCODING -1
SWIDTH 595 0
DWIDTH 14 0
BBX 14 25 0 -5
BITMAP
0040
00E0
0380
0600
0000
0300
0700
0700
0580
0D80
0D80
08C0
18C0
18E0
1FE0
3060
3030
2030
6010
F07C
0030
0060
00C0
00C8
0070
ENDCHAR
STARTCHAR uni01040300
ENCODING -1
SWIDTH 595 0
DWIDTH 14 0
BBX 14 25 0 -5
BITMAP
0800
1C00
0700
0180
0000
0300
0700
0700
0580
0D80
0D80
08C0
18C0
18E0
1FE0
3060
3030
2030
6010
F07C
0030
0060
00C0
00C8
0070
ENDCHAR
STARTCHAR Aogonek.RetroHookStyle
ENCODING -1
SWIDTH 595 0
DWIDTH 14 0
BBX 14 21 0 -6
BITMAP
0100
0300
0300
0780
0580
04C0
0CC0
08C0
0860
1FE0
1060
1030
3030
2030
FB7C
0300
0300
0300
0330
0330
01E0
ENDCHAR
STARTCHAR uni2C6D0301
ENCODING -1
SWIDTH 617 0
DWIDTH 15 0
BBX 13 21 1 0
BITMAP
0040
00E0
0380
0700
0400
0000
0F20
1FE0
30E0
6060
6060
C060
C060
C060
C060
C060
E060
60E0
71E0
3F60
1E78
ENDCHAR
STARTCHAR uni2C6D0300
ENCODING -1
SWIDTH 617 0
DWIDTH 15 0
BBX 13 21 1 0
BITMAP
1800
1C00
0E00
0300
0180
0000
0F20
1FE0
30E0
6060
6060
C060
C060
C060
C060
C060
E060
60E0
71E0
3F60
1E78
ENDCHAR
STARTCHAR uni2C6D0302
ENCODING -1
SWIDTH 617 0
DWIDTH 15 0
BBX 13 20 1 0
BITMAP
0300
0780
0880
1040
0000
0F20
1FE0
30E0
6060
6060
C060
C060
C060
C060
C060
E060
60E0
71E0
3F60
1E78
ENDCHAR
STARTCHAR uni2C6D030C
ENCODING -1
SWIDTH 617 0
DWIDTH 15 0
BBX 13 21 1 0
BITMAP
1040
0880
0780
0300
0000
0000
0F20
1FE0
30E0
6060
6060
C060
C060
C060
C060
C060
E060
60E0
71E0
3F60
1E78
ENDCHAR
STARTCHAR uni00C60330
ENCODING -1
SWIDTH 778 0
DWIDTH 19 0
BBX 18 20 0 -5
BITMAP
0FFF80
016080
036080
026000
066000
046000
07FF00
0C6200
086000
186000
186000
106000
306040
206040
F9FFC0
000000
000000
00C400
017800
023000
ENDCHAR
STARTCHAR uni00620303
ENCODING -1
SWIDTH 507 0
DWIDTH 12 0
BBX 11 23 0 0
BITMAP
0E40
1780
2380
0000
0000
3000
F000
3000
3000
3000
3000
3000
3380
37C0
38E0
3060
3060
3060
3060
3060
38C0
3F80
0F00
ENDCHAR
STARTCHAR uni0180.BarBowl
ENCODING -1
SWIDTH 507 0
DWIDTH 12 0
BBX 13 18 0 0
BITMAP
3000
F000
3000
3000
3000
3000
3000
33C0
37E0
3C60
3030
3030
7FF8
B030
3020
3860
3FC0
0F00
ENDCHAR
STARTCHAR uni0253.TopBar
ENCODING -1
SWIDTH 507 0
DWIDTH 12 0
BBX 9 18 2 0
BITMAP
0E00
3F00
6380
6000
C000
C000
C000
CE00
DF00
E380
C180
C180
C180
C180
C180
E300
FE00
3C00
ENDCHAR
STARTCHAR uni0431.Serb
ENCODING -1
SWIDTH 477 0
DWIDTH 12 0
BBX 11 18 1 0
BITMAP
0FE0
11C0
3000
3000
3800
1C00
0E00
1300
2180
40C0
C0C0
C0C0
C0C0
C0C0
E180
7180
7F00
1E00
ENDCHAR
STARTCHAR uni00420303
ENCODING -1
SWIDTH 549 0
DWIDTH 13 0
BBX 12 20 0 0
BITMAP
0040
1C40
3E80
0100
0000
7F80
B0C0
3060
3060
3060
3080
3FC0
30E0
3070
3030
3030
3030
3030
3060
FF80
ENDCHAR
STARTCHAR uni0181.TopBar
ENCODING -1
SWIDTH 549 0
DWIDTH 13 0
BBX 12 15 0 0
BITMAP
FFE0
3020
3020
3020
3000
3000
3F80
30E0
3060
3030
3030
3030
3030
3060
FF80
ENDCHAR
STARTCHAR beta.Serif
ENCODING -1
SWIDTH 498 0
DWIDTH 13 0
BBX 12 24 0 -6
BITMAP
0700
0F80
19C0
10C0
30C0
30C0
3180
3300
37C0
30E0
3070
3030
3030
3030
3030
3C60
37C0
3380
3000
3000
3000
3000
3000
FC00
ENDCHAR
STARTCHAR uni1D66.Serif
ENCODING -1
SWIDTH 348 0
DWIDTH 9 0
BBX 8 15 0 -6
BITMAP
1C
26
66
66
6C
7E
67
63
63
63
76
6C
60
60
F0
ENDCHAR
STARTCHAR uni1D5D.Serif
ENCODING -1
SWIDTH 348 0
DWIDTH 9 0
BBX 8 14 0 4
BITMAP
1C
26
66
66
68
7E
63
63
63
76
6C
60
60
F0
ENDCHAR
STARTCHAR uni00630304
ENCODING -1
SWIDTH 437 0
DWIDTH 10 0
BBX 9 15 1 0
BITMAP
7F80
7F80
0000
0000
0F80
3180
6000
C000
C000
C000
C000
E080
7180
7F00
1E00
ENDCHAR
STARTCHAR uni00630331
ENCODING -1
SWIDTH 437 0
DWIDTH 10 0
BBX 9 15 1 -4
BITMAP
0F80
3180
6000
C000
C000
C000
C000
E080
7180
7F00
1E00
0000
0000
7F80
7F00
ENDCHAR
STARTCHAR uni010D0323
ENCODING -1
SWIDTH 437 0
DWIDTH 10 0
BBX 9 22 1 -5
BITMAP
4100
2300
1600
0C00
0000
0000
0F80
3180
6000
C000
C000
C000
C000
E080
7180
7F00
1E00
0000
0000
0C00
0C00
0800
ENDCHAR
STARTCHAR uni0254.TopSerif
ENCODING -1
SWIDTH 434 0
DWIDTH 11 0
BBX 9 11 1 0
BITMAP
7C00
C200
8100
0180
0180
0180
0180
8380
C700
7E00
3C00
ENDCHAR
STARTCHAR uni1D53.TopSerif
ENCODING -1
SWIDTH 303 0
DWIDTH 8 0
BBX 7 7 0 7
BITMAP
78
CC
06
06
06
8C
78
ENDCHAR
STARTCHAR uni02540301
ENCODING -1
SWIDTH 451 0
DWIDTH 11 0
BBX 9 17 1 0
BITMAP
0300
0600
0C00
0800
1000
0000
1C00
7F00
C700
0380
0180
0180
6180
C180
C100
E200
3C00
ENDCHAR
STARTCHAR uni02540300
ENCODING -1
SWIDTH 451 0
DWIDTH 11 0
BBX 9 17 1 0
BITMAP
6000
3000
1000
0800
0400
0000
1C00
7F00
C700
0380
0180
0180
6180
C180
C100
E200
3C00
ENDCHAR
STARTCHAR uni02541DC7
ENCODING -1
SWIDTH 451 0
DWIDTH 11 0
BBX 9 17 1 0
BITMAP
3F80
3F00
6000
4000
4000
8000
1C00
7F00
C700
0380
0180
0180
6180
C180
C100
E200
3C00
ENDCHAR
STARTCHAR uni02540302
ENCODING -1
SWIDTH 451 0
DWIDTH 11 0
BBX 9 17 1 0
BITMAP
1800
1C00
3600
6200
4100
0000
1C00
7F00
C700
0380
0180
0180
6180
C180
C100
E200
3C00
ENDCHAR
STARTCHAR uni0254030C
ENCODING -1
SWIDTH 451 0
DWIDTH 11 0
BBX 9 17 1 0
BITMAP
4100
2200
3400
1800
0000
0000
1C00
7F00
C700
0380
0180
0180
6180
C180
C100
E200
3C00
ENDCHAR
STARTCHAR uni02540303
ENCODING -1
SWIDTH 451 0
DWIDTH 11 0
BBX 9 16 1 0
BITMAP
3900
4F00
8600
0000
0000
1C00
7F00
C700
0380
0180
0180
6180
C180
C100
E200
3C00
ENDCHAR
STARTCHAR uni025403030300
ENCODING -1
SWIDTH 451 0
DWIDTH 11 0
BBX 9 21 1 0
BITMAP
6000
3000
1000
0800
0400
3900
4F00
8600
0000
0000
1C00
7F00
C700
0380
0180
0180
6180
C180
C100
E200
3C00
ENDCHAR
STARTCHAR uni02540304
ENCODING -1
SWIDTH 451 0
DWIDTH 11 0
BBX 9 15 1 0
BITMAP
7F00
FF00
0000
0000
1C00
7F00
C700
0380
0180
0180
6180
C180
C100
E200
3C00
ENDCHAR
STARTCHAR uni02541DC6
ENCODING -1
SWIDTH 451 0
DWIDTH 11 0
BBX 9 17 1 0
BITMAP
7E00
FE00
0300
0100
0080
0000
1C00
7F00
C700
0380
0180
0180
6180
C180
C100
E200
3C00
ENDCHAR
STARTCHAR uni02540308
ENCODING -1
SWIDTH 451 0
DWIDTH 11 0
BBX 9 16 1 0
BITMAP
4200
C600
C600
0000
0000
1C00
7F00
C700
0380
0180
0180
6180
C180
C100
E200
3C00
ENDCHAR
STARTCHAR uni025403080301
ENCODING -1
SWIDTH 451 0
DWIDTH 11 0
BBX 9 21 1 0
BITMAP
0300
0600
0C00
0800
1000
4200
C600
C600
0000
0000
1C00
7F00
C700
0380
0180
0180
6180
C180
C100
E200
3C00
ENDCHAR
STARTCHAR uni025403080300
ENCODING -1
SWIDTH 451 0
DWIDTH 11 0
BBX 9 21 1 0
BITMAP
6000
3000
1000
0800
0400
4200
C600
C600
0000
0000
1C00
7F00
C700
0380
0180
0180
6180
C180
C100
E200
3C00
ENDCHAR
STARTCHAR uni02540330
ENCODING -1
SWIDTH 451 0
DWIDTH 11 0
BBX 9 16 1 -5
BITMAP
1C00
7F00
C700
0380
0180
0180
6180
C180
C100
E200
7C00
0000
0000
3100
5E00
8E00
ENDCHAR
STARTCHAR uni02540331
ENCODING -1
SWIDTH 451 0
DWIDTH 11 0
BBX 9 15 1 -4
BITMAP
1C00
7F00
C700
0380
0180
0180
6180
C180
C100
E200
7C00
0000
0000
FF00
FF00
ENDCHAR
STARTCHAR uni025403310308
ENCODING -1
SWIDTH 451 0
DWIDTH 11 0
BBX 9 20 1 -4
BITMAP
4200
C600
C600
0000
0000
1C00
7F00
C700
0380
0180
0180
6180
C180
C100
E200
7C00
0000
0000
FF00
FF00
ENDCHAR
STARTCHAR uni1D97.TopSerif
ENCODING -1
SWIDTH 437 0
DWIDTH 11 0
BBX 10 17 0 -6
BITMAP
3E00
6100
4080
00C0
00C0
00C0
00C0
01C0
C380
FF80
DE00
C000
C000
C000
CC00
CC00
7800
ENDCHAR
STARTCHAR uni044D.MongolStyle
ENCODING -1
SWIDTH 459 0
DWIDTH 11 0
BBX 9 11 1 0
BITMAP
7C00
C300
8300
0180
3980
4F80
0180
8180
8300
C200
7C00
ENDCHAR
STARTCHAR uni00430304
ENCODING -1
SWIDTH 536 0
DWIDTH 13 0
BBX 11 19 1 0
BITMAP
1FC0
3FC0
0000
0000
07C0
1860
2000
6000
4000
C000
C000
C000
C000
C000
E000
7020
7840
3F80
0F00
ENDCHAR
STARTCHAR uni00430331
ENCODING -1
SWIDTH 536 0
DWIDTH 13 0
BBX 11 19 1 -4
BITMAP
07C0
1860
2000
6000
4000
C000
C000
C000
C000
C000
E000
7020
7840
3F80
0F00
0000
0000
1FC0
3FC0
ENDCHAR
STARTCHAR uni010C0323
ENCODING -1
SWIDTH 536 0
DWIDTH 13 0
BBX 11 26 1 -5
BITMAP
3040
1980
0F00
0600
0000
0000
07C0
1860
2000
6000
4000
C000
C000
C000
C000
C000
E000
7020
7840
3F80
0F00
0000
0000
0200
0600
0600
ENDCHAR
STARTCHAR uni0186.TopSerif
ENCODING -1
SWIDTH 536 0
DWIDTH 13 0
BBX 11 15 1 0
BITMAP
7C00
C300
0080
00C0
0040
0060
0060
0060
0060
0060
00E0
81C0
43C0
3F80
1E00
ENDCHAR
STARTCHAR uni1D10.TopSerif
ENCODING -1
SWIDTH 458 0
DWIDTH 11 0
BBX 10 11 0 0
BITMAP
7C00
6300
0180
00C0
00C0
00C0
00C0
01C0
C380
7F00
1E00
ENDCHAR
STARTCHAR uni01860301
ENCODING -1
SWIDTH 536 0
DWIDTH 13 0
BBX 11 21 1 0
BITMAP
0180
0380
0700
0C00
1800
0000
1E00
3F80
43C0
80C0
00E0
0060
0060
0060
2060
C060
C0C0
C0C0
6180
7F00
3E00
ENDCHAR
STARTCHAR uni01860300
ENCODING -1
SWIDTH 536 0
DWIDTH 13 0
BBX 11 21 1 0
BITMAP
2000
7000
1800
0C00
0200
0000
1E00
3F80
43C0
80C0
00E0
0060
0060
0060
2060
C060
C0C0
C0C0
6180
7F00
3E00
ENDCHAR
STARTCHAR uni01861DC7
ENCODING -1
SWIDTH 536 0
DWIDTH 13 0
BBX 11 21 1 0
BITMAP
1FC0
1F80
3000
2000
2000
4000
1E00
3F80
43C0
80C0
00E0
0060
0060
0060
2060
C060
C0C0
C0C0
6180
7F00
3E00
ENDCHAR
STARTCHAR uni01860302
ENCODING -1
SWIDTH 536 0
DWIDTH 13 0
BBX 11 20 1 0
BITMAP
0C00
1E00
3100
2080
0000
1E00
3F80
43C0
80C0
00E0
0060
0060
0060
2060
C060
C0C0
C0C0
6180
7F00
3E00
ENDCHAR
STARTCHAR uni0186030C
ENCODING -1
SWIDTH 536 0
DWIDTH 13 0
BBX 11 21 1 0
BITMAP
2080
3100
1E00
0C00
0000
0000
1E00
3F80
43C0
80C0
00E0
0060
0060
0060
2060
C060
C0C0
C0C0
6180
7F00
3E00
ENDCHAR
STARTCHAR uni01860303
ENCODING -1
SWIDTH 536 0
DWIDTH 13 0
BBX 11 20 1 0
BITMAP
0080
1880
3D00
4200
0000
1E00
3F80
43C0
80C0
00E0
0060
0060
0060
2060
C060
C0C0
C0C0
6180
7F00
3E00
ENDCHAR
STARTCHAR uni018603030300
ENCODING -1
SWIDTH 536 0
DWIDTH 13 0
BBX 11 25 1 0
BITMAP
2000
7000
1800
0C00
0200
0080
1880
3D00
4200
0000
1E00
3F80
43C0
80C0
00E0
0060
0060
0060
2060
C060
C0C0
C0C0
6180
7F00
3E00
ENDCHAR
STARTCHAR uni01860304
ENCODING -1
SWIDTH 536 0
DWIDTH 13 0
BBX 11 19 1 0
BITMAP
3F80
7F80
0000
0000
1E00
3F80
43C0
80C0
00E0
0060
0060
0060
2060
C060
C0C0
C0C0
6180
7F00
3E00
ENDCHAR
STARTCHAR uni01861DC6
ENCODING -1
SWIDTH 536 0
DWIDTH 13 0
BBX 11 21 1 0
BITMAP
3F00
7F00
0180
0080
0040
0000
1E00
3F80
43C0
80C0
00E0
0060
0060
0060
2060
C060
C0C0
C0C0
6180
7F00
3E00
ENDCHAR
STARTCHAR uni01860308
ENCODING -1
SWIDTH 536 0
DWIDTH 13 0
BBX 11 19 1 0
BITMAP
2100
6300
6300
0000
1E00
3F80
43C0
80C0
00E0
0060
0060
0060
2060
C060
C0C0
C0C0
6180
7F00
3E00
ENDCHAR
STARTCHAR uni018603080301
ENCODING -1
SWIDTH 536 0
DWIDTH 13 0
BBX 11 25 1 0
BITMAP
0180
0380
0700
0C00
1800
0000
2100
6300
6300
0000
1E00
3F80
43C0
80C0
00E0
0060
0060
0060
2060
C060
C0C0
C0C0
6180
7F00
3E00
ENDCHAR
STARTCHAR uni018603080300
ENCODING -1
SWIDTH 536 0
DWIDTH 13 0
BBX 11 25 1 0
BITMAP
2000
7000
1800
0C00
0200
0000
2100
6300
6300
0000
1E00
3F80
43C0
80C0
00E0
0060
0060
0060
2060
C060
C0C0
C0C0
6180
7F00
3E00
ENDCHAR
STARTCHAR uni01860330
ENCODING -1
SWIDTH 536 0
DWIDTH 13 0
BBX 11 20 1 -5
BITMAP
1E00
3F80
43C0
80C0
00E0
0060
0060
0060
2060
C060
C0C0
C0C0
6180
7F00
3E00
0000
0000
3880
4F00
4600
ENDCHAR
STARTCHAR uni01860331
ENCODING -1
SWIDTH 536 0
DWIDTH 13 0
BBX 11 19 1 -4
BITMAP
1E00
3F80
43C0
80C0
00E0
0060
0060
0060
2060
C060
C0C0
C0C0
6180
7F00
3E00
0000
0000
7F80
7F80
ENDCHAR
STARTCHAR uni018603310308
ENCODING -1
SWIDTH 536 0
DWIDTH 13 0
BBX 11 23 1 -4
BITMAP
2100
6300
6300
0000
1E00
3F80
43C0
80C0
00E0
0060
0060
0060
2060
C060
C0C0
C0C0
6180
7F00
3E00
0000
0000
7F80
7F80
ENDCHAR
STARTCHAR uni042D.MongolStyle
ENCODING -1
SWIDTH 559 0
DWIDTH 13 0
BBX 11 15 1 0
BITMAP
7F00
C180
80C0
80C0
0060
0060
0C60
1FE0
2760
0060
8060
80C0
E180
FF80
3E00
ENDCHAR
STARTCHAR dcaron.Caron
ENCODING -1
SWIDTH 520 0
DWIDTH 12 0
BBX 11 24 1 0
BITMAP
6080
3100
1A00
0C00
0000
0000
0180
0780
0180
0180
0180
0180
0180
1F80
2380
4180
C180
C180
C180
C180
E180
6380
7DA0
39C0
ENDCHAR
STARTCHAR dcroat.BarBowl
ENCODING -1
SWIDTH 529 0
DWIDTH 13 0
BBX 13 18 0 0
BITMAP
0060
01E0
0060
0060
0060
0060
0060
0FE0
1060
3060
6060
63F0
FFF8
6060
7060
38E0
3F78
0E70
ENDCHAR
STARTCHAR uni00F00323
ENCODING -1
SWIDTH 498 0
DWIDTH 12 0
BBX 10 22 1 -5
BITMAP
3800
5DC0
0E00
3B00
0100
0180
1E80
23C0
61C0
C0C0
C0C0
C0C0
C0C0
C080
6180
7300
1E00
0000
0000
0C00
0C00
0C00
ENDCHAR
STARTCHAR uni00D00323
ENCODING -1
SWIDTH 592 0
DWIDTH 14 0
BBX 13 20 0 -5
BITMAP
7F80
B0E0
3070
3030
3018
3018
3018
3018
3018
3018
3010
3030
3060
30C0
FF80
0000
0000
0300
0300
0200
ENDCHAR
STARTCHAR uni00651DC7
ENCODING -1
SWIDTH 461 0
DWIDTH 11 0
BBX 9 17 1 0
BITMAP
1F80
1F80
3000
2000
4000
0000
1E00
2300
4180
C180
FF80
C000
C000
E080
7100
7F00
3C00
ENDCHAR
STARTCHAR uni1EBF.VN
ENCODING -1
SWIDTH 461 0
DWIDTH 11 0
BBX 10 19 1 0
BITMAP
0040
0080
0C80
1F00
1200
2100
4080
0000
1E00
2300
4180
C180
FF80
C000
C000
E080
7100
7F00
3C00
ENDCHAR
STARTCHAR uni1EC1.VN
ENCODING -1
SWIDTH 461 0
DWIDTH 11 0
BBX 9 19 1 0
BITMAP
8000
4000
4C00
3E00
1200
2100
4080
0000
1E00
2300
4180
C180
FF80
C000
C000
E080
7100
7F00
3C00
ENDCHAR
STARTCHAR uni1EC5.VN
ENCODING -1
SWIDTH 461 0
DWIDTH 11 0
BBX 9 21 1 0
BITMAP
1880
3D80
4F00
0600
0C00
1E00
1200
2100
4080
0000
1E00
2300
4180
C180
FF80
C000
C000
E080
7100
7F00
3C00
ENDCHAR
STARTCHAR uni1EC3.VN
ENCODING -1
SWIDTH 461 0
DWIDTH 11 0
BBX 11 20 1 0
BITMAP
01E0
0160
0080
0C80
1E00
1200
2100
4080
0000
1E00
2300
4180
C180
FF80
C000
C000
E080
7100
7F00
3C00
ENDCHAR
STARTCHAR uni1EBD0301
ENCODING -1
SWIDTH 461 0
DWIDTH 11 0
BBX 9 21 1 0
BITMAP
0300
0380
0600
0C00
0800
1880
6F00
4600
0000
0000
1E00
2300
4180
C180
FF80
C000
C000
E080
7100
7F00
3C00
ENDCHAR
STARTCHAR uni1EBD0300
ENCODING -1
SWIDTH 461 0
DWIDTH 11 0
BBX 9 21 1 0
BITMAP
3000
3000
1800
0C00
0400
1880
6F00
4600
0000
0000
1E00
2300
4180
C180
FF80
C000
C000
E080
7100
7F00
3C00
ENDCHAR
STARTCHAR uni1EBD0302
ENCODING -1
SWIDTH 461 0
DWIDTH 11 0
BBX 9 21 1 0
BITMAP
0C00
1E00
1200
2100
4080
1880
6F00
4600
0000
0000
1E00
2300
4180
C180
FF80
C000
C000
E080
7100
7F00
3C00
ENDCHAR
STARTCHAR uni00651DC6
ENCODING -1
SWIDTH 461 0
DWIDTH 11 0
BBX 9 17 1 0
BITMAP
7E00
7F00
0300
0180
0080
0000
1E00
2300
4180
C180
FF80
C000
C000
E080
7100
7F00
3C00
ENDCHAR
STARTCHAR uni01130302
ENCODING -1
SWIDTH 461 0
DWIDTH 11 0
BBX 9 21 1 0
BITMAP
0C00
1E00
1200
2100
4080
0000
7F80
7F80
0000
0000
1E00
2300
4180
C180
FF80
C000
C000
E080
7100
7F00
3C00
ENDCHAR
STARTCHAR uni00EB0301
ENCODING -1
SWIDTH 461 0
DWIDTH 11 0
BBX 9 21 1 0
BITMAP
0300
0380
0600
0C00
0800
6300
6300
6300
0000
0000
1E00
2300
4180
C180
FF80
C000
C000
E080
7100
7F00
3C00
ENDCHAR
STARTCHAR uni00EB0300
ENCODING -1
SWIDTH 461 0
DWIDTH 11 0
BBX 9 21 1 0
BITMAP
3000
3000
1800
0C00
0400
6300
6300
6300
0000
0000
1E00
2300
4180
C180
FF80
C000
C000
E080
7100
7F00
3C00
ENDCHAR
STARTCHAR uni00EB0302
ENCODING -1
SWIDTH 461 0
DWIDTH 11 0
BBX 9 21 1 0
BITMAP
0C00
1E00
1200
2100
4080
6300
6300
6300
0000
0000
1E00
2300
4180
C180
FF80
C000
C000
E080
7100
7F00
3C00
ENDCHAR
STARTCHAR uni00EB0303
ENCODING -1
SWIDTH 461 0
DWIDTH 11 0
BBX 9 20 1 0
BITMAP
1880
6F00
4600
0000
6300
6300
6300
0000
0000
1E00
2300
4180
C180
FF80
C000
C000
E080
7100
7F00
3C00
ENDCHAR
STARTCHAR uni0065030A
ENCODING -1
SWIDTH 461 0
DWIDTH 11 0
BBX 9 17 1 0
BITMAP
0C00
1E00
1E00
1E00
0C00
0000
1E00
2300
4180
C180
FF80
C000
C000
E080
7100
7F00
3C00
ENDCHAR
STARTCHAR uni0065030D
ENCODING -1
SWIDTH 461 0
DWIDTH 11 0
BBX 9 17 1 0
BITMAP
0C00
0C00
0C00
0C00
0C00
0000
1E00
2300
4180
C180
FF80
C000
C000
E080
7100
7F00
3C00
ENDCHAR
STARTCHAR uni00650331
ENCODING -1
SWIDTH 461 0
DWIDTH 11 0
BBX 9 15 1 -4
BITMAP
1E00
2300
4180
C180
FF80
C000
C000
E080
7100
7F00
1C00
0000
0000
7F80
7F80
ENDCHAR
STARTCHAR uni00E90331
ENCODING -1
SWIDTH 461 0
DWIDTH 11 0
BBX 9 21 1 -4
BITMAP
0300
0380
0600
0C00
0800
0000
1E00
2300
4180
C180
FF80
C000
C000
E080
7100
7F00
1C00
0000
0000
7F80
7F80
ENDCHAR
STARTCHAR uni00E80331
ENCODING -1
SWIDTH 461 0
DWIDTH 11 0
BBX 9 21 1 -4
BITMAP
3000
3000
1800
0C00
0400
0000
1E00
2300
4180
C180
FF80
C000
C000
E080
7100
7F00
1C00
0000
0000
7F80
7F80
ENDCHAR
STARTCHAR uni00EA0331
ENCODING -1
SWIDTH 461 0
DWIDTH 11 0
BBX 9 21 1 -4
BITMAP
0C00
1E00
1200
2100
4080
0000
1E00
2300
4180
C180
FF80
C000
C000
E080
7100
7F00
1C00
0000
0000
7F80
7F80
ENDCHAR
STARTCHAR uni011B0331
ENCODING -1
SWIDTH 461 0
DWIDTH 11 0
BBX 9 21 1 -4
BITMAP
4080
2100
1E00
0C00
0000
0000
1E00
2300
4180
C180
FF80
C000
C000
E080
7100
7F00
1C00
0000
0000
7F80
7F80
ENDCHAR
STARTCHAR uni00EB0331
ENCODING -1
SWIDTH 461 0
DWIDTH 11 0
BBX 9 20 1 -4
BITMAP
6300
6300
6300
0000
0000
1E00
2300
4180
C180
FF80
C000
C000
E080
7100
7F00
1C00
0000
0000
7F80
7F80
ENDCHAR
STARTCHAR uni00EB03310301
ENCODING -1
SWIDTH 461 0
DWIDTH 11 0
BBX 9 25 1 -4
BITMAP
0300
0380
0600
0C00
0800
6300
6300
6300
0000
0000
1E00
2300
4180
C180
FF80
C000
C000
E080
7100
7F00
1C00
0000
0000
7F80
7F80
ENDCHAR
STARTCHAR uni1EB90301
ENCODING -1
SWIDTH 461 0
DWIDTH 11 0
BBX 9 22 1 -5
BITMAP
0300
0380
0600
0C00
0800
0000
1E00
2300
4180
C180
FF80
C000
C000
E080
7100
7F00
1C00
0000
0000
0C00
0C00
0C00
ENDCHAR
STARTCHAR uni1EB90300
ENCODING -1
SWIDTH 461 0
DWIDTH 11 0
BBX 9 22 1 -5
BITMAP
3000
3000
1800
0C00
0400
0000
1E00
2300
4180
C180
FF80
C000
C000
E080
7100
7F00
1C00
0000
0000
0C00
0C00
0C00
ENDCHAR
STARTCHAR uni1EB9030C
ENCODING -1
SWIDTH 461 0
DWIDTH 11 0
BBX 9 22 1 -5
BITMAP
4080
2100
1E00
0C00
0000
0000
1E00
2300
4180
C180
FF80
C000
C000
E080
7100
7F00
1C00
0000
0000
0C00
0C00
0C00
ENDCHAR
STARTCHAR uni1EB90303
ENCODING -1
SWIDTH 461 0
DWIDTH 11 0
BBX 9 21 1 -5
BITMAP
1880
6F00
4600
0000
0000
1E00
2300
4180
C180
FF80
C000
C000
E080
7100
7F00
1C00
0000
0000
0C00
0C00
0C00
ENDCHAR
STARTCHAR uni02290301
ENCODING -1
SWIDTH 461 0
DWIDTH 11 0
BBX 9 22 1 -5
BITMAP
0300
0380
0600
0400
0800
0000
1E00
2300
4180
C180
FF80
C000
C000
E080
7180
7F00
3E00
0C00
0E00
0600
0600
1800
ENDCHAR
STARTCHAR uni02290300
ENCODING -1
SWIDTH 461 0
DWIDTH 11 0
BBX 9 22 1 -5
BITMAP
3000
3000
1800
0C00
0400
0000
1E00
2300
4180
C180
FF80
C000
C000
E080
7180
7F00
3E00
0C00
0E00
0600
0600
1800
ENDCHAR
STARTCHAR uni02290302
ENCODING -1
SWIDTH 461 0
DWIDTH 11 0
BBX 9 22 1 -5
BITMAP
0C00
1E00
1200
2100
4080
0000
1E00
2300
4180
C180
FF80
C000
C000
E080
7180
7F00
3E00
0C00
0E00
0600
0600
1800
ENDCHAR
STARTCHAR uni0229030C
ENCODING -1
SWIDTH 461 0
DWIDTH 11 0
BBX 9 22 1 -5
BITMAP
4080
2100
1E00
1E00
0C00
0000
1E00
2300
4180
C180
FF80
C000
C000
E080
7180
7F00
3E00
0C00
0E00
0600
0600
1800
ENDCHAR
STARTCHAR uni01190301
ENCODING -1
SWIDTH 461 0
DWIDTH 11 0
BBX 9 22 1 -5
BITMAP
0300
0380
0600
0C00
0800
0000
1E00
2300
4180
C180
FF80
C000
C000
E080
7100
7E00
3E00
0400
0800
1800
1900
1E00
ENDCHAR
STARTCHAR uni01190300
ENCODING -1
SWIDTH 461 0
DWIDTH 11 0
BBX 9 22 1 -5
BITMAP
3000
3000
1800
0C00
0400
0000
1E00
2300
4180
C180
FF80
C000
C000
E080
7100
7E00
3E00
0400
0800
1800
1900
1E00
ENDCHAR
STARTCHAR eogonek.RetroHookStyle
ENCODING -1
SWIDTH 461 0
DWIDTH 11 0
BBX 10 17 1 -6
BITMAP
0E00
3380
4180
4180
FF80
C000
C000
E000
E040
7180
3F00
0C00
0C00
0C00
0D80
0D80
0700
ENDCHAR
STARTCHAR uni02590301
ENCODING -1
SWIDTH 454 0
DWIDTH 11 0
BBX 9 17 1 0
BITMAP
0300
0600
0C00
0800
1000
0000
1C00
7F00
C700
0380
0180
0180
7F80
C180
C100
6200
3C00
ENDCHAR
STARTCHAR uni02590300
ENCODING -1
SWIDTH 454 0
DWIDTH 11 0
BBX 9 17 1 0
BITMAP
6000
3000
1000
0800
0400
0000
1C00
7F00
C700
0380
0180
0180
7F80
C180
C100
6200
3C00
ENDCHAR
STARTCHAR uni02590302
ENCODING -1
SWIDTH 454 0
DWIDTH 11 0
BBX 9 17 1 0
BITMAP
1800
1C00
3600
6200
4100
0000
1C00
7F00
C700
0380
0180
0180
7F80
C180
C100
6200
3C00
ENDCHAR
STARTCHAR uni0259030C
ENCODING -1
SWIDTH 454 0
DWIDTH 11 0
BBX 9 17 1 0
BITMAP
4100
2200
3400
1800
0000
0000
1C00
7F00
C700
0380
0180
0180
7F80
C180
C100
6200
3C00
ENDCHAR
STARTCHAR uni02590303
ENCODING -1
SWIDTH 454 0
DWIDTH 11 0
BBX 9 16 1 0
BITMAP
3900
4F00
8600
0000
0000
1C00
7F00
C700
0380
0180
0180
7F80
C180
C100
6200
3C00
ENDCHAR
STARTCHAR uni02590304
ENCODING -1
SWIDTH 454 0
DWIDTH 11 0
BBX 9 15 1 0
BITMAP
7F00
7F00
0000
0000
1C00
7F00
C700
0380
0180
0180
7F80
C180
C100
6200
3C00
ENDCHAR
STARTCHAR uni02590308
ENCODING -1
SWIDTH 454 0
DWIDTH 11 0
BBX 9 16 1 0
BITMAP
4200
C600
4200
0000
0000
1C00
7F00
C700
0380
0180
0180
7F80
C180
C100
6200
3C00
ENDCHAR
STARTCHAR uni02590330
ENCODING -1
SWIDTH 454 0
DWIDTH 11 0
BBX 9 16 1 -5
BITMAP
1C00
7F00
C700
0380
0180
0180
7F80
C180
C100
6200
3C00
0000
0000
3900
4F00
8600
ENDCHAR
STARTCHAR uni01DD0301
ENCODING -1
SWIDTH 454 0
DWIDTH 11 0
BBX 9 17 1 0
BITMAP
0300
0600
0C00
0800
1000
0000
1C00
7F00
C700
0380
0180
0180
7F80
C180
C100
6200
3C00
ENDCHAR
STARTCHAR uni01DD0300
ENCODING -1
SWIDTH 454 0
DWIDTH 11 0
BBX 9 17 1 0
BITMAP
6000
3000
1000
0800
0400
0000
1C00
7F00
C700
0380
0180
0180
7F80
C180
C100
6200
3C00
ENDCHAR
STARTCHAR uni01DD0302
ENCODING -1
SWIDTH 454 0
DWIDTH 11 0
BBX 9 17 1 0
BITMAP
1800
1C00
3600
6200
4100
0000
1C00
7F00
C700
0380
0180
0180
7F80
C180
C100
6200
3C00
ENDCHAR
STARTCHAR uni01DD030C
ENCODING -1
SWIDTH 454 0
DWIDTH 11 0
BBX 9 17 1 0
BITMAP
4100
2200
3400
1800
0000
0000
1C00
7F00
C700
0380
0180
0180
7F80
C180
C100
6200
3C00
ENDCHAR
STARTCHAR uni01DD0303
ENCODING -1
SWIDTH 454 0
DWIDTH 11 0
BBX 9 16 1 0
BITMAP
3900
4F00
8600
0000
0000
1C00
7F00
C700
0380
0180
0180
7F80
C180
C100
6200
3C00
ENDCHAR
STARTCHAR uni01DD0304
ENCODING -1
SWIDTH 454 0
DWIDTH 11 0
BBX 9 15 1 0
BITMAP
7F00
7F00
0000
0000
1C00
7F00
C700
0380
0180
0180
7F80
C180
C100
6200
3C00
ENDCHAR
STARTCHAR uni01DD0308
ENCODING -1
SWIDTH 454 0
DWIDTH 11 0
BBX 9 16 1 0
BITMAP
4200
C600
4200
0000
0000
1C00
7F00
C700
0380
0180
0180
7F80
C180
C100
6200
3C00
ENDCHAR
STARTCHAR uni01DD0330
ENCODING -1
SWIDTH 454 0
DWIDTH 11 0
BBX 9 16 1 -5
BITMAP
1C00
7F00
C700
0380
0180
0180
7F80
C180
C100
6200
3C00
0000
0000
3900
4F00
8600
ENDCHAR
STARTCHAR uni025B0301
ENCODING -1
SWIDTH 426 0
DWIDTH 10 0
BBX 9 17 1 0
BITMAP
0300
0600
0C00
0800
1000
0000
1F00
6300
C000
C000
E000
3800
E000
C080
E100
FE00
3C00
ENDCHAR
STARTCHAR uni025B0300
ENCODING -1
SWIDTH 426 0
DWIDTH 10 0
BBX 9 17 1 0
BITMAP
6000
3000
1000
0800
0400
0000
1F00
6300
C000
C000
E000
3800
E000
C080
E100
FE00
3C00
ENDCHAR
STARTCHAR uni025B1DC7
ENCODING -1
SWIDTH 426 0
DWIDTH 10 0
BBX 9 17 1 0
BITMAP
3F80
3F00
6000
4000
4000
8000
1F00
6300
C000
C000
E000
3800
E000
C080
E100
FE00
3C00
ENDCHAR
STARTCHAR uni025B0302
ENCODING -1
SWIDTH 426 0
DWIDTH 10 0
BBX 9 17 1 0
BITMAP
1800
1C00
3600
6200
4100
0000
1F00
6300
C000
C000
E000
3800
E000
C080
E100
FE00
3C00
ENDCHAR
STARTCHAR uni025B030C
ENCODING -1
SWIDTH 426 0
DWIDTH 10 0
BBX 9 17 1 0
BITMAP
4100
2200
3400
1800
0000
0000
1F00
6300
C000
C000
E000
3800
E000
C080
E100
FE00
3C00
ENDCHAR
STARTCHAR uni025B0303
ENCODING -1
SWIDTH 426 0
DWIDTH 10 0
BBX 9 16 1 0
BITMAP
3900
5F00
8E00
0000
0000
1F00
6300
C000
C000
E000
3800
E000
C080
E100
FE00
3C00
ENDCHAR
STARTCHAR uni025B0304
ENCODING -1
SWIDTH 426 0
DWIDTH 10 0
BBX 9 15 1 0
BITMAP
7F00
FF00
0000
0000
1F00
6300
C000
C000
E000
3800
E000
C080
E100
FE00
3C00
ENDCHAR
STARTCHAR uni025B1DC6
ENCODING -1
SWIDTH 426 0
DWIDTH 10 0
BBX 9 17 1 0
BITMAP
7E00
FE00
0300
0100
0080
0000
1F00
6300
C000
C000
E000
3800
E000
C080
E100
FE00
3C00
ENDCHAR
STARTCHAR uni025B0308
ENCODING -1
SWIDTH 426 0
DWIDTH 10 0
BBX 9 16 1 0
BITMAP
4200
C600
C600
0000
0000
1F00
6300
C000
C000
E000
3800
E000
C080
E100
FE00
3C00
ENDCHAR
STARTCHAR uni025B03080301
ENCODING -1
SWIDTH 426 0
DWIDTH 10 0
BBX 9 21 1 0
BITMAP
0300
0600
0C00
0800
1000
4200
C600
C600
0000
0000
1F00
6300
C000
C000
E000
3800
E000
C080
E100
FE00
3C00
ENDCHAR
STARTCHAR uni025B03080300
ENCODING -1
SWIDTH 426 0
DWIDTH 10 0
BBX 9 21 1 0
BITMAP
6000
3000
1000
0800
0400
4200
C600
C600
0000
0000
1F00
6300
C000
C000
E000
3800
E000
C080
E100
FE00
3C00
ENDCHAR
STARTCHAR uni025B0330
ENCODING -1
SWIDTH 426 0
DWIDTH 10 0
BBX 9 16 1 -5
BITMAP
1F00
6300
C000
C000
E000
3800
E000
C080
E100
FE00
3C00
0000
0000
3900
5F00
8E00
ENDCHAR
STARTCHAR uni025B0331
ENCODING -1
SWIDTH 426 0
DWIDTH 10 0
BBX 9 15 1 -4
BITMAP
1F00
6300
C000
C000
E000
3800
E000
C080
E100
FE00
3C00
0000
0000
7F00
FF00
ENDCHAR
STARTCHAR uni025B03310308
ENCODING -1
SWIDTH 426 0
DWIDTH 10 0
BBX 9 20 1 -4
BITMAP
4200
C600
C600
0000
0000
1F00
6300
C000
C000
E000
3800
E000
C080
E100
FE00
3C00
0000
0000
7F00
FF00
ENDCHAR
STARTCHAR uni00451DC7
ENCODING -1
SWIDTH 496 0
DWIDTH 12 0
BBX 11 21 0 0
BITMAP
0FC0
1FC0
1800
1000
2000
0000
FFC0
3040
3040
3000
3000
3000
3F80
3100
3000
3000
3000
3000
3020
3020
FFE0
ENDCHAR
STARTCHAR uni1EBE.VN
ENCODING -1
SWIDTH 496 0
DWIDTH 12 0
BBX 12 22 0 0
BITMAP
0030
0060
0680
0F00
1980
20C0
0000
FFC0
3040
3040
3000
3000
3000
3F80
3100
3000
3000
3000
3000
3020
3020
FFE0
ENDCHAR
STARTCHAR uni1EC0.VN
ENCODING -1
SWIDTH 496 0
DWIDTH 12 0
BBX 11 22 0 0
BITMAP
C000
6000
1600
0F00
1980
20C0
0000
FFC0
3040
3040
3000
3000
3000
3F80
3100
3000
3000
3000
3000
3020
3020
FFE0
ENDCHAR
STARTCHAR uni1EC4.VN
ENCODING -1
SWIDTH 496 0
DWIDTH 12 0
BBX 11 24 0 0
BITMAP
0C40
1E80
2780
0300
0600
0F00
1980
20C0
0000
FFC0
3040
3040
3000
3000
3000
3F80
3100
3000
3000
3000
3000
3020
3020
FFE0
ENDCHAR
STARTCHAR uni1EC2.VN
ENCODING -1
SWIDTH 496 0
DWIDTH 12 0
BBX 12 23 0 0
BITMAP
00F0
0130
0040
06C0
0F00
1980
20C0
0000
FFC0
3040
3040
3000
3000
3000
3F80
3100
3000
3000
3000
3000
3020
3020
FFE0
ENDCHAR
STARTCHAR uni1EBC0301
ENCODING -1
SWIDTH 496 0
DWIDTH 12 0
BBX 11 25 0 0
BITMAP
0080
01C0
0300
0600
0800
0040
1C40
3E80
0100
0000
FFC0
3040
3040
3000
3000
3000
3F80
3100
3000
3000
3000
3000
3020
3020
FFE0
ENDCHAR
STARTCHAR uni1EBC0300
ENCODING -1
SWIDTH 496 0
DWIDTH 12 0
BBX 11 25 0 0
BITMAP
1000
3800
1C00
0600
0100
0040
1C40
3E80
0100
0000
FFC0
3040
3040
3000
3000
3000
3F80
3100
3000
3000
3000
3000
3020
3020
FFE0
ENDCHAR
STARTCHAR uni1EBC0302
ENCODING -1
SWIDTH 496 0
DWIDTH 12 0
BBX 11 24 0 0
BITMAP
0600
0F00
1980
20C0
0040
1C40
3E80
0100
0000
FFC0
3040
3040
3000
3000
3000
3F80
3100
3000
3000
3000
3000
3020
3020
FFE0
ENDCHAR
STARTCHAR uni00451DC6
ENCODING -1
SWIDTH 496 0
DWIDTH 12 0
BBX 11 21 0 0
BITMAP
3F00
3F80
0180
00C0
0040
0000
FFC0
3040
3040
3000
3000
3000
3F80
3100
3000
3000
3000
3000
3020
3020
FFE0
ENDCHAR
STARTCHAR uni01120302
ENCODING -1
SWIDTH 496 0
DWIDTH 12 0
BBX 11 24 0 0
BITMAP
0600
0F00
1980
20C0
0000
3FC0
3FC0
0000
0000
FFC0
3040
3040
3000
3000
3000
3F80
3100
3000
3000
3000
3000
3020
3020
FFE0
ENDCHAR
STARTCHAR uni00CB0301
ENCODING -1
SWIDTH 496 0
DWIDTH 12 0
BBX 11 25 0 0
BITMAP
0080
01C0
0300
0600
0800
0000
3180
3180
3180
0000
FFC0
3040
3040
3000
3000
3000
3F80
3100
3000
3000
3000
3000
3020
3020
FFE0
ENDCHAR
STARTCHAR uni00CB0300
ENCODING -1
SWIDTH 496 0
DWIDTH 12 0
BBX 11 25 0 0
BITMAP
1000
3800
1C00
0600
0100
0000
3180
3180
3180
0000
FFC0
3040
3040
3000
3000
3000
3F80
3100
3000
3000
3000
3000
3020
3020
FFE0
ENDCHAR
STARTCHAR uni00CB0302
ENCODING -1
SWIDTH 496 0
DWIDTH 12 0
BBX 11 24 0 0
BITMAP
0600
0F00
1980
20C0
0000
3180
3180
3180
0000
FFC0
3040
3040
3000
3000
3000
3F80
3100
3000
3000
3000
3000
3020
3020
FFE0
ENDCHAR
STARTCHAR uni00CB0303
ENCODING -1
SWIDTH 496 0
DWIDTH 12 0
BBX 11 24 0 0
BITMAP
0040
1C40
3E80
0100
0000
3180
3180
3180
0000
FFC0
3040
3040
3000
3000
3000
3F80
3100
3000
3000
3000
3000
3020
3020
FFE0
ENDCHAR
STARTCHAR uni0045030A
ENCODING -1
SWIDTH 496 0
DWIDTH 12 0
BBX 11 21 0 0
BITMAP
0600
0F00
0F00
0F00
0E00
0000
FFC0
3040
3040
3000
3000
3000
3F80
3100
3000
3000
3000
3000
3020
3020
FFE0
ENDCHAR
STARTCHAR uni0045030D
ENCODING -1
SWIDTH 496 0
DWIDTH 12 0
BBX 11 21 0 0
BITMAP
0600
0600
0600
0600
0600
0000
FFC0
3040
3040
3000
3000
3000
3F80
3100
3000
3000
3000
3000
3020
3020
FFE0
ENDCHAR
STARTCHAR uni00450331
ENCODING -1
SWIDTH 496 0
DWIDTH 12 0
BBX 11 19 0 -4
BITMAP
FFC0
3040
3040
3000
3000
3000
3F80
3100
3000
3000
3000
3000
3020
3020
FFE0
0000
0000
3FC0
3FC0
ENDCHAR
STARTCHAR uni00C90331
ENCODING -1
SWIDTH 496 0
DWIDTH 12 0
BBX 11 25 0 -4
BITMAP
0080
01C0
0300
0600
0800
0000
FFC0
3040
3040
3000
3000
3000
3F80
3100
3000
3000
3000
3000
3020
3020
FFE0
0000
0000
3FC0
3FC0
ENDCHAR
STARTCHAR uni00C80331
ENCODING -1
SWIDTH 496 0
DWIDTH 12 0
BBX 11 25 0 -4
BITMAP
1000
3800
1C00
0600
0100
0000
FFC0
3040
3040
3000
3000
3000
3F80
3100
3000
3000
3000
3000
3020
3020
FFE0
0000
0000
3FC0
3FC0
ENDCHAR
STARTCHAR uni00CA0331
ENCODING -1
SWIDTH 496 0
DWIDTH 12 0
BBX 11 24 0 -4
BITMAP
0600
0F00
1980
20C0
0000
FFC0
3040
3040
3000
3000
3000
3F80
3100
3000
3000
3000
3000
3020
3020
FFE0
0000
0000
3FC0
3FC0
ENDCHAR
STARTCHAR uni011A0331
ENCODING -1
SWIDTH 496 0
DWIDTH 12 0
BBX 11 25 0 -4
BITMAP
20C0
1980
0F00
0600
0000
0000
FFC0
3040
3040
3000
3000
3000
3F80
3100
3000
3000
3000
3000
3020
3020
FFE0
0000
0000
3FC0
3FC0
ENDCHAR
STARTCHAR uni00CB0331
ENCODING -1
SWIDTH 496 0
DWIDTH 12 0
BBX 11 23 0 -4
BITMAP
3180
3180
3180
0000
FFC0
3040
3040
3000
3000
3000
3F80
3100
3000
3000
3000
3000
3020
3020
FFE0
0000
0000
3FC0
3FC0
ENDCHAR
STARTCHAR uni00CB03310301
ENCODING -1
SWIDTH 496 0
DWIDTH 12 0
BBX 11 29 0 -4
BITMAP
0080
01C0
0300
0600
0800
0000
3180
3180
3180
0000
FFC0
3040
3040
3000
3000
3000
3F80
3100
3000
3000
3000
3000
3020
3020
FFE0
0000
0000
3FC0
3FC0
ENDCHAR
STARTCHAR uni1EB80301
ENCODING -1
SWIDTH 496 0
DWIDTH 12 0
BBX 11 26 0 -5
BITMAP
0080
01C0
0300
0600
0800
0000
FFC0
3040
3040
3000
3000
3000
3F80
3100
3000
3000
3000
3000
3020
3020
FFE0
0000
0000
0600
0600
0600
ENDCHAR
STARTCHAR uni1EB80300
ENCODING -1
SWIDTH 496 0
DWIDTH 12 0
BBX 11 26 0 -5
BITMAP
1000
3800
1C00
0600
0100
0000
FFC0
3040
3040
3000
3000
3000
3F80
3100
3000
3000
3000
3000
3020
3020
FFE0
0000
0000
0600
0600
0600
ENDCHAR
STARTCHAR uni1EB8030C
ENCODING -1
SWIDTH 496 0
DWIDTH 12 0
BBX 11 26 0 -5
BITMAP
20C0
1980
0F00
0600
0000
0000
FFC0
3040
3040
3000
3000
3000
3F80
3100
3000
3000
3000
3000
3020
3020
FFE0
0000
0000
0600
0600
0600
ENDCHAR
STARTCHAR uni1EB80303
ENCODING -1
SWIDTH 496 0
DWIDTH 12 0
BBX 11 25 0 -5
BITMAP
0040
1C40
3E80
0100
0000
FFC0
3040
3040
3000
3000
3000
3F80
3100
3000
3000
3000
3000
3020
3020
FFE0
0000
0000
0600
0600
0600
ENDCHAR
STARTCHAR uni02280301
ENCODING -1
SWIDTH 496 0
DWIDTH 12 0
BBX 11 25 0 -5
BITMAP
0080
03C0
0700
0C00
0000
FFC0
3040
3040
3000
3000
3000
3F80
3100
3000
3000
3000
3000
3020
3020
FFE0
0400
0600
0700
0300
0C00
ENDCHAR
STARTCHAR uni02280300
ENCODING -1
SWIDTH 496 0
DWIDTH 12 0
BBX 11 25 0 -5
BITMAP
1000
3800
0E00
0300
0000
FFC0
3040
3040
3000
3000
3000
3F80
3100
3000
3000
3000
3000
3020
3020
FFE0
0400
0600
0700
0300
0C00
ENDCHAR
STARTCHAR uni02280302
ENCODING -1
SWIDTH 496 0
DWIDTH 12 0
BBX 11 25 0 -5
BITMAP
0600
0F00
1900
2080
0000
FFC0
3040
3040
3000
3000
3000
3F80
3100
3000
3000
3000
3000
3020
3020
FFE0
0400
0600
0700
0300
0C00
ENDCHAR
STARTCHAR uni0228030C
ENCODING -1
SWIDTH 496 0
DWIDTH 12 0
BBX 11 25 0 -5
BITMAP
2080
1180
0F00
0600
0000
FFC0
3040
3040
3000
3000
3000
3F80
3100
3000
3000
3000
3000
3020
3020
FFE0
0400
0600
0700
0300
0C00
ENDCHAR
STARTCHAR uni01180301
ENCODING -1
SWIDTH 496 0
DWIDTH 12 0
BBX 12 25 0 -5
BITMAP
0080
03C0
0700
0C00
0000
FFC0
3040
3040
3000
3000
3000
3F80
3100
3000
3000
3000
3000
3010
3030
FFE0
00C0
0180
0300
0320
01C0
ENDCHAR
STARTCHAR uni01180300
ENCODING -1
SWIDTH 496 0
DWIDTH 12 0
BBX 12 25 0 -5
BITMAP
1800
3C00
0600
0100
0080
FFC0
3040
3040
3000
3000
3000
3F80
3100
3000
3000
3000
3000
3010
3030
FFE0
00C0
0180
0300
0320
01C0
ENDCHAR
STARTCHAR Eogonek.RetroHookStyle
ENCODING -1
SWIDTH 496 0
DWIDTH 12 0
BBX 11 21 0 -6
BITMAP
FFC0
3040
3040
3000
3000
3000
3F80
3100
3000
3000
3000
3000
3020
3020
FFE0
0C00
0C00
0C00
0CC0
0CC0
0780
ENDCHAR
STARTCHAR uni018E0301
ENCODING -1
SWIDTH 496 0
DWIDTH 12 0
BBX 11 21 1 0
BITMAP
0100
0380
0700
0C00
1000
0000
7FE0
4180
4180
0180
0180
0180
3F80
0180
0180
0180
0180
8180
8180
C180
FFE0
ENDCHAR
STARTCHAR uni018E0300
ENCODING -1
SWIDTH 496 0
DWIDTH 12 0
BBX 11 21 1 0
BITMAP
2000
7000
3800
0C00
0200
0000
7FE0
4180
4180
0180
0180
0180
3F80
0180
0180
0180
0180
8180
8180
C180
FFE0
ENDCHAR
STARTCHAR uni018E0302
ENCODING -1
SWIDTH 496 0
DWIDTH 12 0
BBX 11 20 1 0
BITMAP
0C00
1E00
3300
4180
0000
7FE0
4180
4180
0180
0180
0180
3F80
0180
0180
0180
0180
8180
8180
C180
FFE0
ENDCHAR
STARTCHAR uni018E030C
ENCODING -1
SWIDTH 496 0
DWIDTH 12 0
BBX 11 21 1 0
BITMAP
4180
3300
1E00
0C00
0000
0000
7FE0
4180
4180
0180
0180
0180
3F80
0180
0180
0180
0180
8180
8180
C180
FFE0
ENDCHAR
STARTCHAR uni018E0303
ENCODING -1
SWIDTH 496 0
DWIDTH 12 0
BBX 11 20 1 0
BITMAP
0080
3880
7D00
0200
0000
7FE0
4180
4180
0180
0180
0180
3F80
0180
0180
0180
0180
8180
8180
C180
FFE0
ENDCHAR
STARTCHAR uni018E0304
ENCODING -1
SWIDTH 496 0
DWIDTH 12 0
BBX 11 19 1 0
BITMAP
7F80
7F80
0000
0000
7FE0
4180
4180
0180
0180
0180
3F80
0180
0180
0180
0180
8180
8180
C180
FFE0
ENDCHAR
STARTCHAR uni018E0308
ENCODING -1
SWIDTH 496 0
DWIDTH 12 0
BBX 11 19 1 0
BITMAP
6300
6300
6300
0000
7FE0
4180
4180
0180
0180
0180
3F80
0180
0180
0180
0180
8180
8180
C180
FFE0
ENDCHAR
STARTCHAR uni018E0330
ENCODING -1
SWIDTH 496 0
DWIDTH 12 0
BBX 11 20 1 -5
BITMAP
7FE0
4180
4180
0180
0180
0180
3F80
0180
0180
0180
0180
8180
8180
C180
FFE0
0000
0000
1880
6F00
4600
ENDCHAR
STARTCHAR uni018F0301
ENCODING -1
SWIDTH 547 0
DWIDTH 13 0
BBX 11 21 1 0
BITMAP
0180
03C0
0700
0C00
1800
0000
1E00
3F80
43C0
80C0
00E0
0060
0060
0060
7FE0
C060
C040
C0C0
E180
7F80
1E00
ENDCHAR
STARTCHAR uni018F0300
ENCODING -1
SWIDTH 547 0
DWIDTH 13 0
BBX 11 21 1 0
BITMAP
3000
3800
1C00
0600
0300
0000
1E00
3F80
43C0
80C0
00E0
0060
0060
0060
7FE0
C060
C040
C0C0
E180
7F80
1E00
ENDCHAR
STARTCHAR uni018F0302
ENCODING -1
SWIDTH 547 0
DWIDTH 13 0
BBX 11 20 1 0
BITMAP
0E00
0F00
1100
2080
0000
1E00
3F80
43C0
80C0
00E0
0060
0060
0060
7FE0
C060
C040
C0C0
E180
7F80
1E00
ENDCHAR
STARTCHAR uni018F030C
ENCODING -1
SWIDTH 547 0
DWIDTH 13 0
BBX 11 21 1 0
BITMAP
2080
1100
0F00
0E00
0000
0000
1E00
3F80
43C0
80C0
00E0
0060
0060
0060
7FE0
C060
C040
C0C0
E180
7F80
1E00
ENDCHAR
STARTCHAR uni018F0303
ENCODING -1
SWIDTH 547 0
DWIDTH 13 0
BBX 11 20 1 0
BITMAP
1CC0
2780
4300
0000
0000
1E00
3F80
43C0
80C0
00E0
0060
0060
0060
7FE0
C060
C040
C0C0
E180
7F80
1E00
ENDCHAR
STARTCHAR uni018F0304
ENCODING -1
SWIDTH 547 0
DWIDTH 13 0
BBX 11 19 1 0
BITMAP
3FC0
3F80
0000
0000
1E00
3F80
43C0
80C0
00E0
0060
0060
0060
7FE0
C060
C040
C0C0
E180
7F80
1E00
ENDCHAR
STARTCHAR uni018F0308
ENCODING -1
SWIDTH 547 0
DWIDTH 13 0
BBX 11 19 1 0
BITMAP
2100
3180
2100
0000
1E00
3F80
43C0
80C0
00E0
0060
0060
0060
7FE0
C060
C040
C0C0
E180
7F80
1E00
ENDCHAR
STARTCHAR uni018F0330
ENCODING -1
SWIDTH 547 0
DWIDTH 13 0
BBX 11 20 1 -5
BITMAP
1E00
3F80
43C0
80C0
00E0
0060
0060
0060
7FE0
C060
C040
C0C0
E180
7F80
3E00
0000
0000
1CC0
2780
4300
ENDCHAR
STARTCHAR uni01900301
ENCODING -1
SWIDTH 508 0
DWIDTH 12 0
BBX 10 21 1 0
BITMAP
0100
0380
0700
0C00
1000
0000
0F80
30C0
4000
C000
C000
C000
F000
7C00
7000
C000
C000
C040
E0C0
7F80
3E00
ENDCHAR
STARTCHAR uni01900300
ENCODING -1
SWIDTH 508 0
DWIDTH 12 0
BBX 10 21 1 0
BITMAP
2000
7000
1800
0C00
0200
0000
0F80
30C0
4000
C000
C000
C000
F000
7C00
7000
C000
C000
C040
E0C0
7F80
3E00
ENDCHAR
STARTCHAR uni01901DC7
ENCODING -1
SWIDTH 508 0
DWIDTH 12 0
BBX 10 21 1 0
BITMAP
1F80
1F80
3000
2000
4000
0000
0F80
30C0
4000
C000
C000
C000
F000
7C00
7000
C000
C000
C040
E0C0
7F80
3E00
ENDCHAR
STARTCHAR uni01900302
ENCODING -1
SWIDTH 508 0
DWIDTH 12 0
BBX 10 20 1 0
BITMAP
0C00
1E00
3300
6080
0000
0F80
30C0
4000
C000
C000
C000
F000
7C00
7000
C000
C000
C040
E0C0
7F80
3E00
ENDCHAR
STARTCHAR uni0190030C
ENCODING -1
SWIDTH 508 0
DWIDTH 12 0
BBX 10 21 1 0
BITMAP
6080
3300
1E00
0C00
0000
0000
0F80
30C0
4000
C000
C000
C000
F000
7C00
7000
C000
C000
C040
E0C0
7F80
3E00
ENDCHAR
STARTCHAR uni01900303
ENCODING -1
SWIDTH 508 0
DWIDTH 12 0
BBX 10 20 1 0
BITMAP
0080
3880
7D00
0200
0000
0F80
30C0
4000
C000
C000
C000
F000
7C00
7000
C000
C000
C040
E0C0
7F80
3E00
ENDCHAR
STARTCHAR uni01900304
ENCODING -1
SWIDTH 508 0
DWIDTH 12 0
BBX 10 19 1 0
BITMAP
3F80
7F80
0000
0000
0F80
30C0
4000
C000
C000
C000
F000
7C00
7000
C000
C000
C040
E0C0
7F80
3E00
ENDCHAR
STARTCHAR uni01901DC6
ENCODING -1
SWIDTH 508 0
DWIDTH 12 0
BBX 10 21 1 0
BITMAP
7F00
7F00
0100
0180
0080
0040
0F80
30C0
4000
C000
C000
C000
F000
7C00
7000
C000
C000
C040
E0C0
7F80
3E00
ENDCHAR
STARTCHAR uni01900308
ENCODING -1
SWIDTH 508 0
DWIDTH 12 0
BBX 10 19 1 0
BITMAP
6300
6300
6300
0000
0F80
30C0
4000
C000
C000
C000
F000
7C00
7000
C000
C000
C040
E0C0
7F80
3E00
ENDCHAR
STARTCHAR uni019003080301
ENCODING -1
SWIDTH 508 0
DWIDTH 12 0
BBX 10 25 1 0
BITMAP
0100
0380
0700
0C00
1000
0000
6300
6300
6300
0000
0F80
30C0
4000
C000
C000
C000
F000
7C00
7000
C000
C000
C040
E0C0
7F80
3E00
ENDCHAR
STARTCHAR uni019003080300
ENCODING -1
SWIDTH 508 0
DWIDTH 12 0
BBX 10 25 1 0
BITMAP
2000
7000
1800
0C00
0200
0000
6300
6300
6300
0000
0F80
30C0
4000
C000
C000
C000
F000
7C00
7000
C000
C000
C040
E0C0
7F80
3E00
ENDCHAR
STARTCHAR uni01900330
ENCODING -1
SWIDTH 508 0
DWIDTH 12 0
BBX 10 20 1 -5
BITMAP
0F80
30C0
4000
C000
C000
C000
F000
7C00
7000
C000
C000
C040
E0C0
7F80
3E00
0000
0000
1C80
2F00
4700
ENDCHAR
STARTCHAR uni01900331
ENCODING -1
SWIDTH 508 0
DWIDTH 12 0
BBX 10 19 1 -4
BITMAP
0F80
30C0
4000
C000
C000
C000
F000
7C00
7000
C000
C000
C040
E0C0
7F80
3E00
0000
0000
7F80
7F80
ENDCHAR
STARTCHAR uni019003310308
ENCODING -1
SWIDTH 508 0
DWIDTH 12 0
BBX 10 23 1 -4
BITMAP
6300
6300
6300
0000
0F80
30C0
4000
C000
C000
C000
F000
7C00
7000
C000
C000
C040
E0C0
7F80
3E00
0000
0000
7F80
7F80
ENDCHAR
STARTCHAR f.SlantItalic
ENCODING -1
SWIDTH 311 0
DWIDTH 7 0
BBX 9 18 0 0
BITMAP
0700
0F80
1980
3000
3000
3000
3000
FE00
3000
3000
3000
3000
3000
3000
3000
3000
3000
FC00
ENDCHAR
STARTCHAR uni00660303
ENCODING -1
SWIDTH 311 0
DWIDTH 7 0
BBX 9 23 0 0
BITMAP
3880
4F00
4600
0000
0000
0700
0F80
1980
3000
3000
3000
3000
FE00
3000
3000
3000
3000
3000
3000
3000
3000
3000
FC00
ENDCHAR
STARTCHAR uni1E1F.SlantItalic
ENCODING -1
SWIDTH 311 0
DWIDTH 7 0
BBX 9 22 0 0
BITMAP
0C00
0C00
0C00
0000
0700
0F80
1980
3000
3000
3000
3000
FE00
3000
3000
3000
3000
3000
3000
3000
3000
3000
FC00
ENDCHAR
STARTCHAR uni00660323
ENCODING -1
SWIDTH 311 0
DWIDTH 7 0
BBX 9 23 0 -5
BITMAP
0700
0F80
1980
3000
3000
3000
3000
FE00
3000
3000
3000
3000
3000
3000
3000
3000
3000
FC00
0000
0000
1800
1800
1800
ENDCHAR
STARTCHAR f_i
ENCODING -1
SWIDTH 582 0
DWIDTH 14 0
BBX 13 18 0 0
BITMAP
0700
0F80
19A0
3060
3060
3000
3000
FE20
30E0
3060
3060
3060
3060
3060
3060
3060
3060
FCF8
ENDCHAR
STARTCHAR f_i.SlantItalic
ENCODING -1
SWIDTH 582 0
DWIDTH 14 0
BBX 13 18 0 0
BITMAP
0700
0F80
19A0
3060
3060
3000
3000
FE20
30E0
3060
3060
3060
3060
3060
3060
3060
3060
FCF8
ENDCHAR
STARTCHAR f_l
ENCODING -1
SWIDTH 582 0
DWIDTH 14 0
BBX 14 18 0 0
BITMAP
07B0
0FF0
19B0
3030
3030
3030
3030
FE30
3030
3030
3030
3030
3030
3030
3030
3030
3030
FCFC
ENDCHAR
STARTCHAR f_l.SlantItalic
ENCODING -1
SWIDTH 581 0
DWIDTH 14 0
BBX 14 18 0 0
BITMAP
07B0
0FF0
19B0
3030
3030
3030
3030
FE30
3030
3030
3030
3030
3030
3030
3030
3030
3030
FCFC
ENDCHAR
STARTCHAR f_f_i
ENCODING -1
SWIDTH 893 0
DWIDTH 21 0
BBX 21 18 0 0
BITMAP
070700
0F9F80
19B160
303060
303060
306000
306000
FEFE60
3061E0
306060
306060
306060
306060
306060
306060
306060
306060
FCFDF8
ENDCHAR
STARTCHAR f_f_i.SlantItalic
ENCODING -1
SWIDTH 893 0
DWIDTH 21 0
BBX 21 18 0 0
BITMAP
070700
0F9F80
19B160
303060
303060
306000
306000
FEFE60
3061E0
306060
306060
306060
306060
306060
306060
306060
306060
FCFDF8
ENDCHAR
STARTCHAR f_f_l
ENCODING -1
SWIDTH 893 0
DWIDTH 21 0
BBX 21 18 0 0
BITMAP
070760
0F8FE0
199960
303060
303060
303060
303060
FEFE60
303060
303060
303060
303060
303060
303060
303060
303060
303060
FCFDF8
ENDCHAR
STARTCHAR f_f_l.SlantItalic
ENCODING -1
SWIDTH 893 0
DWIDTH 21 0
BBX 21 18 0 0
BITMAP
070760
0F8FE0
199960
303060
303060
303060
303060
FEFE60
303060
303060
303060
303060
303060
303060
303060
303060
303060
FCFDF8
ENDCHAR
STARTCHAR f_f
ENCODING -1
SWIDTH 622 0
DWIDTH 15 0
BBX 17 18 0 0
BITMAP
070700
0F9F80
19B100
303000
303000
306000
306000
FEFE00
306000
306000
306000
306000
306000
306000
306000
306000
306000
FCFC00
ENDCHAR
STARTCHAR f_f.SlantItalic
ENCODING -1
SWIDTH 622 0
DWIDTH 15 0
BBX 17 18 0 0
BITMAP
070700
0F9F80
19B100
303000
303000
306000
306000
FEFE00
306000
306000
306000
306000
306000
306000
306000
306000
306000
FCFC00
ENDCHAR
STARTCHAR uni0433.Serb
ENCODING -1
SWIDTH 414 0
DWIDTH 10 0
BBX 10 11 0 0
BITMAP
FFC0
3040
3040
3040
3000
3000
3000
3000
3000
3000
FC00
ENDCHAR
STARTCHAR uni0493.SlantItalic
ENCODING -1
SWIDTH 414 0
DWIDTH 10 0
BBX 9 11 0 0
BITMAP
FF80
3080
3080
3080
3000
FE00
3000
3000
3000
3000
FC00
ENDCHAR
STARTCHAR uniF327.SlantItalic
ENCODING -1
SWIDTH 414 0
DWIDTH 10 0
BBX 9 15 0 -4
BITMAP
FF80
3080
3080
3080
3000
FE00
3000
3000
3000
3000
FC00
0C00
0400
0400
0400
ENDCHAR
STARTCHAR uni04FB.SlantItalic
ENCODING -1
SWIDTH 414 0
DWIDTH 10 0
BBX 9 17 0 -6
BITMAP
FF80
3080
3080
3080
3000
FE00
3000
3000
3000
3000
FE00
0600
0600
0600
6600
6400
3800
ENDCHAR
STARTCHAR uni00460303
ENCODING -1
SWIDTH 478 0
DWIDTH 11 0
BBX 10 20 0 0
BITMAP
0080
18C0
3D00
0200
0000
FFC0
3040
3040
3000
3000
3000
3F80
3100
3000
3000
3000
3000
3000
3000
FC00
ENDCHAR
STARTCHAR uni00460323
ENCODING -1
SWIDTH 478 0
DWIDTH 11 0
BBX 10 20 0 -5
BITMAP
FFC0
3040
3040
3000
3000
3000
3F80
3100
3000
3000
3000
3000
3000
3000
FC00
0000
0000
0400
0600
0400
ENDCHAR
STARTCHAR uni00670308
ENCODING -1
SWIDTH 487 0
DWIDTH 12 0
BBX 12 22 0 -6
BITMAP
3180
3180
3180
0000
0000
1F30
31E0
60C0
60C0
60C0
3180
1F00
1800
3000
3F00
1FE0
33F0
6030
C030
C020
6040
1F80
ENDCHAR
STARTCHAR uni00670331
ENCODING -1
SWIDTH 487 0
DWIDTH 12 0
BBX 12 21 0 -10
BITMAP
1F30
31E0
60C0
60C0
60C0
3180
1F00
1800
3000
3F00
1FE0
33F0
6030
C030
C020
6040
1F80
0000
0000
3FC0
3FC0
ENDCHAR
STARTCHAR uni00670323
ENCODING -1
SWIDTH 487 0
DWIDTH 12 0
BBX 12 22 0 -11
BITMAP
1F30
31E0
60C0
60C0
60C0
3180
1F00
1800
3000
3F00
1FE0
33F0
6030
C030
C020
6040
1F80
0000
0000
0600
0600
0600
ENDCHAR
STARTCHAR uni01E5.BarBowl
ENCODING -1
SWIDTH 497 0
DWIDTH 12 0
BBX 10 17 1 -6
BITMAP
1EC0
23C0
4100
FF80
4100
6200
3C00
2000
6000
3C00
1F80
37C0
60C0
C0C0
C080
6100
3E00
ENDCHAR
STARTCHAR g.SngBowl
ENCODING -1
SWIDTH 480 0
DWIDTH 12 0
BBX 10 17 1 -6
BITMAP
0F40
31C0
60C0
40C0
C0C0
C0C0
C0C0
E0C0
73C0
7FC0
3CC0
00C0
00C0
0080
0180
6100
7E00
ENDCHAR
STARTCHAR uni01F5.SngBowl
ENCODING -1
SWIDTH 480 0
DWIDTH 12 0
BBX 10 23 1 -6
BITMAP
0180
0300
0600
0400
0800
0000
0F40
31C0
60C0
40C0
C0C0
C0C0
C0C0
E0C0
73C0
7FC0
3CC0
00C0
00C0
0080
0180
6100
7E00
ENDCHAR
STARTCHAR gcircumflex.SngBowl
ENCODING -1
SWIDTH 480 0
DWIDTH 12 0
BBX 10 23 1 -6
BITMAP
0C00
0E00
1B00
3100
2080
0000
0F40
31C0
60C0
40C0
C0C0
C0C0
C0C0
E0C0
73C0
7FC0
3CC0
00C0
00C0
0080
0180
6100
7E00
ENDCHAR
STARTCHAR gbreve.SngBowl
ENCODING -1
SWIDTH 480 0
DWIDTH 12 0
BBX 10 22 1 -6
BITMAP
4080
3180
1F00
0E00
0000
0F40
31C0
60C0
40C0
C0C0
C0C0
C0C0
E0C0
73C0
7FC0
3CC0
00C0
00C0
0080
0180
6100
7E00
ENDCHAR
STARTCHAR gcaron.SngBowl
ENCODING -1
SWIDTH 480 0
DWIDTH 12 0
BBX 10 23 1 -6
BITMAP
2080
1100
1A00
0C00
0000
0000
0F40
31C0
60C0
40C0
C0C0
C0C0
C0C0
E0C0
73C0
7FC0
3CC0
00C0
00C0
0080
0180
6100
7E00
ENDCHAR
STARTCHAR uni1E21.SngBowl
ENCODING -1
SWIDTH 480 0
DWIDTH 12 0
BBX 10 21 1 -6
BITMAP
3F80
7F80
0000
0000
0F40
31C0
60C0
40C0
C0C0
C0C0
C0C0
E0C0
73C0
7FC0
3CC0
00C0
00C0
0080
0180
6100
7E00
ENDCHAR
STARTCHAR uni00670308.SngBowl
ENCODING -1
SWIDTH 480 0
DWIDTH 12 0
BBX 10 22 1 -6
BITMAP
2100
6300
6300
0000
0000
0F40
31C0
60C0
40C0
C0C0
C0C0
C0C0
E0C0
73C0
7FC0
3CC0
00C0
00C0
0080
0180
6100
7E00
ENDCHAR
STARTCHAR gdotaccent.SngBowl
ENCODING -1
SWIDTH 480 0
DWIDTH 12 0
BBX 10 22 1 -6
BITMAP
0400
0C00
0C00
0000
0000
0F40
31C0
60C0
40C0
C0C0
C0C0
C0C0
E0C0
73C0
7FC0
3CC0
00C0
00C0
0080
0180
6100
7E00
ENDCHAR
STARTCHAR uni00670331.SngBowl
ENCODING -1
SWIDTH 480 0
DWIDTH 12 0
BBX 10 21 1 -10
BITMAP
0F40
31C0
60C0
40C0
C0C0
C0C0
C0C0
E0C0
73C0
7FC0
3CC0
00C0
00C0
0080
0180
6100
7E00
0000
0000
7F80
7F80
ENDCHAR
STARTCHAR uni00670323.SngBowl
ENCODING -1
SWIDTH 480 0
DWIDTH 12 0
BBX 10 22 1 -11
BITMAP
0F40
31C0
60C0
40C0
C0C0
C0C0
C0C0
E0C0
73C0
7FC0
3CC0
00C0
00C0
0080
0180
6100
7E00
0000
0000
0C00
0C00
0C00
ENDCHAR
STARTCHAR gcommaaccent.SngBowl
ENCODING -1
SWIDTH 480 0
DWIDTH 12 0
BBX 10 24 1 -6
BITMAP
0400
0800
1800
1C00
1E00
0000
0000
0F40
31C0
60C0
40C0
C0C0
C0C0
C0C0
E0C0
73C0
7FC0
3CC0
00C0
00C0
0080
0180
6100
7E00
ENDCHAR
STARTCHAR uni01E5.BarBowl.SngBowl
ENCODING -1
SWIDTH 490 0
DWIDTH 12 0
BBX 12 17 0 -6
BITMAP
07A0
18E0
3060
2060
6060
FFF0
6060
6060
30E0
3FE0
1E60
0060
0060
0040
00C0
3080
3F00
ENDCHAR
STARTCHAR uni00470308
ENCODING -1
SWIDTH 583 0
DWIDTH 14 0
BBX 12 19 1 0
BITMAP
1080
18C0
1080
0000
07C0
1860
2000
6000
4000
C000
C000
C1F0
C060
C060
E060
6060
7860
3FC0
0F00
ENDCHAR
STARTCHAR uni00470331
ENCODING -1
SWIDTH 583 0
DWIDTH 14 0
BBX 12 19 1 -4
BITMAP
07C0
1860
2000
6000
4000
C000
C000
C1F0
C060
C060
E060
6060
7860
3FC0
0F00
0000
0000
1FC0
1FC0
ENDCHAR
STARTCHAR uni00470323
ENCODING -1
SWIDTH 583 0
DWIDTH 14 0
BBX 12 20 1 -5
BITMAP
07C0
1860
2000
6000
4000
C000
C000
C1F0
C060
C060
E060
6060
7860
3FC0
0F00
0000
0000
0200
0300
0200
ENDCHAR
STARTCHAR hbar.VertStrk
ENCODING -1
SWIDTH 551 0
DWIDTH 13 0
BBX 13 18 0 0
BITMAP
3000
F000
3000
3000
FF00
3000
3000
31C0
37E0
3C60
3860
3060
3060
3060
3060
3060
3060
FDF8
ENDCHAR
STARTCHAR uni04BB.UCStyle
ENCODING -1
SWIDTH 521 0
DWIDTH 13 0
BBX 13 11 0 0
BITMAP
FC00
3000
3000
3000
37C0
38E0
3060
3060
3060
3060
F8F8
ENDCHAR
STARTCHAR uni043F.Serb
ENCODING -1
SWIDTH 554 0
DWIDTH 13 0
BBX 13 11 0 0
BITMAP
FFF8
3060
3060
3060
3060
3060
3060
3060
3060
3060
FDF8
ENDCHAR
STARTCHAR uni00480331
ENCODING -1
SWIDTH 653 0
DWIDTH 16 0
BBX 15 19 0 -4
BITMAP
FC7E
3018
3018
3018
3018
3018
3018
3FF8
3018
3018
3018
3018
3018
3018
FC7E
0000
0000
0FF0
0FE0
ENDCHAR
STARTCHAR Hbar.VertStrk
ENCODING -1
SWIDTH 653 0
DWIDTH 16 0
BBX 15 15 0 0
BITMAP
FC7E
3018
3018
3018
3198
3198
3198
3FF8
3198
3198
3198
3018
3018
3018
FC7E
ENDCHAR
STARTCHAR i.SlantItalic
ENCODING -1
SWIDTH 270 0
DWIDTH 7 0
BBX 6 16 0 0
BITMAP
30
30
30
00
00
30
F0
30
30
30
30
30
30
30
30
FC
ENDCHAR
STARTCHAR iacute.SlantItalic
ENCODING -1
SWIDTH 270 0
DWIDTH 7 0
BBX 7 17 0 0
BITMAP
06
0C
18
10
20
00
30
F0
30
30
30
30
30
30
30
30
FC
ENDCHAR
STARTCHAR igrave.SlantItalic
ENCODING -1
SWIDTH 270 0
DWIDTH 7 0
BBX 6 17 0 0
BITMAP
C0
60
20
10
08
00
30
F0
30
30
30
30
30
30
30
30
FC
ENDCHAR
STARTCHAR uni0209.SlantItalic
ENCODING -1
SWIDTH 270 0
DWIDTH 7 0
BBX 7 17 -1 0
BITMAP
D8
CC
64
24
12
00
18
78
18
18
18
18
18
18
18
18
7E
ENDCHAR
STARTCHAR uni00691DC7
ENCODING -1
SWIDTH 270 0
DWIDTH 7 0
BBX 9 17 -1 0
BITMAP
3F80
3F00
6000
4000
4000
8000
1800
7800
1800
1800
1800
1800
1800
1800
1800
1800
7E00
ENDCHAR
STARTCHAR icircumflex.SlantItalic
ENCODING -1
SWIDTH 270 0
DWIDTH 7 0
BBX 7 17 0 0
BITMAP
30
38
6C
C4
82
00
30
F0
30
30
30
30
30
30
30
30
FC
ENDCHAR
STARTCHAR uni020B.SlantItalic
ENCODING -1
SWIDTH 270 0
DWIDTH 7 0
BBX 7 17 0 0
BITMAP
38
7C
C4
82
82
00
30
F0
30
30
30
30
30
30
30
30
FC
ENDCHAR
STARTCHAR ibreve.SlantItalic
ENCODING -1
SWIDTH 270 0
DWIDTH 7 0
BBX 7 16 0 0
BITMAP
82
C6
7C
38
00
30
F0
30
30
30
30
30
30
30
30
FC
ENDCHAR
STARTCHAR uni01D0.SlantItalic
ENCODING -1
SWIDTH 270 0
DWIDTH 7 0
BBX 7 17 0 0
BITMAP
82
44
68
30
00
00
30
F0
30
30
30
30
30
30
30
30
FC
ENDCHAR
STARTCHAR itilde.SlantItalic
ENCODING -1
SWIDTH 270 0
DWIDTH 7 0
BBX 8 16 -1 0
BITMAP
39
4F
86
00
00
18
78
18
18
18
18
18
18
18
18
7E
ENDCHAR
STARTCHAR uni01290301
ENCODING -1
SWIDTH 270 0
DWIDTH 7 0
BBX 8 21 -1 0
BITMAP
03
06
0C
08
10
39
4F
86
00
00
18
78
18
18
18
18
18
18
18
18
7E
ENDCHAR
STARTCHAR uni01290300
ENCODING -1
SWIDTH 270 0
DWIDTH 7 0
BBX 8 21 -1 0
BITMAP
60
30
10
08
04
39
4F
86
00
00
18
78
18
18
18
18
18
18
18
18
7E
ENDCHAR
STARTCHAR uni01290302
ENCODING -1
SWIDTH 270 0
DWIDTH 7 0
BBX 8 21 -1 0
BITMAP
18
1C
36
62
41
39
4F
86
00
00
18
78
18
18
18
18
18
18
18
18
7E
ENDCHAR
STARTCHAR uni00691DC6
ENCODING -1
SWIDTH 270 0
DWIDTH 7 0
BBX 9 17 -1 0
BITMAP
7E00
FE00
0300
0100
0080
0000
1800
7800
1800
1800
1800
1800
1800
1800
1800
1800
7E00
ENDCHAR
STARTCHAR imacron.SlantItalic
ENCODING -1
SWIDTH 270 0
DWIDTH 7 0
BBX 6 15 0 0
BITMAP
7C
FC
00
00
30
F0
30
30
30
30
30
30
30
30
FC
ENDCHAR
STARTCHAR uni012B0301
ENCODING -1
SWIDTH 270 0
DWIDTH 7 0
BBX 7 21 0 0
BITMAP
06
0C
18
10
20
00
7C
FC
00
00
30
F0
30
30
30
30
30
30
30
30
FC
ENDCHAR
STARTCHAR uni012B0300
ENCODING -1
SWIDTH 270 0
DWIDTH 7 0
BBX 6 21 0 0
BITMAP
C0
60
20
10
08
00
7C
FC
00
00
30
F0
30
30
30
30
30
30
30
30
FC
ENDCHAR
STARTCHAR uni012B0302
ENCODING -1
SWIDTH 270 0
DWIDTH 7 0
BBX 7 21 0 0
BITMAP
30
38
6C
C4
82
00
7C
FC
00
00
30
F0
30
30
30
30
30
30
30
30
FC
ENDCHAR
STARTCHAR idieresis.SlantItalic
ENCODING -1
SWIDTH 270 0
DWIDTH 7 0
BBX 7 16 -1 0
BITMAP
42
C6
C6
00
00
18
78
18
18
18
18
18
18
18
18
7E
ENDCHAR
STARTCHAR uni1E2F.SlantItalic
ENCODING -1
SWIDTH 270 0
DWIDTH 7 0
BBX 8 21 -1 0
BITMAP
03
06
0C
08
10
42
C6
C6
00
00
18
78
18
18
18
18
18
18
18
18
7E
ENDCHAR
STARTCHAR uni00EF0300
ENCODING -1
SWIDTH 270 0
DWIDTH 7 0
BBX 7 21 -1 0
BITMAP
60
30
10
08
04
42
C6
C6
00
00
18
78
18
18
18
18
18
18
18
18
7E
ENDCHAR
STARTCHAR uni00EF0302
ENCODING -1
SWIDTH 270 0
DWIDTH 7 0
BBX 8 21 -1 0
BITMAP
18
1C
36
62
41
42
C6
C6
00
00
18
78
18
18
18
18
18
18
18
18
7E
ENDCHAR
STARTCHAR uni00EF0303
ENCODING -1
SWIDTH 270 0
DWIDTH 7 0
BBX 8 20 -1 0
BITMAP
39
4F
86
00
42
C6
C6
00
00
18
78
18
18
18
18
18
18
18
18
7E
ENDCHAR
STARTCHAR idotaccent
ENCODING -1
SWIDTH 270 0
DWIDTH 7 0
BBX 6 16 0 0
BITMAP
30
30
30
00
00
30
F0
30
30
30
30
30
30
30
30
FC
ENDCHAR
STARTCHAR idotaccent.SlantItalic
ENCODING -1
SWIDTH 270 0
DWIDTH 7 0
BBX 6 16 0 0
BITMAP
30
30
30
00
00
30
F0
30
30
30
30
30
30
30
30
FC
ENDCHAR
STARTCHAR uni0069030A
ENCODING -1
SWIDTH 270 0
DWIDTH 7 0
BBX 6 17 0 0
BITMAP
38
38
78
78
30
00
30
F0
30
30
30
30
30
30
30
30
FC
ENDCHAR
STARTCHAR uni1EC9.SlantItalic
ENCODING -1
SWIDTH 270 0
DWIDTH 7 0
BBX 6 17 0 0
BITMAP
30
30
60
60
10
00
30
F0
30
30
30
30
30
30
30
30
FC
ENDCHAR
STARTCHAR uni0069030D
ENCODING -1
SWIDTH 270 0
DWIDTH 7 0
BBX 6 17 0 0
BITMAP
38
38
38
38
38
00
30
F0
30
30
30
30
30
30
30
30
FC
ENDCHAR
STARTCHAR uni1E2D.SlantItalic
ENCODING -1
SWIDTH 270 0
DWIDTH 7 0
BBX 8 21 -1 -5
BITMAP
18
18
18
00
00
18
78
18
18
18
18
18
18
18
18
7E
00
00
39
4F
86
ENDCHAR
STARTCHAR uni00690331
ENCODING -1
SWIDTH 270 0
DWIDTH 7 0
BBX 6 20 0 -4
BITMAP
30
30
30
00
00
30
F0
30
30
30
30
30
30
30
30
FC
00
00
7C
FC
ENDCHAR
STARTCHAR uni00ED0331
ENCODING -1
SWIDTH 270 0
DWIDTH 7 0
BBX 7 21 0 -4
BITMAP
06
0C
18
10
20
00
30
F0
30
30
30
30
30
30
30
30
FC
00
00
7C
FC
ENDCHAR
STARTCHAR uni00EC0331
ENCODING -1
SWIDTH 270 0
DWIDTH 7 0
BBX 6 21 0 -4
BITMAP
C0
60
20
10
08
00
30
F0
30
30
30
30
30
30
30
30
FC
00
00
7C
FC
ENDCHAR
STARTCHAR uni00EE0331
ENCODING -1
SWIDTH 270 0
DWIDTH 7 0
BBX 7 21 0 -4
BITMAP
30
38
6C
C4
82
00
30
F0
30
30
30
30
30
30
30
30
FC
00
00
7C
FC
ENDCHAR
STARTCHAR uni01D00331
ENCODING -1
SWIDTH 270 0
DWIDTH 7 0
BBX 7 21 0 -4
BITMAP
82
44
68
30
00
00
30
F0
30
30
30
30
30
30
30
30
FC
00
00
7C
FC
ENDCHAR
STARTCHAR uni00EF0331
ENCODING -1
SWIDTH 270 0
DWIDTH 7 0
BBX 7 20 -1 -4
BITMAP
42
C6
C6
00
00
18
78
18
18
18
18
18
18
18
18
7E
00
00
3E
7E
ENDCHAR
STARTCHAR uni1ECB.SlantItalic
ENCODING -1
SWIDTH 270 0
DWIDTH 7 0
BBX 6 21 0 -5
BITMAP
30
30
30
00
00
30
F0
30
30
30
30
30
30
30
30
FC
00
00
10
30
30
ENDCHAR
STARTCHAR uni1ECB0301
ENCODING -1
SWIDTH 270 0
DWIDTH 7 0
BBX 7 22 0 -5
BITMAP
06
0C
18
10
20
00
30
F0
30
30
30
30
30
30
30
30
FC
00
00
10
30
30
ENDCHAR
STARTCHAR uni1ECB0300
ENCODING -1
SWIDTH 270 0
DWIDTH 7 0
BBX 6 22 0 -5
BITMAP
C0
60
20
10
08
00
30
F0
30
30
30
30
30
30
30
30
FC
00
00
10
30
30
ENDCHAR
STARTCHAR uni1ECB0302
ENCODING -1
SWIDTH 270 0
DWIDTH 7 0
BBX 7 22 0 -5
BITMAP
30
38
6C
C4
82
00
30
F0
30
30
30
30
30
30
30
30
FC
00
00
10
30
30
ENDCHAR
STARTCHAR uni1ECB030C
ENCODING -1
SWIDTH 270 0
DWIDTH 7 0
BBX 7 22 0 -5
BITMAP
82
44
68
30
00
00
30
F0
30
30
30
30
30
30
30
30
FC
00
00
10
30
30
ENDCHAR
STARTCHAR uni1ECB0303
ENCODING -1
SWIDTH 270 0
DWIDTH 7 0
BBX 8 21 -1 -5
BITMAP
39
4F
86
00
00
18
78
18
18
18
18
18
18
18
18
7E
00
00
08
18
18
ENDCHAR
STARTCHAR uni0069031C
ENCODING -1
SWIDTH 270 0
DWIDTH 7 0
BBX 6 22 0 -6
BITMAP
30
30
30
00
00
30
F0
30
30
30
30
30
30
30
30
FC
00
20
60
C0
60
20
ENDCHAR
STARTCHAR uni00ED031C
ENCODING -1
SWIDTH 270 0
DWIDTH 7 0
BBX 7 23 0 -6
BITMAP
06
0C
18
10
20
00
30
F0
30
30
30
30
30
30
30
30
FC
00
20
60
C0
60
20
ENDCHAR
STARTCHAR uni0069031C0331
ENCODING -1
SWIDTH 270 0
DWIDTH 7 0
BBX 6 26 0 -10
BITMAP
30
30
30
00
00
30
F0
30
30
30
30
30
30
30
30
FC
00
20
60
C0
60
20
00
00
7C
FC
ENDCHAR
STARTCHAR uni00690327
ENCODING -1
SWIDTH 270 0
DWIDTH 7 0
BBX 6 21 0 -5
BITMAP
30
30
30
00
00
30
F0
30
30
30
30
30
30
30
30
FC
10
30
18
18
60
ENDCHAR
STARTCHAR uni00ED0327
ENCODING -1
SWIDTH 270 0
DWIDTH 7 0
BBX 7 22 0 -5
BITMAP
06
0C
18
10
20
00
30
F0
30
30
30
30
30
30
30
30
FC
10
30
18
18
60
ENDCHAR
STARTCHAR uni00EC0327
ENCODING -1
SWIDTH 270 0
DWIDTH 7 0
BBX 6 22 0 -5
BITMAP
C0
60
60
30
10
08
30
F0
30
30
30
30
30
30
30
30
FC
10
30
18
18
60
ENDCHAR
STARTCHAR uni00EE0327
ENCODING -1
SWIDTH 270 0
DWIDTH 7 0
BBX 7 22 0 -5
BITMAP
30
38
6C
C4
82
00
30
F0
30
30
30
30
30
30
30
30
FC
10
30
18
18
60
ENDCHAR
STARTCHAR uni01D00327
ENCODING -1
SWIDTH 270 0
DWIDTH 7 0
BBX 7 22 0 -5
BITMAP
82
C4
6C
38
10
00
30
F0
30
30
30
30
30
30
30
30
FC
10
30
18
18
60
ENDCHAR
STARTCHAR uni012F0301
ENCODING -1
SWIDTH 270 0
DWIDTH 7 0
BBX 6 22 1 -5
BITMAP
0C
18
30
20
40
00
30
F0
30
30
30
30
30
30
30
30
30
FC
30
40
C8
F0
ENDCHAR
STARTCHAR uni012F0300
ENCODING -1
SWIDTH 270 0
DWIDTH 7 0
BBX 7 22 0 -5
BITMAP
C0
60
60
30
10
08
18
78
18
18
18
18
18
18
18
18
18
7E
18
20
64
78
ENDCHAR
STARTCHAR iogonek.RetroHookStyle
ENCODING -1
SWIDTH 270 0
DWIDTH 7 0
BBX 8 22 0 -6
BITMAP
30
30
30
00
00
30
F0
30
30
30
30
30
30
30
30
FC
30
30
30
33
33
1E
ENDCHAR
STARTCHAR uni02680330
ENCODING -1
SWIDTH 270 0
DWIDTH 7 0
BBX 8 21 -1 -5
BITMAP
18
18
18
00
00
18
78
18
18
18
7E
18
18
18
18
7E
00
00
39
5F
8E
ENDCHAR
STARTCHAR uni02680331
ENCODING -1
SWIDTH 270 0
DWIDTH 7 0
BBX 6 20 0 -4
BITMAP
30
30
30
00
00
30
F0
30
30
30
FC
30
30
30
30
FC
00
00
7C
FC
ENDCHAR
STARTCHAR i.Dotless
ENCODING -1
SWIDTH 270 0
DWIDTH 7 0
BBX 6 11 0 0
BITMAP
30
F0
30
30
30
30
30
30
30
30
FC
ENDCHAR
STARTCHAR dotlessi.SlantItalic
ENCODING -1
SWIDTH 270 0
DWIDTH 7 0
BBX 6 11 0 0
BITMAP
30
F0
30
30
30
30
30
30
30
30
FC
ENDCHAR
STARTCHAR i.Dotless.SlantItalic
ENCODING -1
SWIDTH 270 0
DWIDTH 7 0
BBX 6 11 0 0
BITMAP
30
F0
30
30
30
30
30
30
30
30
FC
ENDCHAR
STARTCHAR uni0456.Dotless
ENCODING -1
SWIDTH 270 0
DWIDTH 7 0
BBX 6 11 0 0
BITMAP
30
F0
30
30
30
30
30
30
30
30
FC
ENDCHAR
STARTCHAR uni1D62.Dotless
ENCODING -1
SWIDTH 189 0
DWIDTH 5 0
BBX 4 6 0 -2
BITMAP
E0
60
60
60
60
F0
ENDCHAR
STARTCHAR uni2071.Dotless
ENCODING -1
SWIDTH 189 0
DWIDTH 5 0
BBX 4 7 0 7
BITMAP
E0
60
60
60
60
60
F0
ENDCHAR
STARTCHAR uni1E2D.Dotless
ENCODING -1
SWIDTH 270 0
DWIDTH 7 0
BBX 8 16 -1 -5
BITMAP
18
78
18
18
18
18
18
18
18
18
7E
00
00
39
4F
86
ENDCHAR
STARTCHAR uni1ECB.Dotless
ENCODING -1
SWIDTH 270 0
DWIDTH 7 0
BBX 6 16 0 -5
BITMAP
30
F0
30
30
30
30
30
30
30
30
FC
00
00
10
30
30
ENDCHAR
STARTCHAR iogonek.Dotless
ENCODING -1
SWIDTH 270 0
DWIDTH 7 0
BBX 6 16 1 -5
BITMAP
30
F0
30
30
30
30
30
30
30
30
30
FC
30
40
C8
F0
ENDCHAR
STARTCHAR uni1D96.Dotless
ENCODING -1
SWIDTH 270 0
DWIDTH 7 0
BBX 10 17 0 -6
BITMAP
3000
F000
3000
3000
3000
3000
3000
3000
3000
3000
F800
0C00
0C00
0C00
0CC0
0CC0
0780
ENDCHAR
STARTCHAR uni0268.Dotless
ENCODING -1
SWIDTH 270 0
DWIDTH 7 0
BBX 6 11 0 0
BITMAP
30
F0
30
30
30
FC
30
30
30
30
FC
ENDCHAR
STARTCHAR uni1DA4.Dotless
ENCODING -1
SWIDTH 189 0
DWIDTH 5 0
BBX 4 7 0 7
BITMAP
E0
60
60
F0
60
60
F0
ENDCHAR
STARTCHAR uni02680301
ENCODING -1
SWIDTH 270 0
DWIDTH 7 0
BBX 7 17 0 0
BITMAP
06
0C
18
10
20
00
30
F0
30
30
30
FC
30
30
30
30
FC
ENDCHAR
STARTCHAR uni02680300
ENCODING -1
SWIDTH 270 0
DWIDTH 7 0
BBX 6 17 0 0
BITMAP
C0
60
20
10
08
00
30
F0
30
30
30
FC
30
30
30
30
FC
ENDCHAR
STARTCHAR uni02680302
ENCODING -1
SWIDTH 270 0
DWIDTH 7 0
BBX 7 17 0 0
BITMAP
30
38
6C
C4
82
00
30
F0
30
30
30
FC
30
30
30
30
FC
ENDCHAR
STARTCHAR uni0268030C
ENCODING -1
SWIDTH 270 0
DWIDTH 7 0
BBX 7 17 0 0
BITMAP
82
44
68
30
00
00
30
F0
30
30
30
FC
30
30
30
30
FC
ENDCHAR
STARTCHAR uni02680303
ENCODING -1
SWIDTH 270 0
DWIDTH 7 0
BBX 8 16 -1 0
BITMAP
39
5F
8E
00
00
18
78
18
18
18
7E
18
18
18
18
7E
ENDCHAR
STARTCHAR uni02680304
ENCODING -1
SWIDTH 270 0
DWIDTH 7 0
BBX 6 15 0 0
BITMAP
7C
FC
00
00
30
F0
30
30
30
FC
30
30
30
30
FC
ENDCHAR
STARTCHAR uni02680308
ENCODING -1
SWIDTH 270 0
DWIDTH 7 0
BBX 7 16 -1 0
BITMAP
42
C6
C6
00
00
18
78
18
18
18
7E
18
18
18
18
7E
ENDCHAR
STARTCHAR uni02690301
ENCODING -1
SWIDTH 282 0
DWIDTH 7 0
BBX 7 17 0 0
BITMAP
0E
0C
18
10
20
00
30
F0
30
30
30
30
30
30
30
3E
38
ENDCHAR
STARTCHAR uni02690300
ENCODING -1
SWIDTH 282 0
DWIDTH 7 0
BBX 7 17 0 0
BITMAP
C0
E0
60
30
10
00
30
F0
30
30
30
30
30
30
30
3E
38
ENDCHAR
STARTCHAR uni02691DC7
ENCODING -1
SWIDTH 282 0
DWIDTH 7 0
BBX 8 17 -1 0
BITMAP
3F
3F
60
40
80
00
18
78
18
18
18
18
18
18
18
1F
1C
ENDCHAR
STARTCHAR uni02690302
ENCODING -1
SWIDTH 282 0
DWIDTH 7 0
BBX 8 17 -1 0
BITMAP
18
3C
24
42
81
00
18
78
18
18
18
18
18
18
18
1F
1C
ENDCHAR
STARTCHAR uni0269030C
ENCODING -1
SWIDTH 282 0
DWIDTH 7 0
BBX 8 17 -1 0
BITMAP
81
62
34
18
00
00
18
78
18
18
18
18
18
18
18
1F
1C
ENDCHAR
STARTCHAR uni02690303
ENCODING -1
SWIDTH 282 0
DWIDTH 7 0
BBX 8 16 -1 0
BITMAP
39
5E
8E
00
00
18
78
18
18
18
18
18
18
18
1F
1C
ENDCHAR
STARTCHAR uni02691DC6
ENCODING -1
SWIDTH 282 0
DWIDTH 7 0
BBX 9 17 -1 0
BITMAP
FE00
FE00
0200
0300
0100
0080
1800
7800
1800
1800
1800
1800
1800
1800
1800
1F00
1C00
ENDCHAR
STARTCHAR uni02690330
ENCODING -1
SWIDTH 282 0
DWIDTH 7 0
BBX 8 16 -1 -5
BITMAP
18
78
18
18
18
18
18
18
18
1F
1C
00
00
39
4F
86
ENDCHAR
STARTCHAR uni00491DC7
ENCODING -1
SWIDTH 297 0
DWIDTH 7 0
BBX 8 21 0 0
BITMAP
3F
7E
40
C0
80
00
FC
30
30
30
30
30
30
30
30
30
30
30
30
30
FC
ENDCHAR
STARTCHAR uni01280301
ENCODING -1
SWIDTH 297 0
DWIDTH 7 0
BBX 8 25 -1 0
BITMAP
03
07
0E
18
30
01
31
7A
84
00
7E
18
18
18
18
18
18
18
18
18
18
18
18
18
7E
ENDCHAR
STARTCHAR uni01280300
ENCODING -1
SWIDTH 297 0
DWIDTH 7 0
BBX 8 25 -1 0
BITMAP
60
70
B8
0C
06
01
31
7A
84
00
7E
18
18
18
18
18
18
18
18
18
18
18
18
18
7E
ENDCHAR
STARTCHAR uni01280302
ENCODING -1
SWIDTH 297 0
DWIDTH 7 0
BBX 8 24 -1 0
BITMAP
1C
3C
22
41
01
31
7A
84
00
7E
18
18
18
18
18
18
18
18
18
18
18
18
18
7E
ENDCHAR
STARTCHAR uni00491DC6
ENCODING -1
SWIDTH 297 0
DWIDTH 7 0
BBX 8 21 0 0
BITMAP
FC
FC
06
02
01
00
FC
30
30
30
30
30
30
30
30
30
30
30
30
30
FC
ENDCHAR
STARTCHAR uni012A0301
ENCODING -1
SWIDTH 297 0
DWIDTH 7 0
BBX 8 25 0 0
BITMAP
06
0E
1C
30
60
00
FF
FE
00
00
FC
30
30
30
30
30
30
30
30
30
30
30
30
30
FC
ENDCHAR
STARTCHAR uni012A0300
ENCODING -1
SWIDTH 297 0
DWIDTH 7 0
BBX 9 25 -1 0
BITMAP
6000
7000
B800
0C00
0600
0000
7F80
7F00
0000
0000
7E00
1800
1800
1800
1800
1800
1800
1800
1800
1800
1800
1800
1800
1800
7E00
ENDCHAR
STARTCHAR uni012A0302
ENCODING -1
SWIDTH 297 0
DWIDTH 7 0
BBX 8 24 0 0
BITMAP
38
78
44
82
00
FF
FE
00
00
FC
30
30
30
30
30
30
30
30
30
30
30
30
30
FC
ENDCHAR
STARTCHAR uni00CF0300
ENCODING -1
SWIDTH 297 0
DWIDTH 7 0
BBX 8 25 -1 0
BITMAP
60
70
B8
0C
06
00
42
E7
42
00
7E
18
18
18
18
18
18
18
18
18
18
18
18
18
7E
ENDCHAR
STARTCHAR uni00CF0302
ENCODING -1
SWIDTH 297 0
DWIDTH 7 0
BBX 8 24 -1 0
BITMAP
1C
3C
22
41
00
42
E7
42
00
7E
18
18
18
18
18
18
18
18
18
18
18
18
18
7E
ENDCHAR
STARTCHAR uni00CF0303
ENCODING -1
SWIDTH 297 0
DWIDTH 7 0
BBX 8 24 -1 0
BITMAP
01
31
7A
84
00
42
E7
42
00
7E
18
18
18
18
18
18
18
18
18
18
18
18
18
7E
ENDCHAR
STARTCHAR uni0049030A
ENCODING -1
SWIDTH 297 0
DWIDTH 7 0
BBX 6 21 0 0
BITMAP
18
38
3C
78
30
00
FC
30
30
30
30
30
30
30
30
30
30
30
30
30
FC
ENDCHAR
STARTCHAR uni0049030D
ENCODING -1
SWIDTH 297 0
DWIDTH 7 0
BBX 6 21 0 0
BITMAP
18
18
18
18
18
00
FC
30
30
30
30
30
30
30
30
30
30
30
30
30
FC
ENDCHAR
STARTCHAR uni00490331
ENCODING -1
SWIDTH 297 0
DWIDTH 7 0
BBX 8 19 -1 -4
BITMAP
7E
18
18
18
18
18
18
18
18
18
18
18
18
18
7E
00
00
7F
FF
ENDCHAR
STARTCHAR uni00CD0331
ENCODING -1
SWIDTH 297 0
DWIDTH 7 0
BBX 8 25 -1 -4
BITMAP
03
07
0E
18
30
00
7E
18
18
18
18
18
18
18
18
18
18
18
18
18
7E
00
00
7F
FF
ENDCHAR
STARTCHAR uni00CC0331
ENCODING -1
SWIDTH 297 0
DWIDTH 7 0
BBX 8 25 -1 -4
BITMAP
60
70
B8
0C
06
00
7E
18
18
18
18
18
18
18
18
18
18
18
18
18
7E
00
00
7F
FF
ENDCHAR
STARTCHAR uni00CE0331
ENCODING -1
SWIDTH 297 0
DWIDTH 7 0
BBX 8 24 -1 -4
BITMAP
1C
3C
22
41
00
7E
18
18
18
18
18
18
18
18
18
18
18
18
18
7E
00
00
7F
FF
ENDCHAR
STARTCHAR uni01CF0331
ENCODING -1
SWIDTH 297 0
DWIDTH 7 0
BBX 8 25 -1 -4
BITMAP
41
22
3C
1C
00
00
7E
18
18
18
18
18
18
18
18
18
18
18
18
18
7E
00
00
7F
FF
ENDCHAR
STARTCHAR uni00CF0331
ENCODING -1
SWIDTH 297 0
DWIDTH 7 0
BBX 8 23 -1 -4
BITMAP
42
E7
42
00
7E
18
18
18
18
18
18
18
18
18
18
18
18
18
7E
00
00
7F
FF
ENDCHAR
STARTCHAR uni1ECA0301
ENCODING -1
SWIDTH 297 0
DWIDTH 7 0
BBX 7 26 0 -5
BITMAP
06
0E
1C
30
60
00
FC
30
30
30
30
30
30
30
30
30
30
30
30
30
FC
00
00
10
38
10
ENDCHAR
STARTCHAR uni1ECA0300
ENCODING -1
SWIDTH 297 0
DWIDTH 7 0
BBX 7 26 -1 -5
BITMAP
60
70
B8
0C
06
00
7E
18
18
18
18
18
18
18
18
18
18
18
18
18
7E
00
00
08
1C
08
ENDCHAR
STARTCHAR uni1ECA0302
ENCODING -1
SWIDTH 297 0
DWIDTH 7 0
BBX 7 25 0 -5
BITMAP
38
78
44
82
00
FC
30
30
30
30
30
30
30
30
30
30
30
30
30
FC
00
00
10
38
10
ENDCHAR
STARTCHAR uni1ECA030C
ENCODING -1
SWIDTH 297 0
DWIDTH 7 0
BBX 7 26 0 -5
BITMAP
82
44
78
38
00
00
FC
30
30
30
30
30
30
30
30
30
30
30
30
30
FC
00
00
10
38
10
ENDCHAR
STARTCHAR uni1ECA0303
ENCODING -1
SWIDTH 297 0
DWIDTH 7 0
BBX 8 25 -1 -5
BITMAP
01
31
7A
84
00
7E
18
18
18
18
18
18
18
18
18
18
18
18
18
7E
00
00
08
1C
08
ENDCHAR
STARTCHAR uni0049031C
ENCODING -1
SWIDTH 297 0
DWIDTH 7 0
BBX 6 21 0 -6
BITMAP
FC
30
30
30
30
30
30
30
30
30
30
30
30
30
FC
00
30
60
E0
60
30
ENDCHAR
STARTCHAR uni00CD031C
ENCODING -1
SWIDTH 297 0
DWIDTH 7 0
BBX 7 27 0 -6
BITMAP
06
0E
1C
30
60
00
FC
30
30
30
30
30
30
30
30
30
30
30
30
30
FC
00
30
60
E0
60
30
ENDCHAR
STARTCHAR uni0049031C0331
ENCODING -1
SWIDTH 297 0
DWIDTH 7 0
BBX 8 25 -1 -10
BITMAP
7E
18
18
18
18
18
18
18
18
18
18
18
18
18
7E
00
18
30
70
30
18
00
00
7F
FF
ENDCHAR
STARTCHAR uni00490327
ENCODING -1
SWIDTH 297 0
DWIDTH 7 0
BBX 6 20 0 -5
BITMAP
FC
30
30
30
30
30
30
30
30
30
30
30
30
30
FC
10
30
18
18
60
ENDCHAR
STARTCHAR uni00CD0327
ENCODING -1
SWIDTH 297 0
DWIDTH 7 0
BBX 7 25 0 -5
BITMAP
06
0E
18
20
40
FC
30
30
30
30
30
30
30
30
30
30
30
30
30
FC
10
30
18
18
60
ENDCHAR
STARTCHAR uni00CC0327
ENCODING -1
SWIDTH 297 0
DWIDTH 7 0
BBX 7 25 -1 -5
BITMAP
60
F0
18
04
02
7E
18
18
18
18
18
18
18
18
18
18
18
18
18
7E
08
18
0C
0C
30
ENDCHAR
STARTCHAR uni00CE0327
ENCODING -1
SWIDTH 297 0
DWIDTH 7 0
BBX 7 25 0 -5
BITMAP
38
38
4C
82
00
FC
30
30
30
30
30
30
30
30
30
30
30
30
30
FC
10
30
18
18
60
ENDCHAR
STARTCHAR uni01CF0327
ENCODING -1
SWIDTH 297 0
DWIDTH 7 0
BBX 7 25 0 -5
BITMAP
82
44
7C
38
00
FC
30
30
30
30
30
30
30
30
30
30
30
30
30
FC
10
30
18
18
60
ENDCHAR
STARTCHAR uni012E0301
ENCODING -1
SWIDTH 297 0
DWIDTH 7 0
BBX 6 25 1 -5
BITMAP
0C
1C
30
40
80
FC
30
30
30
30
30
30
30
30
30
30
30
30
30
FC
10
60
C0
C8
70
ENDCHAR
STARTCHAR uni012E0300
ENCODING -1
SWIDTH 297 0
DWIDTH 7 0
BBX 8 25 -1 -5
BITMAP
60
F0
18
04
02
3F
0C
0C
0C
0C
0C
0C
0C
0C
0C
0C
0C
0C
0C
3F
04
18
30
32
1C
ENDCHAR
STARTCHAR Iogonek.RetroHookStyle
ENCODING -1
SWIDTH 297 0
DWIDTH 7 0
BBX 8 21 0 -6
BITMAP
FC
30
30
30
30
30
30
30
30
30
30
30
30
30
FC
30
30
30
33
33
1E
ENDCHAR
STARTCHAR uni01970301
ENCODING -1
SWIDTH 297 0
DWIDTH 7 0
BBX 7 21 0 0
BITMAP
06
0E
1C
30
60
00
FC
30
30
30
30
30
30
FC
30
30
30
30
30
30
FC
ENDCHAR
STARTCHAR uni01970300
ENCODING -1
SWIDTH 297 0
DWIDTH 7 0
BBX 6 21 0 0
BITMAP
C0
E0
70
18
0C
00
FC
30
30
30
30
30
30
FC
30
30
30
30
30
30
FC
ENDCHAR
STARTCHAR uni01970302
ENCODING -1
SWIDTH 297 0
DWIDTH 7 0
BBX 7 20 0 0
BITMAP
38
38
44
82
00
FC
30
30
30
30
30
30
FC
30
30
30
30
30
30
FC
ENDCHAR
STARTCHAR uni0197030C
ENCODING -1
SWIDTH 297 0
DWIDTH 7 0
BBX 7 21 0 0
BITMAP
82
44
38
38
00
00
FC
30
30
30
30
30
30
FC
30
30
30
30
30
30
FC
ENDCHAR
STARTCHAR uni01970303
ENCODING -1
SWIDTH 297 0
DWIDTH 7 0
BBX 8 20 -1 0
BITMAP
01
31
7A
84
00
7E
18
18
18
18
18
18
7E
18
18
18
18
18
18
7E
ENDCHAR
STARTCHAR uni01970304
ENCODING -1
SWIDTH 297 0
DWIDTH 7 0
BBX 7 19 0 0
BITMAP
7E
7C
00
00
FC
30
30
30
30
30
30
FC
30
30
30
30
30
30
FC
ENDCHAR
STARTCHAR uni01970308
ENCODING -1
SWIDTH 297 0
DWIDTH 7 0
BBX 8 19 -1 0
BITMAP
42
E7
42
00
7E
18
18
18
18
18
18
7E
18
18
18
18
18
18
7E
ENDCHAR
STARTCHAR uni01970330
ENCODING -1
SWIDTH 297 0
DWIDTH 7 0
BBX 8 20 -1 -5
BITMAP
7E
18
18
18
18
18
18
7E
18
18
18
18
18
18
7E
00
00
39
4F
86
ENDCHAR
STARTCHAR uni01970331
ENCODING -1
SWIDTH 297 0
DWIDTH 7 0
BBX 8 19 -1 -4
BITMAP
7E
18
18
18
18
18
18
7E
18
18
18
18
18
18
7E
00
00
7F
FF
ENDCHAR
STARTCHAR uni01960301
ENCODING -1
SWIDTH 348 0
DWIDTH 8 0
BBX 7 21 1 0
BITMAP
04
0E
1C
30
60
00
30
F0
30
30
30
30
30
30
30
30
30
30
32
3C
18
ENDCHAR
STARTCHAR uni01960300
ENCODING -1
SWIDTH 348 0
DWIDTH 8 0
BBX 8 21 0 0
BITMAP
40
E0
30
18
04
00
18
78
18
18
18
18
18
18
18
18
18
18
19
1E
0C
ENDCHAR
STARTCHAR uni01961DC7
ENCODING -1
SWIDTH 348 0
DWIDTH 8 0
BBX 8 21 0 0
BITMAP
3F
3F
60
40
80
00
18
78
18
18
18
18
18
18
18
18
18
18
19
1E
0C
ENDCHAR
STARTCHAR uni01960302
ENCODING -1
SWIDTH 348 0
DWIDTH 8 0
BBX 7 20 1 0
BITMAP
30
78
CC
82
00
30
F0
30
30
30
30
30
30
30
30
30
30
32
3C
18
ENDCHAR
STARTCHAR uni0196030C
ENCODING -1
SWIDTH 348 0
DWIDTH 8 0
BBX 7 21 1 0
BITMAP
82
CC
78
30
00
00
30
F0
30
30
30
30
30
30
30
30
30
30
32
3C
18
ENDCHAR
STARTCHAR uni01960303
ENCODING -1
SWIDTH 348 0
DWIDTH 8 0
BBX 8 20 0 0
BITMAP
01
31
FA
04
00
18
78
18
18
18
18
18
18
18
18
18
18
19
1E
0C
ENDCHAR
STARTCHAR uni01961DC6
ENCODING -1
SWIDTH 348 0
DWIDTH 8 0
BBX 9 21 0 0
BITMAP
7E00
FE00
0300
0100
0080
0000
1800
7800
1800
1800
1800
1800
1800
1800
1800
1800
1800
1800
1900
1E00
0C00
ENDCHAR
STARTCHAR uni01960330
ENCODING -1
SWIDTH 348 0
DWIDTH 8 0
BBX 8 20 0 -5
BITMAP
18
78
18
18
18
18
18
18
18
18
18
18
19
1E
0C
00
00
39
5F
8E
ENDCHAR
STARTCHAR uni006A0323
ENCODING -1
SWIDTH 258 0
DWIDTH 6 0
BBX 7 27 -3 -11
BITMAP
06
06
06
00
00
06
1E
06
06
06
06
06
06
06
06
06
06
06
04
4C
F8
F0
00
00
02
06
06
ENDCHAR
STARTCHAR j.Dotless
ENCODING -1
SWIDTH 258 0
DWIDTH 6 0
BBX 7 17 -3 -6
BITMAP
06
1E
06
06
06
06
06
06
06
06
06
06
06
04
4C
F8
F0
ENDCHAR
STARTCHAR uni0458.Dotless
ENCODING -1
SWIDTH 258 0
DWIDTH 6 0
BBX 7 17 -3 -6
BITMAP
06
1E
06
06
06
06
06
06
06
06
06
06
06
04
4C
F8
F0
ENDCHAR
STARTCHAR uni02B2.Dotless
ENCODING -1
SWIDTH 181 0
DWIDTH 4 0
BBX 5 10 -2 4
BITMAP
38
18
18
18
18
18
18
18
10
E0
ENDCHAR
STARTCHAR uni006A0303
ENCODING -1
SWIDTH 258 0
DWIDTH 6 0
BBX 10 22 -3 -6
BITMAP
0E40
17C0
2380
0000
0000
0600
1E00
0600
0600
0600
0600
0600
0600
0600
0600
0600
0600
0600
0400
4C00
F800
F000
ENDCHAR
STARTCHAR uni0249.Dotless
ENCODING -1
SWIDTH 290 0
DWIDTH 7 0
BBX 9 17 -2 -6
BITMAP
0600
1E00
0600
0600
0600
0600
0600
0600
0600
0600
3F80
0600
0600
0400
4C00
F800
E000
ENDCHAR
STARTCHAR uni029D.Dotless
ENCODING -1
SWIDTH 258 0
DWIDTH 6 0
BBX 9 17 -3 -6
BITMAP
0600
1E00
0600
0600
0600
0600
0600
0600
0600
0600
0600
0600
7E00
C400
C600
F900
7080
ENDCHAR
STARTCHAR uni1DA8.Dotless
ENCODING -1
SWIDTH 181 0
DWIDTH 4 0
BBX 6 10 -2 4
BITMAP
38
18
18
18
18
18
18
78
C8
F4
ENDCHAR
STARTCHAR uni0284.DblSerif
ENCODING -1
SWIDTH 290 0
DWIDTH 7 0
BBX 12 24 -2 -6
BITMAP
00E0
03E0
0370
0600
0600
0600
0600
0E00
1E00
0600
0600
0600
0600
0600
0600
0600
0600
3F80
0600
0600
0400
4C00
F800
E000
ENDCHAR
STARTCHAR uni0434.Serb
ENCODING -1
SWIDTH 532 0
DWIDTH 13 0
BBX 13 15 0 -4
BITMAP
3FF8
0C60
0C60
0C60
0860
1860
1860
1060
3060
2060
FFF0
8018
8018
8008
8010
ENDCHAR
STARTCHAR uni004A0303
ENCODING -1
SWIDTH 305 0
DWIDTH 7 0
BBX 10 25 -2 -5
BITMAP
0040
1C40
3F80
0000
0000
1F80
0600
0600
0600
0600
0600
0600
0600
0600
0600
0600
0600
0600
0600
0600
0600
0400
8C00
F800
F000
ENDCHAR
STARTCHAR uni004A0323
ENCODING -1
SWIDTH 305 0
DWIDTH 7 0
BBX 9 26 -2 -11
BITMAP
1F80
0600
0600
0600
0600
0600
0600
0600
0600
0600
0600
0600
0600
0600
0600
0600
0400
8C00
F800
F000
0000
0000
0000
0600
0600
0600
ENDCHAR
STARTCHAR uni006B0304
ENCODING -1
SWIDTH 487 0
DWIDTH 12 0
BBX 12 22 0 0
BITMAP
3FC0
3FC0
0000
0000
3000
F000
3000
3000
3000
3000
3000
31F0
3080
3100
3600
3C00
3600
3600
3300
3180
30C0
F870
ENDCHAR
STARTCHAR uni006B0307
ENCODING -1
SWIDTH 487 0
DWIDTH 12 0
BBX 12 23 0 0
BITMAP
0600
0600
0600
0000
0000
3000
F000
3000
3000
3000
3000
3000
31F0
3080
3100
3600
3C00
3600
3600
3300
3180
30C0
F870
ENDCHAR
STARTCHAR uni004B0304
ENCODING -1
SWIDTH 578 0
DWIDTH 14 0
BBX 14 19 0 0
BITMAP
1FE0
1FE0
0000
0000
FCF8
3060
30C0
3180
3300
3600
3400
3C00
3600
3300
3180
31C0
30E0
3070
FC3C
ENDCHAR
STARTCHAR uni004B0307
ENCODING -1
SWIDTH 578 0
DWIDTH 14 0
BBX 14 19 0 0
BITMAP
0300
0300
0300
0000
FCF8
3060
30C0
3180
3300
3600
3400
3C00
3600
3300
3180
31C0
30E0
3070
FC3C
ENDCHAR
STARTCHAR l.SlantItalic
ENCODING -1
SWIDTH 270 0
DWIDTH 7 0
BBX 6 18 0 0
BITMAP
30
F0
30
30
30
30
30
30
30
30
30
30
30
30
30
30
30
FC
ENDCHAR
STARTCHAR lacute.SlantItalic
ENCODING -1
SWIDTH 270 0
DWIDTH 7 0
BBX 7 25 0 0
BITMAP
06
0E
1C
30
60
00
00
30
F0
30
30
30
30
30
30
30
30
30
30
30
30
30
30
30
FC
ENDCHAR
STARTCHAR lcaron.Caron
ENCODING -1
SWIDTH 270 0
DWIDTH 7 0
BBX 7 25 0 0
BITMAP
82
C4
78
30
00
00
00
30
F0
30
30
30
30
30
30
30
30
30
30
30
30
30
30
30
FC
ENDCHAR
STARTCHAR uni006C0325
ENCODING -1
SWIDTH 270 0
DWIDTH 7 0
BBX 6 24 0 -6
BITMAP
30
F0
30
30
30
30
30
30
30
30
30
30
30
30
30
30
30
FC
00
38
38
78
78
30
ENDCHAR
STARTCHAR uni1E3D.SlantItalic
ENCODING -1
SWIDTH 270 0
DWIDTH 7 0
BBX 7 24 0 -6
BITMAP
30
F0
30
30
30
30
30
30
30
30
30
30
30
30
30
30
30
FC
00
00
30
78
C4
82
ENDCHAR
STARTCHAR uni1E3B.SlantItalic
ENCODING -1
SWIDTH 270 0
DWIDTH 7 0
BBX 8 22 -1 -4
BITMAP
18
78
18
18
18
18
18
18
18
18
18
18
18
18
18
18
18
7E
00
00
7F
FF
ENDCHAR
STARTCHAR uni1E37.SlantItalic
ENCODING -1
SWIDTH 270 0
DWIDTH 7 0
BBX 6 23 0 -5
BITMAP
30
F0
30
30
30
30
30
30
30
30
30
30
30
30
30
30
30
FC
00
00
10
30
30
ENDCHAR
STARTCHAR uni1E39.SlantItalic
ENCODING -1
SWIDTH 270 0
DWIDTH 7 0
BBX 8 28 -1 -5
BITMAP
7F
7F
80
00
00
18
78
18
18
18
18
18
18
18
18
18
18
18
18
18
18
18
7E
00
00
08
18
18
ENDCHAR
STARTCHAR uni004C0325
ENCODING -1
SWIDTH 476 0
DWIDTH 11 0
BBX 11 21 0 -6
BITMAP
FC00
3000
3000
3000
3000
3000
3000
3000
3000
3000
3000
3000
3020
3020
FFE0
0000
0600
0F00
0F00
0F00
0E00
ENDCHAR
STARTCHAR Lcaron.Caron
ENCODING -1
SWIDTH 476 0
DWIDTH 11 0
BBX 11 21 0 0
BITMAP
2080
1100
0E00
0E00
0000
0000
FC00
3000
3000
3000
3000
3000
3000
3000
3000
3000
3000
3000
3020
3020
FFE0
ENDCHAR
STARTCHAR uni006D0300
ENCODING -1
SWIDTH 803 0
DWIDTH 20 0
BBX 20 17 0 0
BITMAP
038000
018000
00C000
004000
002000
000000
31C780
F7EFC0
3C78C0
3870C0
3060C0
3060C0
3060C0
3060C0
3060C0
3060C0
FDFBF0
ENDCHAR
STARTCHAR uni006D0302
ENCODING -1
SWIDTH 803 0
DWIDTH 20 0
BBX 20 17 0 0
BITMAP
006000
00E000
01B000
011800
020800
000000
31C780
F7EFC0
3C78C0
3870C0
3060C0
3060C0
3060C0
3060C0
3060C0
3060C0
FDFBF0
ENDCHAR
STARTCHAR uni006D030C
ENCODING -1
SWIDTH 803 0
DWIDTH 20 0
BBX 20 17 0 0
BITMAP
020800
011800
00B000
006000
000000
000000
31C780
F7EFC0
3C78C0
3870C0
3060C0
3060C0
3060C0
3060C0
3060C0
3060C0
FDFBF0
ENDCHAR
STARTCHAR uni006D0303
ENCODING -1
SWIDTH 803 0
DWIDTH 20 0
BBX 20 16 0 0
BITMAP
01C400
027800
023000
000000
000000
31C780
F7EFC0
3C78C0
3870C0
3060C0
3060C0
3060C0
3060C0
3060C0
3060C0
FDFBF0
ENDCHAR
STARTCHAR uni006D0304
ENCODING -1
SWIDTH 803 0
DWIDTH 20 0
BBX 20 15 0 0
BITMAP
03FC00
03FC00
000000
000000
31C780
F7EFC0
3C78C0
3870C0
3060C0
3060C0
3060C0
3060C0
3060C0
3060C0
FDFBF0
ENDCHAR
STARTCHAR uni006D030A
ENCODING -1
SWIDTH 803 0
DWIDTH 20 0
BBX 20 17 0 0
BITMAP
006000
00F000
00F000
00E000
00E000
000000
31C780
F7EFC0
3C78C0
3870C0
3060C0
3060C0
3060C0
3060C0
3060C0
3060C0
FDFBF0
ENDCHAR
STARTCHAR uni006D030D
ENCODING -1
SWIDTH 803 0
DWIDTH 20 0
BBX 20 17 0 0
BITMAP
006000
006000
006000
006000
006000
000000
31C780
F7EFC0
3C78C0
3870C0
3060C0
3060C0
3060C0
3060C0
3060C0
3060C0
FDFBF0
ENDCHAR
STARTCHAR uni006D0331
ENCODING -1
SWIDTH 803 0
DWIDTH 20 0
BBX 20 15 0 -4
BITMAP
31C780
F7EFC0
3C78C0
3870C0
3060C0
3060C0
3060C0
3060C0
3060C0
3060C0
78F1F0
850A00
000000
03FC00
03F800
ENDCHAR
STARTCHAR uni004D0300
ENCODING -1
SWIDTH 806 0
DWIDTH 19 0
BBX 17 21 1 0
BITMAP
060000
070000
038000
00C000
006000
000000
F00780
700700
780F00
780B00
680B00
6C1B00
6C1300
663300
662300
632300
636300
614300
61C300
618300
F08F80
ENDCHAR
STARTCHAR uni004D0302
ENCODING -1
SWIDTH 806 0
DWIDTH 19 0
BBX 17 20 1 0
BITMAP
01C000
01E000
022000
041000
000000
F00780
700700
780F00
780B00
680B00
6C1B00
6C1300
663300
662300
632300
636300
614300
61C300
618300
F08F80
ENDCHAR
STARTCHAR uni004D030C
ENCODING -1
SWIDTH 806 0
DWIDTH 19 0
BBX 17 21 1 0
BITMAP
041000
022000
01E000
01C000
000000
000000
F00780
700700
780F00
780B00
680B00
6C1B00
6C1300
663300
662300
632300
636300
614300
61C300
618300
F08F80
ENDCHAR
STARTCHAR uni004D0303
ENCODING -1
SWIDTH 806 0
DWIDTH 19 0
BBX 17 20 1 0
BITMAP
001000
031800
07A000
004000
000000
F00780
700700
780F00
780B00
680B00
6C1B00
6C1300
663300
662300
632300
636300
614300
61C300
618300
F08F80
ENDCHAR
STARTCHAR uni004D0304
ENCODING -1
SWIDTH 806 0
DWIDTH 19 0
BBX 17 19 1 0
BITMAP
07F800
07F000
000000
000000
F00780
700700
780F00
780B00
680B00
6C1B00
6C1300
663300
662300
632300
636300
614300
61C300
618300
F08F80
ENDCHAR
STARTCHAR uni004D030A
ENCODING -1
SWIDTH 806 0
DWIDTH 19 0
BBX 17 21 1 0
BITMAP
00C000
01E000
01E000
01C000
018000
000000
F00780
700700
780F00
780B00
680B00
6C1B00
6C1300
663300
662300
632300
636300
614300
61C300
618300
F08F80
ENDCHAR
STARTCHAR uni004D030D
ENCODING -1
SWIDTH 806 0
DWIDTH 19 0
BBX 17 21 1 0
BITMAP
00C000
00C000
00C000
00C000
00C000
000000
F00780
700700
780F00
780B00
680B00
6C1B00
6C1300
663300
662300
632300
636300
614300
61C300
618300
F08F80
ENDCHAR
STARTCHAR uni004D0331
ENCODING -1
SWIDTH 806 0
DWIDTH 19 0
BBX 17 19 1 -4
BITMAP
F00780
700700
780F00
780B00
680B00
6C1B00
6C1300
663300
662300
632300
636300
614300
61C300
618300
F08F80
000000
000000
07F800
07F000
ENDCHAR
STARTCHAR uni006E0302
ENCODING -1
SWIDTH 551 0
DWIDTH 13 0
BBX 13 17 0 0
BITMAP
0300
0700
0D80
08C0
1040
0000
31C0
F3E0
3460
3860
3060
3060
3060
3060
3060
3060
FDF8
ENDCHAR
STARTCHAR uni006E0304
ENCODING -1
SWIDTH 551 0
DWIDTH 13 0
BBX 13 15 0 0
BITMAP
1FE0
1FE0
0000
0000
31C0
F3E0
3460
3860
3060
3060
3060
3060
3060
3060
FDF8
ENDCHAR
STARTCHAR uni006E030A
ENCODING -1
SWIDTH 551 0
DWIDTH 13 0
BBX 13 17 0 0
BITMAP
0300
0780
0780
0700
0700
0000
31C0
F3E0
3460
3860
3060
3060
3060
3060
3060
3060
FDF8
ENDCHAR
STARTCHAR uni006E030D
ENCODING -1
SWIDTH 551 0
DWIDTH 13 0
BBX 13 17 0 0
BITMAP
0300
0300
0300
0300
0300
0000
31C0
F3E0
3460
3860
3060
3060
3060
3060
3060
3060
FDF8
ENDCHAR
STARTCHAR uni02720301
ENCODING -1
SWIDTH 546 0
DWIDTH 13 0
BBX 16 23 -3 -6
BITMAP
0018
0030
0030
0060
0040
0080
0238
1E7C
068C
070C
060C
060C
060C
060C
060C
060C
063F
0600
0600
0600
0C00
7800
F000
ENDCHAR
STARTCHAR uni02720304
ENCODING -1
SWIDTH 546 0
DWIDTH 13 0
BBX 16 21 -3 -6
BITMAP
03FC
03F8
0000
0000
0238
1E7C
068C
070C
060C
060C
060C
060C
060C
060C
063F
0600
0600
0600
0C00
7800
F000
ENDCHAR
STARTCHAR uni0272.LCStyle
ENCODING -1
SWIDTH 546 0
DWIDTH 13 0
BBX 16 17 -3 -6
BITMAP
0238
1E7C
068C
070C
060C
060C
060C
060C
060C
060C
063F
0600
0600
0600
0C00
7800
F000
ENDCHAR
STARTCHAR eng.BaselineHook
ENCODING -1
SWIDTH 546 0
DWIDTH 13 0
BBX 11 17 0 -6
BITMAP
11C0
F7E0
3460
3860
3060
3060
3060
3060
3060
3060
7C60
8060
0060
00C0
18C0
1F80
0E00
ENDCHAR
STARTCHAR eng.UCStyle
ENCODING -1
SWIDTH 546 0
DWIDTH 13 0
BBX 11 17 0 -6
BITMAP
11C0
F7E0
3460
3860
3060
3060
3060
3060
3060
3060
7C60
8060
0060
00C0
18C0
1F80
0E00
ENDCHAR
STARTCHAR eng.Kom
ENCODING -1
SWIDTH 546 0
DWIDTH 13 0
BBX 11 17 0 -6
BITMAP
11C0
F7E0
3460
3860
3060
3060
3060
3060
3060
3060
7C60
8060
0060
00C0
18C0
1F80
0E00
ENDCHAR
STARTCHAR uni014B0301
ENCODING -1
SWIDTH 546 0
DWIDTH 13 0
BBX 11 23 0 -6
BITMAP
00C0
01C0
0180
0300
0200
0000
11C0
F7E0
3460
3860
3060
3060
3060
3060
3060
3060
7C60
8060
0060
00C0
18C0
1F80
0E00
ENDCHAR
STARTCHAR uni014B0300
ENCODING -1
SWIDTH 546 0
DWIDTH 13 0
BBX 11 23 0 -6
BITMAP
1C00
0C00
0600
0200
0100
0000
11C0
F7E0
3460
3860
3060
3060
3060
3060
3060
3060
7C60
8060
0060
00C0
18C0
1F80
0E00
ENDCHAR
STARTCHAR uni014B0302
ENCODING -1
SWIDTH 546 0
DWIDTH 13 0
BBX 11 23 0 -6
BITMAP
0300
0700
0D80
08C0
1040
0000
11C0
F7E0
3460
3860
3060
3060
3060
3060
3060
3060
7C60
8060
0060
00C0
18C0
1F80
0E00
ENDCHAR
STARTCHAR uni014B0303
ENCODING -1
SWIDTH 546 0
DWIDTH 13 0
BBX 11 22 0 -6
BITMAP
0E20
13C0
1180
0000
0000
11C0
F7E0
3460
3860
3060
3060
3060
3060
3060
3060
7C60
8060
0060
00C0
18C0
1F80
0E00
ENDCHAR
STARTCHAR uni014B0323
ENCODING -1
SWIDTH 546 0
DWIDTH 13 0
BBX 11 22 0 -11
BITMAP
11C0
F7E0
3460
3860
3060
3060
3060
3060
3060
3060
7C60
8060
0060
00C0
18C0
1F80
0E00
0000
0000
0300
0300
0200
ENDCHAR
STARTCHAR uni004E0302
ENCODING -1
SWIDTH 648 0
DWIDTH 16 0
BBX 16 20 0 0
BITMAP
0180
03C0
0660
0820
0000
F03F
300C
380C
3C0C
360C
320C
330C
318C
30CC
306C
306C
303C
301C
301C
FC0C
ENDCHAR
STARTCHAR uni004E0304
ENCODING -1
SWIDTH 648 0
DWIDTH 16 0
BBX 16 19 0 0
BITMAP
0FF0
0FF0
0000
0000
F03F
300C
380C
3C0C
360C
320C
330C
318C
30CC
306C
306C
303C
301C
301C
FC0C
ENDCHAR
STARTCHAR uni004E030A
ENCODING -1
SWIDTH 648 0
DWIDTH 16 0
BBX 16 21 0 0
BITMAP
0180
03C0
03C0
0380
0380
0000
F03F
300C
380C
3C0C
360C
320C
330C
318C
30CC
306C
306C
303C
301C
301C
FC0C
ENDCHAR
STARTCHAR uni004E030D
ENCODING -1
SWIDTH 648 0
DWIDTH 16 0
BBX 16 21 0 0
BITMAP
0180
0180
0180
0180
0180
0000
F03F
300C
380C
3C0C
360C
320C
330C
318C
30CC
306C
306C
303C
301C
301C
FC0C
ENDCHAR
STARTCHAR uni019D0301
ENCODING -1
SWIDTH 648 0
DWIDTH 16 0
BBX 19 26 -3 -5
BITMAP
000C00
001C00
001800
003000
002000
000000
1E07E0
060180
070180
078180
06C180
064180
066180
063180
061980
061980
060D80
060780
060780
060380
060180
060080
060000
8C0000
F80000
F00000
ENDCHAR
STARTCHAR uni019D0304
ENCODING -1
SWIDTH 648 0
DWIDTH 16 0
BBX 19 24 -3 -5
BITMAP
01FE00
01FE00
000000
000000
1E07E0
060180
070180
078180
06C180
064180
066180
063180
061980
061980
060D80
060780
060780
060380
060180
060080
060000
8C0000
F80000
F00000
ENDCHAR
STARTCHAR Eng.UCStyle
ENCODING -1
SWIDTH 648 0
DWIDTH 16 0
BBX 16 20 0 -5
BITMAP
F03F
300C
380C
3C0C
360C
320C
330C
318C
30CC
30CC
306C
303C
303C
301C
FC0C
000C
000C
0098
01F8
00E0
ENDCHAR
STARTCHAR uni014A0301.UCStyle
ENCODING -1
SWIDTH 648 0
DWIDTH 16 0
BBX 16 26 0 -5
BITMAP
0020
0070
00C0
0180
0200
0000
F03F
300C
380C
3C0C
360C
320C
330C
318C
30CC
30CC
306C
303C
303C
301C
FC0C
000C
000C
0098
01F8
00E0
ENDCHAR
STARTCHAR uni014A0300.UCStyle
ENCODING -1
SWIDTH 648 0
DWIDTH 16 0
BBX 16 26 0 -5
BITMAP
0400
0E00
0700
0180
0040
0000
F03F
300C
380C
3C0C
360C
320C
330C
318C
30CC
30CC
306C
303C
303C
301C
FC0C
000C
000C
0098
01F8
00E0
ENDCHAR
STARTCHAR uni014A0302.UCStyle
ENCODING -1
SWIDTH 648 0
DWIDTH 16 0
BBX 16 25 0 -5
BITMAP
0180
03C0
0660
0820
0000
F03F
300C
380C
3C0C
360C
320C
330C
318C
30CC
30CC
306C
303C
303C
301C
FC0C
000C
000C
0098
01F8
00E0
ENDCHAR
STARTCHAR uni014A0303.UCStyle
ENCODING -1
SWIDTH 648 0
DWIDTH 16 0
BBX 16 25 0 -5
BITMAP
0020
0730
0FC0
0000
0000
F03F
300C
380C
3C0C
360C
320C
330C
318C
30CC
30CC
306C
303C
303C
301C
FC0C
000C
000C
0098
01F8
00E0
ENDCHAR
STARTCHAR uni014A0323.UCStyle
ENCODING -1
SWIDTH 648 0
DWIDTH 16 0
BBX 16 26 0 -11
BITMAP
F03F
300C
380C
3C0C
360C
320C
330C
318C
30CC
30CC
306C
303C
303C
301C
FC0C
000C
000C
0098
01F8
00E0
0000
0000
0000
0180
0180
0100
ENDCHAR
STARTCHAR uni019D.LCStyle
ENCODING -1
SWIDTH 644 0
DWIDTH 15 0
BBX 18 20 -3 -5
BITMAP
061E00
1E7F00
06E700
078300
078300
070300
060300
060300
060300
060300
060300
060300
060300
060300
060FC0
060000
060000
4C0000
F80000
700000
ENDCHAR
STARTCHAR Eng.BaselineHook
ENCODING -1
SWIDTH 597 0
DWIDTH 14 0
BBX 13 15 0 0
BITMAP
30F0
F3F8
3738
3C18
3818
3818
3018
3018
3018
3018
3018
3018
3130
33F0
F9C0
ENDCHAR
STARTCHAR uni014A0301.BaselineHook
ENCODING -1
SWIDTH 597 0
DWIDTH 14 0
BBX 13 21 0 0
BITMAP
0020
0070
00C0
0180
0200
0000
30F0
F3F8
3738
3C18
3818
3818
3018
3018
3018
3018
3018
3018
3130
33F0
F9C0
ENDCHAR
STARTCHAR uni014A0300.BaselineHook
ENCODING -1
SWIDTH 597 0
DWIDTH 14 0
BBX 13 21 0 0
BITMAP
0400
0E00
0700
0180
0040
0000
30F0
F3F8
3738
3C18
3818
3818
3018
3018
3018
3018
3018
3018
3130
33F0
F9C0
ENDCHAR
STARTCHAR uni014A0302.BaselineHook
ENCODING -1
SWIDTH 597 0
DWIDTH 14 0
BBX 13 20 0 0
BITMAP
0180
03C0
0660
0820
0000
30F0
F3F8
3738
3C18
3818
3818
3018
3018
3018
3018
3018
3018
3130
33F0
F9C0
ENDCHAR
STARTCHAR uni014A0303.BaselineHook
ENCODING -1
SWIDTH 597 0
DWIDTH 14 0
BBX 13 20 0 0
BITMAP
0020
0730
0FC0
0000
0000
30F0
F3F8
3738
3C18
3818
3818
3018
3018
3018
3018
3018
3018
3130
33F0
F9C0
ENDCHAR
STARTCHAR uni014A0323.BaselineHook
ENCODING -1
SWIDTH 597 0
DWIDTH 14 0
BBX 13 20 0 -5
BITMAP
30F0
F3F8
3738
3C18
3818
3818
3018
3018
3018
3018
3018
3018
3130
33F0
F9C0
0000
0000
0180
0180
0100
ENDCHAR
STARTCHAR uni014A0301
ENCODING -1
SWIDTH 603 0
DWIDTH 14 0
BBX 13 26 0 -5
BITMAP
0020
0070
00C0
0180
0200
0000
30F0
F3F8
3738
3C18
3818
3818
3018
3018
3018
3018
3018
3018
3018
3018
FC18
0010
0030
0C60
0FC0
0780
ENDCHAR
STARTCHAR uni014A0300
ENCODING -1
SWIDTH 603 0
DWIDTH 14 0
BBX 13 26 0 -5
BITMAP
0C00
0E00
0700
0180
00C0
0000
30F0
F3F8
3738
3C18
3818
3818
3018
3018
3018
3018
3018
3018
3018
3018
FC18
0010
0030
0C60
0FC0
0780
ENDCHAR
STARTCHAR uni014A0302
ENCODING -1
SWIDTH 603 0
DWIDTH 14 0
BBX 13 25 0 -5
BITMAP
0180
03C0
0460
0820
0000
30F0
F3F8
3738
3C18
3818
3818
3018
3018
3018
3018
3018
3018
3018
3018
FC18
0010
0030
0C60
0FC0
0780
ENDCHAR
STARTCHAR uni014A0303
ENCODING -1
SWIDTH 603 0
DWIDTH 14 0
BBX 13 25 0 -5
BITMAP
0020
0730
0FC0
0000
0000
30F0
F3F8
3738
3C18
3818
3818
3018
3018
3018
3018
3018
3018
3018
3018
FC18
0010
0030
0C60
0FC0
0780
ENDCHAR
STARTCHAR uni014A0323
ENCODING -1
SWIDTH 603 0
DWIDTH 14 0
BBX 13 26 0 -11
BITMAP
30F0
F3F8
3738
3C18
3818
3818
3018
3018
3018
3018
3018
3018
3018
3018
FC18
0010
0030
0C60
0FC0
0780
0000
0000
0000
0180
0180
0100
ENDCHAR
STARTCHAR Eng.Kom
ENCODING -1
SWIDTH 598 0
DWIDTH 14 0
BBX 12 15 0 0
BITMAP
31E0
F3F0
3670
3C30
3830
3030
3030
3030
FC30
0030
0030
3060
3860
1FC0
0F80
ENDCHAR
STARTCHAR uni014A0301.Kom
ENCODING -1
SWIDTH 598 0
DWIDTH 14 0
BBX 12 21 0 0
BITMAP
0060
00E0
01C0
0300
0600
0000
31E0
F3F0
3670
3C30
3830
3030
3030
3030
FC30
0030
0030
3060
3860
1FC0
0F80
ENDCHAR
STARTCHAR uni014A0300.Kom
ENCODING -1
SWIDTH 598 0
DWIDTH 14 0
BBX 12 21 0 0
BITMAP
0C00
1E00
0700
0180
00C0
0000
31E0
F3F0
3670
3C30
3830
3030
3030
3030
FC30
0030
0030
3060
3860
1FC0
0F80
ENDCHAR
STARTCHAR uni014A0302.Kom
ENCODING -1
SWIDTH 598 0
DWIDTH 14 0
BBX 12 20 0 0
BITMAP
0380
0780
0440
0820
0000
31E0
F3F0
3670
3C30
3830
3030
3030
3030
FC30
0030
0030
3060
3860
1FC0
0F80
ENDCHAR
STARTCHAR uni014A0303.Kom
ENCODING -1
SWIDTH 598 0
DWIDTH 14 0
BBX 12 20 0 0
BITMAP
0020
0620
0F40
1080
0000
31E0
F3F0
3670
3C30
3830
3030
3030
3030
FC30
0030
0030
3060
3860
1FC0
0F80
ENDCHAR
STARTCHAR uni014A0323.Kom
ENCODING -1
SWIDTH 598 0
DWIDTH 14 0
BBX 12 20 0 -5
BITMAP
31E0
F3F0
3670
3C30
3830
3030
3030
3030
FC30
0030
0030
3060
3860
1FC0
0F80
0000
0000
0100
0300
0100
ENDCHAR
STARTCHAR uni006F1DC7
ENCODING -1
SWIDTH 502 0
DWIDTH 12 0
BBX 10 17 1 0
BITMAP
1F80
1F80
3000
2000
6000
0000
1E00
2380
4180
C0C0
C0C0
C0C0
C0C0
C0C0
6180
7100
1E00
ENDCHAR
STARTCHAR uni1ED1.VN
ENCODING -1
SWIDTH 502 0
DWIDTH 12 0
BBX 11 19 1 0
BITMAP
0060
00C0
0C80
0E00
1B00
3100
2080
0000
1E00
2380
4180
C0C0
C0C0
C0C0
C0C0
C0C0
6180
7100
1E00
ENDCHAR
STARTCHAR uni1ED3.VN
ENCODING -1
SWIDTH 502 0
DWIDTH 12 0
BBX 10 19 1 0
BITMAP
C000
4000
2C00
0E00
1B00
3100
2080
0000
1E00
2380
4180
C0C0
C0C0
C0C0
C0C0
C0C0
6180
7100
1E00
ENDCHAR
STARTCHAR uni1ED7.VN
ENCODING -1
SWIDTH 502 0
DWIDTH 12 0
BBX 10 21 1 0
BITMAP
1880
3C80
2F00
4700
0C00
0E00
1B00
3100
2080
0000
1E00
2380
4180
C0C0
C0C0
C0C0
C0C0
C0C0
6180
7100
1E00
ENDCHAR
STARTCHAR uni1ED5.VN
ENCODING -1
SWIDTH 502 0
DWIDTH 12 0
BBX 11 20 1 0
BITMAP
00E0
0160
00C0
0C80
0E00
1B00
3100
2080
0000
1E00
2380
4180
C0C0
C0C0
C0C0
C0C0
C0C0
6180
7100
1E00
ENDCHAR
STARTCHAR uni00F50300
ENCODING -1
SWIDTH 502 0
DWIDTH 12 0
BBX 10 21 1 0
BITMAP
3000
1800
0800
0C00
0600
1C80
2F80
4700
0000
0000
1E00
2380
4180
C0C0
C0C0
C0C0
C0C0
C0C0
6180
7100
1E00
ENDCHAR
STARTCHAR uni00F50302
ENCODING -1
SWIDTH 502 0
DWIDTH 12 0
BBX 10 21 1 0
BITMAP
0C00
0E00
1B00
3100
2080
1C80
2F80
4700
0000
0000
1E00
2380
4180
C0C0
C0C0
C0C0
C0C0
C0C0
6180
7100
1E00
ENDCHAR
STARTCHAR uni006F1DC6
ENCODING -1
SWIDTH 502 0
DWIDTH 12 0
BBX 10 17 1 0
BITMAP
3F00
7F00
0180
0080
0040
0000
1E00
2380
4180
C0C0
C0C0
C0C0
C0C0
C0C0
6180
7100
1E00
ENDCHAR
STARTCHAR uni014D0302
ENCODING -1
SWIDTH 502 0
DWIDTH 12 0
BBX 10 21 1 0
BITMAP
0C00
0E00
1B00
3100
2080
0000
3F80
7F80
0000
0000
1E00
2380
4180
C0C0
C0C0
C0C0
C0C0
C0C0
6180
7100
1E00
ENDCHAR
STARTCHAR uni00F60301
ENCODING -1
SWIDTH 502 0
DWIDTH 12 0
BBX 10 21 1 0
BITMAP
0180
0300
0600
0400
0800
2100
6300
6300
0000
0000
1E00
2380
4180
C0C0
C0C0
C0C0
C0C0
C0C0
6180
7100
1E00
ENDCHAR
STARTCHAR uni00F60300
ENCODING -1
SWIDTH 502 0
DWIDTH 12 0
BBX 10 21 1 0
BITMAP
3000
1800
0800
0C00
0600
2100
6300
6300
0000
0000
1E00
2380
4180
C0C0
C0C0
C0C0
C0C0
C0C0
6180
7100
1E00
ENDCHAR
STARTCHAR uni00F60302
ENCODING -1
SWIDTH 502 0
DWIDTH 12 0
BBX 10 21 1 0
BITMAP
0C00
0E00
1B00
3100
2080
2100
6300
6300
0000
0000
1E00
2380
4180
C0C0
C0C0
C0C0
C0C0
C0C0
6180
7100
1E00
ENDCHAR
STARTCHAR uni00F60303
ENCODING -1
SWIDTH 502 0
DWIDTH 12 0
BBX 10 20 1 0
BITMAP
1C80
2F80
4700
0000
2100
6300
6300
0000
0000
1E00
2380
4180
C0C0
C0C0
C0C0
C0C0
C0C0
6180
7100
1E00
ENDCHAR
STARTCHAR uni006F030A
ENCODING -1
SWIDTH 502 0
DWIDTH 12 0
BBX 10 17 1 0
BITMAP
0E00
0E00
1E00
1E00
0C00
0000
1E00
2380
4180
C0C0
C0C0
C0C0
C0C0
C0C0
6180
7100
1E00
ENDCHAR
STARTCHAR uni006F030D
ENCODING -1
SWIDTH 502 0
DWIDTH 12 0
BBX 10 17 1 0
BITMAP
0C00
0C00
0C00
0C00
0C00
0000
1E00
2380
4180
C0C0
C0C0
C0C0
C0C0
C0C0
6180
7100
1E00
ENDCHAR
STARTCHAR uni006F0330
ENCODING -1
SWIDTH 502 0
DWIDTH 12 0
BBX 10 16 1 -5
BITMAP
1E00
2380
4180
C0C0
C0C0
C0C0
C0C0
C0C0
6180
7100
1E00
0000
0000
1C80
2F80
4700
ENDCHAR
STARTCHAR uni006F0331
ENCODING -1
SWIDTH 502 0
DWIDTH 12 0
BBX 10 15 1 -4
BITMAP
1E00
2380
4180
C0C0
C0C0
C0C0
C0C0
C0C0
6180
7100
1E00
0000
0000
3F80
7F80
ENDCHAR
STARTCHAR uni00F30331
ENCODING -1
SWIDTH 502 0
DWIDTH 12 0
BBX 10 21 1 -4
BITMAP
0180
0300
0600
0400
0800
0000
1E00
2380
4180
C0C0
C0C0
C0C0
C0C0
C0C0
6180
7100
1E00
0000
0000
3F80
7F80
ENDCHAR
STARTCHAR uni00F20331
ENCODING -1
SWIDTH 502 0
DWIDTH 12 0
BBX 10 21 1 -4
BITMAP
3000
1800
0800
0C00
0600
0000
1E00
2380
4180
C0C0
C0C0
C0C0
C0C0
C0C0
6180
7100
1E00
0000
0000
3F80
7F80
ENDCHAR
STARTCHAR uni00F40331
ENCODING -1
SWIDTH 502 0
DWIDTH 12 0
BBX 10 21 1 -4
BITMAP
0C00
0E00
1B00
3100
2080
0000
1E00
2380
4180
C0C0
C0C0
C0C0
C0C0
C0C0
6180
7100
1E00
0000
0000
3F80
7F80
ENDCHAR
STARTCHAR uni01D20331
ENCODING -1
SWIDTH 502 0
DWIDTH 12 0
BBX 10 21 1 -4
BITMAP
2080
3100
1A00
0C00
0000
0000
1E00
2380
4180
C0C0
C0C0
C0C0
C0C0
C0C0
6180
7100
1E00
0000
0000
3F80
7F80
ENDCHAR
STARTCHAR uni00F60331
ENCODING -1
SWIDTH 502 0
DWIDTH 12 0
BBX 10 20 1 -4
BITMAP
2100
6300
6300
0000
0000
1E00
2380
4180
C0C0
C0C0
C0C0
C0C0
C0C0
6180
7100
1E00
0000
0000
3F80
7F80
ENDCHAR
STARTCHAR uni1ECD0301
ENCODING -1
SWIDTH 502 0
DWIDTH 12 0
BBX 10 22 1 -5
BITMAP
0180
0300
0600
0400
0800
0000
1E00
2380
4180
C0C0
C0C0
C0C0
C0C0
C0C0
6180
7100
1E00
0000
0000
0400
0C00
0C00
ENDCHAR
STARTCHAR uni1ECD0300
ENCODING -1
SWIDTH 502 0
DWIDTH 12 0
BBX 10 22 1 -5
BITMAP
3000
1800
0800
0C00
0600
0000
1E00
2380
4180
C0C0
C0C0
C0C0
C0C0
C0C0
6180
7100
1E00
0000
0000
0400
0C00
0C00
ENDCHAR
STARTCHAR uni1ECD030C
ENCODING -1
SWIDTH 502 0
DWIDTH 12 0
BBX 10 22 1 -5
BITMAP
2080
3100
1A00
0C00
0000
0000
1E00
2380
4180
C0C0
C0C0
C0C0
C0C0
C0C0
6180
7100
1E00
0000
0000
0400
0C00
0C00
ENDCHAR
STARTCHAR uni1ECD0303
ENCODING -1
SWIDTH 502 0
DWIDTH 12 0
BBX 10 21 1 -5
BITMAP
1C80
2F80
4700
0000
0000
1E00
2380
4180
C0C0
C0C0
C0C0
C0C0
C0C0
6180
7100
1E00
0000
0000
0400
0C00
0C00
ENDCHAR
STARTCHAR uni006F031C
ENCODING -1
SWIDTH 502 0
DWIDTH 12 0
BBX 10 17 1 -6
BITMAP
1E00
2380
4180
C0C0
C0C0
C0C0
C0C0
C0C0
6180
7100
1E00
0000
0800
1800
3000
1800
1800
ENDCHAR
STARTCHAR uni00F3031C
ENCODING -1
SWIDTH 502 0
DWIDTH 12 0
BBX 10 23 1 -6
BITMAP
0180
0300
0600
0400
0800
0000
1E00
2380
4180
C0C0
C0C0
C0C0
C0C0
C0C0
6180
7100
1E00
0000
0800
1800
3000
1800
1800
ENDCHAR
STARTCHAR uni006F031C0331
ENCODING -1
SWIDTH 502 0
DWIDTH 12 0
BBX 10 21 1 -10
BITMAP
1E00
2380
4180
C0C0
C0C0
C0C0
C0C0
C0C0
6180
7100
1E00
0000
0800
1800
3000
1800
1800
0000
0000
3F80
7F80
ENDCHAR
STARTCHAR uni006F0327
ENCODING -1
SWIDTH 502 0
DWIDTH 12 0
BBX 10 16 1 -5
BITMAP
1E00
2380
4180
C0C0
C0C0
C0C0
C0C0
C0C0
6180
7100
1E00
0400
0E00
0600
0600
1800
ENDCHAR
STARTCHAR uni00F30327
ENCODING -1
SWIDTH 502 0
DWIDTH 12 0
BBX 10 22 1 -5
BITMAP
0180
0300
0600
0400
0800
0000
1E00
2380
4180
C0C0
C0C0
C0C0
C0C0
C0C0
6180
7100
1E00
0400
0E00
0600
0600
1800
ENDCHAR
STARTCHAR uni00F20327
ENCODING -1
SWIDTH 502 0
DWIDTH 12 0
BBX 10 22 1 -5
BITMAP
3000
3800
1800
0C00
0400
0200
1E00
2380
4180
C0C0
C0C0
C0C0
C0C0
C0C0
6180
7100
1E00
0400
0E00
0600
0600
1800
ENDCHAR
STARTCHAR uni00F40327
ENCODING -1
SWIDTH 502 0
DWIDTH 12 0
BBX 10 22 1 -5
BITMAP
0C00
0E00
1B00
3100
2080
0000
1E00
2380
4180
C0C0
C0C0
C0C0
C0C0
C0C0
6180
7100
1E00
0400
0E00
0600
0600
1800
ENDCHAR
STARTCHAR uni01D20327
ENCODING -1
SWIDTH 502 0
DWIDTH 12 0
BBX 10 22 1 -5
BITMAP
2080
3100
1B00
0E00
0C00
0000
1E00
2380
4180
C0C0
C0C0
C0C0
C0C0
C0C0
6180
7100
1E00
0400
0E00
0600
0600
1800
ENDCHAR
STARTCHAR uni01EB0301
ENCODING -1
SWIDTH 502 0
DWIDTH 12 0
BBX 10 22 1 -5
BITMAP
0180
0300
0600
0400
0800
0000
1E00
2380
4180
C0C0
C0C0
C0C0
C0C0
C0C0
6180
7180
1F00
0400
0C00
1800
1900
0E00
ENDCHAR
STARTCHAR uni01EB0300
ENCODING -1
SWIDTH 502 0
DWIDTH 12 0
BBX 10 22 1 -5
BITMAP
3000
1800
0800
0C00
0600
0000
1E00
2380
4180
C0C0
C0C0
C0C0
C0C0
C0C0
6180
7180
1F00
0400
0C00
1800
1900
0E00
ENDCHAR
STARTCHAR uni01EB.RetroHookStyle
ENCODING -1
SWIDTH 502 0
DWIDTH 12 0
BBX 10 17 1 -6
BITMAP
1E00
2380
4180
40C0
C0C0
C0C0
C0C0
C0C0
E180
7180
3F00
0C00
0C00
0C00
0CC0
0CC0
0780
ENDCHAR
STARTCHAR uni01ED.RetroHookStyle
ENCODING -1
SWIDTH 502 0
DWIDTH 12 0
BBX 10 21 1 -6
BITMAP
7F80
7F80
0000
0000
1E00
2380
4180
40C0
C0C0
C0C0
C0C0
C0C0
E180
7180
3F00
0C00
0C00
0C00
0CC0
0CC0
0780
ENDCHAR
STARTCHAR uni02750301
ENCODING -1
SWIDTH 502 0
DWIDTH 12 0
BBX 10 17 1 0
BITMAP
0380
0300
0600
0400
0800
0000
1E00
2380
4180
C0C0
C0C0
FFC0
C0C0
C0C0
6180
7100
1E00
ENDCHAR
STARTCHAR uni00F80331
ENCODING -1
SWIDTH 502 0
DWIDTH 12 0
BBX 10 16 1 -4
BITMAP
0040
1EC0
2380
4180
C2C0
C4C0
CCC0
C8C0
D0C0
7080
7100
DE00
8000
0000
7F80
7F80
ENDCHAR
STARTCHAR emptyset.SlashZero
ENCODING -1
SWIDTH 469 0
DWIDTH 11 0
BBX 9 16 1 -1
BITMAP
1D00
3F00
6300
4300
C580
C580
CD80
C980
C980
D180
D180
6100
6300
3E00
5C00
4000
ENDCHAR
STARTCHAR uni01530301
ENCODING -1
SWIDTH 792 0
DWIDTH 19 0
BBX 17 17 1 0
BITMAP
003000
006000
004000
008000
010000
000000
1E1E00
23A300
61C180
C0C180
C0FF80
C0C000
C0C000
C0E080
61F180
717F00
1E1C00
ENDCHAR
STARTCHAR uni01530300
ENCODING -1
SWIDTH 792 0
DWIDTH 19 0
BBX 17 17 1 0
BITMAP
060000
030000
018000
008000
004000
000000
1E1E00
23A300
61C180
C0C180
C0FF80
C0C000
C0C000
C0E080
61F180
717F00
1E1C00
ENDCHAR
STARTCHAR uni01530302
ENCODING -1
SWIDTH 792 0
DWIDTH 19 0
BBX 17 17 1 0
BITMAP
00C000
01C000
036000
063000
041000
000000
1E1E00
23A300
61C180
C0C180
C0FF80
C0C000
C0C000
C0E080
61F180
717F00
1E1C00
ENDCHAR
STARTCHAR uni0153030C
ENCODING -1
SWIDTH 792 0
DWIDTH 19 0
BBX 17 17 1 0
BITMAP
041000
022000
014000
01C000
000000
000000
1E1E00
23A300
61C180
C0C180
C0FF80
C0C000
C0C000
C0E080
61F180
717F00
1E1C00
ENDCHAR
STARTCHAR uni0223.OpenTop
ENCODING -1
SWIDTH 502 0
DWIDTH 12 0
BBX 10 18 1 0
BITMAP
0700
2180
3180
6180
6180
7300
3E00
1F00
3780
6380
61C0
C0C0
C0C0
C0C0
C0C0
6180
7100
1E00
ENDCHAR
STARTCHAR uni004F1DC7
ENCODING -1
SWIDTH 600 0
DWIDTH 14 0
BBX 12 21 1 0
BITMAP
0FC0
0FC0
1800
1000
2000
0000
0F00
1FC0
30E0
6060
4070
C030
C030
C030
C030
C030
E060
6060
70C0
3F80
1F00
ENDCHAR
STARTCHAR uni1ED0.VN
ENCODING -1
SWIDTH 600 0
DWIDTH 14 0
BBX 12 22 1 0
BITMAP
0030
0060
0680
0F00
1980
3040
0000
0F00
1FC0
30E0
6060
4070
C030
C030
C030
C030
C030
E060
6060
70C0
3F80
1F00
ENDCHAR
STARTCHAR uni1ED2.VN
ENCODING -1
SWIDTH 600 0
DWIDTH 14 0
BBX 12 22 1 0
BITMAP
C000
6000
1600
0F00
1980
3040
0000
0F00
1FC0
30E0
6060
4070
C030
C030
C030
C030
C030
E060
6060
70C0
3F80
1F00
ENDCHAR
STARTCHAR uni1ED6.VN
ENCODING -1
SWIDTH 600 0
DWIDTH 14 0
BBX 12 24 1 0
BITMAP
0C40
1E40
1780
2300
0600
0F00
1980
3040
0000
0F00
1FC0
30E0
6060
4070
C030
C030
C030
C030
C030
E060
6060
70C0
3F80
1F00
ENDCHAR
STARTCHAR uni1ED4.VN
ENCODING -1
SWIDTH 600 0
DWIDTH 14 0
BBX 12 23 1 0
BITMAP
0070
00B0
0040
0640
0F00
1980
3040
0000
0F00
1FC0
30E0
6060
4070
C030
C030
C030
C030
C030
E060
6060
70C0
3F80
1F00
ENDCHAR
STARTCHAR uni00D50300
ENCODING -1
SWIDTH 600 0
DWIDTH 14 0
BBX 12 25 1 0
BITMAP
1000
3800
0C00
0600
0100
0040
0C40
3E80
0100
0000
0F00
1FC0
30E0
6060
4070
C030
C030
C030
C030
C030
E060
6060
70C0
3F80
1F00
ENDCHAR
STARTCHAR uni00D50302
ENCODING -1
SWIDTH 600 0
DWIDTH 14 0
BBX 12 24 1 0
BITMAP
0600
0F00
1980
3040
0040
0C40
3E80
0100
0000
0F00
1FC0
30E0
6060
4070
C030
C030
C030
C030
C030
E060
6060
70C0
3F80
1F00
ENDCHAR
STARTCHAR uni004F1DC6
ENCODING -1
SWIDTH 600 0
DWIDTH 14 0
BBX 12 21 1 0
BITMAP
1F80
3F80
00C0
0040
0020
0000
0F00
1FC0
30E0
6060
4070
C030
C030
C030
C030
C030
E060
6060
70C0
3F80
1F00
ENDCHAR
STARTCHAR uni014C0302
ENCODING -1
SWIDTH 600 0
DWIDTH 14 0
BBX 12 24 1 0
BITMAP
0600
0F00
1980
3040
0000
1FC0
3FC0
0000
0000
0F00
1FC0
30E0
6060
4070
C030
C030
C030
C030
C030
E060
6060
70C0
3F80
1F00
ENDCHAR
STARTCHAR uni00D60301
ENCODING -1
SWIDTH 600 0
DWIDTH 14 0
BBX 12 25 1 0
BITMAP
0080
01C0
0380
0600
0C00
0000
1080
3180
3180
0000
0F00
1FC0
30E0
6060
4070
C030
C030
C030
C030
C030
E060
6060
70C0
3F80
1F00
ENDCHAR
STARTCHAR uni00D60300
ENCODING -1
SWIDTH 600 0
DWIDTH 14 0
BBX 12 25 1 0
BITMAP
1000
3800
0C00
0600
0100
0000
1080
3180
3180
0000
0F00
1FC0
30E0
6060
4070
C030
C030
C030
C030
C030
E060
6060
70C0
3F80
1F00
ENDCHAR
STARTCHAR uni00D60302
ENCODING -1
SWIDTH 600 0
DWIDTH 14 0
BBX 12 24 1 0
BITMAP
0600
0F00
1980
3040
0000
1080
3180
3180
0000
0F00
1FC0
30E0
6060
4070
C030
C030
C030
C030
C030
E060
6060
70C0
3F80
1F00
ENDCHAR
STARTCHAR uni00D60303
ENCODING -1
SWIDTH 600 0
DWIDTH 14 0
BBX 12 24 1 0
BITMAP
0040
0C40
3E80
0100
0000
1080
3180
3180
0000
0F00
1FC0
30E0
6060
4070
C030
C030
C030
C030
C030
E060
6060
70C0
3F80
1F00
ENDCHAR
STARTCHAR uni004F030A
ENCODING -1
SWIDTH 600 0
DWIDTH 14 0
BBX 12 21 1 0
BITMAP
0700
0700
0F00
0F00
0600
0000
0F00
1FC0
30E0
6060
4070
C030
C030
C030
C030
C030
E060
6060
70C0
3F80
1F00
ENDCHAR
STARTCHAR uni004F030D
ENCODING -1
SWIDTH 600 0
DWIDTH 14 0
BBX 12 21 1 0
BITMAP
0600
0600
0600
0600
0600
0000
0F00
1FC0
30E0
6060
4070
C030
C030
C030
C030
C030
E060
6060
70C0
3F80
1F00
ENDCHAR
STARTCHAR uni004F0330
ENCODING -1
SWIDTH 600 0
DWIDTH 14 0
BBX 12 20 1 -5
BITMAP
0F00
1FC0
30E0
6060
4070
C030
C030
C030
C030
C030
E060
6060
70C0
3F80
1F00
0000
0000
0E40
17C0
2380
ENDCHAR
STARTCHAR uni004F0331
ENCODING -1
SWIDTH 600 0
DWIDTH 14 0
BBX 12 19 1 -4
BITMAP
0F00
1FC0
30E0
6060
4070
C030
C030
C030
C030
C030
E060
6060
70C0
3F80
1F00
0000
0000
1FC0
3FC0
ENDCHAR
STARTCHAR uni00D30331
ENCODING -1
SWIDTH 600 0
DWIDTH 14 0
BBX 12 25 1 -4
BITMAP
0080
01C0
0380
0600
0C00
0000
0F00
1FC0
30E0
6060
4070
C030
C030
C030
C030
C030
E060
6060
70C0
3F80
1F00
0000
0000
1FC0
3FC0
ENDCHAR
STARTCHAR uni00D20331
ENCODING -1
SWIDTH 600 0
DWIDTH 14 0
BBX 12 25 1 -4
BITMAP
1000
3800
0C00
0600
0100
0000
0F00
1FC0
30E0
6060
4070
C030
C030
C030
C030
C030
E060
6060
70C0
3F80
1F00
0000
0000
1FC0
3FC0
ENDCHAR
STARTCHAR uni00D40331
ENCODING -1
SWIDTH 600 0
DWIDTH 14 0
BBX 12 24 1 -4
BITMAP
0600
0F00
1980
3040
0000
0F00
1FC0
30E0
6060
4070
C030
C030
C030
C030
C030
E060
6060
70C0
3F80
1F00
0000
0000
1FC0
3FC0
ENDCHAR
STARTCHAR uni01D10331
ENCODING -1
SWIDTH 600 0
DWIDTH 14 0
BBX 12 25 1 -4
BITMAP
1040
3980
0F00
0600
0000
0000
0F00
1FC0
30E0
6060
4070
C030
C030
C030
C030
C030
E060
6060
70C0
3F80
1F00
0000
0000
1FC0
3FC0
ENDCHAR
STARTCHAR uni00D60331
ENCODING -1
SWIDTH 600 0
DWIDTH 14 0
BBX 12 23 1 -4
BITMAP
1080
3180
3180
0000
0F00
1FC0
30E0
6060
4070
C030
C030
C030
C030
C030
E060
6060
70C0
3F80
1F00
0000
0000
1FC0
3FC0
ENDCHAR
STARTCHAR uni1ECC0301
ENCODING -1
SWIDTH 600 0
DWIDTH 14 0
BBX 12 26 1 -5
BITMAP
0080
01C0
0380
0600
0C00
0000
0F00
1FC0
30E0
6060
4070
C030
C030
C030
C030
C030
E060
6060
70C0
3F80
1F00
0000
0000
0200
0600
0600
ENDCHAR
STARTCHAR uni1ECC0300
ENCODING -1
SWIDTH 600 0
DWIDTH 14 0
BBX 12 26 1 -5
BITMAP
1000
3800
0C00
0600
0100
0000
0F00
1FC0
30E0
6060
4070
C030
C030
C030
C030
C030
E060
6060
70C0
3F80
1F00
0000
0000
0200
0600
0600
ENDCHAR
STARTCHAR uni1ECC030C
ENCODING -1
SWIDTH 600 0
DWIDTH 14 0
BBX 12 26 1 -5
BITMAP
1040
3980
0F00
0600
0000
0000
0F00
1FC0
30E0
6060
4070
C030
C030
C030
C030
C030
E060
6060
70C0
3F80
1F00
0000
0000
0200
0600
0600
ENDCHAR
STARTCHAR uni1ECC0303
ENCODING -1
SWIDTH 600 0
DWIDTH 14 0
BBX 12 25 1 -5
BITMAP
0040
0C40
3E80
0100
0000
0F00
1FC0
30E0
6060
4070
C030
C030
C030
C030
C030
E060
6060
70C0
3F80
1F00
0000
0000
0200
0600
0600
ENDCHAR
STARTCHAR uni004F031C
ENCODING -1
SWIDTH 600 0
DWIDTH 14 0
BBX 12 21 1 -6
BITMAP
0F00
1FC0
30E0
6060
4070
C030
C030
C030
C030
C030
E060
6060
70C0
3F80
1F00
0000
0400
0C00
1800
1800
0400
ENDCHAR
STARTCHAR uni00D3031C
ENCODING -1
SWIDTH 600 0
DWIDTH 14 0
BBX 12 27 1 -6
BITMAP
0080
01C0
0380
0600
0C00
0000
0F00
1FC0
30E0
6060
4070
C030
C030
C030
C030
C030
E060
6060
70C0
3F80
1F00
0000
0400
0C00
1800
1800
0400
ENDCHAR
STARTCHAR uni004F031C0331
ENCODING -1
SWIDTH 600 0
DWIDTH 14 0
BBX 12 25 1 -10
BITMAP
0F00
1FC0
30E0
6060
4070
C030
C030
C030
C030
C030
E060
6060
70C0
3F80
1F00
0000
0400
0C00
1800
1800
0400
0000
0000
1FC0
3FC0
ENDCHAR
STARTCHAR uni004F0327
ENCODING -1
SWIDTH 600 0
DWIDTH 14 0
BBX 12 20 1 -5
BITMAP
0F00
1FC0
30E0
6060
6070
C030
C030
C030
C030
C030
C030
6020
6060
3040
1980
0600
0600
0300
0300
0C00
ENDCHAR
STARTCHAR uni00D30327
ENCODING -1
SWIDTH 600 0
DWIDTH 14 0
BBX 12 25 1 -5
BITMAP
00C0
01C0
0300
0C00
0000
0F00
1FC0
30E0
6060
6070
C030
C030
C030
C030
C030
C030
6020
6060
3040
1980
0600
0600
0300
0300
0C00
ENDCHAR
STARTCHAR uni00D20327
ENCODING -1
SWIDTH 600 0
DWIDTH 14 0
BBX 12 25 1 -5
BITMAP
1000
3C00
0E00
0300
0000
0F00
1FC0
30E0
6060
6070
C030
C030
C030
C030
C030
C030
6020
6060
3040
1980
0600
0600
0300
0300
0C00
ENDCHAR
STARTCHAR uni00D40327
ENCODING -1
SWIDTH 600 0
DWIDTH 14 0
BBX 12 25 1 -5
BITMAP
0600
0F00
1980
1040
2000
0F00
1FC0
30E0
6060
6070
C030
C030
C030
C030
C030
C030
6020
6060
3040
1980
0600
0600
0300
0300
0C00
ENDCHAR
STARTCHAR uni01D10327
ENCODING -1
SWIDTH 600 0
DWIDTH 14 0
BBX 12 25 1 -5
BITMAP
1040
3980
0F00
0600
0000
0F00
1FC0
30E0
6060
6070
C030
C030
C030
C030
C030
C030
6020
6060
3040
1980
0600
0600
0300
0300
0C00
ENDCHAR
STARTCHAR uni01EA0301
ENCODING -1
SWIDTH 600 0
DWIDTH 14 0
BBX 12 25 1 -5
BITMAP
00C0
01C0
0300
0C00
0000
0F80
1FC0
30E0
6060
4070
C030
C030
C030
C030
C030
E070
6060
70E0
3FC0
1F80
0200
0600
0C00
0C80
0700
ENDCHAR
STARTCHAR uni01EA0300
ENCODING -1
SWIDTH 600 0
DWIDTH 14 0
BBX 12 25 1 -5
BITMAP
1000
3C00
0E00
0300
0000
0F80
1FC0
30E0
6060
4070
C030
C030
C030
C030
C030
E070
6060
70E0
3FC0
1F80
0200
0600
0C00
0C80
0700
ENDCHAR
STARTCHAR uni01EA.RetroHookStyle
ENCODING -1
SWIDTH 600 0
DWIDTH 14 0
BBX 12 21 1 -6
BITMAP
0F00
1FC0
30E0
6060
6070
C030
C030
C030
C030
C030
C030
6020
6060
3040
1980
0600
0600
0600
0660
0660
03C0
ENDCHAR
STARTCHAR uni01EC.RetroHookStyle
ENCODING -1
SWIDTH 600 0
DWIDTH 14 0
BBX 12 25 1 -6
BITMAP
1FC0
3FC0
0000
0000
0F00
1FC0
30E0
6060
6070
C030
C030
C030
C030
C030
C030
6020
6060
3040
1980
0600
0600
0600
0660
0660
03C0
ENDCHAR
STARTCHAR uni019F0301
ENCODING -1
SWIDTH 600 0
DWIDTH 14 0
BBX 12 21 1 0
BITMAP
0080
01C0
0380
0600
0800
0000
0F00
1FC0
30E0
6060
6070
C030
C030
FFF0
C030
C030
E020
6060
70C0
3F80
1F00
ENDCHAR
STARTCHAR uni00D80331
ENCODING -1
SWIDTH 600 0
DWIDTH 14 0
BBX 12 19 1 -4
BITMAP
0F30
1FE0
30E0
6060
60F0
C130
C330
C230
C430
C830
D020
6060
70C0
7F80
CF00
8000
0000
3FC0
3FC0
ENDCHAR
STARTCHAR uni01520301
ENCODING -1
SWIDTH 797 0
DWIDTH 19 0
BBX 18 21 1 0
BITMAP
001000
003800
00E000
01C000
010000
000000
0FFF80
106080
206080
606000
406000
C06000
C07F00
C06200
C06000
C06000
E06000
706040
786080
3FFF80
0FFF80
ENDCHAR
STARTCHAR uni01520300
ENCODING -1
SWIDTH 797 0
DWIDTH 19 0
BBX 18 21 1 0
BITMAP
060000
070000
038000
00C000
006000
000000
0FFF80
106080
206080
606000
406000
C06000
C07F00
C06200
C06000
C06000
E06000
706040
786080
3FFF80
0FFF80
ENDCHAR
STARTCHAR uni01520302
ENCODING -1
SWIDTH 797 0
DWIDTH 19 0
BBX 18 20 1 0
BITMAP
00C000
01E000
022000
041000
000000
0FFF80
106080
206080
606000
406000
C06000
C07F00
C06200
C06000
C06000
E06000
706040
786080
3FFF80
0FFF80
ENDCHAR
STARTCHAR uni0152030C
ENCODING -1
SWIDTH 797 0
DWIDTH 19 0
BBX 18 21 1 0
BITMAP
041000
022000
01E000
00C000
000000
000000
0FFF80
106080
206080
606000
406000
C06000
C07F00
C06200
C06000
C06000
E06000
706040
786080
3FFF80
0FFF80
ENDCHAR
STARTCHAR uni0222.OpenTop
ENCODING -1
SWIDTH 566 0
DWIDTH 13 0
BBX 11 15 1 0
BITMAP
0780
30C0
60C0
60C0
7980
3E00
1380
60C0
4060
C060
C060
E060
F0C0
7F80
3F00
ENDCHAR
STARTCHAR uni1D3D.OpenTop
ENCODING -1
SWIDTH 396 0
DWIDTH 10 0
BBX 9 9 0 7
BITMAP
0E00
6300
6300
3C00
6700
C180
C180
E300
7E00
ENDCHAR
STARTCHAR uni1D15.OpenTop
ENCODING -1
SWIDTH 439 0
DWIDTH 11 0
BBX 9 11 1 0
BITMAP
0E00
2300
6300
7600
3E00
6700
C380
C180
C180
E300
3E00
ENDCHAR
STARTCHAR uni00700303
ENCODING -1
SWIDTH 529 0
DWIDTH 13 0
BBX 12 22 0 -6
BITMAP
0E40
17C0
2380
0000
0000
31C0
F7E0
3CF0
3870
3030
3030
3030
3020
3860
3FC0
3380
3000
3000
3000
3000
3000
FC00
ENDCHAR
STARTCHAR uni00700304
ENCODING -1
SWIDTH 529 0
DWIDTH 13 0
BBX 12 21 0 -6
BITMAP
1FC0
3FC0
0000
0000
31C0
F7E0
3CF0
3870
3030
3030
3030
3020
3860
3FC0
3380
3000
3000
3000
3000
3000
FC00
ENDCHAR
STARTCHAR uni00700331
ENCODING -1
SWIDTH 529 0
DWIDTH 13 0
BBX 12 21 0 -10
BITMAP
31C0
F7E0
3CF0
3870
3030
3030
3030
3020
3860
3FC0
3380
3000
3000
3000
3000
3000
FC00
0000
0000
1FC0
3FC0
ENDCHAR
STARTCHAR uni01A5.BowlHook
ENCODING -1
SWIDTH 529 0
DWIDTH 12 0
BBX 16 24 0 -6
BITMAP
000E
001E
0027
0060
0060
0060
0060
33E0
F7E0
3CE0
38E0
3060
3060
3060
3060
38C0
3F80
3300
3000
3000
3000
3000
3000
FC00
ENDCHAR
STARTCHAR uni00500303
ENCODING -1
SWIDTH 522 0
DWIDTH 13 0
BBX 12 20 0 0
BITMAP
0040
1C40
3E80
0100
0000
7F80
B0E0
3070
3030
3030
3030
3060
30E0
3F80
3000
3000
3000
3000
3000
FC00
ENDCHAR
STARTCHAR uni00500304
ENCODING -1
SWIDTH 522 0
DWIDTH 13 0
BBX 12 19 0 0
BITMAP
3FC0
3FC0
0000
0000
7F80
B0E0
3070
3030
3030
3030
3060
30E0
3F80
3000
3000
3000
3000
3000
FC00
ENDCHAR
STARTCHAR uni00500331
ENCODING -1
SWIDTH 522 0
DWIDTH 13 0
BBX 12 19 0 -4
BITMAP
7F80
B0E0
3070
3030
3030
3030
3060
30E0
3F80
3000
3000
3000
3000
3000
FC00
0000
0000
3FC0
3FC0
ENDCHAR
STARTCHAR uni00720303
ENCODING -1
SWIDTH 395 0
DWIDTH 10 0
BBX 9 16 0 0
BITMAP
1C80
2F80
4700
0000
0000
3380
F780
3C80
3880
3000
3000
3000
3000
3000
3000
FC00
ENDCHAR
STARTCHAR uni00720325
ENCODING -1
SWIDTH 395 0
DWIDTH 10 0
BBX 9 17 0 -6
BITMAP
3380
F780
3C80
3880
3000
3000
3000
3000
3000
3000
FC00
0000
3800
3800
7800
7800
3000
ENDCHAR
STARTCHAR uni027D.LCStyle
ENCODING -1
SWIDTH 395 0
DWIDTH 10 0
BBX 9 17 0 -6
BITMAP
3380
F780
3C80
3880
3000
3000
3000
3000
3000
3000
3000
3000
3000
3000
3180
3100
1E00
ENDCHAR
STARTCHAR uni00520303
ENCODING -1
SWIDTH 561 0
DWIDTH 13 0
BBX 13 20 0 0
BITMAP
0040
1C40
3E80
0100
0000
7F00
B180
30C0
30C0
30C0
30C0
3180
3E00
3200
3300
3180
3180
30C0
30E0
FC78
ENDCHAR
STARTCHAR uni00520325
ENCODING -1
SWIDTH 561 0
DWIDTH 13 0
BBX 13 21 0 -6
BITMAP
7F00
B180
30C0
30C0
30C0
30C0
3180
3E00
3200
3300
3180
3180
30C0
30E0
FC78
0000
0700
0F00
0F00
0F00
0600
ENDCHAR
STARTCHAR uni2C64.LCStyle
ENCODING -1
SWIDTH 425 0
DWIDTH 10 0
BBX 10 19 0 -4
BITMAP
33C0
F7C0
3C80
3880
3800
3000
3000
3000
3000
3000
3000
3000
3000
3000
3000
3000
3180
3100
1E00
ENDCHAR
STARTCHAR uni1E63030C
ENCODING -1
SWIDTH 386 0
DWIDTH 9 0
BBX 7 22 1 -5
BITMAP
82
44
2C
18
00
00
7C
CC
C0
E0
78
3C
0E
06
86
84
F8
00
00
18
18
10
ENDCHAR
STARTCHAR scedilla.CommaStyle
ENCODING -1
SWIDTH 386 0
DWIDTH 9 0
BBX 7 17 1 -6
BITMAP
7C
CC
C0
E0
78
3C
0E
06
86
84
F8
00
10
38
18
18
10
ENDCHAR
STARTCHAR uni1E62030C
ENCODING -1
SWIDTH 476 0
DWIDTH 11 0
BBX 9 26 1 -5
BITMAP
4180
3300
1E00
0C00
0000
0000
3E00
6300
C000
C000
E000
7800
3C00
0F00
0380
0180
8180
8180
C300
FF00
3C00
0000
0000
0C00
0C00
0C00
ENDCHAR
STARTCHAR Scedilla.CommaStyle
ENCODING -1
SWIDTH 476 0
DWIDTH 11 0
BBX 9 21 1 -6
BITMAP
3E00
6300
C000
C000
E000
7800
3C00
0F00
0380
0180
8180
8180
C300
FF00
3C00
0000
0C00
1C00
0400
0400
0800
ENDCHAR
STARTCHAR tcaron.Caron
ENCODING -1
SWIDTH 344 0
DWIDTH 8 0
BBX 8 20 0 0
BITMAP
81
62
34
18
00
10
30
30
30
FF
30
30
30
30
30
30
30
31
3E
1C
ENDCHAR
STARTCHAR uni00740304
ENCODING -1
SWIDTH 344 0
DWIDTH 8 0
BBX 8 18 0 0
BITMAP
7F
FF
00
10
30
30
30
FF
30
30
30
30
30
30
30
31
3E
1C
ENDCHAR
STARTCHAR uni0163.CommaStyle
ENCODING -1
SWIDTH 344 0
DWIDTH 8 0
BBX 8 21 0 -6
BITMAP
10
30
30
30
FF
30
30
30
30
30
30
30
31
3E
1C
00
18
38
0C
08
10
ENDCHAR
STARTCHAR uni01AD.RtHook
ENCODING -1
SWIDTH 344 0
DWIDTH 8 0
BBX 9 18 0 0
BITMAP
0700
1F00
1B80
3000
3000
3000
3000
FF00
3000
3000
3000
3000
3000
3000
3000
3100
3E00
1C00
ENDCHAR
STARTCHAR uni0442.Serb
ENCODING -1
SWIDTH 465 0
DWIDTH 11 0
BBX 10 11 1 0
BITMAP
FFC0
8C40
8C40
0C00
0C00
0C00
0C00
0C00
0C00
0C00
3F00
ENDCHAR
STARTCHAR uni00540304
ENCODING -1
SWIDTH 550 0
DWIDTH 13 0
BBX 12 19 0 0
BITMAP
1FC0
1FC0
0000
0000
FFF0
8610
8610
0600
0600
0600
0600
0600
0600
0600
0600
0600
0600
0600
1F80
ENDCHAR
STARTCHAR uni0162.CommaStyle
ENCODING -1
SWIDTH 550 0
DWIDTH 13 0
BBX 12 21 0 -6
BITMAP
FFF0
8610
8610
0600
0600
0600
0600
0600
0600
0600
0600
0600
0600
0600
1F80
0000
0200
0F00
0300
0200
0600
ENDCHAR
STARTCHAR uni01AC.RtHook
ENCODING -1
SWIDTH 587 0
DWIDTH 14 0
BBX 12 15 1 0
BITMAP
FFE0
8630
8630
0670
0620
0600
0600
0600
0600
0600
0600
0600
0600
0600
1F80
ENDCHAR
STARTCHAR uni00F90303
ENCODING -1
SWIDTH 529 0
DWIDTH 13 0
BBX 13 20 0 0
BITMAP
0E40
13C0
2180
1800
0C00
0400
0200
0100
0000
30E0
F160
3060
3060
3060
3060
3060
3060
31E0
3F68
1E70
ENDCHAR
STARTCHAR uni01690300
ENCODING -1
SWIDTH 529 0
DWIDTH 13 0
BBX 13 21 0 0
BITMAP
1800
0C00
0400
0200
0100
0E40
13C0
2180
0000
0000
30E0
F160
3060
3060
3060
3060
3060
3060
31E0
3F68
1E70
ENDCHAR
STARTCHAR uni01690302
ENCODING -1
SWIDTH 529 0
DWIDTH 13 0
BBX 13 21 0 0
BITMAP
0600
0700
0D80
1880
1040
0E40
13C0
2180
0000
0000
30E0
F160
3060
3060
3060
3060
3060
3060
31E0
3F68
1E70
ENDCHAR
STARTCHAR uni016B0301
ENCODING -1
SWIDTH 529 0
DWIDTH 13 0
BBX 13 21 0 0
BITMAP
00C0
0180
0300
0200
0400
0000
1FC0
1FC0
0000
0000
30E0
F160
3060
3060
3060
3060
3060
3060
31E0
3F68
1E70
ENDCHAR
STARTCHAR uni016B0300
ENCODING -1
SWIDTH 529 0
DWIDTH 13 0
BBX 13 21 0 0
BITMAP
1800
0C00
0400
0200
0100
0000
1FC0
1FC0
0000
0000
30E0
F160
3060
3060
3060
3060
3060
3060
31E0
3F68
1E70
ENDCHAR
STARTCHAR uni016B0302
ENCODING -1
SWIDTH 529 0
DWIDTH 13 0
BBX 13 21 0 0
BITMAP
0600
0700
0D80
1880
1040
0000
1FC0
1FC0
0000
0000
30E0
F160
3060
3060
3060
3060
3060
3060
31E0
3F68
1E70
ENDCHAR
STARTCHAR uni00FC0302
ENCODING -1
SWIDTH 529 0
DWIDTH 13 0
BBX 13 21 0 0
BITMAP
0600
0700
0D80
1880
1040
1080
3180
1080
0000
0000
30E0
F160
3060
3060
3060
3060
3060
3060
31E0
3F68
1E70
ENDCHAR
STARTCHAR uni00FC0303
ENCODING -1
SWIDTH 529 0
DWIDTH 13 0
BBX 13 20 0 0
BITMAP
0E40
13C0
2180
0000
1080
3180
1080
0000
0000
30E0
F160
3060
3060
3060
3060
3060
3060
31E0
3F68
1E70
ENDCHAR
STARTCHAR uni00FC03030301
ENCODING -1
SWIDTH 529 0
DWIDTH 13 0
BBX 13 25 0 0
BITMAP
00C0
0180
0300
0200
0400
0E40
13C0
2180
0000
1080
3180
1080
0000
0000
30E0
F160
3060
3060
3060
3060
3060
3060
31E0
3F68
1E70
ENDCHAR
STARTCHAR uni0075030D
ENCODING -1
SWIDTH 529 0
DWIDTH 13 0
BBX 13 17 0 0
BITMAP
0300
0300
0300
0300
0300
0000
30E0
F160
3060
3060
3060
3060
3060
3060
31E0
3F68
1E70
ENDCHAR
STARTCHAR uni00750331
ENCODING -1
SWIDTH 529 0
DWIDTH 13 0
BBX 13 15 0 -4
BITMAP
30E0
F160
3060
3060
3060
3060
3060
3060
31E0
3F68
1E70
0000
0000
1FC0
3FC0
ENDCHAR
STARTCHAR uni00FA0331
ENCODING -1
SWIDTH 529 0
DWIDTH 13 0
BBX 13 21 0 -4
BITMAP
00C0
0180
0300
0200
0400
0000
30E0
F160
3060
3060
3060
3060
3060
3060
31E0
3F68
1E70
0000
0000
1FC0
3FC0
ENDCHAR
STARTCHAR uni00F90331
ENCODING -1
SWIDTH 529 0
DWIDTH 13 0
BBX 13 21 0 -4
BITMAP
1800
0C00
0400
0200
0100
0000
30E0
F160
3060
3060
3060
3060
3060
3060
31E0
3F68
1E70
0000
0000
1FC0
3FC0
ENDCHAR
STARTCHAR uni00FB0331
ENCODING -1
SWIDTH 529 0
DWIDTH 13 0
BBX 13 21 0 -4
BITMAP
0600
0700
0D80
1880
1040
0000
30E0
F160
3060
3060
3060
3060
3060
3060
31E0
3F68
1E70
0000
0000
1FC0
3FC0
ENDCHAR
STARTCHAR uni01D40331
ENCODING -1
SWIDTH 529 0
DWIDTH 13 0
BBX 13 21 0 -4
BITMAP
1040
0880
0D00
0600
0000
0000
30E0
F160
3060
3060
3060
3060
3060
3060
31E0
3F68
1E70
0000
0000
1FC0
3FC0
ENDCHAR
STARTCHAR uni00FC0331
ENCODING -1
SWIDTH 529 0
DWIDTH 13 0
BBX 13 20 0 -4
BITMAP
1080
3180
1080
0000
0000
30E0
F160
3060
3060
3060
3060
3060
3060
31E0
3F68
1E70
0000
0000
1FC0
3FC0
ENDCHAR
STARTCHAR uni01D80331
ENCODING -1
SWIDTH 529 0
DWIDTH 13 0
BBX 13 25 0 -4
BITMAP
00C0
0180
0300
0200
0400
1080
3180
1080
0000
0000
30E0
F160
3060
3060
3060
3060
3060
3060
31E0
3F68
1E70
0000
0000
1FC0
3FC0
ENDCHAR
STARTCHAR uni1EE50301
ENCODING -1
SWIDTH 529 0
DWIDTH 13 0
BBX 13 22 0 -5
BITMAP
00C0
0180
0300
0200
0400
0000
30E0
F160
3060
3060
3060
3060
3060
3060
31E0
3F68
1E70
0000
0000
0200
0600
0200
ENDCHAR
STARTCHAR uni1EE50300
ENCODING -1
SWIDTH 529 0
DWIDTH 13 0
BBX 13 22 0 -5
BITMAP
1800
0C00
0400
0200
0100
0000
30E0
F160
3060
3060
3060
3060
3060
3060
31E0
3F68
1E70
0000
0000
0200
0600
0200
ENDCHAR
STARTCHAR uni1EE50302
ENCODING -1
SWIDTH 529 0
DWIDTH 13 0
BBX 13 22 0 -5
BITMAP
0600
0700
0D80
1880
1040
0000
30E0
F160
3060
3060
3060
3060
3060
3060
31E0
3F68
1E70
0000
0000
0200
0600
0200
ENDCHAR
STARTCHAR uni1EE5030C
ENCODING -1
SWIDTH 529 0
DWIDTH 13 0
BBX 13 22 0 -5
BITMAP
1040
0880
0D00
0600
0000
0000
30E0
F160
3060
3060
3060
3060
3060
3060
31E0
3F68
1E70
0000
0000
0200
0600
0200
ENDCHAR
STARTCHAR uni1EE50303
ENCODING -1
SWIDTH 529 0
DWIDTH 13 0
BBX 13 21 0 -5
BITMAP
0E40
13C0
2180
0000
0000
30E0
F160
3060
3060
3060
3060
3060
3060
31E0
3F68
1E70
0000
0000
0200
0600
0200
ENDCHAR
STARTCHAR uni0075031C
ENCODING -1
SWIDTH 529 0
DWIDTH 13 0
BBX 13 17 0 -6
BITMAP
30E0
F160
3060
3060
3060
3060
3060
3060
31E0
3F68
1E70
0000
0400
0C00
1800
0C00
0400
ENDCHAR
STARTCHAR uni00FA031C
ENCODING -1
SWIDTH 529 0
DWIDTH 13 0
BBX 13 23 0 -6
BITMAP
00C0
0180
0300
0200
0400
0000
30E0
F160
3060
3060
3060
3060
3060
3060
31E0
3F68
1E70
0000
0400
0C00
1800
0C00
0400
ENDCHAR
STARTCHAR uni0075031C0331
ENCODING -1
SWIDTH 529 0
DWIDTH 13 0
BBX 13 21 0 -10
BITMAP
30E0
F160
3060
3060
3060
3060
3060
3060
31E0
3F68
1E70
0000
0400
0C00
1800
0C00
0400
0000
0000
1FC0
3FC0
ENDCHAR
STARTCHAR uni00750327
ENCODING -1
SWIDTH 529 0
DWIDTH 13 0
BBX 13 16 0 -5
BITMAP
30E0
F160
3060
3060
3060
3060
3060
3060
31E0
3F68
1E70
0060
0070
0030
0030
00C0
ENDCHAR
STARTCHAR uni00FA0327
ENCODING -1
SWIDTH 529 0
DWIDTH 13 0
BBX 13 22 0 -5
BITMAP
00C0
0180
0100
0200
0600
70E0
B160
3060
3060
3060
3060
3060
3060
3060
39E0
1F78
1E60
0060
0070
0030
0030
00C0
ENDCHAR
STARTCHAR uni00F90327
ENCODING -1
SWIDTH 529 0
DWIDTH 13 0
BBX 13 22 0 -5
BITMAP
1800
0C00
0400
0600
0300
70E0
B160
3060
3060
3060
3060
3060
3060
3060
39E0
1F78
1E60
0060
0070
0030
0030
00C0
ENDCHAR
STARTCHAR uni00FB0327
ENCODING -1
SWIDTH 529 0
DWIDTH 13 0
BBX 13 22 0 -5
BITMAP
0600
0700
0D80
1880
1040
70E0
B160
3060
3060
3060
3060
3060
3060
3060
39E0
1F78
1E60
0060
0070
0030
0030
00C0
ENDCHAR
STARTCHAR uni01D40327
ENCODING -1
SWIDTH 529 0
DWIDTH 13 0
BBX 13 22 0 -5
BITMAP
1040
1880
0D80
0700
0200
70E0
B160
3060
3060
3060
3060
3060
3060
3060
39E0
1F78
1E60
0060
0070
0030
0030
00C0
ENDCHAR
STARTCHAR uogonek.RetroHookStyle
ENCODING -1
SWIDTH 529 0
DWIDTH 13 0
BBX 13 17 0 -6
BITMAP
30E0
F160
3060
3060
3060
3060
3060
3060
31E0
3FE8
1F70
0600
0600
0600
0660
0660
03C0
ENDCHAR
STARTCHAR uni02890301
ENCODING -1
SWIDTH 529 0
DWIDTH 13 0
BBX 13 17 0 0
BITMAP
00C0
0180
0300
0200
0400
0000
70E0
B160
3060
3060
3060
7FF8
B060
3060
31E0
3F78
1E70
ENDCHAR
STARTCHAR uni02890300
ENCODING -1
SWIDTH 529 0
DWIDTH 13 0
BBX 13 17 0 0
BITMAP
1800
0C00
0400
0200
0100
0000
70E0
B160
3060
3060
3060
7FF8
B060
3060
31E0
3F78
1E70
ENDCHAR
STARTCHAR uni02890302
ENCODING -1
SWIDTH 529 0
DWIDTH 13 0
BBX 13 17 0 0
BITMAP
0600
0700
0D80
1880
1040
0000
70E0
B160
3060
3060
3060
7FF8
B060
3060
31E0
3F78
1E70
ENDCHAR
STARTCHAR uni0289030C
ENCODING -1
SWIDTH 529 0
DWIDTH 13 0
BBX 13 17 0 0
BITMAP
1040
0880
0D00
0600
0000
0000
70E0
B160
3060
3060
3060
7FF8
B060
3060
31E0
3F78
1E70
ENDCHAR
STARTCHAR uni02890308
ENCODING -1
SWIDTH 529 0
DWIDTH 13 0
BBX 13 16 0 0
BITMAP
1080
3180
1080
0000
0000
70E0
B160
3060
3060
3060
7FF8
B060
3060
31E0
3F78
1E70
ENDCHAR
STARTCHAR uni02890331
ENCODING -1
SWIDTH 529 0
DWIDTH 13 0
BBX 13 15 0 -4
BITMAP
70E0
B160
3060
3060
3060
7FF8
B060
3060
31E0
3F78
1E70
0000
0000
1FC0
3FC0
ENDCHAR
STARTCHAR uni028B0301
ENCODING -1
SWIDTH 485 0
DWIDTH 12 0
BBX 11 17 0 0
BITMAP
0180
0300
0200
0600
0400
0800
3380
F1C0
30E0
3060
3060
3060
3060
3040
38C0
3F80
1F00
ENDCHAR
STARTCHAR uni028B0300
ENCODING -1
SWIDTH 485 0
DWIDTH 12 0
BBX 11 17 0 0
BITMAP
3000
1800
0C00
0400
0200
0000
3380
F1C0
30E0
3060
3060
3060
3060
3040
38C0
3F80
1F00
ENDCHAR
STARTCHAR uni028B0302
ENCODING -1
SWIDTH 485 0
DWIDTH 12 0
BBX 11 17 0 0
BITMAP
0600
0E00
1B00
1180
2080
0000
3380
F1C0
30E0
3060
3060
3060
3060
3040
38C0
3F80
1F00
ENDCHAR
STARTCHAR uni028B0303
ENCODING -1
SWIDTH 485 0
DWIDTH 12 0
BBX 11 16 0 0
BITMAP
1CC0
2780
4300
0000
0000
3380
F1C0
30E0
3060
3060
3060
3060
3040
38C0
3F80
1F00
ENDCHAR
STARTCHAR uni028B0330
ENCODING -1
SWIDTH 485 0
DWIDTH 12 0
BBX 11 16 0 -5
BITMAP
3380
F1C0
30E0
3060
3060
3060
3060
3040
38C0
3F80
1F00
0000
0000
1CC0
2780
4300
ENDCHAR
STARTCHAR uni028A0301
ENCODING -1
SWIDTH 474 0
DWIDTH 11 0
BBX 9 17 1 0
BITMAP
0300
0600
0600
0C00
0800
1000
F780
3600
6300
4380
C180
C180
C180
C180
E100
6300
3C00
ENDCHAR
STARTCHAR uni028A0300
ENCODING -1
SWIDTH 474 0
DWIDTH 11 0
BBX 9 17 1 0
BITMAP
7000
3000
1800
0800
0400
0000
F780
3600
6300
4380
C180
C180
C180
C180
E100
6300
3C00
ENDCHAR
STARTCHAR uni028A0302
ENCODING -1
SWIDTH 474 0
DWIDTH 11 0
BBX 9 17 1 0
BITMAP
0C00
1C00
3600
2300
4100
0000
F780
3600
6300
4380
C180
C180
C180
C180
E100
6300
3C00
ENDCHAR
STARTCHAR uni028A030C
ENCODING -1
SWIDTH 474 0
DWIDTH 11 0
BBX 9 17 1 0
BITMAP
4100
2200
1600
0C00
0000
0000
F780
3600
6300
4380
C180
C180
C180
C180
E100
6300
3C00
ENDCHAR
STARTCHAR uni00D90303
ENCODING -1
SWIDTH 653 0
DWIDTH 16 0
BBX 16 24 0 0
BITMAP
0010
0710
0FA0
0440
0E00
0700
0180
0040
0000
FC3F
300C
300C
300C
300C
300C
300C
300C
300C
300C
300C
3818
1C38
0FF0
07E0
ENDCHAR
STARTCHAR uni01680300
ENCODING -1
SWIDTH 653 0
DWIDTH 16 0
BBX 16 25 0 0
BITMAP
0400
0E00
0700
0180
0040
0010
0710
0FA0
0040
0000
FC3F
300C
300C
300C
300C
300C
300C
300C
300C
300C
300C
3818
1C38
0FF0
07E0
ENDCHAR
STARTCHAR uni01680302
ENCODING -1
SWIDTH 653 0
DWIDTH 16 0
BBX 16 24 0 0
BITMAP
0180
03C0
0660
0830
0010
0710
0FA0
0040
0000
FC3F
300C
300C
300C
300C
300C
300C
300C
300C
300C
300C
3818
1C38
0FF0
07E0
ENDCHAR
STARTCHAR uni016A0301
ENCODING -1
SWIDTH 653 0
DWIDTH 16 0
BBX 16 25 0 0
BITMAP
0020
0070
00C0
0180
0200
0000
0FF0
0FF0
0000
0000
FC3F
300C
300C
300C
300C
300C
300C
300C
300C
300C
300C
3818
1C38
0FF0
07E0
ENDCHAR
STARTCHAR uni016A0300
ENCODING -1
SWIDTH 653 0
DWIDTH 16 0
BBX 16 25 0 0
BITMAP
0400
0E00
0700
0180
0040
0000
0FF0
0FF0
0000
0000
FC3F
300C
300C
300C
300C
300C
300C
300C
300C
300C
300C
3818
1C38
0FF0
07E0
ENDCHAR
STARTCHAR uni016A0302
ENCODING -1
SWIDTH 653 0
DWIDTH 16 0
BBX 16 24 0 0
BITMAP
0180
03C0
0660
0830
0000
0FF0
0FF0
0000
0000
FC3F
300C
300C
300C
300C
300C
300C
300C
300C
300C
300C
3818
1C38
0FF0
07E0
ENDCHAR
STARTCHAR uni00DC0302
ENCODING -1
SWIDTH 653 0
DWIDTH 16 0
BBX 16 24 0 0
BITMAP
0180
03C0
0660
0830
0000
0C60
0C60
0C60
0000
FC3F
300C
300C
300C
300C
300C
300C
300C
300C
300C
300C
3818
1C38
0FF0
07E0
ENDCHAR
STARTCHAR uni00DC0303
ENCODING -1
SWIDTH 653 0
DWIDTH 16 0
BBX 16 24 0 0
BITMAP
0010
0710
0FA0
0040
0000
0C60
0C60
0C60
0000
FC3F
300C
300C
300C
300C
300C
300C
300C
300C
300C
300C
3818
1C38
0FF0
07E0
ENDCHAR
STARTCHAR uni00DC03030301
ENCODING -1
SWIDTH 653 0
DWIDTH 16 0
BBX 16 28 0 0
BITMAP
0020
0070
00C0
0180
0210
0710
0FA0
0040
0000
0C60
0C60
0C60
0000
FC3F
300C
300C
300C
300C
300C
300C
300C
300C
300C
300C
3818
1C38
0FF0
07E0
ENDCHAR
STARTCHAR uni0055030D
ENCODING -1
SWIDTH 653 0
DWIDTH 16 0
BBX 16 21 0 0
BITMAP
0180
0180
0180
0180
0180
0000
FC3F
300C
300C
300C
300C
300C
300C
300C
300C
300C
300C
3818
1C38
0FF0
07E0
ENDCHAR
STARTCHAR uni00550331
ENCODING -1
SWIDTH 653 0
DWIDTH 16 0
BBX 16 19 0 -4
BITMAP
FC3F
300C
300C
300C
300C
300C
300C
300C
300C
300C
300C
3818
1C38
0FF0
07E0
0000
0000
0FF0
0FF0
ENDCHAR
STARTCHAR uni00DA0331
ENCODING -1
SWIDTH 653 0
DWIDTH 16 0
BBX 16 25 0 -4
BITMAP
0020
0070
00C0
0180
0200
0000
FC3F
300C
300C
300C
300C
300C
300C
300C
300C
300C
300C
3818
1C38
0FF0
07E0
0000
0000
0FF0
0FF0
ENDCHAR
STARTCHAR uni00D90331
ENCODING -1
SWIDTH 653 0
DWIDTH 16 0
BBX 16 25 0 -4
BITMAP
0400
0E00
0700
0180
0040
0000
FC3F
300C
300C
300C
300C
300C
300C
300C
300C
300C
300C
3818
1C38
0FF0
07E0
0000
0000
0FF0
0FF0
ENDCHAR
STARTCHAR uni00DB0331
ENCODING -1
SWIDTH 653 0
DWIDTH 16 0
BBX 16 24 0 -4
BITMAP
0180
03C0
0660
0830
0000
FC3F
300C
300C
300C
300C
300C
300C
300C
300C
300C
300C
3818
1C38
0FF0
07E0
0000
0000
0FF0
0FF0
ENDCHAR
STARTCHAR uni01D30331
ENCODING -1
SWIDTH 653 0
DWIDTH 16 0
BBX 16 25 0 -4
BITMAP
0830
0660
03C0
0180
0000
0000
FC3F
300C
300C
300C
300C
300C
300C
300C
300C
300C
300C
3818
1C38
0FF0
07E0
0000
0000
0FF0
0FF0
ENDCHAR
STARTCHAR uni00DC0331
ENCODING -1
SWIDTH 653 0
DWIDTH 16 0
BBX 16 23 0 -4
BITMAP
0C60
0C60
0C60
0000
FC3F
300C
300C
300C
300C
300C
300C
300C
300C
300C
300C
3818
1C38
0FF0
07E0
0000
0000
0FF0
0FF0
ENDCHAR
STARTCHAR uni01D70331
ENCODING -1
SWIDTH 653 0
DWIDTH 16 0
BBX 16 29 0 -4
BITMAP
0020
0070
00C0
0180
0200
0000
0C60
0C60
0C60
0000
FC3F
300C
300C
300C
300C
300C
300C
300C
300C
300C
300C
3818
1C38
0FF0
07E0
0000
0000
0FF0
0FF0
ENDCHAR
STARTCHAR uni1EE40301
ENCODING -1
SWIDTH 653 0
DWIDTH 16 0
BBX 16 26 0 -5
BITMAP
0020
0070
00C0
0180
0200
0000
FC3F
300C
300C
300C
300C
300C
300C
300C
300C
300C
300C
3818
1C38
0FF0
07E0
0000
0000
0180
0180
0180
ENDCHAR
STARTCHAR uni1EE40300
ENCODING -1
SWIDTH 653 0
DWIDTH 16 0
BBX 16 26 0 -5
BITMAP
0400
0E00
0700
0180
0040
0000
FC3F
300C
300C
300C
300C
300C
300C
300C
300C
300C
300C
3818
1C38
0FF0
07E0
0000
0000
0180
0180
0180
ENDCHAR
STARTCHAR uni1EE40302
ENCODING -1
SWIDTH 653 0
DWIDTH 16 0
BBX 16 25 0 -5
BITMAP
0180
03C0
0660
0830
0000
FC3F
300C
300C
300C
300C
300C
300C
300C
300C
300C
300C
3818
1C38
0FF0
07E0
0000
0000
0180
0180
0180
ENDCHAR
STARTCHAR uni1EE4030C
ENCODING -1
SWIDTH 653 0
DWIDTH 16 0
BBX 16 26 0 -5
BITMAP
0830
0660
03C0
0180
0000
0000
FC3F
300C
300C
300C
300C
300C
300C
300C
300C
300C
300C
3818
1C38
0FF0
07E0
0000
0000
0180
0180
0180
ENDCHAR
STARTCHAR uni1EE40303
ENCODING -1
SWIDTH 653 0
DWIDTH 16 0
BBX 16 25 0 -5
BITMAP
0010
0710
0FA0
0040
0000
FC3F
300C
300C
300C
300C
300C
300C
300C
300C
300C
300C
3818
1C38
0FF0
07E0
0000
0000
0180
0180
0180
ENDCHAR
STARTCHAR uni0055031C
ENCODING -1
SWIDTH 653 0
DWIDTH 16 0
BBX 16 21 0 -6
BITMAP
FC3F
300C
300C
300C
300C
300C
300C
300C
300C
300C
300C
3818
1C38
0FF0
07E0
0000
0100
0600
0600
0600
0300
ENDCHAR
STARTCHAR uni00DA031C
ENCODING -1
SWIDTH 653 0
DWIDTH 16 0
BBX 16 27 0 -6
BITMAP
0020
0070
00C0
0180
0200
0000
FC3F
300C
300C
300C
300C
300C
300C
300C
300C
300C
300C
3818
1C38
0FF0
07E0
0000
0100
0600
0600
0600
0300
ENDCHAR
STARTCHAR uni0055031C0331
ENCODING -1
SWIDTH 653 0
DWIDTH 16 0
BBX 16 25 0 -10
BITMAP
FC3F
300C
300C
300C
300C
300C
300C
300C
300C
300C
300C
3818
1C38
0FF0
07E0
0000
0100
0600
0600
0600
0300
0000
0000
0FF0
0FF0
ENDCHAR
STARTCHAR uni00550327
ENCODING -1
SWIDTH 653 0
DWIDTH 15 0
BBX 15 20 0 -5
BITMAP
FC3E
3018
3018
3018
3018
3018
3018
3018
3018
3018
3018
3018
1830
1C70
07E0
0180
01C0
00C0
00C0
0300
ENDCHAR
STARTCHAR uni00DA0327
ENCODING -1
SWIDTH 653 0
DWIDTH 15 0
BBX 15 25 0 -5
BITMAP
0040
00E0
0180
0600
0000
FC3E
3018
3018
3018
3018
3018
3018
3018
3018
3018
3018
3018
1830
1C70
0FE0
0180
01C0
00C0
00C0
0300
ENDCHAR
STARTCHAR uni00D90327
ENCODING -1
SWIDTH 653 0
DWIDTH 15 0
BBX 15 25 0 -5
BITMAP
0400
0E00
0380
00C0
0000
FC3E
3018
3018
3018
3018
3018
3018
3018
3018
3018
3018
3018
1830
1C70
0FE0
0180
01C0
00C0
00C0
0300
ENDCHAR
STARTCHAR uni00DB0327
ENCODING -1
SWIDTH 653 0
DWIDTH 15 0
BBX 15 25 0 -5
BITMAP
0180
03C0
0660
0C30
0000
FC3E
3018
3018
3018
3018
3018
3018
3018
3018
3018
3018
3018
1830
1C70
0FE0
0180
01C0
00C0
00C0
0300
ENDCHAR
STARTCHAR uni01D30327
ENCODING -1
SWIDTH 653 0
DWIDTH 15 0
BBX 15 25 0 -5
BITMAP
0830
0660
03C0
0180
0000
FC3E
3018
3018
3018
3018
3018
3018
3018
3018
3018
3018
3018
1830
1C70
0FE0
0180
01C0
00C0
00C0
0300
ENDCHAR
STARTCHAR Uogonek.RetroHookStyle
ENCODING -1
SWIDTH 653 0
DWIDTH 15 0
BBX 15 21 0 -6
BITMAP
FC7E
3018
3018
3018
3018
3018
3018
3018
3018
3018
3018
3838
1C70
1FF0
07E0
0180
0180
0180
0198
0198
00F0
ENDCHAR
STARTCHAR uni02440301
ENCODING -1
SWIDTH 653 0
DWIDTH 16 0
BBX 16 21 0 0
BITMAP
0020
0070
00C0
0180
0200
0000
FC3F
300C
300C
300C
300C
300C
300C
FFFF
300C
300C
300C
381C
1C38
1FF0
07E0
ENDCHAR
STARTCHAR uni02440300
ENCODING -1
SWIDTH 653 0
DWIDTH 16 0
BBX 16 21 0 0
BITMAP
0400
0E00
0700
0180
0040
0000
FC3F
300C
300C
300C
300C
300C
300C
FFFF
300C
300C
300C
381C
1C38
1FF0
07E0
ENDCHAR
STARTCHAR uni02440302
ENCODING -1
SWIDTH 653 0
DWIDTH 16 0
BBX 16 20 0 0
BITMAP
0180
03C0
0660
0830
0000
FC3F
300C
300C
300C
300C
300C
300C
FFFF
300C
300C
300C
381C
1C38
1FF0
07E0
ENDCHAR
STARTCHAR uni0244030C
ENCODING -1
SWIDTH 653 0
DWIDTH 16 0
BBX 16 21 0 0
BITMAP
0830
0660
03C0
0180
0000
0000
FC3F
300C
300C
300C
300C
300C
300C
FFFF
300C
300C
300C
381C
1C38
1FF0
07E0
ENDCHAR
STARTCHAR uni02440308
ENCODING -1
SWIDTH 653 0
DWIDTH 16 0
BBX 16 19 0 0
BITMAP
0C60
0C60
0C60
0000
FC3F
300C
300C
300C
300C
300C
300C
FFFF
300C
300C
300C
381C
1C38
1FF0
07E0
ENDCHAR
STARTCHAR uni02440331
ENCODING -1
SWIDTH 653 0
DWIDTH 16 0
BBX 16 19 0 -4
BITMAP
FC3F
300C
300C
300C
300C
300C
300C
FFFF
300C
300C
300C
381C
1C38
1FF0
07E0
0000
0000
0FF0
0FF0
ENDCHAR
STARTCHAR uni01B20301
ENCODING -1
SWIDTH 614 0
DWIDTH 15 0
BBX 14 21 0 0
BITMAP
0040
00E0
01C0
0300
0400
0000
FCE0
3078
3018
301C
300C
300C
300C
300C
300C
3018
3018
3838
1C70
1FE0
0780
ENDCHAR
STARTCHAR uni01B20300
ENCODING -1
SWIDTH 614 0
DWIDTH 15 0
BBX 14 21 0 0
BITMAP
0800
1C00
0600
0300
0080
0000
FCE0
3078
3018
301C
300C
300C
300C
300C
300C
3018
3018
3838
1C70
1FE0
0780
ENDCHAR
STARTCHAR uni01B20302
ENCODING -1
SWIDTH 614 0
DWIDTH 15 0
BBX 14 20 0 0
BITMAP
0300
0780
0CC0
1820
0000
FCE0
3078
3018
301C
300C
300C
300C
300C
300C
3018
3018
3838
1C70
1FE0
0780
ENDCHAR
STARTCHAR uni01B20303
ENCODING -1
SWIDTH 614 0
DWIDTH 15 0
BBX 14 20 0 0
BITMAP
0020
0E20
1F40
0080
0000
FCE0
3078
3018
301C
300C
300C
300C
300C
300C
3018
3018
3838
1C70
1FE0
0780
ENDCHAR
STARTCHAR uni01B20330
ENCODING -1
SWIDTH 614 0
DWIDTH 15 0
BBX 14 20 0 -5
BITMAP
FCE0
3078
3018
301C
300C
300C
300C
300C
300C
3018
3018
3838
1C70
1FE0
0780
0000
0000
0720
0BC0
11C0
ENDCHAR
STARTCHAR uni01B10301
ENCODING -1
SWIDTH 635 0
DWIDTH 15 0
BBX 13 21 1 0
BITMAP
00C0
01C0
0380
0600
0C00
0000
F9F8
30C0
2040
6060
4030
C030
C030
C030
C030
C030
E060
6060
70C0
3F80
0F00
ENDCHAR
STARTCHAR uni01B10300
ENCODING -1
SWIDTH 635 0
DWIDTH 15 0
BBX 13 21 1 0
BITMAP
1800
1C00
0E00
0300
0180
0000
F9F8
30C0
2040
6060
4030
C030
C030
C030
C030
C030
E060
6060
70C0
3F80
0F00
ENDCHAR
STARTCHAR uni01B10302
ENCODING -1
SWIDTH 635 0
DWIDTH 15 0
BBX 13 20 1 0
BITMAP
0700
0700
0880
1040
0000
F9F8
30C0
2040
6060
4030
C030
C030
C030
C030
C030
E060
6060
70C0
3F80
0F00
ENDCHAR
STARTCHAR uni01B1030C
ENCODING -1
SWIDTH 635 0
DWIDTH 15 0
BBX 13 21 1 0
BITMAP
1040
0880
0700
0700
0000
0000
F9F8
30C0
2040
6060
4030
C030
C030
C030
C030
C030
E060
6060
70C0
3F80
0F00
ENDCHAR
STARTCHAR v.SlantItalic
ENCODING -1
SWIDTH 493 0
DWIDTH 12 0
BBX 12 11 0 0
BITMAP
F8F0
3040
3040
3080
1880
1980
0900
0D00
0F00
0600
0600
ENDCHAR
STARTCHAR uni1E7D.SlantItalic
ENCODING -1
SWIDTH 493 0
DWIDTH 12 0
BBX 12 16 0 0
BITMAP
0E40
17C0
2380
0000
0000
F8F0
3040
3040
3080
1880
1980
0900
0D00
0F00
0600
0600
ENDCHAR
STARTCHAR uni1E7F.SlantItalic
ENCODING -1
SWIDTH 493 0
DWIDTH 12 0
BBX 12 16 0 -5
BITMAP
F8F0
3040
3040
3080
1880
1980
0900
0D00
0F00
0600
0600
0000
0000
0600
0600
0600
ENDCHAR
STARTCHAR uni028B.StraightLft
ENCODING -1
SWIDTH 485 0
DWIDTH 13 0
BBX 12 11 0 0
BITMAP
F8E0
31F0
3030
1020
1860
1840
0C80
0C80
0500
0700
0600
ENDCHAR
STARTCHAR uni028B.StraightLftHighHook
ENCODING -1
SWIDTH 501 0
DWIDTH 13 0
BBX 12 13 0 0
BITMAP
00E0
01F0
F830
2030
3020
3060
1840
1880
0880
0D00
0D00
0600
0600
ENDCHAR
STARTCHAR uni0264.LrgBowl
ENCODING -1
SWIDTH 523 0
DWIDTH 13 0
BBX 11 11 1 0
BITMAP
7BC0
FFE0
9F60
B3A0
3180
61C0
60C0
60C0
60C0
3180
1F00
ENDCHAR
STARTCHAR uni0264.GammaStyle
ENCODING -1
SWIDTH 497 0
DWIDTH 12 0
BBX 11 11 1 0
BITMAP
F9E0
6080
3100
1B00
0E00
0400
0600
0B00
1B00
1B00
0E00
ENDCHAR
STARTCHAR uni01B2.StraightLft
ENCODING -1
SWIDTH 616 0
DWIDTH 15 0
BBX 14 15 0 0
BITMAP
F838
307C
308C
180C
1808
0808
0C18
0C10
0630
0620
0660
0340
03C0
0180
0100
ENDCHAR
STARTCHAR uni01B2.StraightLftHighHook
ENCODING -1
SWIDTH 612 0
DWIDTH 15 0
BBX 14 17 0 0
BITMAP
0038
007C
F88C
300C
300C
1808
1818
1810
0C30
0C30
0420
0660
0640
03C0
0380
0380
0100
ENDCHAR
STARTCHAR uni00770330
ENCODING -1
SWIDTH 706 0
DWIDTH 17 0
BBX 17 16 0 -5
BITMAP
F88780
20C200
30C200
314200
116600
1B6400
1A3400
1A3400
0E3800
0C1800
0C1800
000000
000000
039800
04F000
086000
ENDCHAR
STARTCHAR uni00770331
ENCODING -1
SWIDTH 706 0
DWIDTH 17 0
BBX 17 15 0 -4
BITMAP
F88780
20C200
30C200
314200
116600
1B6400
1A3400
1A3400
0E3800
0C1800
0C1800
000000
000000
07F800
07F000
ENDCHAR
STARTCHAR uni00570330
ENCODING -1
SWIDTH 850 0
DWIDTH 20 0
BBX 20 20 0 -5
BITMAP
F821F0
306040
3060C0
3070C0
10F080
189080
189880
199980
190980
0D0D00
0F0D00
0E0700
0E0700
060700
040200
000000
000000
00E400
017800
023800
ENDCHAR
STARTCHAR uni00570331
ENCODING -1
SWIDTH 850 0
DWIDTH 20 0
BBX 20 19 0 -4
BITMAP
F821F0
306040
3060C0
3070C0
10F080
189080
189880
199980
190980
0D0D00
0F0D00
0E0700
0E0700
060700
040200
000000
000000
03FC00
03FC00
ENDCHAR
STARTCHAR uni00780331
ENCODING -1
SWIDTH 502 0
DWIDTH 12 0
BBX 12 15 0 -4
BITMAP
F9F0
30C0
1880
0D00
0E00
0600
0F00
1980
10C0
20E0
F9F0
0000
0000
3FC0
3FC0
ENDCHAR
STARTCHAR uni00580331
ENCODING -1
SWIDTH 615 0
DWIDTH 15 0
BBX 14 19 0 -4
BITMAP
FC7C
3030
1820
1C60
0CC0
0680
0380
0380
0780
06C0
0CE0
1860
1830
3038
FC7C
0000
0000
0FE0
1FE0
ENDCHAR
STARTCHAR uni01B4
ENCODING -1
SWIDTH 557 0
DWIDTH 13 0
BBX 16 20 -1 -6
BITMAP
000F
001F
0012
7C30
1820
1860
1840
0C40
0CC0
0480
0680
0780
0300
0300
0300
0200
0600
0C00
7800
F000
ENDCHAR
STARTCHAR uni01B3
ENCODING -1
SWIDTH 701 0
DWIDTH 17 0
BBX 17 15 0 0
BITMAP
7C0F80
C60600
C30400
E30C00
818800
019800
00F000
00F000
006000
006000
006000
006000
006000
006000
01F800
ENDCHAR
STARTCHAR z.SlantItalic
ENCODING -1
SWIDTH 424 0
DWIDTH 10 0
BBX 9 11 1 0
BITMAP
7F80
8300
8600
0600
0C00
1800
1800
3000
6080
6080
FF80
ENDCHAR
STARTCHAR zacute.SlantItalic
ENCODING -1
SWIDTH 424 0
DWIDTH 10 0
BBX 9 17 1 0
BITMAP
0300
0600
0400
0C00
0800
1000
7F80
8300
8600
0600
0C00
1800
1800
3000
6080
6080
FF80
ENDCHAR
STARTCHAR uni1E91.SlantItalic
ENCODING -1
SWIDTH 424 0
DWIDTH 10 0
BBX 9 17 1 0
BITMAP
0C00
1C00
3600
2300
4100
0000
7F80
8300
8600
0600
0C00
1800
1800
3000
6080
6080
FF80
ENDCHAR
STARTCHAR uni007A0306
ENCODING -1
SWIDTH 424 0
DWIDTH 10 0
BBX 9 16 1 0
BITMAP
4100
6300
3E00
1C00
0000
7F80
8300
8600
0600
0C00
1800
1800
3000
6080
6080
FF80
ENDCHAR
STARTCHAR zcaron.SlantItalic
ENCODING -1
SWIDTH 424 0
DWIDTH 10 0
BBX 9 17 1 0
BITMAP
4100
2200
1600
0C00
0000
0000
7F80
8300
8600
0600
0C00
1800
1800
3000
6080
6080
FF80
ENDCHAR
STARTCHAR uni007A0303
ENCODING -1
SWIDTH 424 0
DWIDTH 10 0
BBX 9 16 1 0
BITMAP
3980
4F00
8600
0000
0000
7F80
8300
8600
0600
0C00
1800
1800
3000
6080
6080
FF80
ENDCHAR
STARTCHAR zdotaccent.SlantItalic
ENCODING -1
SWIDTH 424 0
DWIDTH 10 0
BBX 9 16 1 0
BITMAP
0C00
0C00
0800
0000
0000
7F80
8300
8600
0600
0C00
1800
1800
3000
6080
6080
FF80
ENDCHAR
STARTCHAR uni1E95.SlantItalic
ENCODING -1
SWIDTH 424 0
DWIDTH 10 0
BBX 9 15 1 -4
BITMAP
7F80
8300
8600
0600
0C00
1800
1800
3000
6080
6080
FF80
0000
0000
7F00
FF00
ENDCHAR
STARTCHAR uni1E93.SlantItalic
ENCODING -1
SWIDTH 424 0
DWIDTH 10 0
BBX 9 16 1 -5
BITMAP
7F80
8300
8600
0600
0C00
1800
1800
3000
6080
6080
FF80
0000
0000
0800
1800
1800
ENDCHAR
STARTCHAR uni1E930306
ENCODING -1
SWIDTH 424 0
DWIDTH 10 0
BBX 9 21 1 -5
BITMAP
4100
6300
3E00
1C00
0000
7F80
8300
8600
0600
0C00
1800
1800
3000
6080
6080
FF80
0000
0000
0800
1800
1800
ENDCHAR
STARTCHAR uni1E93030C
ENCODING -1
SWIDTH 424 0
DWIDTH 10 0
BBX 9 22 1 -5
BITMAP
4100
2200
1600
0C00
0000
0000
7F80
8300
8600
0600
0C00
1800
1800
3000
6080
6080
FF80
0000
0000
0800
1800
1800
ENDCHAR
STARTCHAR uni005A0306
ENCODING -1
SWIDTH 522 0
DWIDTH 13 0
BBX 11 20 1 0
BITMAP
2080
3180
1F00
0E00
0000
7FC0
40E0
8180
0380
0300
0600
0600
0C00
1C00
1800
3000
3000
6020
E060
FFE0
ENDCHAR
STARTCHAR uni005A0303
ENCODING -1
SWIDTH 522 0
DWIDTH 13 0
BBX 11 20 1 0
BITMAP
0080
18C0
3D00
0200
0000
7FC0
40E0
8180
0380
0300
0600
0600
0C00
1C00
1800
3000
3000
6020
E060
FFE0
ENDCHAR
STARTCHAR uni1E920306
ENCODING -1
SWIDTH 522 0
DWIDTH 13 0
BBX 11 25 1 -5
BITMAP
2080
3180
1F00
0E00
0000
7FC0
40E0
8180
0380
0300
0600
0600
0C00
1C00
1800
3000
3000
6020
E060
FFE0
0000
0000
0400
0C00
0C00
ENDCHAR
STARTCHAR uni1E92030C
ENCODING -1
SWIDTH 522 0
DWIDTH 13 0
BBX 11 26 1 -5
BITMAP
2080
1100
0E00
0E00
0000
0000
7FC0
40E0
8180
0380
0300
0600
0600
0C00
1C00
1800
3000
3000
6020
E060
FFE0
0000
0000
0400
0C00
0C00
ENDCHAR
STARTCHAR uni04E0.RevSigmaStyle
ENCODING -1
SWIDTH 519 0
DWIDTH 12 0
BBX 11 15 1 0
BITMAP
FFE0
81C0
8180
0300
0700
0600
0C00
0C00
0400
0200
8100
8180
8080
FFC0
FFE0
ENDCHAR
STARTCHAR uni0292.RevSigmaStyle
ENCODING -1
SWIDTH 449 0
DWIDTH 11 0
BBX 10 17 0 -6
BITMAP
7F80
4380
4300
0600
0C00
0C00
1800
3E00
0380
01C0
00C0
00C0
00C0
00C0
4180
E100
7E00
ENDCHAR
STARTCHAR uni04E1.RevSigmaStyle
ENCODING -1
SWIDTH 449 0
DWIDTH 11 0
BBX 10 17 0 -6
BITMAP
7F80
4380
4300
0600
0C00
0C00
1800
3E00
0380
01C0
00C0
00C0
00C0
00C0
4180
E100
7E00
ENDCHAR
STARTCHAR uni0293.LrgBowl
ENCODING -1
SWIDTH 464 0
DWIDTH 11 0
BBX 12 17 0 -6
BITMAP
3F80
4180
4300
0600
0E00
0C00
1800
3F00
0380
0FC0
30F0
60C0
C0C0
C0C0
C080
6100
3E00
ENDCHAR
STARTCHAR uniA78B.Lrg
ENCODING -1
SWIDTH 264 0
DWIDTH 6 0
BBX 2 13 2 6
BITMAP
C0
C0
C0
C0
C0
C0
C0
C0
C0
C0
C0
C0
40
ENDCHAR
STARTCHAR uniA78C.Lrg
ENCODING -1
SWIDTH 259 0
DWIDTH 6 0
BBX 2 12 2 5
BITMAP
C0
C0
C0
C0
C0
C0
C0
C0
C0
C0
40
40
ENDCHAR
STARTCHAR uniA789.Wide
ENCODING -1
SWIDTH 208 0
DWIDTH 5 0
BBX 3 11 1 0
BITMAP
60
E0
E0
00
00
00
00
00
60
E0
E0
ENDCHAR
STARTCHAR uni02BC.Lrg
ENCODING -1
SWIDTH 263 0
DWIDTH 6 0
BBX 4 8 1 10
BITMAP
20
F0
70
30
30
30
20
40
ENDCHAR
STARTCHAR uni0302_acutecomb.VN
ENCODING -1
SWIDTH 0 0
DWIDTH 0 0
BBX 9 7 -10 12
BITMAP
0080
0100
1900
3E00
2400
4200
8100
ENDCHAR
STARTCHAR uni0302_gravecomb.VN
ENCODING -1
SWIDTH 0 0
DWIDTH 0 0
BBX 9 7 -11 12
BITMAP
8000
4000
4C00
3E00
1200
2100
4080
ENDCHAR
STARTCHAR uni0302_tildecomb.VN
ENCODING -1
SWIDTH 0 0
DWIDTH 0 0
BBX 8 9 -10 12
BITMAP
31
7B
9E
0C
18
3C
24
42
81
ENDCHAR
STARTCHAR uni0302_hookabovecomb.VN
ENCODING -1
SWIDTH 0 0
DWIDTH 0 0
BBX 10 8 -10 12
BITMAP
03C0
02C0
0100
1900
3C00
2400
4200
8100
ENDCHAR
STARTCHAR uni0311.UU
ENCODING -1
SWIDTH 317 0
DWIDTH 8 0
BBX 8 5 0 12
BITMAP
38
7C
46
82
81
ENDCHAR
STARTCHAR uni0311.UL
ENCODING -1
SWIDTH 317 0
DWIDTH 8 0
BBX 8 5 0 12
BITMAP
38
7C
46
82
81
ENDCHAR
STARTCHAR uni0311.LL
ENCODING -1
SWIDTH 317 0
DWIDTH 8 0
BBX 8 5 0 12
BITMAP
38
7C
46
82
81
ENDCHAR
STARTCHAR uni0361.UU
ENCODING -1
SWIDTH 317 0
DWIDTH 8 0
BBX 8 5 0 12
BITMAP
38
7C
46
82
81
ENDCHAR
STARTCHAR uni0361.UL
ENCODING -1
SWIDTH 317 0
DWIDTH 8 0
BBX 8 5 0 12
BITMAP
38
7C
46
82
81
ENDCHAR
STARTCHAR uni0361.LL
ENCODING -1
SWIDTH 317 0
DWIDTH 8 0
BBX 8 5 0 12
BITMAP
38
7C
46
82
81
ENDCHAR
STARTCHAR uni0306_acutecomb.VN
ENCODING -1
SWIDTH 0 0
DWIDTH 0 0
BBX 8 8 -10 12
BITMAP
06
0C
08
10
81
42
7E
3C
ENDCHAR
STARTCHAR uni0306_gravecomb.VN
ENCODING -1
SWIDTH 0 0
DWIDTH 0 0
BBX 8 8 -10 12
BITMAP
20
70
30
18
89
42
7E
3C
ENDCHAR
STARTCHAR uni0306_tildecomb.VN
ENCODING -1
SWIDTH 0 0
DWIDTH 0 0
BBX 8 8 -10 12
BITMAP
31
7B
9E
0C
81
42
7E
3C
ENDCHAR
STARTCHAR uni0306_hookabovecomb.VN
ENCODING -1
SWIDTH 0 0
DWIDTH 0 0
BBX 8 8 -10 12
BITMAP
18
78
18
70
B1
42
7E
3C
ENDCHAR
STARTCHAR uni0306.CyShortMrkAlt
ENCODING -1
SWIDTH 0 0
DWIDTH 0 0
BBX 8 3 -11 13
BITMAP
42
C3
7E
ENDCHAR
STARTCHAR CombBreve.CyShortMrkAlt.UCHt
ENCODING -1
SWIDTH 0 0
DWIDTH 0 0
BBX 8 3 -11 16
BITMAP
42
C3
7E
ENDCHAR
STARTCHAR CombTildeOverlay.Lrg
ENCODING -1
SWIDTH 499 0
DWIDTH 12 0
BBX 12 3 0 4
BITMAP
3C10
47E0
81C0
ENDCHAR
STARTCHAR uni0331.Short
ENCODING -1
SWIDTH 0 0
DWIDTH 0 0
BBX 6 2 -9 -4
BITMAP
FC
FC
ENDCHAR
STARTCHAR uni0304.Short
ENCODING -1
SWIDTH 0 0
DWIDTH 0 0
BBX 6 2 -9 13
BITMAP
FC
FC
ENDCHAR
STARTCHAR uni0308.UU
ENCODING -1
SWIDTH 292 0
DWIDTH 7 0
BBX 7 3 0 13
BITMAP
84
C6
84
ENDCHAR
STARTCHAR uni0308.LL
ENCODING -1
SWIDTH 292 0
DWIDTH 7 0
BBX 7 3 0 13
BITMAP
84
C6
84
ENDCHAR
STARTCHAR uni0308.UL
ENCODING -1
SWIDTH 292 0
DWIDTH 7 0
BBX 7 3 0 13
BITMAP
84
C6
84
ENDCHAR
STARTCHAR uni0308.Sup
ENCODING -1
SWIDTH 0 0
DWIDTH 0 0
BBX 5 2 -7 15
BITMAP
D8
D8
ENDCHAR
STARTCHAR uni02CB.ChinantecTn
ENCODING -1
SWIDTH 285 0
DWIDTH 7 0
BBX 6 6 0 13
BITMAP
C0
60
30
18
0C
04
ENDCHAR
STARTCHAR uni02C8.ChinantecTn
ENCODING -1
SWIDTH 144 0
DWIDTH 3 0
BBX 2 8 1 12
BITMAP
C0
C0
C0
C0
C0
C0
C0
C0
ENDCHAR
STARTCHAR uni02CA.ChinantecTn
ENCODING -1
SWIDTH 283 0
DWIDTH 7 0
BBX 6 6 0 13
BITMAP
04
0C
18
30
60
C0
ENDCHAR
STARTCHAR uni02C9.ChinantecTn
ENCODING -1
SWIDTH 356 0
DWIDTH 9 0
BBX 8 2 0 13
BITMAP
7F
FF
ENDCHAR
STARTCHAR CombOgonek.Lrg
ENCODING -1
SWIDTH 227 0
DWIDTH 5 0
BBX 5 7 0 -6
BITMAP
10
20
40
C0
C8
F8
70
ENDCHAR
STARTCHAR uni0328.RetroHookStyle
ENCODING -1
SWIDTH 178 0
DWIDTH 4 0
BBX 6 7 -2 -6
BITMAP
C0
C0
C0
C0
CC
CC
78
ENDCHAR
STARTCHAR ogonek.RetroHookStyle
ENCODING -1
SWIDTH 0 0
DWIDTH 0 0
BBX 6 7 -2 -6
BITMAP
C0
C0
C0
C0
CC
CC
78
ENDCHAR
STARTCHAR uni02DE02DE
ENCODING -1
SWIDTH 260 0
DWIDTH 6 0
BBX 9 5 -3 6
BITMAP
0400
3B00
DA00
1E80
0700
ENDCHAR
STARTCHAR TnLtrSpcFlatLeft
ENCODING -1
SWIDTH 74 0
DWIDTH 2 0
BBX 1 1 0 0
BITMAP
00
ENDCHAR
STARTCHAR TnLtrSpcFlatRight
ENCODING -1
SWIDTH 93 0
DWIDTH 2 0
BBX 1 1 0 0
BITMAP
00
ENDCHAR
STARTCHAR TnLtrSpcPointLeft
ENCODING -1
SWIDTH 61 0
DWIDTH 1 0
BBX 1 1 0 0
BITMAP
00
ENDCHAR
STARTCHAR TnLtrSpcPointRight
ENCODING -1
SWIDTH 81 0
DWIDTH 2 0
BBX 1 1 0 0
BITMAP
00
ENDCHAR
STARTCHAR TnLtrSpcDotLeft
ENCODING -1
SWIDTH 83 0
DWIDTH 2 0
BBX 1 1 0 0
BITMAP
00
ENDCHAR
STARTCHAR TnLtrSpcDotMiddle
ENCODING -1
SWIDTH 140 0
DWIDTH 3 0
BBX 1 1 0 0
BITMAP
00
ENDCHAR
STARTCHAR TnLtrSpcDotRight
ENCODING -1
SWIDTH 103 0
DWIDTH 2 0
BBX 1 1 0 0
BITMAP
00
ENDCHAR
STARTCHAR TnLtrBar
ENCODING -1
SWIDTH 0 0
DWIDTH 0 0
BBX 2 18 -1 0
BITMAP
C0
C0
C0
C0
C0
C0
C0
C0
C0
C0
C0
C0
C0
C0
C0
C0
C0
C0
ENDCHAR
STARTCHAR TnLtrSeg11
ENCODING -1
SWIDTH 207 0
DWIDTH 5 0
BBX 7 1 -1 0
BITMAP
FE
ENDCHAR
STARTCHAR TnLtrSeg12
ENCODING -1
SWIDTH 207 0
DWIDTH 5 0
BBX 7 5 -1 0
BITMAP
06
0C
10
60
C0
ENDCHAR
STARTCHAR TnLtrSeg13
ENCODING -1
SWIDTH 207 0
DWIDTH 5 0
BBX 7 10 -1 0
BITMAP
04
06
0C
08
18
10
30
20
40
C0
ENDCHAR
STARTCHAR TnLtrSeg14
ENCODING -1
SWIDTH 207 0
DWIDTH 5 0
BBX 7 14 -1 0
BITMAP
06
04
04
0C
08
18
10
10
30
20
20
60
40
C0
ENDCHAR
STARTCHAR TnLtrSeg15
ENCODING -1
SWIDTH 207 0
DWIDTH 5 0
BBX 7 18 -1 0
BITMAP
06
04
04
0C
08
08
08
18
10
10
30
20
20
20
60
40
40
C0
ENDCHAR
STARTCHAR TnLtrSeg21
ENCODING -1
SWIDTH 207 0
DWIDTH 5 0
BBX 7 5 -1 0
BITMAP
C0
60
10
0C
06
ENDCHAR
STARTCHAR TnLtrSeg22
ENCODING -1
SWIDTH 207 0
DWIDTH 5 0
BBX 7 1 -1 4
BITMAP
FE
ENDCHAR
STARTCHAR TnLtrSeg23
ENCODING -1
SWIDTH 207 0
DWIDTH 5 0
BBX 7 6 -1 4
BITMAP
04
0E
18
30
60
C0
ENDCHAR
STARTCHAR TnLtrSeg24
ENCODING -1
SWIDTH 207 0
DWIDTH 5 0
BBX 7 10 -1 4
BITMAP
06
04
0C
08
18
30
20
60
40
C0
ENDCHAR
STARTCHAR TnLtrSeg25
ENCODING -1
SWIDTH 207 0
DWIDTH 5 0
BBX 7 14 -1 4
BITMAP
06
04
04
08
08
18
10
10
30
20
60
40
40
C0
ENDCHAR
STARTCHAR TnLtrSeg31
ENCODING -1
SWIDTH 207 0
DWIDTH 5 0
BBX 7 10 -1 0
BITMAP
80
40
60
20
30
10
18
08
04
06
ENDCHAR
STARTCHAR TnLtrSeg32
ENCODING -1
SWIDTH 207 0
DWIDTH 5 0
BBX 7 6 -1 4
BITMAP
80
60
30
18
0C
06
ENDCHAR
STARTCHAR TnLtrSeg33
ENCODING -1
SWIDTH 207 0
DWIDTH 5 0
BBX 7 1 -1 8
BITMAP
FE
ENDCHAR
STARTCHAR TnLtrSeg34
ENCODING -1
SWIDTH 207 0
DWIDTH 5 0
BBX 6 6 -1 8
BITMAP
04
0C
18
30
60
80
ENDCHAR
STARTCHAR TnLtrSeg35
ENCODING -1
SWIDTH 207 0
DWIDTH 5 0
BBX 7 10 -1 8
BITMAP
06
04
0C
18
10
30
20
60
40
80
ENDCHAR
STARTCHAR TnLtrSeg41
ENCODING -1
SWIDTH 207 0
DWIDTH 5 0
BBX 7 14 -1 0
BITMAP
C0
40
40
60
20
30
10
10
18
08
08
0C
04
06
ENDCHAR
STARTCHAR TnLtrSeg42
ENCODING -1
SWIDTH 207 0
DWIDTH 5 0
BBX 7 10 -1 4
BITMAP
C0
40
60
20
30
10
08
0C
04
06
ENDCHAR
STARTCHAR TnLtrSeg43
ENCODING -1
SWIDTH 207 0
DWIDTH 5 0
BBX 7 6 -1 8
BITMAP
C0
60
30
18
0C
06
ENDCHAR
STARTCHAR TnLtrSeg44
ENCODING -1
SWIDTH 207 0
DWIDTH 5 0
BBX 7 1 -1 13
BITMAP
FE
ENDCHAR
STARTCHAR TnLtrSeg45
ENCODING -1
SWIDTH 207 0
DWIDTH 5 0
BBX 7 5 -1 13
BITMAP
06
0C
18
60
C0
ENDCHAR
STARTCHAR TnLtrSeg51
ENCODING -1
SWIDTH 207 0
DWIDTH 5 0
BBX 7 18 -1 0
BITMAP
C0
40
40
60
20
20
20
30
10
10
18
08
08
08
0C
04
04
06
ENDCHAR
STARTCHAR TnLtrSeg52
ENCODING -1
SWIDTH 207 0
DWIDTH 5 0
BBX 7 14 -1 4
BITMAP
C0
40
40
20
20
30
10
10
18
08
0C
04
04
06
ENDCHAR
STARTCHAR TnLtrSeg53
ENCODING -1
SWIDTH 207 0
DWIDTH 5 0
BBX 7 10 -1 8
BITMAP
C0
40
60
20
10
18
08
0C
04
06
ENDCHAR
STARTCHAR TnLtrSeg54
ENCODING -1
SWIDTH 207 0
DWIDTH 5 0
BBX 7 5 -1 13
BITMAP
C0
60
30
0C
06
ENDCHAR
STARTCHAR TnLtrSeg55
ENCODING -1
SWIDTH 207 0
DWIDTH 5 0
BBX 7 1 -1 17
BITMAP
FE
ENDCHAR
STARTCHAR TnLtrDot1
ENCODING -1
SWIDTH 0 0
DWIDTH 0 0
BBX 2 2 -1 0
BITMAP
80
C0
ENDCHAR
STARTCHAR TnLtrDot2
ENCODING -1
SWIDTH 0 0
DWIDTH 0 0
BBX 2 2 -1 4
BITMAP
80
C0
ENDCHAR
STARTCHAR TnLtrDot3
ENCODING -1
SWIDTH 0 0
DWIDTH 0 0
BBX 2 2 -1 8
BITMAP
C0
C0
ENDCHAR
STARTCHAR TnLtrDot4
ENCODING -1
SWIDTH 0 0
DWIDTH 0 0
BBX 2 2 -1 12
BITMAP
C0
C0
ENDCHAR
STARTCHAR TnLtrDot5
ENCODING -1
SWIDTH 0 0
DWIDTH 0 0
BBX 2 2 -1 16
BITMAP
C0
80
ENDCHAR
STARTCHAR uni02E9.rstaff
ENCODING -1
SWIDTH 93 0
DWIDTH 2 0
BBX 2 18 -1 0
BITMAP
C0
C0
C0
C0
C0
C0
C0
C0
C0
C0
C0
C0
C0
C0
C0
C0
C0
C0
ENDCHAR
STARTCHAR uni02E8.rstaff
ENCODING -1
SWIDTH 93 0
DWIDTH 2 0
BBX 2 18 -1 0
BITMAP
C0
C0
C0
C0
C0
C0
C0
C0
C0
C0
C0
C0
C0
C0
C0
C0
C0
C0
ENDCHAR
STARTCHAR uni02E7.rstaff
ENCODING -1
SWIDTH 93 0
DWIDTH 2 0
BBX 2 18 -1 0
BITMAP
C0
C0
C0
C0
C0
C0
C0
C0
C0
C0
C0
C0
C0
C0
C0
C0
C0
C0
ENDCHAR
STARTCHAR uni02E6.rstaff
ENCODING -1
SWIDTH 93 0
DWIDTH 2 0
BBX 2 18 -1 0
BITMAP
C0
C0
C0
C0
C0
C0
C0
C0
C0
C0
C0
C0
C0
C0
C0
C0
C0
C0
ENDCHAR
STARTCHAR uni02E5.rstaff
ENCODING -1
SWIDTH 93 0
DWIDTH 2 0
BBX 2 18 -1 0
BITMAP
C0
C0
C0
C0
C0
C0
C0
C0
C0
C0
C0
C0
C0
C0
C0
C0
C0
C0
ENDCHAR
STARTCHAR uniA716.lstaff
ENCODING -1
SWIDTH 74 0
DWIDTH 2 0
BBX 2 18 1 0
BITMAP
C0
C0
C0
C0
C0
C0
C0
C0
C0
C0
C0
C0
C0
C0
C0
C0
C0
C0
ENDCHAR
STARTCHAR uniA715.lstaff
ENCODING -1
SWIDTH 74 0
DWIDTH 2 0
BBX 2 18 1 0
BITMAP
C0
C0
C0
C0
C0
C0
C0
C0
C0
C0
C0
C0
C0
C0
C0
C0
C0
C0
ENDCHAR
STARTCHAR uniA714.lstaff
ENCODING -1
SWIDTH 74 0
DWIDTH 2 0
BBX 2 18 1 0
BITMAP
C0
C0
C0
C0
C0
C0
C0
C0
C0
C0
C0
C0
C0
C0
C0
C0
C0
C0
ENDCHAR
STARTCHAR uniA713.lstaff
ENCODING -1
SWIDTH 74 0
DWIDTH 2 0
BBX 2 18 1 0
BITMAP
C0
C0
C0
C0
C0
C0
C0
C0
C0
C0
C0
C0
C0
C0
C0
C0
C0
C0
ENDCHAR
STARTCHAR uniA712.lstaff
ENCODING -1
SWIDTH 74 0
DWIDTH 2 0
BBX 2 18 1 0
BITMAP
C0
C0
C0
C0
C0
C0
C0
C0
C0
C0
C0
C0
C0
C0
C0
C0
C0
C0
ENDCHAR
STARTCHAR uni02E9.1
ENCODING -1
SWIDTH 269 0
DWIDTH 6 0
BBX 6 1 1 0
BITMAP
FC
ENDCHAR
STARTCHAR uni02E9.2
ENCODING -1
SWIDTH 269 0
DWIDTH 6 0
BBX 6 5 1 0
BITMAP
0C
18
30
60
C0
ENDCHAR
STARTCHAR uni02E9.3
ENCODING -1
SWIDTH 269 0
DWIDTH 6 0
BBX 6 10 1 0
BITMAP
04
0C
08
18
10
30
20
40
C0
80
ENDCHAR
STARTCHAR uni02E9.4
ENCODING -1
SWIDTH 269 0
DWIDTH 6 0
BBX 6 14 1 0
BITMAP
04
0C
08
08
18
10
10
30
20
60
40
40
C0
80
ENDCHAR
STARTCHAR uni02E9.5
ENCODING -1
SWIDTH 269 0
DWIDTH 6 0
BBX 6 18 1 0
BITMAP
04
0C
0C
08
08
18
10
10
30
20
20
20
60
40
40
C0
80
80
ENDCHAR
STARTCHAR uni02E8.1
ENCODING -1
SWIDTH 269 0
DWIDTH 6 0
BBX 6 5 1 0
BITMAP
C0
60
30
18
0C
ENDCHAR
STARTCHAR uni02E8.2
ENCODING -1
SWIDTH 269 0
DWIDTH 6 0
BBX 6 1 1 4
BITMAP
FC
ENDCHAR
STARTCHAR uni02E8.3
ENCODING -1
SWIDTH 269 0
DWIDTH 6 0
BBX 6 6 1 4
BITMAP
04
0C
18
30
C0
80
ENDCHAR
STARTCHAR uni02E8.4
ENCODING -1
SWIDTH 269 0
DWIDTH 6 0
BBX 6 10 1 4
BITMAP
04
0C
08
18
10
20
60
40
C0
80
ENDCHAR
STARTCHAR uni02E8.5
ENCODING -1
SWIDTH 269 0
DWIDTH 6 0
BBX 6 14 1 4
BITMAP
04
0C
08
08
18
10
30
20
20
60
40
40
80
80
ENDCHAR
STARTCHAR uni02E7.1
ENCODING -1
SWIDTH 269 0
DWIDTH 6 0
BBX 6 10 1 0
BITMAP
80
80
40
60
20
30
10
08
0C
04
ENDCHAR
STARTCHAR uni02E7.2
ENCODING -1
SWIDTH 269 0
DWIDTH 6 0
BBX 6 6 1 4
BITMAP
80
C0
60
30
08
04
ENDCHAR
STARTCHAR uni02E7.3
ENCODING -1
SWIDTH 269 0
DWIDTH 6 0
BBX 6 1 1 8
BITMAP
FC
ENDCHAR
STARTCHAR uni02E7.4
ENCODING -1
SWIDTH 269 0
DWIDTH 6 0
BBX 6 6 1 8
BITMAP
04
08
30
60
C0
80
ENDCHAR
STARTCHAR uni02E7.5
ENCODING -1
SWIDTH 269 0
DWIDTH 6 0
BBX 6 10 1 8
BITMAP
04
0C
08
10
30
20
60
40
C0
80
ENDCHAR
STARTCHAR uni02E6.1
ENCODING -1
SWIDTH 269 0
DWIDTH 6 0
BBX 6 14 1 0
BITMAP
80
80
40
40
60
20
20
30
10
18
08
08
0C
04
ENDCHAR
STARTCHAR uni02E6.2
ENCODING -1
SWIDTH 269 0
DWIDTH 6 0
BBX 6 10 1 4
BITMAP
80
C0
40
60
20
10
18
08
0C
04
ENDCHAR
STARTCHAR uni02E6.3
ENCODING -1
SWIDTH 269 0
DWIDTH 6 0
BBX 6 6 1 8
BITMAP
80
C0
20
18
0C
04
ENDCHAR
STARTCHAR uni02E6.4
ENCODING -1
SWIDTH 269 0
DWIDTH 6 0
BBX 6 1 1 13
BITMAP
FC
ENDCHAR
STARTCHAR uni02E6.5
ENCODING -1
SWIDTH 269 0
DWIDTH 6 0
BBX 6 5 1 13
BITMAP
0C
18
30
60
C0
ENDCHAR
STARTCHAR uni02E5.1
ENCODING -1
SWIDTH 269 0
DWIDTH 6 0
BBX 6 18 1 0
BITMAP
80
80
C0
40
40
60
20
20
20
30
10
10
18
08
08
08
0C
04
ENDCHAR
STARTCHAR uni02E5.2
ENCODING -1
SWIDTH 269 0
DWIDTH 6 0
BBX 6 14 1 4
BITMAP
80
C0
40
40
60
20
20
10
10
18
08
08
0C
04
ENDCHAR
STARTCHAR uni02E5.3
ENCODING -1
SWIDTH 269 0
DWIDTH 6 0
BBX 6 10 1 8
BITMAP
80
C0
40
20
30
10
18
08
0C
04
ENDCHAR
STARTCHAR uni02E5.4
ENCODING -1
SWIDTH 269 0
DWIDTH 6 0
BBX 6 5 1 13
BITMAP
80
60
30
18
0C
ENDCHAR
STARTCHAR uni02E5.5
ENCODING -1
SWIDTH 269 0
DWIDTH 6 0
BBX 6 1 1 17
BITMAP
FC
ENDCHAR
STARTCHAR uniA716.1
ENCODING -1
SWIDTH 288 0
DWIDTH 7 0
BBX 7 1 -1 0
BITMAP
FE
ENDCHAR
STARTCHAR uniA715.1
ENCODING -1
SWIDTH 288 0
DWIDTH 7 0
BBX 7 5 -1 0
BITMAP
06
0C
10
60
C0
ENDCHAR
STARTCHAR uniA714.1
ENCODING -1
SWIDTH 288 0
DWIDTH 7 0
BBX 7 10 -1 0
BITMAP
04
06
0C
08
18
10
30
20
40
C0
ENDCHAR
STARTCHAR uniA713.1
ENCODING -1
SWIDTH 288 0
DWIDTH 7 0
BBX 7 14 -1 0
BITMAP
06
04
04
0C
08
18
10
10
30
20
20
60
40
C0
ENDCHAR
STARTCHAR uniA712.1
ENCODING -1
SWIDTH 288 0
DWIDTH 7 0
BBX 7 18 -1 0
BITMAP
06
04
04
0C
08
08
08
18
10
10
30
20
20
20
60
40
40
C0
ENDCHAR
STARTCHAR uniA716.2
ENCODING -1
SWIDTH 288 0
DWIDTH 7 0
BBX 7 5 -1 0
BITMAP
C0
60
10
0C
06
ENDCHAR
STARTCHAR uniA715.2
ENCODING -1
SWIDTH 288 0
DWIDTH 7 0
BBX 7 1 -1 4
BITMAP
FE
ENDCHAR
STARTCHAR uniA714.2
ENCODING -1
SWIDTH 288 0
DWIDTH 7 0
BBX 7 6 -1 4
BITMAP
04
0E
18
30
60
C0
ENDCHAR
STARTCHAR uniA713.2
ENCODING -1
SWIDTH 288 0
DWIDTH 7 0
BBX 7 10 -1 4
BITMAP
06
04
0C
08
18
30
20
60
40
C0
ENDCHAR
STARTCHAR uniA712.2
ENCODING -1
SWIDTH 288 0
DWIDTH 7 0
BBX 7 14 -1 4
BITMAP
06
04
04
08
08
18
10
10
30
20
60
40
40
C0
ENDCHAR
STARTCHAR uniA716.3
ENCODING -1
SWIDTH 288 0
DWIDTH 7 0
BBX 7 10 -1 0
BITMAP
80
40
60
20
30
10
18
08
04
06
ENDCHAR
STARTCHAR uniA715.3
ENCODING -1
SWIDTH 288 0
DWIDTH 7 0
BBX 7 6 -1 4
BITMAP
80
60
30
18
0C
06
ENDCHAR
STARTCHAR uniA714.3
ENCODING -1
SWIDTH 288 0
DWIDTH 7 0
BBX 7 1 -1 8
BITMAP
FE
ENDCHAR
STARTCHAR uniA713.3
ENCODING -1
SWIDTH 288 0
DWIDTH 7 0
BBX 6 6 -1 8
BITMAP
04
0C
18
30
60
80
ENDCHAR
STARTCHAR uniA712.3
ENCODING -1
SWIDTH 288 0
DWIDTH 7 0
BBX 7 10 -1 8
BITMAP
06
04
0C
18
10
30
20
60
40
80
ENDCHAR
STARTCHAR uniA716.4
ENCODING -1
SWIDTH 288 0
DWIDTH 7 0
BBX 7 14 -1 0
BITMAP
C0
40
40
60
20
30
10
10
18
08
08
0C
04
06
ENDCHAR
STARTCHAR uniA715.4
ENCODING -1
SWIDTH 288 0
DWIDTH 7 0
BBX 7 10 -1 4
BITMAP
C0
40
60
20
30
10
08
0C
04
06
ENDCHAR
STARTCHAR uniA714.4
ENCODING -1
SWIDTH 288 0
DWIDTH 7 0
BBX 7 6 -1 8
BITMAP
C0
60
30
18
0C
06
ENDCHAR
STARTCHAR uniA713.4
ENCODING -1
SWIDTH 288 0
DWIDTH 7 0
BBX 7 1 -1 13
BITMAP
FE
ENDCHAR
STARTCHAR uniA712.4
ENCODING -1
SWIDTH 288 0
DWIDTH 7 0
BBX 7 5 -1 13
BITMAP
06
0C
18
60
C0
ENDCHAR
STARTCHAR uniA716.5
ENCODING -1
SWIDTH 288 0
DWIDTH 7 0
BBX 7 18 -1 0
BITMAP
C0
40
40
60
20
20
20
30
10
10
18
08
08
08
0C
04
04
06
ENDCHAR
STARTCHAR uniA715.5
ENCODING -1
SWIDTH 288 0
DWIDTH 7 0
BBX 7 14 -1 4
BITMAP
C0
40
40
20
20
30
10
10
18
08
0C
04
04
06
ENDCHAR
STARTCHAR uniA714.5
ENCODING -1
SWIDTH 288 0
DWIDTH 7 0
BBX 7 10 -1 8
BITMAP
C0
40
60
20
10
18
08
0C
04
06
ENDCHAR
STARTCHAR uniA713.5
ENCODING -1
SWIDTH 288 0
DWIDTH 7 0
BBX 7 5 -1 13
BITMAP
C0
60
30
0C
06
ENDCHAR
STARTCHAR uniA712.5
ENCODING -1
SWIDTH 288 0
DWIDTH 7 0
BBX 7 1 -1 17
BITMAP
FE
ENDCHAR
STARTCHAR uni02E9.rstaffno
ENCODING -1
SWIDTH 93 0
DWIDTH 2 0
BBX 1 1 0 0
BITMAP
00
ENDCHAR
STARTCHAR uni02E8.rstaffno
ENCODING -1
SWIDTH 93 0
DWIDTH 2 0
BBX 1 1 0 0
BITMAP
00
ENDCHAR
STARTCHAR uni02E7.rstaffno
ENCODING -1
SWIDTH 93 0
DWIDTH 2 0
BBX 1 1 0 0
BITMAP
00
ENDCHAR
STARTCHAR uni02E6.rstaffno
ENCODING -1
SWIDTH 93 0
DWIDTH 2 0
BBX 1 1 0 0
BITMAP
00
ENDCHAR
STARTCHAR uni02E5.rstaffno
ENCODING -1
SWIDTH 93 0
DWIDTH 2 0
BBX 1 1 0 0
BITMAP
00
ENDCHAR
STARTCHAR uniA716.lstaffno
ENCODING -1
SWIDTH 74 0
DWIDTH 2 0
BBX 1 1 0 0
BITMAP
00
ENDCHAR
STARTCHAR uniA715.lstaffno
ENCODING -1
SWIDTH 74 0
DWIDTH 2 0
BBX 1 1 0 0
BITMAP
00
ENDCHAR
STARTCHAR uniA714.lstaffno
ENCODING -1
SWIDTH 74 0
DWIDTH 2 0
BBX 1 1 0 0
BITMAP
00
ENDCHAR
STARTCHAR uniA713.lstaffno
ENCODING -1
SWIDTH 74 0
DWIDTH 2 0
BBX 1 1 0 0
BITMAP
00
ENDCHAR
STARTCHAR uniA712.lstaffno
ENCODING -1
SWIDTH 74 0
DWIDTH 2 0
BBX 1 1 0 0
BITMAP
00
ENDCHAR
STARTCHAR uni02E9.no
ENCODING -1
SWIDTH 362 0
DWIDTH 9 0
BBX 6 1 1 0
BITMAP
FC
ENDCHAR
STARTCHAR uni02E8.no
ENCODING -1
SWIDTH 362 0
DWIDTH 9 0
BBX 6 1 1 4
BITMAP
FC
ENDCHAR
STARTCHAR uni02E7.no
ENCODING -1
SWIDTH 362 0
DWIDTH 9 0
BBX 6 1 1 8
BITMAP
FC
ENDCHAR
STARTCHAR uni02E6.no
ENCODING -1
SWIDTH 362 0
DWIDTH 9 0
BBX 6 1 1 13
BITMAP
FC
ENDCHAR
STARTCHAR uni02E5.no
ENCODING -1
SWIDTH 362 0
DWIDTH 9 0
BBX 6 1 1 17
BITMAP
FC
ENDCHAR
STARTCHAR uniA716.no
ENCODING -1
SWIDTH 362 0
DWIDTH 9 0
BBX 6 1 1 0
BITMAP
FC
ENDCHAR
STARTCHAR uniA715.no
ENCODING -1
SWIDTH 362 0
DWIDTH 9 0
BBX 6 1 1 4
BITMAP
FC
ENDCHAR
STARTCHAR uniA714.no
ENCODING -1
SWIDTH 362 0
DWIDTH 9 0
BBX 6 1 1 8
BITMAP
FC
ENDCHAR
STARTCHAR uniA713.no
ENCODING -1
SWIDTH 362 0
DWIDTH 9 0
BBX 6 1 1 13
BITMAP
FC
ENDCHAR
STARTCHAR uniA712.no
ENCODING -1
SWIDTH 362 0
DWIDTH 9 0
BBX 6 1 1 17
BITMAP
FC
ENDCHAR
STARTCHAR uniF1F1F1F2
ENCODING -1
SWIDTH 439 0
DWIDTH 11 0
BBX 12 4 -1 -4
BITMAP
0030
03E0
3E00
E000
ENDCHAR
STARTCHAR uniF1F1F1F3
ENCODING -1
SWIDTH 439 0
DWIDTH 11 0
BBX 12 7 -1 -4
BITMAP
0010
0070
01C0
0700
1C00
7000
C000
ENDCHAR
STARTCHAR uniF1F1F1F4
ENCODING -1
SWIDTH 439 0
DWIDTH 11 0
BBX 12 9 -1 -4
BITMAP
0030
0060
00C0
0300
0600
0C00
3000
6000
C000
ENDCHAR
STARTCHAR uniF1F1F1F5
ENCODING -1
SWIDTH 439 0
DWIDTH 11 0
BBX 12 12 -1 -4
BITMAP
0010
0020
0060
00C0
0180
0300
0600
0C00
1800
3000
6000
C000
ENDCHAR
STARTCHAR uniF1F1F1F6
ENCODING -1
SWIDTH 439 0
DWIDTH 11 0
BBX 12 15 -1 -4
BITMAP
0010
0030
0060
0040
0080
0180
0300
0200
0400
0C00
1800
3000
2000
4000
C000
ENDCHAR
STARTCHAR uniF1F1F1F7
ENCODING -1
SWIDTH 439 0
DWIDTH 11 0
BBX 12 17 -1 -4
BITMAP
0010
0020
0060
0040
0080
0180
0100
0300
0600
0400
0C00
1800
1000
3000
6000
4000
C000
ENDCHAR
STARTCHAR uniF1F1F1F8
ENCODING -1
SWIDTH 439 0
DWIDTH 11 0
BBX 12 20 -1 -4
BITMAP
0010
0030
0020
0060
0040
0080
0180
0100
0300
0200
0600
0400
0C00
0800
1000
3000
2000
6000
4000
C000
ENDCHAR
STARTCHAR uniF1F1F1F9
ENCODING -1
SWIDTH 439 0
DWIDTH 11 0
BBX 12 23 -1 -4
BITMAP
0010
0010
0020
0020
0040
0040
0080
0080
0100
0100
0300
0200
0600
0400
0C00
0800
1800
1000
3000
2000
6000
4000
C000
ENDCHAR
STARTCHAR uniF1F2F1F1
ENCODING -1
SWIDTH 439 0
DWIDTH 11 0
BBX 12 4 -1 -4
BITMAP
E000
3E00
03E0
0030
ENDCHAR
STARTCHAR uniF1F2F1F3
ENCODING -1
SWIDTH 439 0
DWIDTH 11 0
BBX 12 4 -1 -1
BITMAP
0010
01F0
1F00
F000
ENDCHAR
STARTCHAR uniF1F2F1F4
ENCODING -1
SWIDTH 439 0
DWIDTH 11 0
BBX 12 6 -1 -1
BITMAP
0030
00C0
0300
0E00
3800
E000
ENDCHAR
STARTCHAR uniF1F2F1F5
ENCODING -1
SWIDTH 439 0
DWIDTH 11 0
BBX 12 9 -1 -1
BITMAP
0010
0060
00C0
0180
0600
0C00
1800
7000
C000
ENDCHAR
STARTCHAR uniF1F2F1F6
ENCODING -1
SWIDTH 439 0
DWIDTH 11 0
BBX 12 12 -1 -1
BITMAP
0010
0030
0060
00C0
0180
0300
0600
0C00
1800
3000
6000
C000
ENDCHAR
STARTCHAR uniF1F2F1F7
ENCODING -1
SWIDTH 439 0
DWIDTH 11 0
BBX 12 14 -1 -1
BITMAP
0010
0020
0060
00C0
0180
0100
0200
0600
0C00
1800
1000
2000
6000
C000
ENDCHAR
STARTCHAR uniF1F2F1F8
ENCODING -1
SWIDTH 439 0
DWIDTH 11 0
BBX 12 17 -1 -1
BITMAP
0010
0030
0020
0040
00C0
0080
0100
0300
0200
0400
0C00
0800
1000
3000
2000
6000
C000
ENDCHAR
STARTCHAR uniF1F2F1F9
ENCODING -1
SWIDTH 439 0
DWIDTH 11 0
BBX 12 20 -1 -1
BITMAP
0010
0030
0020
0060
0040
00C0
0080
0180
0100
0200
0600
0400
0C00
0800
1800
1000
2000
6000
4000
C000
ENDCHAR
STARTCHAR uniF1F3F1F1
ENCODING -1
SWIDTH 439 0
DWIDTH 11 0
BBX 12 7 -1 -4
BITMAP
8000
6000
1800
0600
0180
0060
0010
ENDCHAR
STARTCHAR uniF1F3F1F2
ENCODING -1
SWIDTH 439 0
DWIDTH 11 0
BBX 12 4 -1 -1
BITMAP
4000
FC00
07C0
0070
ENDCHAR
STARTCHAR uniF1F3F1F4
ENCODING -1
SWIDTH 439 0
DWIDTH 11 0
BBX 12 4 -1 1
BITMAP
00F0
0F80
7800
8000
ENDCHAR
STARTCHAR uniF1F3F1F5
ENCODING -1
SWIDTH 439 0
DWIDTH 11 0
BBX 12 7 -1 1
BITMAP
0030
00E0
0380
0E00
1800
6000
8000
ENDCHAR
STARTCHAR uniF1F3F1F6
ENCODING -1
SWIDTH 439 0
DWIDTH 11 0
BBX 12 10 -1 1
BITMAP
0010
0030
00C0
0180
0300
0600
1800
3000
6000
8000
ENDCHAR
STARTCHAR uniF1F3F1F7
ENCODING -1
SWIDTH 439 0
DWIDTH 11 0
BBX 12 12 -1 1
BITMAP
0030
0060
00C0
0180
0300
0600
0400
0800
1000
2000
4000
8000
ENDCHAR
STARTCHAR uniF1F3F1F8
ENCODING -1
SWIDTH 439 0
DWIDTH 11 0
BBX 12 15 -1 1
BITMAP
0010
0030
0060
00C0
0080
0100
0300
0600
0400
0800
1800
3000
6000
4000
8000
ENDCHAR
STARTCHAR uniF1F3F1F9
ENCODING -1
SWIDTH 439 0
DWIDTH 11 0
BBX 12 18 -1 1
BITMAP
0010
0030
0020
0060
00C0
0080
0180
0300
0200
0600
0C00
0800
1800
1000
2000
6000
4000
8000
ENDCHAR
STARTCHAR uniF1F4F1F1
ENCODING -1
SWIDTH 439 0
DWIDTH 11 0
BBX 12 9 -1 -4
BITMAP
C000
3000
1800
0C00
0300
0180
00C0
0060
0010
ENDCHAR
STARTCHAR uniF1F4F1F2
ENCODING -1
SWIDTH 439 0
DWIDTH 11 0
BBX 12 6 -1 -1
BITMAP
E000
3800
0E00
0380
00E0
0030
ENDCHAR
STARTCHAR uniF1F4F1F3
ENCODING -1
SWIDTH 439 0
DWIDTH 11 0
BBX 12 4 -1 1
BITMAP
F000
1F00
01F0
0010
ENDCHAR
STARTCHAR uniF1F4F1F5
ENCODING -1
SWIDTH 439 0
DWIDTH 11 0
BBX 12 4 -1 4
BITMAP
0070
07C0
3C00
E000
ENDCHAR
STARTCHAR uniF1F4F1F6
ENCODING -1
SWIDTH 439 0
DWIDTH 11 0
BBX 12 7 -1 4
BITMAP
0010
0070
01C0
0700
1C00
7000
C000
ENDCHAR
STARTCHAR uniF1F4F1F7
ENCODING -1
SWIDTH 439 0
DWIDTH 11 0
BBX 12 9 -1 4
BITMAP
0030
0060
00C0
0300
0600
0C00
3000
6000
C000
ENDCHAR
STARTCHAR uniF1F4F1F8
ENCODING -1
SWIDTH 439 0
DWIDTH 11 0
BBX 12 12 -1 4
BITMAP
0010
0020
0040
0080
0180
0300
0600
0C00
1800
3000
6000
C000
ENDCHAR
STARTCHAR uniF1F4F1F9
ENCODING -1
SWIDTH 439 0
DWIDTH 11 0
BBX 12 15 -1 4
BITMAP
0010
0030
0060
0040
0080
0180
0300
0200
0400
0C00
1800
3000
2000
4000
C000
ENDCHAR
STARTCHAR uniF1F5F1F1
ENCODING -1
SWIDTH 439 0
DWIDTH 11 0
BBX 12 12 -1 -4
BITMAP
C000
6000
3000
1800
0C00
0600
0300
0180
00C0
0060
0030
0010
ENDCHAR
STARTCHAR uniF1F5F1F2
ENCODING -1
SWIDTH 439 0
DWIDTH 11 0
BBX 12 9 -1 -1
BITMAP
C000
6000
3800
0C00
0600
0300
00C0
0060
0030
ENDCHAR
STARTCHAR uniF1F5F1F3
ENCODING -1
SWIDTH 439 0
DWIDTH 11 0
BBX 12 7 -1 1
BITMAP
C000
7000
1C00
0700
01C0
0070
0010
ENDCHAR
STARTCHAR uniF1F5F1F4
ENCODING -1
SWIDTH 439 0
DWIDTH 11 0
BBX 12 4 -1 4
BITMAP
E000
3E00
03E0
0030
ENDCHAR
STARTCHAR uniF1F5F1F6
ENCODING -1
SWIDTH 439 0
DWIDTH 11 0
BBX 12 4 -1 7
BITMAP
0010
01F0
1F00
F000
ENDCHAR
STARTCHAR uniF1F5F1F7
ENCODING -1
SWIDTH 439 0
DWIDTH 11 0
BBX 12 6 -1 7
BITMAP
0030
00C0
0300
0C00
3000
E000
ENDCHAR
STARTCHAR uniF1F5F1F8
ENCODING -1
SWIDTH 439 0
DWIDTH 11 0
BBX 12 9 -1 7
BITMAP
0010
0060
00C0
0180
0600
0C00
1800
6000
C000
ENDCHAR
STARTCHAR uniF1F5F1F9
ENCODING -1
SWIDTH 439 0
DWIDTH 11 0
BBX 12 12 -1 7
BITMAP
0010
0030
0060
00C0
0180
0300
0600
0C00
1800
3000
6000
C000
ENDCHAR
STARTCHAR uniF1F6F1F1
ENCODING -1
SWIDTH 439 0
DWIDTH 11 0
BBX 12 15 -1 -4
BITMAP
8000
4000
6000
3000
1800
0800
0400
0600
0300
0180
0080
0040
0060
0030
0010
ENDCHAR
STARTCHAR uniF1F6F1F2
ENCODING -1
SWIDTH 439 0
DWIDTH 11 0
BBX 12 12 -1 -1
BITMAP
8000
4000
2000
1000
0800
0400
0200
0100
0080
0040
0020
0010
ENDCHAR
STARTCHAR uniF1F6F1F3
ENCODING -1
SWIDTH 439 0
DWIDTH 11 0
BBX 12 10 -1 1
BITMAP
4000
E000
3000
1800
0600
0300
0180
0060
0030
0010
ENDCHAR
STARTCHAR uniF1F6F1F4
ENCODING -1
SWIDTH 439 0
DWIDTH 11 0
BBX 12 7 -1 4
BITMAP
4000
F000
1C00
0600
0180
0060
0010
ENDCHAR
STARTCHAR uniF1F6F1F5
ENCODING -1
SWIDTH 439 0
DWIDTH 11 0
BBX 12 4 -1 7
BITMAP
4000
FC00
07C0
0070
ENDCHAR
STARTCHAR uniF1F6F1F7
ENCODING -1
SWIDTH 439 0
DWIDTH 11 0
BBX 12 4 -1 9
BITMAP
00F0
0F80
7800
8000
ENDCHAR
STARTCHAR uniF1F6F1F8
ENCODING -1
SWIDTH 439 0
DWIDTH 11 0
BBX 12 7 -1 9
BITMAP
0030
00E0
0380
0E00
3800
6000
8000
ENDCHAR
STARTCHAR uniF1F6F1F9
ENCODING -1
SWIDTH 439 0
DWIDTH 11 0
BBX 12 10 -1 9
BITMAP
0010
0030
00C0
0180
0300
0C00
1800
3000
6000
8000
ENDCHAR
STARTCHAR uniF1F7F1F1
ENCODING -1
SWIDTH 439 0
DWIDTH 11 0
BBX 12 17 -1 -4
BITMAP
C000
6000
2000
3000
1800
0800
0C00
0400
0200
0300
0100
0080
00C0
0040
0020
0030
0010
ENDCHAR
STARTCHAR uniF1F7F1F2
ENCODING -1
SWIDTH 439 0
DWIDTH 11 0
BBX 11 14 0 -1
BITMAP
8000
C000
6000
2000
1000
1800
0C00
0600
0200
0100
0180
00C0
0040
0020
ENDCHAR
STARTCHAR uniF1F7F1F3
ENCODING -1
SWIDTH 439 0
DWIDTH 11 0
BBX 12 12 -1 1
BITMAP
C000
6000
3000
1800
0C00
0600
0300
0180
00C0
0060
0030
0010
ENDCHAR
STARTCHAR uniF1F7F1F4
ENCODING -1
SWIDTH 439 0
DWIDTH 11 0
BBX 12 9 -1 4
BITMAP
C000
3000
1800
0C00
0300
0180
00C0
0030
0010
ENDCHAR
STARTCHAR uniF1F7F1F5
ENCODING -1
SWIDTH 439 0
DWIDTH 11 0
BBX 12 6 -1 7
BITMAP
E000
3800
0E00
0380
00E0
0030
ENDCHAR
STARTCHAR uniF1F7F1F6
ENCODING -1
SWIDTH 439 0
DWIDTH 11 0
BBX 12 4 -1 9
BITMAP
F800
0F80
01F0
0010
ENDCHAR
STARTCHAR uniF1F7F1F8
ENCODING -1
SWIDTH 439 0
DWIDTH 11 0
BBX 12 4 -1 12
BITMAP
0070
07C0
7C00
C000
ENDCHAR
STARTCHAR uniF1F7F1F9
ENCODING -1
SWIDTH 439 0
DWIDTH 11 0
BBX 12 7 -1 12
BITMAP
0010
0070
01C0
0700
1C00
7000
C000
ENDCHAR
STARTCHAR uniF1F8F1F1
ENCODING -1
SWIDTH 439 0
DWIDTH 11 0
BBX 12 20 -1 -4
BITMAP
C000
4000
6000
2000
1000
1800
0800
0C00
0400
0600
0200
0300
0100
0080
00C0
0040
0060
0020
0030
0010
ENDCHAR
STARTCHAR uniF1F8F1F2
ENCODING -1
SWIDTH 439 0
DWIDTH 11 0
BBX 12 17 -1 -1
BITMAP
C000
4000
2000
3000
1000
0800
0C00
0400
0600
0300
0100
0180
00C0
0040
0060
0030
0010
ENDCHAR
STARTCHAR uniF1F8F1F3
ENCODING -1
SWIDTH 439 0
DWIDTH 11 0
BBX 12 15 -1 1
BITMAP
C000
6000
2000
1000
1800
0C00
0400
0200
0300
0180
00C0
0040
0020
0030
0010
ENDCHAR
STARTCHAR uniF1F8F1F4
ENCODING -1
SWIDTH 439 0
DWIDTH 11 0
BBX 12 12 -1 4
BITMAP
C000
6000
3000
1800
0C00
0600
0300
0180
00C0
0060
0030
0010
ENDCHAR
STARTCHAR uniF1F8F1F5
ENCODING -1
SWIDTH 439 0
DWIDTH 11 0
BBX 12 9 -1 7
BITMAP
C000
6000
1800
0C00
0600
0180
00C0
0060
0030
ENDCHAR
STARTCHAR uniF1F8F1F6
ENCODING -1
SWIDTH 439 0
DWIDTH 11 0
BBX 12 7 -1 9
BITMAP
C000
3000
0C00
0700
01C0
0070
0010
ENDCHAR
STARTCHAR uniF1F8F1F7
ENCODING -1
SWIDTH 439 0
DWIDTH 11 0
BBX 12 4 -1 12
BITMAP
E000
3E00
03E0
0030
ENDCHAR
STARTCHAR uniF1F8F1F9
ENCODING -1
SWIDTH 439 0
DWIDTH 11 0
BBX 12 4 -1 15
BITMAP
0030
01E0
1F00
F000
ENDCHAR
STARTCHAR uniF1F9F1F1
ENCODING -1
SWIDTH 439 0
DWIDTH 11 0
BBX 12 23 -1 -4
BITMAP
8000
4000
6000
2000
2000
1000
1000
0800
0800
0400
0400
0200
0200
0100
0100
0180
0080
00C0
0040
0060
0020
0030
0010
ENDCHAR
STARTCHAR uniF1F9F1F2
ENCODING -1
SWIDTH 439 0
DWIDTH 11 0
BBX 12 20 -1 -1
BITMAP
8000
4000
6000
2000
3000
1000
1800
0800
0400
0600
0200
0300
0100
0180
0080
0040
0040
0020
0030
0010
ENDCHAR
STARTCHAR uniF1F9F1F3
ENCODING -1
SWIDTH 439 0
DWIDTH 11 0
BBX 12 18 -1 1
BITMAP
C000
4000
6000
2000
1000
1800
0800
0400
0600
0200
0100
0180
0080
0040
0060
0020
0030
0010
ENDCHAR
STARTCHAR uniF1F9F1F4
ENCODING -1
SWIDTH 439 0
DWIDTH 11 0
BBX 12 15 -1 4
BITMAP
4000
C000
2000
3000
1800
0800
0400
0600
0300
0180
0080
0040
0060
0030
0010
ENDCHAR
STARTCHAR uniF1F9F1F5
ENCODING -1
SWIDTH 439 0
DWIDTH 11 0
BBX 12 12 -1 7
BITMAP
4000
E000
2000
1000
0800
0400
0200
0100
0080
0040
0020
0010
ENDCHAR
STARTCHAR uniF1F9F1F6
ENCODING -1
SWIDTH 439 0
DWIDTH 11 0
BBX 12 10 -1 9
BITMAP
4000
E000
3000
1C00
0600
0300
0180
0060
0030
0010
ENDCHAR
STARTCHAR uniF1F9F1F7
ENCODING -1
SWIDTH 439 0
DWIDTH 11 0
BBX 12 7 -1 12
BITMAP
4000
F000
1C00
0700
01C0
0060
0010
ENDCHAR
STARTCHAR uniF1F9F1F8
ENCODING -1
SWIDTH 439 0
DWIDTH 11 0
BBX 12 4 -1 15
BITMAP
4000
FC00
07C0
0070
ENDCHAR
STARTCHAR space.Lines
ENCODING -1
SWIDTH 220 0
DWIDTH 5 0
BBX 5 25 0 -5
BITMAP
F8
00
00
00
00
00
00
00
00
00
00
00
00
00
00
00
00
00
00
00
00
00
00
00
F8
ENDCHAR
STARTCHAR uniF1F1.Lines
ENCODING -1
SWIDTH 439 0
DWIDTH 11 0
BBX 12 25 -1 -5
BITMAP
7FE0
0000
0000
0000
0000
0000
0000
0000
0000
0000
0000
0000
0000
0000
0000
0000
0000
0000
0000
0000
0000
0000
0000
FFF0
7FE0
ENDCHAR
STARTCHAR uniF1F1F1F2.Lines
ENCODING -1
SWIDTH 439 0
DWIDTH 11 0
BBX 12 25 -1 -5
BITMAP
7FE0
0000
0000
0000
0000
0000
0000
0000
0000
0000
0000
0000
0000
0000
0000
0000
0000
0000
0000
0000
0030
03E0
3E00
E000
7FE0
ENDCHAR
STARTCHAR uniF1F1F1F3.Lines
ENCODING -1
SWIDTH 439 0
DWIDTH 11 0
BBX 12 25 -1 -5
BITMAP
7FE0
0000
0000
0000
0000
0000
0000
0000
0000
0000
0000
0000
0000
0000
0000
0000
0000
0010
0070
01C0
0700
1C00
7000
C000
7FE0
ENDCHAR
STARTCHAR uniF1F1F1F4.Lines
ENCODING -1
SWIDTH 439 0
DWIDTH 11 0
BBX 12 25 -1 -5
BITMAP
7FE0
0000
0000
0000
0000
0000
0000
0000
0000
0000
0000
0000
0000
0000
0000
0030
0060
00C0
0300
0600
0C00
3000
6000
C000
7FE0
ENDCHAR
STARTCHAR uniF1F1F1F5.Lines
ENCODING -1
SWIDTH 439 0
DWIDTH 11 0
BBX 12 25 -1 -5
BITMAP
7FE0
0000
0000
0000
0000
0000
0000
0000
0000
0000
0000
0000
0010
0020
0060
00C0
0180
0300
0600
0C00
1800
3000
6000
C000
7FE0
ENDCHAR
STARTCHAR uniF1F1F1F6.Lines
ENCODING -1
SWIDTH 439 0
DWIDTH 11 0
BBX 12 25 -1 -5
BITMAP
7FE0
0000
0000
0000
0000
0000
0000
0000
0000
0010
0030
0060
0040
0080
0180
0300
0200
0400
0C00
1800
3000
2000
4000
C000
7FE0
ENDCHAR
STARTCHAR uniF1F1F1F7.Lines
ENCODING -1
SWIDTH 439 0
DWIDTH 11 0
BBX 12 25 -1 -5
BITMAP
7FE0
0000
0000
0000
0000
0000
0000
0010
0020
0060
0040
0080
0180
0100
0300
0600
0400
0C00
1800
1000
3000
6000
4000
C000
7FE0
ENDCHAR
STARTCHAR uniF1F1F1F8.Lines
ENCODING -1
SWIDTH 439 0
DWIDTH 11 0
BBX 12 25 -1 -5
BITMAP
7FE0
0000
0000
0000
0010
0030
0020
0060
0040
0080
0180
0100
0300
0200
0600
0400
0C00
0800
1000
3000
2000
6000
4000
C000
7FE0
ENDCHAR
STARTCHAR uniF1F1F1F9.Lines
ENCODING -1
SWIDTH 439 0
DWIDTH 11 0
BBX 12 25 -1 -5
BITMAP
7FE0
0010
0010
0020
0020
0040
0040
0080
0080
0100
0100
0300
0200
0600
0400
0C00
0800
1800
1000
3000
2000
6000
4000
C000
7FE0
ENDCHAR
STARTCHAR uniF1F2F1F1.Lines
ENCODING -1
SWIDTH 439 0
DWIDTH 11 0
BBX 12 25 -1 -5
BITMAP
7FE0
0000
0000
0000
0000
0000
0000
0000
0000
0000
0000
0000
0000
0000
0000
0000
0000
0000
0000
0000
E000
3E00
03E0
0030
7FE0
ENDCHAR
STARTCHAR uniF1F2.Lines
ENCODING -1
SWIDTH 439 0
DWIDTH 11 0
BBX 12 25 -1 -5
BITMAP
7FE0
0000
0000
0000
0000
0000
0000
0000
0000
0000
0000
0000
0000
0000
0000
0000
0000
0000
0000
0000
FFF0
0000
0000
0000
7FE0
ENDCHAR
STARTCHAR uniF1F2F1F3.Lines
ENCODING -1
SWIDTH 439 0
DWIDTH 11 0
BBX 12 25 -1 -5
BITMAP
7FE0
0000
0000
0000
0000
0000
0000
0000
0000
0000
0000
0000
0000
0000
0000
0000
0000
0010
01F0
1F00
F000
0000
0000
0000
7FE0
ENDCHAR
STARTCHAR uniF1F2F1F4.Lines
ENCODING -1
SWIDTH 439 0
DWIDTH 11 0
BBX 12 25 -1 -5
BITMAP
7FE0
0000
0000
0000
0000
0000
0000
0000
0000
0000
0000
0000
0000
0000
0000
0030
00C0
0300
0E00
3800
E000
0000
0000
0000
7FE0
ENDCHAR
STARTCHAR uniF1F2F1F5.Lines
ENCODING -1
SWIDTH 439 0
DWIDTH 11 0
BBX 12 25 -1 -5
BITMAP
7FE0
0000
0000
0000
0000
0000
0000
0000
0000
0000
0000
0000
0010
0060
00C0
0180
0600
0C00
1800
7000
C000
0000
0000
0000
7FE0
ENDCHAR
STARTCHAR uniF1F2F1F6.Lines
ENCODING -1
SWIDTH 439 0
DWIDTH 11 0
BBX 12 25 -1 -5
BITMAP
7FE0
0000
0000
0000
0000
0000
0000
0000
0000
0010
0030
0060
00C0
0180
0300
0600
0C00
1800
3000
6000
C000
0000
0000
0000
7FE0
ENDCHAR
STARTCHAR uniF1F2F1F7.Lines
ENCODING -1
SWIDTH 439 0
DWIDTH 11 0
BBX 12 25 -1 -5
BITMAP
7FE0
0000
0000
0000
0000
0000
0000
0010
0020
0060
00C0
0180
0100
0200
0600
0C00
1800
1000
2000
6000
C000
0000
0000
0000
7FE0
ENDCHAR
STARTCHAR uniF1F2F1F8.Lines
ENCODING -1
SWIDTH 439 0
DWIDTH 11 0
BBX 12 25 -1 -5
BITMAP
7FE0
0000
0000
0000
0010
0030
0020
0040
00C0
0080
0100
0300
0200
0400
0C00
0800
1000
3000
2000
6000
C000
0000
0000
0000
7FE0
ENDCHAR
STARTCHAR uniF1F2F1F9.Lines
ENCODING -1
SWIDTH 439 0
DWIDTH 11 0
BBX 12 25 -1 -5
BITMAP
7FE0
0010
0030
0020
0060
0040
00C0
0080
0180
0100
0200
0600
0400
0C00
0800
1800
1000
2000
6000
4000
C000
0000
0000
0000
7FE0
ENDCHAR
STARTCHAR uniF1F3F1F1.Lines
ENCODING -1
SWIDTH 439 0
DWIDTH 11 0
BBX 12 25 -1 -5
BITMAP
7FE0
0000
0000
0000
0000
0000
0000
0000
0000
0000
0000
0000
0000
0000
0000
0000
0000
8000
6000
1800
0600
0180
0060
0010
7FE0
ENDCHAR
STARTCHAR uniF1F3F1F2.Lines
ENCODING -1
SWIDTH 439 0
DWIDTH 11 0
BBX 12 25 -1 -5
BITMAP
7FE0
0000
0000
0000
0000
0000
0000
0000
0000
0000
0000
0000
0000
0000
0000
0000
0000
4000
FC00
07C0
0070
0000
0000
0000
7FE0
ENDCHAR
STARTCHAR uniF1F3.Lines
ENCODING -1
SWIDTH 439 0
DWIDTH 11 0
BBX 12 25 -1 -5
BITMAP
7FE0
0000
0000
0000
0000
0000
0000
0000
0000
0000
0000
0000
0000
0000
0000
0000
0000
FFF0
0000
0000
0000
0000
0000
0000
7FE0
ENDCHAR
STARTCHAR uniF1F3F1F4.Lines
ENCODING -1
SWIDTH 439 0
DWIDTH 11 0
BBX 12 25 -1 -5
BITMAP
7FE0
0000
0000
0000
0000
0000
0000
0000
0000
0000
0000
0000
0000
0000
0000
00F0
0F80
7800
8000
0000
0000
0000
0000
0000
7FE0
ENDCHAR
STARTCHAR uniF1F3F1F5.Lines
ENCODING -1
SWIDTH 439 0
DWIDTH 11 0
BBX 12 25 -1 -5
BITMAP
7FE0
0000
0000
0000
0000
0000
0000
0000
0000
0000
0000
0000
0030
00E0
0380
0E00
1800
6000
8000
0000
0000
0000
0000
0000
7FE0
ENDCHAR
STARTCHAR uniF1F3F1F6.Lines
ENCODING -1
SWIDTH 439 0
DWIDTH 11 0
BBX 12 25 -1 -5
BITMAP
7FE0
0000
0000
0000
0000
0000
0000
0000
0000
0010
0030
00C0
0180
0300
0600
1800
3000
6000
8000
0000
0000
0000
0000
0000
7FE0
ENDCHAR
STARTCHAR uniF1F3F1F7.Lines
ENCODING -1
SWIDTH 439 0
DWIDTH 11 0
BBX 12 25 -1 -5
BITMAP
7FE0
0000
0000
0000
0000
0000
0000
0030
0060
00C0
0180
0300
0600
0400
0800
1000
2000
4000
8000
0000
0000
0000
0000
0000
7FE0
ENDCHAR
STARTCHAR uniF1F3F1F8.Lines
ENCODING -1
SWIDTH 439 0
DWIDTH 11 0
BBX 12 25 -1 -5
BITMAP
7FE0
0000
0000
0000
0010
0030
0060
00C0
0080
0100
0300
0600
0400
0800
1800
3000
6000
4000
8000
0000
0000
0000
0000
0000
7FE0
ENDCHAR
STARTCHAR uniF1F3F1F9.Lines
ENCODING -1
SWIDTH 439 0
DWIDTH 11 0
BBX 12 25 -1 -5
BITMAP
7FE0
0010
0030
0020
0060
00C0
0080
0180
0300
0200
0600
0C00
0800
1800
1000
2000
6000
4000
8000
0000
0000
0000
0000
0000
7FE0
ENDCHAR
STARTCHAR uniF1F4F1F1.Lines
ENCODING -1
SWIDTH 439 0
DWIDTH 11 0
BBX 12 25 -1 -5
BITMAP
7FE0
0000
0000
0000
0000
0000
0000
0000
0000
0000
0000
0000
0000
0000
0000
C000
3000
1800
0C00
0300
0180
00C0
0060
0010
7FE0
ENDCHAR
STARTCHAR uniF1F4F1F2.Lines
ENCODING -1
SWIDTH 439 0
DWIDTH 11 0
BBX 12 25 -1 -5
BITMAP
7FE0
0000
0000
0000
0000
0000
0000
0000
0000
0000
0000
0000
0000
0000
0000
E000
3800
0E00
0380
00E0
0030
0000
0000
0000
7FE0
ENDCHAR
STARTCHAR uniF1F4F1F3.Lines
ENCODING -1
SWIDTH 439 0
DWIDTH 11 0
BBX 12 25 -1 -5
BITMAP
7FE0
0000
0000
0000
0000
0000
0000
0000
0000
0000
0000
0000
0000
0000
0000
F000
1F00
01F0
0010
0000
0000
0000
0000
0000
7FE0
ENDCHAR
STARTCHAR uniF1F4.Lines
ENCODING -1
SWIDTH 439 0
DWIDTH 11 0
BBX 12 25 -1 -5
BITMAP
7FE0
0000
0000
0000
0000
0000
0000
0000
0000
0000
0000
0000
0000
0000
0000
FFF0
0000
0000
0000
0000
0000
0000
0000
0000
7FE0
ENDCHAR
STARTCHAR uniF1F4F1F5.Lines
ENCODING -1
SWIDTH 439 0
DWIDTH 11 0
BBX 12 25 -1 -5
BITMAP
7FE0
0000
0000
0000
0000
0000
0000
0000
0000
0000
0000
0000
0070
07C0
3C00
E000
0000
0000
0000
0000
0000
0000
0000
0000
7FE0
ENDCHAR
STARTCHAR uniF1F4F1F6.Lines
ENCODING -1
SWIDTH 439 0
DWIDTH 11 0
BBX 12 25 -1 -5
BITMAP
7FE0
0000
0000
0000
0000
0000
0000
0000
0000
0010
0070
01C0
0700
1C00
7000
C000
0000
0000
0000
0000
0000
0000
0000
0000
7FE0
ENDCHAR
STARTCHAR uniF1F4F1F7.Lines
ENCODING -1
SWIDTH 439 0
DWIDTH 11 0
BBX 12 25 -1 -5
BITMAP
7FE0
0000
0000
0000
0000
0000
0000
0030
0060
00C0
0300
0600
0C00
3000
6000
C000
0000
0000
0000
0000
0000
0000
0000
0000
7FE0
ENDCHAR
STARTCHAR uniF1F4F1F8.Lines
ENCODING -1
SWIDTH 439 0
DWIDTH 11 0
BBX 12 25 -1 -5
BITMAP
7FE0
0000
0000
0000
0010
0020
0040
0080
0180
0300
0600
0C00
1800
3000
6000
C000
0000
0000
0000
0000
0000
0000
0000
0000
7FE0
ENDCHAR
STARTCHAR uniF1F4F1F9.Lines
ENCODING -1
SWIDTH 439 0
DWIDTH 11 0
BBX 12 25 -1 -5
BITMAP
7FE0
0010
0030
0060
0040
0080
0180
0300
0200
0400
0C00
1800
3000
2000
4000
C000
0000
0000
0000
0000
0000
0000
0000
0000
7FE0
ENDCHAR
STARTCHAR uniF1F5F1F1.Lines
ENCODING -1
SWIDTH 439 0
DWIDTH 11 0
BBX 12 25 -1 -5
BITMAP
7FE0
0000
0000
0000
0000
0000
0000
0000
0000
0000
0000
0000
C000
6000
3000
1800
0C00
0600
0300
0180
00C0
0060
0030
0010
7FE0
ENDCHAR
STARTCHAR uniF1F5F1F2.Lines
ENCODING -1
SWIDTH 439 0
DWIDTH 11 0
BBX 12 25 -1 -5
BITMAP
7FE0
0000
0000
0000
0000
0000
0000
0000
0000
0000
0000
0000
C000
6000
3800
0C00
0600
0300
00C0
0060
0030
0000
0000
0000
7FE0
ENDCHAR
STARTCHAR uniF1F5F1F3.Lines
ENCODING -1
SWIDTH 439 0
DWIDTH 11 0
BBX 12 25 -1 -5
BITMAP
7FE0
0000
0000
0000
0000
0000
0000
0000
0000
0000
0000
0000
C000
7000
1C00
0700
01C0
0070
0010
0000
0000
0000
0000
0000
7FE0
ENDCHAR
STARTCHAR uniF1F5F1F4.Lines
ENCODING -1
SWIDTH 439 0
DWIDTH 11 0
BBX 12 25 -1 -5
BITMAP
7FE0
0000
0000
0000
0000
0000
0000
0000
0000
0000
0000
0000
E000
3E00
03E0
0030
0000
0000
0000
0000
0000
0000
0000
0000
7FE0
ENDCHAR
STARTCHAR uniF1F5.Lines
ENCODING -1
SWIDTH 439 0
DWIDTH 11 0
BBX 12 25 -1 -5
BITMAP
7FE0
0000
0000
0000
0000
0000
0000
0000
0000
0000
0000
0000
FFF0
0000
0000
0000
0000
0000
0000
0000
0000
0000
0000
0000
7FE0
ENDCHAR
STARTCHAR uniF1F5F1F6.Lines
ENCODING -1
SWIDTH 439 0
DWIDTH 11 0
BBX 12 25 -1 -5
BITMAP
7FE0
0000
0000
0000
0000
0000
0000
0000
0000
0010
01F0
1F00
F000
0000
0000
0000
0000
0000
0000
0000
0000
0000
0000
0000
7FE0
ENDCHAR
STARTCHAR uniF1F5F1F7.Lines
ENCODING -1
SWIDTH 439 0
DWIDTH 11 0
BBX 12 25 -1 -5
BITMAP
7FE0
0000
0000
0000
0000
0000
0000
0030
00C0
0300
0C00
3000
E000
0000
0000
0000
0000
0000
0000
0000
0000
0000
0000
0000
7FE0
ENDCHAR
STARTCHAR uniF1F5F1F8.Lines
ENCODING -1
SWIDTH 439 0
DWIDTH 11 0
BBX 12 25 -1 -5
BITMAP
7FE0
0000
0000
0000
0010
0060
00C0
0180
0600
0C00
1800
6000
C000
0000
0000
0000
0000
0000
0000
0000
0000
0000
0000
0000
7FE0
ENDCHAR
STARTCHAR uniF1F5F1F9.Lines
ENCODING -1
SWIDTH 439 0
DWIDTH 11 0
BBX 12 25 -1 -5
BITMAP
7FE0
0010
0030
0060
00C0
0180
0300
0600
0C00
1800
3000
6000
C000
0000
0000
0000
0000
0000
0000
0000
0000
0000
0000
0000
7FE0
ENDCHAR
STARTCHAR uniF1F6F1F1.Lines
ENCODING -1
SWIDTH 439 0
DWIDTH 11 0
BBX 12 25 -1 -5
BITMAP
7FE0
0000
0000
0000
0000
0000
0000
0000
0000
8000
4000
6000
3000
1800
0800
0400
0600
0300
0180
0080
0040
0060
0030
0010
7FE0
ENDCHAR
STARTCHAR uniF1F6F1F2.Lines
ENCODING -1
SWIDTH 439 0
DWIDTH 11 0
BBX 12 25 -1 -5
BITMAP
7FE0
0000
0000
0000
0000
0000
0000
0000
0000
8000
4000
2000
1000
0800
0400
0200
0100
0080
0040
0020
0010
0000
0000
0000
7FE0
ENDCHAR
STARTCHAR uniF1F6F1F3.Lines
ENCODING -1
SWIDTH 439 0
DWIDTH 11 0
BBX 12 25 -1 -5
BITMAP
7FE0
0000
0000
0000
0000
0000
0000
0000
0000
4000
E000
3000
1800
0600
0300
0180
0060
0030
0010
0000
0000
0000
0000
0000
7FE0
ENDCHAR
STARTCHAR uniF1F6F1F4.Lines
ENCODING -1
SWIDTH 439 0
DWIDTH 11 0
BBX 12 25 -1 -5
BITMAP
7FE0
0000
0000
0000
0000
0000
0000
0000
0000
4000
F000
1C00
0600
0180
0060
0010
0000
0000
0000
0000
0000
0000
0000
0000
7FE0
ENDCHAR
STARTCHAR uniF1F6F1F5.Lines
ENCODING -1
SWIDTH 439 0
DWIDTH 11 0
BBX 12 25 -1 -5
BITMAP
7FE0
0000
0000
0000
0000
0000
0000
0000
0000
4000
FC00
07C0
0070
0000
0000
0000
0000
0000
0000
0000
0000
0000
0000
0000
7FE0
ENDCHAR
STARTCHAR uniF1F6.Lines
ENCODING -1
SWIDTH 439 0
DWIDTH 11 0
BBX 12 25 -1 -5
BITMAP
7FE0
0000
0000
0000
0000
0000
0000
0000
0000
FFF0
0000
0000
0000
0000
0000
0000
0000
0000
0000
0000
0000
0000
0000
0000
7FE0
ENDCHAR
STARTCHAR uniF1F6F1F7.Lines
ENCODING -1
SWIDTH 439 0
DWIDTH 11 0
BBX 12 25 -1 -5
BITMAP
7FE0
0000
0000
0000
0000
0000
0000
00F0
0F80
7800
8000
0000
0000
0000
0000
0000
0000
0000
0000
0000
0000
0000
0000
0000
7FE0
ENDCHAR
STARTCHAR uniF1F6F1F8.Lines
ENCODING -1
SWIDTH 439 0
DWIDTH 11 0
BBX 12 25 -1 -5
BITMAP
7FE0
0000
0000
0000
0030
00E0
0380
0E00
3800
6000
8000
0000
0000
0000
0000
0000
0000
0000
0000
0000
0000
0000
0000
0000
7FE0
ENDCHAR
STARTCHAR uniF1F6F1F9.Lines
ENCODING -1
SWIDTH 439 0
DWIDTH 11 0
BBX 12 25 -1 -5
BITMAP
7FE0
0010
0030
00C0
0180
0300
0C00
1800
3000
6000
8000
0000
0000
0000
0000
0000
0000
0000
0000
0000
0000
0000
0000
0000
7FE0
ENDCHAR
STARTCHAR uniF1F7F1F1.Lines
ENCODING -1
SWIDTH 439 0
DWIDTH 11 0
BBX 12 25 -1 -5
BITMAP
7FE0
0000
0000
0000
0000
0000
0000
C000
6000
2000
3000
1800
0800
0C00
0400
0200
0300
0100
0080
00C0
0040
0020
0030
0010
7FE0
ENDCHAR
STARTCHAR uniF1F7F1F2.Lines
ENCODING -1
SWIDTH 439 0
DWIDTH 11 0
BBX 11 25 0 -5
BITMAP
FFC0
0000
0000
0000
0000
0000
0000
8000
C000
6000
2000
1000
1800
0C00
0600
0200
0100
0180
00C0
0040
0020
0000
0000
0000
FFC0
ENDCHAR
STARTCHAR uniF1F7F1F3.Lines
ENCODING -1
SWIDTH 439 0
DWIDTH 11 0
BBX 12 25 -1 -5
BITMAP
7FE0
0000
0000
0000
0000
0000
0000
C000
6000
3000
1800
0C00
0600
0300
0180
00C0
0060
0030
0010
0000
0000
0000
0000
0000
7FE0
ENDCHAR
STARTCHAR uniF1F7F1F4.Lines
ENCODING -1
SWIDTH 439 0
DWIDTH 11 0
BBX 12 25 -1 -5
BITMAP
7FE0
0000
0000
0000
0000
0000
0000
C000
3000
1800
0C00
0300
0180
00C0
0030
0010
0000
0000
0000
0000
0000
0000
0000
0000
7FE0
ENDCHAR
STARTCHAR uniF1F7F1F5.Lines
ENCODING -1
SWIDTH 439 0
DWIDTH 11 0
BBX 12 25 -1 -5
BITMAP
7FE0
0000
0000
0000
0000
0000
0000
E000
3800
0E00
0380
00E0
0030
0000
0000
0000
0000
0000
0000
0000
0000
0000
0000
0000
7FE0
ENDCHAR
STARTCHAR uniF1F7F1F6.Lines
ENCODING -1
SWIDTH 439 0
DWIDTH 11 0
BBX 12 25 -1 -5
BITMAP
7FE0
0000
0000
0000
0000
0000
0000
F800
0F80
01F0
0010
0000
0000
0000
0000
0000
0000
0000
0000
0000
0000
0000
0000
0000
7FE0
ENDCHAR
STARTCHAR uniF1F7.Lines
ENCODING -1
SWIDTH 439 0
DWIDTH 11 0
BBX 12 25 -1 -5
BITMAP
7FE0
0000
0000
0000
0000
0000
0000
FFF0
0000
0000
0000
0000
0000
0000
0000
0000
0000
0000
0000
0000
0000
0000
0000
0000
7FE0
ENDCHAR
STARTCHAR uniF1F7F1F8.Lines
ENCODING -1
SWIDTH 439 0
DWIDTH 11 0
BBX 12 25 -1 -5
BITMAP
7FE0
0000
0000
0000
0070
07C0
7C00
C000
0000
0000
0000
0000
0000
0000
0000
0000
0000
0000
0000
0000
0000
0000
0000
0000
7FE0
ENDCHAR
STARTCHAR uniF1F7F1F9.Lines
ENCODING -1
SWIDTH 439 0
DWIDTH 11 0
BBX 12 25 -1 -5
BITMAP
7FE0
0010
0070
01C0
0700
1C00
7000
C000
0000
0000
0000
0000
0000
0000
0000
0000
0000
0000
0000
0000
0000
0000
0000
0000
7FE0
ENDCHAR
STARTCHAR uniF1F8F1F1.Lines
ENCODING -1
SWIDTH 439 0
DWIDTH 11 0
BBX 12 25 -1 -5
BITMAP
7FE0
0000
0000
0000
C000
4000
6000
2000
1000
1800
0800
0C00
0400
0600
0200
0300
0100
0080
00C0
0040
0060
0020
0030
0010
7FE0
ENDCHAR
STARTCHAR uniF1F8F1F2.Lines
ENCODING -1
SWIDTH 439 0
DWIDTH 11 0
BBX 12 25 -1 -5
BITMAP
7FE0
0000
0000
0000
C000
4000
2000
3000
1000
0800
0C00
0400
0600
0300
0100
0180
00C0
0040
0060
0030
0010
0000
0000
0000
7FE0
ENDCHAR
STARTCHAR uniF1F8F1F3.Lines
ENCODING -1
SWIDTH 439 0
DWIDTH 11 0
BBX 12 25 -1 -5
BITMAP
7FE0
0000
0000
0000
C000
6000
2000
1000
1800
0C00
0400
0200
0300
0180
00C0
0040
0020
0030
0010
0000
0000
0000
0000
0000
7FE0
ENDCHAR
STARTCHAR uniF1F8F1F4.Lines
ENCODING -1
SWIDTH 439 0
DWIDTH 11 0
BBX 12 25 -1 -5
BITMAP
7FE0
0000
0000
0000
C000
6000
3000
1800
0C00
0600
0300
0180
00C0
0060
0030
0010
0000
0000
0000
0000
0000
0000
0000
0000
7FE0
ENDCHAR
STARTCHAR uniF1F8F1F5.Lines
ENCODING -1
SWIDTH 439 0
DWIDTH 11 0
BBX 12 25 -1 -5
BITMAP
7FE0
0000
0000
0000
C000
6000
1800
0C00
0600
0180
00C0
0060
0030
0000
0000
0000
0000
0000
0000
0000
0000
0000
0000
0000
7FE0
ENDCHAR
STARTCHAR uniF1F8F1F6.Lines
ENCODING -1
SWIDTH 439 0
DWIDTH 11 0
BBX 12 25 -1 -5
BITMAP
7FE0
0000
0000
0000
C000
3000
0C00
0700
01C0
0070
0010
0000
0000
0000
0000
0000
0000
0000
0000
0000
0000
0000
0000
0000
7FE0
ENDCHAR
STARTCHAR uniF1F8F1F7.Lines
ENCODING -1
SWIDTH 439 0
DWIDTH 11 0
BBX 12 25 -1 -5
BITMAP
7FE0
0000
0000
0000
E000
3E00
03E0
0030
0000
0000
0000
0000
0000
0000
0000
0000
0000
0000
0000
0000
0000
0000
0000
0000
7FE0
ENDCHAR
STARTCHAR uniF1F8.Lines
ENCODING -1
SWIDTH 439 0
DWIDTH 11 0
BBX 12 25 -1 -5
BITMAP
7FE0
0000
0000
0000
FFF0
0000
0000
0000
0000
0000
0000
0000
0000
0000
0000
0000
0000
0000
0000
0000
0000
0000
0000
0000
7FE0
ENDCHAR
STARTCHAR uniF1F8F1F9.Lines
ENCODING -1
SWIDTH 439 0
DWIDTH 11 0
BBX 12 25 -1 -5
BITMAP
7FE0
0030
01E0
1F00
F000
0000
0000
0000
0000
0000
0000
0000
0000
0000
0000
0000
0000
0000
0000
0000
0000
0000
0000
0000
7FE0
ENDCHAR
STARTCHAR uniF1F9F1F1.Lines
ENCODING -1
SWIDTH 439 0
DWIDTH 11 0
BBX 12 25 -1 -5
BITMAP
7FE0
8000
4000
6000
2000
2000
1000
1000
0800
0800
0400
0400
0200
0200
0100
0100
0180
0080
00C0
0040
0060
0020
0030
0010
7FE0
ENDCHAR
STARTCHAR uniF1F9F1F2.Lines
ENCODING -1
SWIDTH 439 0
DWIDTH 11 0
BBX 12 25 -1 -5
BITMAP
7FE0
8000
4000
6000
2000
3000
1000
1800
0800
0400
0600
0200
0300
0100
0180
0080
0040
0040
0020
0030
0010
0000
0000
0000
7FE0
ENDCHAR
STARTCHAR uniF1F9F1F3.Lines
ENCODING -1
SWIDTH 439 0
DWIDTH 11 0
BBX 12 25 -1 -5
BITMAP
7FE0
C000
4000
6000
2000
1000
1800
0800
0400
0600
0200
0100
0180
0080
0040
0060
0020
0030
0010
0000
0000
0000
0000
0000
7FE0
ENDCHAR
STARTCHAR uniF1F9F1F4.Lines
ENCODING -1
SWIDTH 439 0
DWIDTH 11 0
BBX 12 25 -1 -5
BITMAP
7FE0
4000
C000
2000
3000
1800
0800
0400
0600
0300
0180
0080
0040
0060
0030
0010
0000
0000
0000
0000
0000
0000
0000
0000
7FE0
ENDCHAR
STARTCHAR uniF1F9F1F5.Lines
ENCODING -1
SWIDTH 439 0
DWIDTH 11 0
BBX 12 25 -1 -5
BITMAP
7FE0
4000
E000
2000
1000
0800
0400
0200
0100
0080
0040
0020
0010
0000
0000
0000
0000
0000
0000
0000
0000
0000
0000
0000
7FE0
ENDCHAR
STARTCHAR uniF1F9F1F6.Lines
ENCODING -1
SWIDTH 439 0
DWIDTH 11 0
BBX 12 25 -1 -5
BITMAP
7FE0
4000
E000
3000
1C00
0600
0300
0180
0060
0030
0010
0000
0000
0000
0000
0000
0000
0000
0000
0000
0000
0000
0000
0000
7FE0
ENDCHAR
STARTCHAR uniF1F9F1F7.Lines
ENCODING -1
SWIDTH 439 0
DWIDTH 11 0
BBX 12 25 -1 -5
BITMAP
7FE0
4000
F000
1C00
0700
01C0
0060
0010
0000
0000
0000
0000
0000
0000
0000
0000
0000
0000
0000
0000
0000
0000
0000
0000
7FE0
ENDCHAR
STARTCHAR uniF1F9F1F8.Lines
ENCODING -1
SWIDTH 439 0
DWIDTH 11 0
BBX 12 25 -1 -5
BITMAP
7FE0
4000
FC00
07C0
0070
0000
0000
0000
0000
0000
0000
0000
0000
0000
0000
0000
0000
0000
0000
0000
0000
0000
0000
0000
7FE0
ENDCHAR
STARTCHAR uniF1F9.Lines
ENCODING -1
SWIDTH 439 0
DWIDTH 11 0
BBX 12 25 -1 -5
BITMAP
7FE0
FFF0
0000
0000
0000
0000
0000
0000
0000
0000
0000
0000
0000
0000
0000
0000
0000
0000
0000
0000
0000
0000
0000
0000
7FE0
ENDCHAR
STARTCHAR uni00AD.ShowInv
ENCODING -1
SWIDTH 1171 0
DWIDTH 28 0
BBX 26 25 1 -2
BITMAP
E6EDD9C0
C00000C0
C00000C0
00000000
C00000C0
C00000C0
C00000C0
00000000
C00000C0
C00000C0
0792C400
C49248C0
C41E30C0
C39210C0
04921000
C71210C0
C00000C0
00000000
C00000C0
C00000C0
C00000C0
00000000
C00000C0
C00000C0
E6EDD9C0
ENDCHAR
STARTCHAR uni034F.ShowInv
ENCODING -1
SWIDTH 1171 0
DWIDTH 28 0
BBX 26 25 1 -2
BITMAP
E6EDD9C0
C00000C0
C00000C0
00000000
C00000C0
C00000C0
C00000C0
00000000
C00000C0
C30000C0
050E0800
C49108C0
C41008C0
C41708C0
04914800
C30F38C0
C00000C0
00000000
C00000C0
C00000C0
C00000C0
00000000
C00000C0
C00000C0
E6EDD9C0
ENDCHAR
STARTCHAR uni2061.ShowInv
ENCODING -1
SWIDTH 1171 0
DWIDTH 28 0
BBX 26 25 1 -2
BITMAP
E6EDD9C0
C00000C0
C00000C0
00000000
C00000C0
C00000C0
C00000C0
00000000
C00000C0
C00420C0
07841000
C40410C0
C78410C0
C40410C0
04041000
C40420C0
C00000C0
00000000
C00000C0
C00000C0
C00000C0
00000000
C00000C0
C00000C0
E6EDD9C0
ENDCHAR
STARTCHAR uni2063.ShowInv
ENCODING -1
SWIDTH 1171 0
DWIDTH 28 0
BBX 26 25 1 -2
BITMAP
E6EDD9C0
C00000C0
C00000C0
00000000
C00000C0
C00000C0
C00000C0
00000000
C00000C0
C00000C0
00000000
C00400C0
C00800C0
C00000C0
00000000
C00000C0
C00000C0
00000000
C00000C0
C00000C0
C00000C0
00000000
C00000C0
C00000C0
E6EDD9C0
ENDCHAR
STARTCHAR uni2062.ShowInv
ENCODING -1
SWIDTH 1171 0
DWIDTH 28 0
BBX 26 25 1 -2
BITMAP
E6EDD9C0
C00000C0
C00000C0
00000000
C00000C0
C00000C0
C00000C0
00000000
C00000C0
C00000C0
00130000
C00A00C0
C00C00C0
C00C00C0
00120000
C01300C0
C02000C0
00000000
C00000C0
C00000C0
C00000C0
00000000
C00000C0
C00000C0
E6EDD9C0
ENDCHAR
STARTCHAR uni202A.ShowInv
ENCODING -1
SWIDTH 1171 0
DWIDTH 28 0
BBX 26 25 1 -2
BITMAP
E6EDD9C0
C00000C0
C00000C0
00000000
C00000C0
C00000C0
C00000C0
00000000
C00000C0
C00000C0
041C3800
C41420C0
C41838C0
C41420C0
04142000
C79438C0
C00000C0
00000000
C00000C0
C00000C0
C00000C0
00000000
C00000C0
C00000C0
E6EDD9C0
ENDCHAR
STARTCHAR uni200E.ShowInv
ENCODING -1
SWIDTH 1171 0
DWIDTH 28 0
BBX 26 25 1 -2
BITMAP
E6EDD9C0
C00000C0
C00000C0
00000000
C00000C0
C00000C0
C00000C0
00000000
C00000C0
C00000C0
041C4600
C4144AC0
C4186AC0
C4146AC0
04147200
C79452C0
C00000C0
00000000
C00000C0
C00000C0
C00000C0
00000000
C00000C0
C00000C0
E6EDD9C0
ENDCHAR
STARTCHAR uni202D.ShowInv
ENCODING -1
SWIDTH 1171 0
DWIDTH 28 0
BBX 26 25 1 -2
BITMAP
E6EDD9C0
C00000C0
C00000C0
00000000
C00000C0
C00000C0
C00000C0
00000000
C00000C0
C00000C0
041C3800
C41464C0
C41844C0
C41444C0
04146400
C79438C0
C00000C0
00000000
C00000C0
C00000C0
C00000C0
00000000
C00000C0
C00000C0
E6EDD9C0
ENDCHAR
STARTCHAR uni202C.ShowInv
ENCODING -1
SWIDTH 1171 0
DWIDTH 28 0
BBX 26 25 1 -2
BITMAP
E6EDD9C0
C00000C0
C00000C0
00000000
C00000C0
C00000C0
C00000C0
00000000
C00000C0
C00000C0
071C3C00
C51620C0
C7123CC0
C41220C0
04162000
C41C20C0
C00000C0
00000000
C00000C0
C00000C0
C00000C0
00000000
C00000C0
C00000C0
E6EDD9C0
ENDCHAR
STARTCHAR uni202B.ShowInv
ENCODING -1
SWIDTH 1171 0
DWIDTH 28 0
BBX 26 25 1 -2
BITMAP
E6EDD9C0
C00000C0
C00000C0
00000000
C00000C0
C00000C0
C00000C0
00000000
C00000C0
C00000C0
06083800
C50820C0
C60838C0
C60820C0
06082000
C50E38C0
C00000C0
00000000
C00000C0
C00000C0
C00000C0
00000000
C00000C0
C00000C0
E6EDD9C0
ENDCHAR
STARTCHAR uni200F.ShowInv
ENCODING -1
SWIDTH 1171 0
DWIDTH 28 0
BBX 26 25 1 -2
BITMAP
E6EDD9C0
C00000C0
C00000C0
00000000
C00000C0
C00000C0
C00000C0
00000000
C00000C0
C00000C0
06084600
C5084AC0
C6086AC0
C6086AC0
06087200
C50E52C0
C00000C0
00000000
C00000C0
C00000C0
C00000C0
00000000
C00000C0
C00000C0
E6EDD9C0
ENDCHAR
STARTCHAR uni202E.ShowInv
ENCODING -1
SWIDTH 1171 0
DWIDTH 28 0
BBX 26 25 1 -2
BITMAP
E6EDD9C0
C00000C0
C00000C0
00000000
C00000C0
C00000C0
C00000C0
00000000
C00000C0
C00000C0
06083800
C50864C0
C60844C0
C60844C0
06086400
C50E38C0
C00000C0
00000000
C00000C0
C00000C0
C00000C0
00000000
C00000C0
C00000C0
E6EDD9C0
ENDCHAR
STARTCHAR uniFE00.ShowInv
ENCODING -1
SWIDTH 1171 0
DWIDTH 28 0
BBX 26 25 1 -2
BITMAP
E6EDD9C0
C00000C0
C00000C0
00000000
C00000C0
C220E0C0
C32190C0
01408000
C14060C0
C0C120C0
0080E000
C00000C0
C00000C0
C00000C0
000C0000
C01400C0
C00400C0
00040000
C00400C0
C00400C0
C00000C0
00000000
C00000C0
C00000C0
E6EDD9C0
ENDCHAR
STARTCHAR uniFE01.ShowInv
ENCODING -1
SWIDTH 1171 0
DWIDTH 28 0
BBX 26 25 1 -2
BITMAP
E6EDD9C0
C00000C0
C00000C0
00000000
C00000C0
C220E0C0
C32190C0
01408000
C14060C0
C0C120C0
0080E000
C00000C0
C00000C0
C01C00C0
00120000
C00200C0
C00400C0
00080000
C01000C0
C01E00C0
C00000C0
00000000
C00000C0
C00000C0
E6EDD9C0
ENDCHAR
STARTCHAR uniFE02.ShowInv
ENCODING -1
SWIDTH 1171 0
DWIDTH 28 0
BBX 26 25 1 -2
BITMAP
E6EDD9C0
C00000C0
C00000C0
00000000
C00000C0
C220E0C0
C32190C0
01408000
C14060C0
C0C120C0
0080E000
C00000C0
C00000C0
C01C00C0
00160000
C00200C0
C00400C0
000C0000
C03200C0
C01C00C0
C00000C0
00000000
C00000C0
C00000C0
E6EDD9C0
ENDCHAR
STARTCHAR uniFE03.ShowInv
ENCODING -1
SWIDTH 1171 0
DWIDTH 28 0
BBX 26 25 1 -2
BITMAP
E6EDD9C0
C00000C0
C00000C0
00000000
C00000C0
C220E0C0
C32190C0
01408000
C14060C0
C0C120C0
0080E000
C00000C0
C00000C0
C00000C0
00060000
C00A00C0
C00A00C0
00120000
C01E00C0
C00200C0
C00000C0
00000000
C00000C0
C00000C0
E6EDD9C0
ENDCHAR
STARTCHAR uniFE04.ShowInv
ENCODING -1
SWIDTH 1171 0
DWIDTH 28 0
BBX 26 25 1 -2
BITMAP
E6EDD9C0
C00000C0
C00000C0
00000000
C00000C0
C220E0C0
C32190C0
01408000
C14060C0
C0C120C0
0080E000
C00000C0
C00000C0
C00000C0
001C0000
C01000C0
C01C00C0
00120000
C01200C0
C01C00C0
C00000C0
00000000
C00000C0
C00000C0
E6EDD9C0
ENDCHAR
STARTCHAR uniFE05.ShowInv
ENCODING -1
SWIDTH 1171 0
DWIDTH 28 0
BBX 26 25 1 -2
BITMAP
E6EDD9C0
C00000C0
C00000C0
00000000
C00000C0
C220E0C0
C32190C0
01408000
C14060C0
C0C120C0
0080E000
C00000C0
C00000C0
C01800C0
00180000
C01800C0
C01C00C0
001E0000
C01E00C0
C01C00C0
C00000C0
00000000
C00000C0
C00000C0
E6EDD9C0
ENDCHAR
STARTCHAR uniFE06.ShowInv
ENCODING -1
SWIDTH 1171 0
DWIDTH 28 0
BBX 26 25 1 -2
BITMAP
E6EDD9C0
C00000C0
C00000C0
00000000
C00000C0
C220E0C0
C32190C0
01408000
C14060C0
C0C120C0
0080E000
C00000C0
C00000C0
C00000C0
001E0000
C00200C0
C00400C0
00040000
C00400C0
C00800C0
C00000C0
00000000
C00000C0
C00000C0
E6EDD9C0
ENDCHAR
STARTCHAR uniFE07.ShowInv
ENCODING -1
SWIDTH 1171 0
DWIDTH 28 0
BBX 26 25 1 -2
BITMAP
E6EDD9C0
C00000C0
C00000C0
00000000
C00000C0
C220E0C0
C32190C0
01408000
C14060C0
C0C120C0
0080E000
C00000C0
C00000C0
C00C00C0
000A0000
C00A00C0
C00C00C0
001A0000
C01A00C0
C00C00C0
C00000C0
00000000
C00000C0
C00000C0
E6EDD9C0
ENDCHAR
STARTCHAR uniFE08.ShowInv
ENCODING -1
SWIDTH 1171 0
DWIDTH 28 0
BBX 26 25 1 -2
BITMAP
E6EDD9C0
C00000C0
C00000C0
00000000
C00000C0
C220E0C0
C32190C0
01408000
C14060C0
C0C120C0
0080E000
C00000C0
C00000C0
C01C00C0
00160000
C01600C0
C01600C0
001E0000
C01400C0
C01C00C0
C00000C0
00000000
C00000C0
C00000C0
E6EDD9C0
ENDCHAR
STARTCHAR uniFE09.ShowInv
ENCODING -1
SWIDTH 1171 0
DWIDTH 28 0
BBX 26 25 1 -2
BITMAP
E6EDD9C0
C00000C0
C00000C0
00000000
C00000C0
C220E0C0
C32190C0
01408000
C14060C0
C0C120C0
0080E000
C00000C0
C00000C0
C000C0C0
00812000
C18120C0
C08120C0
00812000
C08120C0
C080C0C0
C00000C0
00000000
C00000C0
C00000C0
E6EDD9C0
ENDCHAR
STARTCHAR uniFE0A.ShowInv
ENCODING -1
SWIDTH 1171 0
DWIDTH 28 0
BBX 26 25 1 -2
BITMAP
E6EDD9C0
C00000C0
C00000C0
00000000
C00000C0
C220E0C0
C32190C0
01408000
C14060C0
C0C120C0
0080E000
C00000C0
C00000C0
C00000C0
0080C000
C18140C0
C08040C0
00804000
C08040C0
C08040C0
C00000C0
00000000
C00000C0
C00000C0
E6EDD9C0
ENDCHAR
STARTCHAR uniFE0B.ShowInv
ENCODING -1
SWIDTH 1171 0
DWIDTH 28 0
BBX 26 25 1 -2
BITMAP
E6EDD9C0
C00000C0
C00000C0
00000000
C00000C0
C220E0C0
C32190C0
01408000
C14060C0
C0C120C0
0080E000
C00000C0
C00000C0
C000C0C0
00812000
C18020C0
C08040C0
00804000
C08080C0
C081E0C0
C00000C0
00000000
C00000C0
C00000C0
E6EDD9C0
ENDCHAR
STARTCHAR uniFE0C.ShowInv
ENCODING -1
SWIDTH 1171 0
DWIDTH 28 0
BBX 26 25 1 -2
BITMAP
E6EDD9C0
C00000C0
C00000C0
00000000
C00000C0
C220E0C0
C32190C0
01408000
C14060C0
C0C120C0
0080E000
C00000C0
C00000C0
C000C0C0
00812000
C18020C0
C08020C0
00804000
C08120C0
C081C0C0
C00000C0
00000000
C00000C0
C00000C0
E6EDD9C0
ENDCHAR
STARTCHAR uniFE0D.ShowInv
ENCODING -1
SWIDTH 1171 0
DWIDTH 28 0
BBX 26 25 1 -2
BITMAP
E6EDD9C0
C00000C0
C00000C0
00000000
C00000C0
C220E0C0
C32190C0
01408000
C14060C0
C0C120C0
0080E000
C00000C0
C00000C0
C00000C0
00806000
C180A0C0
C080A0C0
00812000
C081F0C0
C08020C0
C00000C0
00000000
C00000C0
C00000C0
E6EDD9C0
ENDCHAR
STARTCHAR uniFE0E.ShowInv
ENCODING -1
SWIDTH 1171 0
DWIDTH 28 0
BBX 26 25 1 -2
BITMAP
E6EDD9C0
C00000C0
C00000C0
00000000
C00000C0
C220E0C0
C32190C0
01408000
C14060C0
C0C120C0
0080E000
C00000C0
C00000C0
C00000C0
0081C000
C18100C0
C081C0C0
00812000
C08120C0
C081C0C0
C00000C0
00000000
C00000C0
C00000C0
E6EDD9C0
ENDCHAR
STARTCHAR uniFE0F.ShowInv
ENCODING -1
SWIDTH 1171 0
DWIDTH 28 0
BBX 26 25 1 -2
BITMAP
E6EDD9C0
C00000C0
C00000C0
00000000
C00000C0
C220E0C0
C32190C0
01408000
C14060C0
C0C120C0
0080E000
C00000C0
C00000C0
C00180C0
0081C000
C18180C0
C081C0C0
0081E000
C081E0C0
C081C0C0
C00000C0
00000000
C00000C0
C00000C0
E6EDD9C0
ENDCHAR
STARTCHAR uni2060.ShowInv
ENCODING -1
SWIDTH 1171 0
DWIDTH 28 0
BBX 26 25 1 -2
BITMAP
E6EDD9C0
C00000C0
C00000C0
00000000
C00000C0
C00000C0
C00000C0
00000000
C00000C0
C00000C0
04882000
C4D020C0
C55020C0
C35020C0
03612000
C220C0C0
C00000C0
00000000
C00000C0
C00000C0
C00000C0
00000000
C00000C0
C00000C0
E6EDD9C0
ENDCHAR
STARTCHAR uni200D.ShowInv
ENCODING -1
SWIDTH 1171 0
DWIDTH 28 0
BBX 26 25 1 -2
BITMAP
E6EDD9C0
C00000C0
C00000C0
00000000
C00000C0
C1E448C0
C044C8C0
0042C800
C08330C0
C10130C0
03E11000
C00000C0
C00000C0
C00000C0
00020000
C00200C0
C00200C0
00020000
C01200C0
C01C00C0
C00000C0
00000000
C00000C0
C00000C0
E6EDD9C0
ENDCHAR
STARTCHAR uniFEFF.ShowInv
ENCODING -1
SWIDTH 1171 0
DWIDTH 28 0
BBX 26 25 1 -2
BITMAP
E66D99C0
C00000C0
C00000C0
00000000
C00000C0
CFC8C4C0
C1CDE4C0
01AD7400
C32D54C0
C7355CC0
0E334C00
0FD24C00
C00000C0
C00000C0
0F8E7800
C8D244C0
CFD048C0
08CE7000
C8D240C0
CF8E40C0
00000000
00000000
C00000C0
C00000C0
E66D99C0
ENDCHAR
STARTCHAR uni200C.ShowInv
ENCODING -1
SWIDTH 1171 0
DWIDTH 28 0
BBX 26 25 1 -2
BITMAP
E6EDD9C0
C00000C0
C00000C0
00000000
C00000C0
C1E448C0
C044C8C0
0042C800
C08330C0
C10130C0
03E11000
C00000C0
C00000C0
C00000C0
01202000
C12020C0
C1A020C0
01A02000
C1A120C0
C160C0C0
C00000C0
00000000
C00000C0
C00000C0
E6EDD9C0
ENDCHAR
STARTCHAR uni200B.ShowInv
ENCODING -1
SWIDTH 1171 0
DWIDTH 28 0
BBX 26 25 1 -2
BITMAP
E6EDD9C0
C00000C0
C00000C0
00000000
C00000C0
C1E448C0
C044C8C0
0042C800
C08330C0
C10130C0
03E11000
C00000C0
C00000C0
C00000C0
01E1C000
C12140C0
C101C0C0
00E10000
C12100C0
C1C100C0
C00000C0
00000000
C00000C0
C00000C0
E6EDD9C0
ENDCHAR
STARTCHAR LftParen.Sophia
ENCODING -1
SWIDTH 129 0
DWIDTH 3 0
BBX 2 7 1 -1
BITMAP
40
80
80
80
80
80
40
ENDCHAR
STARTCHAR RtParen.Sophia
ENCODING -1
SWIDTH 129 0
DWIDTH 3 0
BBX 2 7 0 -1
BITMAP
80
40
40
40
40
40
80
ENDCHAR
STARTCHAR Comma.Sophia
ENCODING -1
SWIDTH 99 0
DWIDTH 2 0
BBX 2 2 0 -1
BITMAP
40
80
ENDCHAR
STARTCHAR DigitZero.Sophia
ENCODING -1
SWIDTH 201 0
DWIDTH 5 0
BBX 4 7 0 0
BITMAP
60
90
90
90
90
90
60
ENDCHAR
STARTCHAR DigitOne.Sophia
ENCODING -1
SWIDTH 201 0
DWIDTH 5 0
BBX 2 6 1 0
BITMAP
C0
C0
40
40
40
40
ENDCHAR
STARTCHAR DigitTwo.Sophia
ENCODING -1
SWIDTH 201 0
DWIDTH 5 0
BBX 4 7 0 0
BITMAP
60
90
10
10
20
40
F0
ENDCHAR
STARTCHAR DigitThree.Sophia
ENCODING -1
SWIDTH 201 0
DWIDTH 5 0
BBX 4 7 0 0
BITMAP
60
90
10
10
30
90
E0
ENDCHAR
STARTCHAR DigitFour.Sophia
ENCODING -1
SWIDTH 201 0
DWIDTH 5 0
BBX 5 6 0 0
BITMAP
10
30
50
90
F8
10
ENDCHAR
STARTCHAR DigitFive.Sophia
ENCODING -1
SWIDTH 201 0
DWIDTH 5 0
BBX 4 6 0 0
BITMAP
F0
80
E0
90
90
60
ENDCHAR
STARTCHAR DigitSix.Sophia
ENCODING -1
SWIDTH 201 0
DWIDTH 5 0
BBX 4 7 0 0
BITMAP
40
E0
C0
F0
F0
F0
60
ENDCHAR
STARTCHAR DigitSeven.Sophia
ENCODING -1
SWIDTH 201 0
DWIDTH 5 0
BBX 4 6 0 0
BITMAP
F0
10
10
20
20
60
ENDCHAR
STARTCHAR DigitEight.Sophia
ENCODING -1
SWIDTH 201 0
DWIDTH 5 0
BBX 3 7 1 0
BITMAP
E0
A0
A0
40
A0
A0
E0
ENDCHAR
STARTCHAR DigitNine.Sophia
ENCODING -1
SWIDTH 201 0
DWIDTH 5 0
BBX 4 7 0 0
BITMAP
60
B0
B0
B0
F0
B0
60
ENDCHAR
STARTCHAR LtnCapA.Sophia
ENCODING -1
SWIDTH 270 0
DWIDTH 6 0
BBX 6 6 0 0
BITMAP
10
30
48
78
44
84
ENDCHAR
STARTCHAR LtnCapB.Sophia
ENCODING -1
SWIDTH 242 0
DWIDTH 6 0
BBX 4 6 1 0
BITMAP
F0
90
F0
90
90
F0
ENDCHAR
STARTCHAR LtnCapC.Sophia
ENCODING -1
SWIDTH 245 0
DWIDTH 6 0
BBX 4 7 1 0
BITMAP
60
90
80
80
80
90
60
ENDCHAR
STARTCHAR LtnCapD.Sophia
ENCODING -1
SWIDTH 259 0
DWIDTH 6 0
BBX 4 6 1 0
BITMAP
E0
90
90
90
90
E0
ENDCHAR
STARTCHAR LtnCapE.Sophia
ENCODING -1
SWIDTH 218 0
DWIDTH 5 0
BBX 3 6 1 0
BITMAP
E0
80
E0
80
80
E0
ENDCHAR
STARTCHAR LtnCapF.Sophia
ENCODING -1
SWIDTH 205 0
DWIDTH 5 0
BBX 4 6 1 0
BITMAP
F0
80
F0
80
80
80
ENDCHAR
STARTCHAR LtnCapG.Sophia
ENCODING -1
SWIDTH 274 0
DWIDTH 7 0
BBX 5 6 1 0
BITMAP
70
C8
80
98
88
78
ENDCHAR
STARTCHAR LtnCapH.Sophia
ENCODING -1
SWIDTH 254 0
DWIDTH 6 0
BBX 4 6 1 0
BITMAP
90
90
F0
90
90
90
ENDCHAR
STARTCHAR LtnCapI.Sophia
ENCODING -1
SWIDTH 94 0
DWIDTH 2 0
BBX 1 6 1 0
BITMAP
80
80
80
80
80
80
ENDCHAR
STARTCHAR LtnCapJ.Sophia
ENCODING -1
SWIDTH 204 0
DWIDTH 5 0
BBX 4 6 0 0
BITMAP
10
10
10
10
90
60
ENDCHAR
STARTCHAR LtnCapK.Sophia
ENCODING -1
SWIDTH 239 0
DWIDTH 6 0
BBX 5 6 1 0
BITMAP
98
A0
C0
A0
B0
98
ENDCHAR
STARTCHAR LtnCapL.Sophia
ENCODING -1
SWIDTH 190 0
DWIDTH 5 0
BBX 4 6 1 0
BITMAP
80
80
80
80
80
F0
ENDCHAR
STARTCHAR LtnCapM.Sophia
ENCODING -1
SWIDTH 323 0
DWIDTH 8 0
BBX 6 6 1 0
BITMAP
84
CC
D4
B4
B4
A4
ENDCHAR
STARTCHAR LtnCapN.Sophia
ENCODING -1
SWIDTH 260 0
DWIDTH 6 0
BBX 4 6 1 0
BITMAP
90
D0
D0
D0
B0
90
ENDCHAR
STARTCHAR LtnCapO.Sophia
ENCODING -1
SWIDTH 278 0
DWIDTH 7 0
BBX 5 6 1 0
BITMAP
70
88
88
88
88
70
ENDCHAR
STARTCHAR LtnCapP.Sophia
ENCODING -1
SWIDTH 224 0
DWIDTH 5 0
BBX 3 6 1 0
BITMAP
E0
A0
E0
80
80
80
ENDCHAR
STARTCHAR LtnCapQ.Sophia
ENCODING -1
SWIDTH 282 0
DWIDTH 7 0
BBX 5 6 1 0
BITMAP
70
88
88
88
90
78
ENDCHAR
STARTCHAR LtnCapR.Sophia
ENCODING -1
SWIDTH 226 0
DWIDTH 5 0
BBX 3 6 1 0
BITMAP
E0
A0
C0
A0
A0
A0
ENDCHAR
STARTCHAR LtnCapS.Sophia
ENCODING -1
SWIDTH 238 0
DWIDTH 6 0
BBX 4 6 1 0
BITMAP
70
90
80
70
90
70
ENDCHAR
STARTCHAR LtnCapT.Sophia
ENCODING -1
SWIDTH 220 0
DWIDTH 5 0
BBX 5 6 0 0
BITMAP
F8
20
20
20
20
20
ENDCHAR
STARTCHAR LtnCapU.Sophia
ENCODING -1
SWIDTH 265 0
DWIDTH 6 0
BBX 4 6 1 0
BITMAP
90
90
90
90
90
60
ENDCHAR
STARTCHAR LtnCapV.Sophia
ENCODING -1
SWIDTH 235 0
DWIDTH 6 0
BBX 6 6 0 0
BITMAP
8C
48
48
50
30
30
ENDCHAR
STARTCHAR LtnCapW.Sophia
ENCODING -1
SWIDTH 350 0
DWIDTH 8 0
BBX 8 6 0 0
BITMAP
89
99
59
66
26
22
ENDCHAR
STARTCHAR LtnCapX.Sophia
ENCODING -1
SWIDTH 253 0
DWIDTH 6 0
BBX 6 6 0 0
BITMAP
CC
28
30
30
48
CC
ENDCHAR
STARTCHAR LtnCapY.Sophia
ENCODING -1
SWIDTH 239 0
DWIDTH 6 0
BBX 5 6 0 0
BITMAP
88
50
50
20
20
20
ENDCHAR
STARTCHAR LtnCapZ.Sophia
ENCODING -1
SWIDTH 221 0
DWIDTH 5 0
BBX 5 6 0 0
BITMAP
78
10
20
20
40
F8
ENDCHAR
STARTCHAR BoxDotted
ENCODING -1
SWIDTH 1171 0
DWIDTH 28 0
BBX 26 25 1 -2
BITMAP
E6EDD9C0
C00000C0
C00000C0
00000000
C00000C0
C00000C0
C00000C0
00000000
C00000C0
C00000C0
00000000
C00000C0
C00000C0
C00000C0
00000000
C00000C0
C00000C0
00000000
C00000C0
C00000C0
C00000C0
00000000
C00000C0
C00000C0
E6EDD9C0
ENDCHAR
STARTCHAR aacute.LP
ENCODING -1
SWIDTH 458 0
DWIDTH 11 0
BBX 10 17 1 0
BITMAP
0100
0380
0E00
1C00
1000
0000
1E00
6300
C300
0300
0700
3B00
4300
C300
C700
FFC0
7300
ENDCHAR
STARTCHAR agrave.LP
ENCODING -1
SWIDTH 458 0
DWIDTH 11 0
BBX 10 17 1 0
BITMAP
6000
7000
3800
0C00
0600
0000
1E00
6300
C300
0300
0700
3B00
4300
C300
C700
FFC0
7300
ENDCHAR
STARTCHAR uni1EAD.LP
ENCODING -1
SWIDTH 458 0
DWIDTH 11 0
BBX 10 21 1 -5
BITMAP
0C00
1E00
2200
4100
0000
1E00
6300
C300
0300
0700
3B00
4300
C300
C700
FFC0
7300
0000
0000
0800
1800
0800
ENDCHAR
STARTCHAR uni1EA5.VN.LP
ENCODING -1
SWIDTH 458 0
DWIDTH 11 0
BBX 11 18 1 0
BITMAP
0040
00E0
1D00
1E00
2300
4100
0000
1E00
6300
C300
0300
0700
3B00
4300
C300
C700
FFC0
7300
ENDCHAR
STARTCHAR uni1EA5.2StorySlantItalic.LP
ENCODING -1
SWIDTH 458 0
DWIDTH 11 0
BBX 10 22 1 0
BITMAP
0100
0380
0E00
1C00
1000
0000
0C00
1E00
2200
4100
0000
1E00
6300
C300
0300
0700
3B00
4300
C300
C700
FFC0
7300
ENDCHAR
STARTCHAR uni1EA5.2StorySlantItalic.VN.LP
ENCODING -1
SWIDTH 458 0
DWIDTH 11 0
BBX 11 18 1 0
BITMAP
0040
00E0
1D00
1E00
2300
4100
0000
1E00
6300
C300
0300
0700
3B00
4300
C300
C700
FFC0
7300
ENDCHAR
STARTCHAR uni1EA5.LP
ENCODING -1
SWIDTH 458 0
DWIDTH 11 0
BBX 10 22 1 0
BITMAP
0100
0380
0E00
1C00
1000
0000
0C00
1E00
2200
4100
0000
1E00
6300
C300
0300
0700
3B00
4300
C300
C700
FFC0
7300
ENDCHAR
STARTCHAR uni1EA7.VN.LP
ENCODING -1
SWIDTH 458 0
DWIDTH 11 0
BBX 11 18 0 0
BITMAP
8000
4000
2E00
0F00
1180
2080
0000
0F00
3180
6180
0180
0380
1D80
2180
6180
6380
7FE0
3980
ENDCHAR
STARTCHAR uni1EA7.2StorySlantItalic.LP
ENCODING -1
SWIDTH 458 0
DWIDTH 11 0
BBX 10 22 1 0
BITMAP
6000
7000
3800
0C00
0600
0000
0C00
1E00
2200
4100
0000
1E00
6300
C300
0300
0700
3B00
4300
C300
C700
FFC0
7300
ENDCHAR
STARTCHAR uni1EA7.2StorySlantItalic.VN.LP
ENCODING -1
SWIDTH 458 0
DWIDTH 11 0
BBX 11 18 0 0
BITMAP
8000
4000
2E00
0F00
1180
2080
0000
0F00
3180
6180
0180
0380
1D80
2180
6180
6380
7FE0
3980
ENDCHAR
STARTCHAR uni1EA7.LP
ENCODING -1
SWIDTH 458 0
DWIDTH 11 0
BBX 10 22 1 0
BITMAP
6000
7000
3800
0C00
0600
0000
0C00
1E00
2200
4100
0000
1E00
6300
C300
0300
0700
3B00
4300
C300
C700
FFC0
7300
ENDCHAR
STARTCHAR uni1EAB.VN.LP
ENCODING -1
SWIDTH 458 0
DWIDTH 11 0
BBX 10 20 1 0
BITMAP
3080
3900
4F00
0600
1C00
1E00
2300
4100
0000
1E00
6300
C300
0300
0700
3B00
4300
C300
C700
FFC0
7300
ENDCHAR
STARTCHAR uni1EAB.2StorySlantItalic.VN.LP
ENCODING -1
SWIDTH 458 0
DWIDTH 11 0
BBX 10 20 1 0
BITMAP
3080
3900
4F00
0600
1C00
1E00
2300
4100
0000
1E00
6300
C300
0300
0700
3B00
4300
C300
C700
FFC0
7300
ENDCHAR
STARTCHAR uni1EAB.2StorySlantItalic.LP
ENCODING -1
SWIDTH 458 0
DWIDTH 11 0
BBX 10 21 1 0
BITMAP
0100
3980
7E00
0000
0000
0C00
1E00
2200
4100
0000
1E00
6300
C300
0300
0700
3B00
4300
C300
C700
FFC0
7300
ENDCHAR
STARTCHAR uni1EAB.LP
ENCODING -1
SWIDTH 458 0
DWIDTH 11 0
BBX 10 21 1 0
BITMAP
0100
3980
7E00
0000
0000
0C00
1E00
2200
4100
0000
1E00
6300
C300
0300
0700
3B00
4300
C300
C700
FFC0
7300
ENDCHAR
STARTCHAR uni1EA9.VN.LP
ENCODING -1
SWIDTH 458 0
DWIDTH 11 0
BBX 11 19 1 0
BITMAP
01C0
0260
0080
1D00
1E80
2300
4100
0000
1E00
6300
C300
0300
0700
3B00
4300
C300
C700
FFC0
7300
ENDCHAR
STARTCHAR uni1EA9.2StorySlantItalic.LP
ENCODING -1
SWIDTH 458 0
DWIDTH 11 0
BBX 10 22 1 0
BITMAP
0C00
3C00
1800
3000
0800
0000
0C00
1E00
2200
4100
0000
1E00
6300
C300
0300
0700
3B00
4300
C300
C700
FFC0
7300
ENDCHAR
STARTCHAR uni1EA9.2StorySlantItalic.VN.LP
ENCODING -1
SWIDTH 458 0
DWIDTH 11 0
BBX 11 19 1 0
BITMAP
01C0
0260
0080
1D00
1E80
2300
4100
0000
1E00
6300
C300
0300
0700
3B00
4300
C300
C700
FFC0
7300
ENDCHAR
STARTCHAR uni1EA9.LP
ENCODING -1
SWIDTH 458 0
DWIDTH 11 0
BBX 10 22 1 0
BITMAP
0C00
3C00
1800
3000
0800
0000
0C00
1E00
2200
4100
0000
1E00
6300
C300
0300
0700
3B00
4300
C300
C700
FFC0
7300
ENDCHAR
STARTCHAR acircumflex.LP
ENCODING -1
SWIDTH 458 0
DWIDTH 11 0
BBX 10 16 1 0
BITMAP
0C00
1E00
2200
4100
0000
1E00
6300
C300
0300
0700
3B00
4300
C300
C700
FFC0
7300
ENDCHAR
STARTCHAR uni1EAF.LP
ENCODING -1
SWIDTH 458 0
DWIDTH 11 0
BBX 10 21 1 0
BITMAP
0100
0380
0E00
1C00
1000
4100
6300
3E00
1C00
0000
1E00
6300
C300
0300
0700
3B00
4300
C300
C700
FFC0
7300
ENDCHAR
STARTCHAR uni1EAF.VN.LP
ENCODING -1
SWIDTH 458 0
DWIDTH 11 0
BBX 10 18 1 0
BITMAP
0200
0600
4900
7300
3E00
1C00
0000
1E00
6300
C300
0300
0700
3B00
4300
C300
C700
FFC0
7300
ENDCHAR
STARTCHAR uni1EAF.2StorySlantItalic.VN.LP
ENCODING -1
SWIDTH 458 0
DWIDTH 11 0
BBX 10 18 1 0
BITMAP
0200
0600
4900
7300
3E00
1C00
0000
1E00
6300
C300
0300
0700
3B00
4300
C300
C700
FFC0
7300
ENDCHAR
STARTCHAR uni1EB1.VN.LP
ENCODING -1
SWIDTH 458 0
DWIDTH 11 0
BBX 10 18 1 0
BITMAP
2000
1800
4D00
6300
3E00
1C00
0000
1E00
6300
C300
0300
0700
3B00
4300
C300
C700
FFC0
7300
ENDCHAR
STARTCHAR uni1EB1.2StorySlantItalic.VN.LP
ENCODING -1
SWIDTH 458 0
DWIDTH 11 0
BBX 10 18 1 0
BITMAP
2000
1800
4D00
6300
3E00
1C00
0000
1E00
6300
C300
0300
0700
3B00
4300
C300
C700
FFC0
7300
ENDCHAR
STARTCHAR uni1EB1.LP
ENCODING -1
SWIDTH 458 0
DWIDTH 11 0
BBX 10 21 1 0
BITMAP
6000
7000
3800
0C00
0600
4100
6300
3E00
1C00
0000
1E00
6300
C300
0300
0700
3B00
4300
C300
C700
FFC0
7300
ENDCHAR
STARTCHAR uni1EB5.VN.LP
ENCODING -1
SWIDTH 458 0
DWIDTH 11 0
BBX 10 20 1 0
BITMAP
3880
3D00
4F00
0600
4100
6300
3E00
1C00
0000
1E00
6300
C300
0300
0700
3B00
4300
C300
C700
FFC0
7300
ENDCHAR
STARTCHAR uni1EB5.2StorySlantItalic.VN.LP
ENCODING -1
SWIDTH 458 0
DWIDTH 11 0
BBX 10 20 1 0
BITMAP
3880
3D00
4F00
0600
4100
6300
3E00
1C00
0000
1E00
6300
C300
0300
0700
3B00
4300
C300
C700
FFC0
7300
ENDCHAR
STARTCHAR uni1EB5.LP
ENCODING -1
SWIDTH 458 0
DWIDTH 11 0
BBX 10 19 1 0
BITMAP
3080
7900
4F00
4780
6300
3E00
1C00
0000
1E00
6300
C300
0300
0700
3B00
4300
C300
C700
FFC0
7300
ENDCHAR
STARTCHAR uni1EB3.VN.LP
ENCODING -1
SWIDTH 458 0
DWIDTH 11 0
BBX 10 20 1 0
BITMAP
0800
3C00
1800
3000
7900
6300
3E00
1C00
0000
1E00
6300
C300
0300
0700
3B00
4300
C300
C700
FFC0
7300
ENDCHAR
STARTCHAR uni1EB3.2StorySlantItalic.VN.LP
ENCODING -1
SWIDTH 458 0
DWIDTH 11 0
BBX 10 20 1 0
BITMAP
0800
3C00
1800
3000
7900
6300
3E00
1C00
0000
1E00
6300
C300
0300
0700
3B00
4300
C300
C700
FFC0
7300
ENDCHAR
STARTCHAR uni01CE.LP
ENCODING -1
SWIDTH 458 0
DWIDTH 11 0
BBX 10 17 1 0
BITMAP
4100
2200
1E00
0C00
0000
0000
1E00
6300
C300
0300
0700
3B00
4300
C300
C700
FFC0
7300
ENDCHAR
STARTCHAR uni00E30301.LP
ENCODING -1
SWIDTH 458 0
DWIDTH 11 0
BBX 10 21 1 0
BITMAP
0100
0380
0E00
1C00
1000
0100
3980
7E00
0000
0000
1E00
6300
C300
0300
0700
3B00
4300
C300
C700
FFC0
7300
ENDCHAR
STARTCHAR uni00E30300.LP
ENCODING -1
SWIDTH 458 0
DWIDTH 11 0
BBX 10 21 1 0
BITMAP
6000
7000
3800
0C00
0600
0100
3980
7E00
0000
0000
1E00
6300
C300
0300
0700
3B00
4300
C300
C700
FFC0
7300
ENDCHAR
STARTCHAR uni00E30302.LP
ENCODING -1
SWIDTH 458 0
DWIDTH 11 0
BBX 10 20 1 0
BITMAP
0C00
1E00
2200
4100
0100
3980
7E00
0000
0000
1E00
6300
C300
0300
0700
3B00
4300
C300
C700
FFC0
7300
ENDCHAR
STARTCHAR atilde.LP
ENCODING -1
SWIDTH 458 0
DWIDTH 11 0
BBX 10 16 1 0
BITMAP
0100
3980
7E00
0000
0000
1E00
6300
C300
0300
0700
3B00
4300
C300
C700
FFC0
7300
ENDCHAR
STARTCHAR uni01010301.LP
ENCODING -1
SWIDTH 458 0
DWIDTH 11 0
BBX 10 21 1 0
BITMAP
0100
0380
0E00
1C00
1000
0000
7F80
7F00
0000
0000
1E00
6300
C300
0300
0700
3B00
4300
C300
C700
FFC0
7300
ENDCHAR
STARTCHAR uni01010302.LP
ENCODING -1
SWIDTH 458 0
DWIDTH 11 0
BBX 10 20 1 0
BITMAP
0C00
1E00
2200
4100
0000
7F80
7F00
0000
0000
1E00
6300
C300
0300
0700
3B00
4300
C300
C700
FFC0
7300
ENDCHAR
STARTCHAR amacron.LP
ENCODING -1
SWIDTH 458 0
DWIDTH 11 0
BBX 10 15 1 0
BITMAP
7F80
7F00
0000
0000
1E00
6300
C300
0300
0700
3B00
4300
C300
C700
FFC0
7300
ENDCHAR
STARTCHAR uni00E40301.LP
ENCODING -1
SWIDTH 458 0
DWIDTH 11 0
BBX 10 21 1 0
BITMAP
0100
0380
0E00
1C00
1000
0000
6300
6300
4200
0000
1E00
6300
C300
0300
0700
3B00
4300
C300
C700
FFC0
7300
ENDCHAR
STARTCHAR uni00E40300.LP
ENCODING -1
SWIDTH 458 0
DWIDTH 11 0
BBX 10 21 1 0
BITMAP
6000
7000
3800
0C00
0600
0000
6300
6300
4200
0000
1E00
6300
C300
0300
0700
3B00
4300
C300
C700
FFC0
7300
ENDCHAR
STARTCHAR uni00E40302.LP
ENCODING -1
SWIDTH 458 0
DWIDTH 11 0
BBX 10 20 1 0
BITMAP
0C00
1E00
2200
4100
0000
6300
6300
4200
0000
1E00
6300
C300
0300
0700
3B00
4300
C300
C700
FFC0
7300
ENDCHAR
STARTCHAR uni00E4030C.LP
ENCODING -1
SWIDTH 458 0
DWIDTH 11 0
BBX 10 21 1 0
BITMAP
4100
2200
1E00
0C00
0000
0000
6300
6300
4200
0000
1E00
6300
C300
0300
0700
3B00
4300
C300
C700
FFC0
7300
ENDCHAR
STARTCHAR uni00E40303.LP
ENCODING -1
SWIDTH 458 0
DWIDTH 11 0
BBX 10 20 1 0
BITMAP
0100
3980
7E00
0000
0000
6300
6300
4200
0000
1E00
6300
C300
0300
0700
3B00
4300
C300
C700
FFC0
7300
ENDCHAR
STARTCHAR uni01DF.LP
ENCODING -1
SWIDTH 458 0
DWIDTH 11 0
BBX 9 19 1 0
BITMAP
7F80
7F00
0000
0000
6300
6300
4200
0000
3E00
4700
C300
0300
0F00
7300
C300
C300
CF00
FB80
7300
ENDCHAR
STARTCHAR adieresis.LP
ENCODING -1
SWIDTH 458 0
DWIDTH 11 0
BBX 10 15 1 0
BITMAP
6300
6300
4200
0000
1E00
6300
C300
0300
0700
3B00
4300
C300
C700
FFC0
7300
ENDCHAR
STARTCHAR uni01E1.LP
ENCODING -1
SWIDTH 458 0
DWIDTH 11 0
BBX 9 19 1 0
BITMAP
7F80
7F00
0000
0000
0C00
0C00
0800
0000
3E00
4700
C300
0300
0F00
7300
C300
C300
CF00
FB80
7300
ENDCHAR
STARTCHAR uni0227.LP
ENCODING -1
SWIDTH 458 0
DWIDTH 11 0
BBX 10 15 1 0
BITMAP
0C00
0C00
0800
0000
1E00
6300
C300
0300
0700
3B00
4300
C300
C700
FFC0
7300
ENDCHAR
STARTCHAR uni00E10331.LP
ENCODING -1
SWIDTH 458 0
DWIDTH 11 0
BBX 10 21 1 -4
BITMAP
0100
0380
0E00
1C00
1000
0000
1E00
6300
C300
0300
0700
3B00
4300
C300
C700
FFC0
7300
0000
0000
7F00
FF00
ENDCHAR
STARTCHAR uni00E00331.LP
ENCODING -1
SWIDTH 458 0
DWIDTH 11 0
BBX 10 21 1 -4
BITMAP
6000
7000
3800
0C00
0600
0000
1E00
6300
C300
0300
0700
3B00
4300
C300
C700
FFC0
7300
0000
0000
7F00
FF00
ENDCHAR
STARTCHAR uni00E20331.LP
ENCODING -1
SWIDTH 458 0
DWIDTH 11 0
BBX 10 20 1 -4
BITMAP
0C00
1E00
2200
4100
0000
1E00
6300
C300
0300
0700
3B00
4300
C300
C700
FFC0
7300
0000
0000
7F00
FF00
ENDCHAR
STARTCHAR uni01CE0331.LP
ENCODING -1
SWIDTH 458 0
DWIDTH 11 0
BBX 10 21 1 -4
BITMAP
4100
2200
1E00
0C00
0000
0000
1E00
6300
C300
0300
0700
3B00
4300
C300
C700
FFC0
7300
0000
0000
7F00
FF00
ENDCHAR
STARTCHAR uni00E40331.LP
ENCODING -1
SWIDTH 458 0
DWIDTH 11 0
BBX 10 19 1 -4
BITMAP
6300
6300
4200
0000
1E00
6300
C300
0300
0700
3B00
4300
C300
C700
FFC0
7300
0000
0000
7F00
FF00
ENDCHAR
STARTCHAR uni1EA10301.LP
ENCODING -1
SWIDTH 458 0
DWIDTH 11 0
BBX 10 22 1 -5
BITMAP
0100
0380
0E00
1C00
1000
0000
1E00
6300
C300
0300
0700
3B00
4300
C300
C700
FFC0
7300
0000
0000
0800
1800
0800
ENDCHAR
STARTCHAR uni1EA10300.LP
ENCODING -1
SWIDTH 458 0
DWIDTH 11 0
BBX 10 22 1 -5
BITMAP
6000
7000
3800
0C00
0600
0000
1E00
6300
C300
0300
0700
3B00
4300
C300
C700
FFC0
7300
0000
0000
0800
1800
0800
ENDCHAR
STARTCHAR uni1EA1030C.LP
ENCODING -1
SWIDTH 458 0
DWIDTH 11 0
BBX 10 22 1 -5
BITMAP
4100
2200
1E00
0C00
0000
0000
1E00
6300
C300
0300
0700
3B00
4300
C300
C700
FFC0
7300
0000
0000
0800
1800
0800
ENDCHAR
STARTCHAR uni1EA10303.LP
ENCODING -1
SWIDTH 458 0
DWIDTH 11 0
BBX 10 21 1 -5
BITMAP
0100
3980
7E00
0000
0000
1E00
6300
C300
0300
0700
3B00
4300
C300
C700
FFC0
7300
0000
0000
0800
1800
0800
ENDCHAR
STARTCHAR uni00E1031C.LP
ENCODING -1
SWIDTH 458 0
DWIDTH 11 0
BBX 10 23 1 -6
BITMAP
0100
0380
0E00
1C00
1000
0000
1E00
6300
C300
0300
0700
3B00
4300
C300
C700
FFC0
7300
0000
1000
3000
6000
3000
1000
ENDCHAR
STARTCHAR uni00E10327.LP
ENCODING -1
SWIDTH 458 0
DWIDTH 11 0
BBX 10 22 1 -5
BITMAP
0300
0780
0C00
1800
0000
0000
1E00
6300
C300
0300
0700
3B00
4300
C300
C700
FFC0
7300
0300
0380
0180
0180
0600
ENDCHAR
STARTCHAR uni00E00327.LP
ENCODING -1
SWIDTH 458 0
DWIDTH 11 0
BBX 10 22 1 -5
BITMAP
6000
7000
1800
0400
0200
0000
1E00
6300
C300
0300
0700
3B00
4300
C300
C700
FFC0
7300
0300
0380
0180
0180
0600
ENDCHAR
STARTCHAR uni00E20327.LP
ENCODING -1
SWIDTH 458 0
DWIDTH 11 0
BBX 10 21 1 -5
BITMAP
0C00
1E00
3200
4100
0000
1E00
6300
C300
0300
0700
3B00
4300
C300
C700
FFC0
7300
0300
0380
0180
0180
0600
ENDCHAR
STARTCHAR uni01CE0327.LP
ENCODING -1
SWIDTH 458 0
DWIDTH 11 0
BBX 10 22 1 -5
BITMAP
4100
2300
1E00
1C00
0000
0000
1E00
6300
C300
0300
0700
3B00
4300
C300
C700
FFC0
7300
0300
0380
0180
0180
0600
ENDCHAR
STARTCHAR uni01050301.LP
ENCODING -1
SWIDTH 458 0
DWIDTH 11 0
BBX 10 22 1 -5
BITMAP
0300
0780
0C00
1800
0000
0000
1E00
6300
C300
0300
0700
3B00
4300
C300
C700
FBC0
7300
0200
0400
0C00
0C80
0F00
ENDCHAR
STARTCHAR uni01050300.LP
ENCODING -1
SWIDTH 458 0
DWIDTH 11 0
BBX 10 22 1 -5
BITMAP
6000
7000
1800
0400
0200
0000
1E00
6300
C300
0300
0700
3B00
4300
C300
C700
FBC0
7300
0200
0400
0C00
0C80
0F00
ENDCHAR
STARTCHAR atilde.2StorySlantItalic.LP
ENCODING -1
SWIDTH 458 0
DWIDTH 11 0
BBX 10 16 1 0
BITMAP
0100
3980
7E00
0000
0000
1E00
6300
C300
0300
0700
3B00
4300
C300
C700
FFC0
7300
ENDCHAR
STARTCHAR aacute.SngStory.LP
ENCODING -1
SWIDTH 499 0
DWIDTH 12 0
BBX 11 17 1 0
BITMAP
0180
0380
0700
0C00
1800
0000
1E80
2380
4180
C180
C180
C180
C180
E180
6380
7DE0
3980
ENDCHAR
STARTCHAR aacute.SngStory.SlantItalic.LP
ENCODING -1
SWIDTH 499 0
DWIDTH 12 0
BBX 11 17 1 0
BITMAP
0180
0380
0700
0C00
1800
0000
1E80
2380
4180
C180
C180
C180
C180
E180
6380
7DE0
3980
ENDCHAR
STARTCHAR agrave.SngStory.LP
ENCODING -1
SWIDTH 499 0
DWIDTH 12 0
BBX 11 17 1 0
BITMAP
2000
7000
1C00
0E00
0200
0000
1E80
2380
4180
C180
C180
C180
C180
E180
6380
7DE0
3980
ENDCHAR
STARTCHAR agrave.SngStory.SlantItalic.LP
ENCODING -1
SWIDTH 499 0
DWIDTH 12 0
BBX 11 17 1 0
BITMAP
2000
7000
1C00
0E00
0200
0000
1E80
2380
4180
C180
C180
C180
C180
E180
6380
7DE0
3980
ENDCHAR
STARTCHAR acircumflex.SngStory.LP
ENCODING -1
SWIDTH 499 0
DWIDTH 12 0
BBX 11 16 1 0
BITMAP
0C00
1E00
1100
2080
0000
1E80
2380
4180
C180
C180
C180
C180
E180
6380
7DE0
3980
ENDCHAR
STARTCHAR uni1EAD.SngStory.LP
ENCODING -1
SWIDTH 499 0
DWIDTH 12 0
BBX 11 21 1 -5
BITMAP
0C00
1E00
1100
2080
0000
1E80
2380
4180
C180
C180
C180
C180
E180
6380
7DE0
3980
0000
0000
0400
0C00
0400
ENDCHAR
STARTCHAR acircumflex.SngStory.SlantItalic.LP
ENCODING -1
SWIDTH 499 0
DWIDTH 12 0
BBX 11 16 1 0
BITMAP
0C00
1E00
1100
2080
0000
1E80
2380
4180
C180
C180
C180
C180
E180
6380
7DE0
3980
ENDCHAR
STARTCHAR uni1EAD.SngStory.SlantItalic.LP
ENCODING -1
SWIDTH 499 0
DWIDTH 12 0
BBX 11 21 1 -5
BITMAP
0C00
1E00
1100
2080
0000
1E80
2380
4180
C180
C180
C180
C180
E180
6380
7DE0
3980
0000
0000
0400
0C00
0400
ENDCHAR
STARTCHAR uni1EA5.SngStory.LP
ENCODING -1
SWIDTH 499 0
DWIDTH 12 0
BBX 11 22 1 0
BITMAP
0180
0380
0700
0C00
1800
0000
0C00
1E00
1100
2080
0000
1E80
2380
4180
C180
C180
C180
C180
E180
6380
7DE0
3980
ENDCHAR
STARTCHAR uni1EA5.SngStory.VN.LP
ENCODING -1
SWIDTH 499 0
DWIDTH 12 0
BBX 11 18 1 0
BITMAP
0020
0040
0E80
1E00
3100
2080
0000
1E80
2380
4180
C180
C180
C180
C180
E180
6380
7DE0
3980
ENDCHAR
STARTCHAR uni1EA5.SngStory.SlantItalic.LP
ENCODING -1
SWIDTH 499 0
DWIDTH 12 0
BBX 11 22 1 0
BITMAP
0180
0380
0700
0C00
1800
0000
0C00
1E00
1100
2080
0000
1E80
2380
4180
C180
C180
C180
C180
E180
6380
7DE0
3980
ENDCHAR
STARTCHAR uni1EA5.SngStory.SlantItalic.VN.LP
ENCODING -1
SWIDTH 499 0
DWIDTH 12 0
BBX 11 18 1 0
BITMAP
0020
0040
0E80
1E00
3100
2080
0000
1E80
2380
4180
C180
C180
C180
C180
E180
6380
7DE0
3980
ENDCHAR
STARTCHAR uni1EA7.SngStory.LP
ENCODING -1
SWIDTH 499 0
DWIDTH 12 0
BBX 11 22 1 0
BITMAP
2000
7000
1C00
0E00
0200
0000
0C00
1E00
1100
2080
0000
1E80
2380
4180
C180
C180
C180
C180
E180
6380
7DE0
3980
ENDCHAR
STARTCHAR uni1EA7.SngStory.VN.LP
ENCODING -1
SWIDTH 499 0
DWIDTH 12 0
BBX 12 18 0 0
BITMAP
4000
E000
1700
0F00
1880
1040
0000
0F40
11C0
20C0
60C0
60C0
60C0
60C0
70C0
31C0
3EF0
1CC0
ENDCHAR
STARTCHAR uni1EA7.SngStory.SlantItalic.LP
ENCODING -1
SWIDTH 499 0
DWIDTH 12 0
BBX 11 22 1 0
BITMAP
2000
7000
1C00
0E00
0200
0000
0C00
1E00
1100
2080
0000
1E80
2380
4180
C180
C180
C180
C180
E180
6380
7DE0
3980
ENDCHAR
STARTCHAR uni1EA7.SngStory.SlantItalic.VN.LP
ENCODING -1
SWIDTH 499 0
DWIDTH 12 0
BBX 12 18 0 0
BITMAP
4000
E000
1700
0F00
1880
1040
0000
0F40
11C0
20C0
60C0
60C0
60C0
60C0
70C0
31C0
3EF0
1CC0
ENDCHAR
STARTCHAR uni1EAB.SngStory.LP
ENCODING -1
SWIDTH 499 0
DWIDTH 12 0
BBX 11 21 1 0
BITMAP
0080
1880
3D00
4200
0000
0C00
1E00
1100
2080
0000
1E80
2380
4180
C180
C180
C180
C180
E180
6380
7DE0
3980
ENDCHAR
STARTCHAR uni1EAB.SngStory.VN.LP
ENCODING -1
SWIDTH 499 0
DWIDTH 12 0
BBX 11 20 1 0
BITMAP
1880
3C80
2700
4300
0E00
1E00
3100
2080
0000
1E80
2380
4180
C180
C180
C180
C180
E180
6380
7DE0
3980
ENDCHAR
STARTCHAR uni1EAB.SngStory.SlantItalic.LP
ENCODING -1
SWIDTH 499 0
DWIDTH 12 0
BBX 11 21 1 0
BITMAP
0080
1880
3D00
4200
0000
0C00
1E00
1100
2080
0000
1E80
2380
4180
C180
C180
C180
C180
E180
6380
7DE0
3980
ENDCHAR
STARTCHAR uni1EAB.SngStory.SlantItalic.VN.LP
ENCODING -1
SWIDTH 499 0
DWIDTH 12 0
BBX 11 20 1 0
BITMAP
1880
3C80
2700
4300
0E00
1E00
3100
2080
0000
1E80
2380
4180
C180
C180
C180
C180
E180
6380
7DE0
3980
ENDCHAR
STARTCHAR uni1EA9.SngStory.LP
ENCODING -1
SWIDTH 499 0
DWIDTH 12 0
BBX 11 22 1 0
BITMAP
0C00
0C00
1800
1800
0400
0000
0C00
1E00
1100
2080
0000
1E80
2380
4180
C180
C180
C180
C180
E180
6380
7DE0
3980
ENDCHAR
STARTCHAR uni1EA9.SngStory.VN.LP
ENCODING -1
SWIDTH 499 0
DWIDTH 12 0
BBX 11 19 1 0
BITMAP
00E0
0160
0080
0E80
1E00
3100
2080
0000
1E80
2380
4180
C180
C180
C180
C180
E180
6380
7DE0
3980
ENDCHAR
STARTCHAR uni1EA9.SngStory.SlantItalic.LP
ENCODING -1
SWIDTH 499 0
DWIDTH 12 0
BBX 11 22 1 0
BITMAP
0C00
0C00
1800
1800
0400
0000
0C00
1E00
1100
2080
0000
1E80
2380
4180
C180
C180
C180
C180
E180
6380
7DE0
3980
ENDCHAR
STARTCHAR uni1EA9.SngStory.SlantItalic.VN.LP
ENCODING -1
SWIDTH 499 0
DWIDTH 12 0
BBX 11 19 1 0
BITMAP
00E0
0160
0080
0E80
1E00
3100
2080
0000
1E80
2380
4180
C180
C180
C180
C180
E180
6380
7DE0
3980
ENDCHAR
STARTCHAR uni1EAF.SngStory.LP
ENCODING -1
SWIDTH 499 0
DWIDTH 12 0
BBX 11 21 1 0
BITMAP
0180
0380
0700
0C00
1800
4080
3180
1F00
0E00
0000
1E80
2380
4180
C180
C180
C180
C180
E180
6380
7DE0
3980
ENDCHAR
STARTCHAR uni1EAF.SngStory.SlantItalic.LP
ENCODING -1
SWIDTH 499 0
DWIDTH 12 0
BBX 11 21 1 0
BITMAP
0180
0380
0700
0C00
1800
4080
3180
1F00
0E00
0000
1E80
2380
4180
C180
C180
C180
C180
E180
6380
7DE0
3980
ENDCHAR
STARTCHAR uni1EAF.SngStory.VN.LP
ENCODING -1
SWIDTH 499 0
DWIDTH 12 0
BBX 11 18 1 0
BITMAP
0300
0600
2C80
3180
1F00
0E00
0000
1E80
2380
4180
C180
C180
C180
C180
E180
6380
7DE0
3980
ENDCHAR
STARTCHAR uni1EAF.SngStory.SlantItalic.VN.LP
ENCODING -1
SWIDTH 499 0
DWIDTH 12 0
BBX 11 18 1 0
BITMAP
0300
0600
2C80
3180
1F00
0E00
0000
1E80
2380
4180
C180
C180
C180
C180
E180
6380
7DE0
3980
ENDCHAR
STARTCHAR uni1EB1.SngStory.LP
ENCODING -1
SWIDTH 499 0
DWIDTH 12 0
BBX 11 21 1 0
BITMAP
2000
7000
1C00
0E00
0200
4080
3180
1F00
0E00
0000
1E80
2380
4180
C180
C180
C180
C180
E180
6380
7DE0
3980
ENDCHAR
STARTCHAR uni1EB1.SngStory.SlantItalic.LP
ENCODING -1
SWIDTH 499 0
DWIDTH 12 0
BBX 11 21 1 0
BITMAP
2000
7000
1C00
0E00
0200
4080
3180
1F00
0E00
0000
1E80
2380
4180
C180
C180
C180
C180
E180
6380
7DE0
3980
ENDCHAR
STARTCHAR uni1EB1.SngStory.VN.LP
ENCODING -1
SWIDTH 499 0
DWIDTH 12 0
BBX 11 18 1 0
BITMAP
1000
1800
2480
3380
1F00
0E00
0000
1E80
2380
4180
C180
C180
C180
C180
E180
6380
7DE0
3980
ENDCHAR
STARTCHAR uni1EB1.SngStory.SlantItalic.VN.LP
ENCODING -1
SWIDTH 499 0
DWIDTH 12 0
BBX 11 18 1 0
BITMAP
1000
1800
2480
3380
1F00
0E00
0000
1E80
2380
4180
C180
C180
C180
C180
E180
6380
7DE0
3980
ENDCHAR
STARTCHAR uni1EB5.SngStory.LP
ENCODING -1
SWIDTH 499 0
DWIDTH 12 0
BBX 11 19 1 0
BITMAP
1880
3C80
4700
2380
3100
1F00
0E00
0000
1E80
2380
4180
C180
C180
C180
C180
E180
6380
7DE0
3980
ENDCHAR
STARTCHAR uni1EB5.SngStory.VN.LP
ENCODING -1
SWIDTH 499 0
DWIDTH 12 0
BBX 11 20 1 0
BITMAP
1880
3C80
2700
4300
2080
3180
1F00
0E00
0000
1E80
2380
4180
C180
C180
C180
C180
E180
6380
7DE0
3980
ENDCHAR
STARTCHAR uni1EB5.SngStory.SlantItalic.LP
ENCODING -1
SWIDTH 499 0
DWIDTH 12 0
BBX 11 19 1 0
BITMAP
1880
3C80
4700
2380
3100
1F00
0E00
0000
1E80
2380
4180
C180
C180
C180
C180
E180
6380
7DE0
3980
ENDCHAR
STARTCHAR uni1EB5.SngStory.SlantItalic.VN.LP
ENCODING -1
SWIDTH 499 0
DWIDTH 12 0
BBX 11 20 1 0
BITMAP
1880
3C80
2700
4300
2080
3180
1F00
0E00
0000
1E80
2380
4180
C180
C180
C180
C180
E180
6380
7DE0
3980
ENDCHAR
STARTCHAR uni1EB3.SngStory.VN.LP
ENCODING -1
SWIDTH 499 0
DWIDTH 12 0
BBX 11 20 1 0
BITMAP
0C00
0C00
1C00
1800
3880
3580
1F00
0E00
0000
1E80
2380
4180
C180
C180
C180
C180
E180
6380
7DE0
3980
ENDCHAR
STARTCHAR uni1EB3.SngStory.SlantItalic.VN.LP
ENCODING -1
SWIDTH 499 0
DWIDTH 12 0
BBX 11 20 1 0
BITMAP
0C00
0C00
1C00
1800
3880
3580
1F00
0E00
0000
1E80
2380
4180
C180
C180
C180
C180
E180
6380
7DE0
3980
ENDCHAR
STARTCHAR uni01CE.SngStory.LP
ENCODING -1
SWIDTH 499 0
DWIDTH 12 0
BBX 11 17 1 0
BITMAP
2080
1100
1E00
0C00
0000
0000
1E80
2380
4180
C180
C180
C180
C180
E180
6380
7DE0
3980
ENDCHAR
STARTCHAR uni01CE.SngStory.SlantItalic.LP
ENCODING -1
SWIDTH 499 0
DWIDTH 12 0
BBX 11 17 1 0
BITMAP
2080
1100
1E00
0C00
0000
0000
1E80
2380
4180
C180
C180
C180
C180
E180
6380
7DE0
3980
ENDCHAR
STARTCHAR atilde.SngStory.LP
ENCODING -1
SWIDTH 499 0
DWIDTH 12 0
BBX 11 16 1 0
BITMAP
0080
1880
3D00
4200
0000
1E80
2380
4180
C180
C180
C180
C180
E180
6380
7DE0
3980
ENDCHAR
STARTCHAR atilde.SngStory.SlantItalic.LP
ENCODING -1
SWIDTH 499 0
DWIDTH 12 0
BBX 11 16 1 0
BITMAP
0080
1880
3D00
4200
0000
1E80
2380
4180
C180
C180
C180
C180
E180
6380
7DE0
3980
ENDCHAR
STARTCHAR uni00E30301.SngStory.LP
ENCODING -1
SWIDTH 499 0
DWIDTH 12 0
BBX 11 21 1 0
BITMAP
0180
0380
0700
0C00
1800
0080
1880
3D00
4200
0000
1E80
2380
4180
C180
C180
C180
C180
E180
6380
7DE0
3980
ENDCHAR
STARTCHAR uni00E30300.SngStory.LP
ENCODING -1
SWIDTH 499 0
DWIDTH 12 0
BBX 11 21 1 0
BITMAP
2000
7000
1C00
0E00
0200
0080
1880
3D00
4200
0000
1E80
2380
4180
C180
C180
C180
C180
E180
6380
7DE0
3980
ENDCHAR
STARTCHAR uni00E30302.SngStory.LP
ENCODING -1
SWIDTH 499 0
DWIDTH 12 0
BBX 11 20 1 0
BITMAP
0C00
1E00
1100
2080
0080
1880
3D00
4200
0000
1E80
2380
4180
C180
C180
C180
C180
E180
6380
7DE0
3980
ENDCHAR
STARTCHAR amacron.SngStory.LP
ENCODING -1
SWIDTH 499 0
DWIDTH 12 0
BBX 11 15 1 0
BITMAP
3F80
3F80
0000
0000
1E80
2380
4180
C180
C180
C180
C180
E180
6380
7DE0
3980
ENDCHAR
STARTCHAR amacron.SngStory.SlantItalic.LP
ENCODING -1
SWIDTH 499 0
DWIDTH 12 0
BBX 11 15 1 0
BITMAP
3F80
3F80
0000
0000
1E80
2380
4180
C180
C180
C180
C180
E180
6380
7DE0
3980
ENDCHAR
STARTCHAR uni01010301.SngStory.LP
ENCODING -1
SWIDTH 499 0
DWIDTH 12 0
BBX 11 21 1 0
BITMAP
0180
0380
0700
0C00
1800
0000
3F80
3F80
0000
0000
1E80
2380
4180
C180
C180
C180
C180
E180
6380
7DE0
3980
ENDCHAR
STARTCHAR uni01010302.SngStory.LP
ENCODING -1
SWIDTH 499 0
DWIDTH 12 0
BBX 11 20 1 0
BITMAP
0C00
1E00
1100
2080
0000
3F80
3F80
0000
0000
1E80
2380
4180
C180
C180
C180
C180
E180
6380
7DE0
3980
ENDCHAR
STARTCHAR adieresis.SngStory.LP
ENCODING -1
SWIDTH 499 0
DWIDTH 12 0
BBX 11 15 1 0
BITMAP
2100
6300
2100
0000
1E80
2380
4180
C180
C180
C180
C180
E180
6380
7DE0
3980
ENDCHAR
STARTCHAR adieresis.SngStory.SlantItalic.LP
ENCODING -1
SWIDTH 499 0
DWIDTH 12 0
BBX 11 15 1 0
BITMAP
2100
6300
2100
0000
1E80
2380
4180
C180
C180
C180
C180
E180
6380
7DE0
3980
ENDCHAR
STARTCHAR uni00E40301.SngStory.LP
ENCODING -1
SWIDTH 499 0
DWIDTH 12 0
BBX 11 21 1 0
BITMAP
0180
0380
0700
0C00
1800
0000
2100
6300
2100
0000
1E80
2380
4180
C180
C180
C180
C180
E180
6380
7DE0
3980
ENDCHAR
STARTCHAR uni00E40300.SngStory.LP
ENCODING -1
SWIDTH 499 0
DWIDTH 12 0
BBX 11 21 1 0
BITMAP
2000
7000
1C00
0E00
0200
0000
2100
6300
2100
0000
1E80
2380
4180
C180
C180
C180
C180
E180
6380
7DE0
3980
ENDCHAR
STARTCHAR uni00E40302.SngStory.LP
ENCODING -1
SWIDTH 499 0
DWIDTH 12 0
BBX 11 20 1 0
BITMAP
0C00
1E00
1100
2080
0000
2100
6300
2100
0000
1E80
2380
4180
C180
C180
C180
C180
E180
6380
7DE0
3980
ENDCHAR
STARTCHAR uni00E4030C.SngStory.LP
ENCODING -1
SWIDTH 499 0
DWIDTH 12 0
BBX 11 21 1 0
BITMAP
2080
1100
1E00
0C00
0000
0000
2100
6300
2100
0000
1E80
2380
4180
C180
C180
C180
C180
E180
6380
7DE0
3980
ENDCHAR
STARTCHAR uni00E40303.SngStory.LP
ENCODING -1
SWIDTH 499 0
DWIDTH 12 0
BBX 11 20 1 0
BITMAP
0080
1880
3D00
4200
0000
2100
6300
2100
0000
1E80
2380
4180
C180
C180
C180
C180
E180
6380
7DE0
3980
ENDCHAR
STARTCHAR uni01DF.SngStory.LP
ENCODING -1
SWIDTH 499 0
DWIDTH 12 0
BBX 11 19 1 0
BITMAP
3F80
3F80
0000
0000
2100
6300
2100
0000
1E80
2380
4180
C180
C180
C180
C180
E180
6380
7DE0
3980
ENDCHAR
STARTCHAR uni01DF.SngStory.SlantItalic.LP
ENCODING -1
SWIDTH 499 0
DWIDTH 12 0
BBX 11 19 1 0
BITMAP
3F80
3F80
0000
0000
2100
6300
2100
0000
1E80
2380
4180
C180
C180
C180
C180
E180
6380
7DE0
3980
ENDCHAR
STARTCHAR uni0227.SngStory.LP
ENCODING -1
SWIDTH 499 0
DWIDTH 12 0
BBX 11 15 1 0
BITMAP
0400
0C00
0400
0000
1E80
2380
4180
C180
C180
C180
C180
E180
6380
7DE0
3980
ENDCHAR
STARTCHAR uni0227.SngStory.SlantItalic.LP
ENCODING -1
SWIDTH 499 0
DWIDTH 12 0
BBX 11 15 1 0
BITMAP
0400
0C00
0400
0000
1E80
2380
4180
C180
C180
C180
C180
E180
6380
7DE0
3980
ENDCHAR
STARTCHAR uni01E1.SngStory.LP
ENCODING -1
SWIDTH 499 0
DWIDTH 12 0
BBX 11 19 1 0
BITMAP
3F80
3F80
0000
0000
0400
0C00
0400
0000
1E80
2380
4180
C180
C180
C180
C180
E180
6380
7DE0
3980
ENDCHAR
STARTCHAR uni01E1.SngStory.SlantItalic.LP
ENCODING -1
SWIDTH 499 0
DWIDTH 12 0
BBX 11 19 1 0
BITMAP
3F80
3F80
0000
0000
0400
0C00
0400
0000
1E80
2380
4180
C180
C180
C180
C180
E180
6380
7DE0
3980
ENDCHAR
STARTCHAR uni00E10331.SngStory.LP
ENCODING -1
SWIDTH 499 0
DWIDTH 12 0
BBX 11 21 1 -4
BITMAP
0180
0380
0700
0C00
1800
0000
1E80
2380
4180
C180
C180
C180
C180
E180
6380
7DE0
3980
0000
0000
3F80
7F80
ENDCHAR
STARTCHAR uni00E00331.SngStory.LP
ENCODING -1
SWIDTH 499 0
DWIDTH 12 0
BBX 11 21 1 -4
BITMAP
2000
7000
1C00
0E00
0200
0000
1E80
2380
4180
C180
C180
C180
C180
E180
6380
7DE0
3980
0000
0000
3F80
7F80
ENDCHAR
STARTCHAR uni00E20331.SngStory.LP
ENCODING -1
SWIDTH 499 0
DWIDTH 12 0
BBX 11 20 1 -4
BITMAP
0C00
1E00
1100
2080
0000
1E80
2380
4180
C180
C180
C180
C180
E180
6380
7DE0
3980
0000
0000
3F80
7F80
ENDCHAR
STARTCHAR uni01CE0331.SngStory.LP
ENCODING -1
SWIDTH 499 0
DWIDTH 12 0
BBX 11 21 1 -4
BITMAP
2080
1100
1E00
0C00
0000
0000
1E80
2380
4180
C180
C180
C180
C180
E180
6380
7DE0
3980
0000
0000
3F80
7F80
ENDCHAR
STARTCHAR uni00E40331.SngStory.LP
ENCODING -1
SWIDTH 499 0
DWIDTH 12 0
BBX 11 19 1 -4
BITMAP
2100
6300
2100
0000
1E80
2380
4180
C180
C180
C180
C180
E180
6380
7DE0
3980
0000
0000
3F80
7F80
ENDCHAR
STARTCHAR uni1EA10301.SngStory.LP
ENCODING -1
SWIDTH 499 0
DWIDTH 12 0
BBX 11 22 1 -5
BITMAP
0180
0380
0700
0C00
1800
0000
1E80
2380
4180
C180
C180
C180
C180
E180
6380
7DE0
3980
0000
0000
0400
0C00
0400
ENDCHAR
STARTCHAR uni1EA10300.SngStory.LP
ENCODING -1
SWIDTH 499 0
DWIDTH 12 0
BBX 11 22 1 -5
BITMAP
2000
7000
1C00
0E00
0200
0000
1E80
2380
4180
C180
C180
C180
C180
E180
6380
7DE0
3980
0000
0000
0400
0C00
0400
ENDCHAR
STARTCHAR uni1EA1030C.SngStory.LP
ENCODING -1
SWIDTH 499 0
DWIDTH 12 0
BBX 11 22 1 -5
BITMAP
2080
1100
1E00
0C00
0000
0000
1E80
2380
4180
C180
C180
C180
C180
E180
6380
7DE0
3980
0000
0000
0400
0C00
0400
ENDCHAR
STARTCHAR uni1EA10303.SngStory.LP
ENCODING -1
SWIDTH 499 0
DWIDTH 12 0
BBX 11 21 1 -5
BITMAP
0080
1880
3D00
4200
0000
1E80
2380
4180
C180
C180
C180
C180
E180
6380
7DE0
3980
0000
0000
0400
0C00
0400
ENDCHAR
STARTCHAR uni00E1031C.SngStory.LP
ENCODING -1
SWIDTH 499 0
DWIDTH 12 0
BBX 11 23 1 -6
BITMAP
0180
0380
0700
0C00
1800
0000
1E80
2380
4180
C180
C180
C180
C180
E180
6380
7DE0
3980
0000
0800
1800
3000
1800
0800
ENDCHAR
STARTCHAR uni00E10327.SngStory.LP
ENCODING -1
SWIDTH 499 0
DWIDTH 12 0
BBX 11 22 1 -5
BITMAP
0180
0380
0600
0800
1000
0000
1E80
2380
4180
C180
C180
C180
C180
E180
6380
7DA0
39C0
0180
0180
00C0
00C0
0300
ENDCHAR
STARTCHAR uni00E00327.SngStory.LP
ENCODING -1
SWIDTH 499 0
DWIDTH 12 0
BBX 11 22 1 -5
BITMAP
3000
7800
0C00
0600
0000
0000
1E80
2380
4180
C180
C180
C180
C180
E180
6380
7DA0
39C0
0180
0180
00C0
00C0
0300
ENDCHAR
STARTCHAR uni00E20327.SngStory.LP
ENCODING -1
SWIDTH 499 0
DWIDTH 12 0
BBX 11 21 1 -5
BITMAP
0C00
1E00
1300
2080
0000
1E80
2380
4180
C180
C180
C180
C180
E180
6380
7FA0
39C0
0180
0180
00C0
00C0
0300
ENDCHAR
STARTCHAR uni01CE0327.SngStory.LP
ENCODING -1
SWIDTH 499 0
DWIDTH 12 0
BBX 11 22 1 -5
BITMAP
2080
3100
1E00
0E00
0000
0000
1E80
2380
4180
C180
C180
C180
C180
E180
6380
7DA0
39C0
0180
0180
00C0
00C0
0300
ENDCHAR
STARTCHAR uni01050301.SngStory.LP
ENCODING -1
SWIDTH 499 0
DWIDTH 12 0
BBX 11 22 1 -5
BITMAP
0180
0380
0600
0800
1000
0000
1E80
2380
4180
C180
C180
C180
C180
E180
6380
7D80
39E0
0180
0300
0600
0640
0780
ENDCHAR
STARTCHAR uni01050300.SngStory.LP
ENCODING -1
SWIDTH 499 0
DWIDTH 12 0
BBX 11 22 1 -5
BITMAP
3000
7800
0C00
0600
0000
0000
1E80
2380
4180
C180
C180
C180
C180
E180
6380
7D80
39E0
0180
0300
0600
0640
0780
ENDCHAR
STARTCHAR aacute.2StorySlantItalic.LP
ENCODING -1
SWIDTH 458 0
DWIDTH 11 0
BBX 10 17 1 0
BITMAP
0100
0380
0E00
1C00
1000
0000
1E00
6300
C300
0300
0700
3B00
4300
C300
C700
FFC0
7300
ENDCHAR
STARTCHAR agrave.2StorySlantItalic.LP
ENCODING -1
SWIDTH 458 0
DWIDTH 11 0
BBX 10 17 1 0
BITMAP
6000
7000
3800
0C00
0600
0000
1E00
6300
C300
0300
0700
3B00
4300
C300
C700
FFC0
7300
ENDCHAR
STARTCHAR acircumflex.2StorySlantItalic.LP
ENCODING -1
SWIDTH 458 0
DWIDTH 11 0
BBX 10 16 1 0
BITMAP
0C00
1E00
2200
4100
0000
1E00
6300
C300
0300
0700
3B00
4300
C300
C700
FFC0
7300
ENDCHAR
STARTCHAR uni1EAD.2StorySlantItalic.LP
ENCODING -1
SWIDTH 458 0
DWIDTH 11 0
BBX 10 21 1 -5
BITMAP
0C00
1E00
2200
4100
0000
1E00
6300
C300
0300
0700
3B00
4300
C300
C700
FFC0
7300
0000
0000
0800
1800
0800
ENDCHAR
STARTCHAR uni1EAF.2StorySlantItalic.LP
ENCODING -1
SWIDTH 458 0
DWIDTH 11 0
BBX 10 21 1 0
BITMAP
0100
0380
0E00
1C00
1000
4100
6300
3E00
1C00
0000
1E00
6300
C300
0300
0700
3B00
4300
C300
C700
FFC0
7300
ENDCHAR
STARTCHAR uni1EB1.2StorySlantItalic.LP
ENCODING -1
SWIDTH 458 0
DWIDTH 11 0
BBX 10 21 1 0
BITMAP
6000
7000
3800
0C00
0600
4100
6300
3E00
1C00
0000
1E00
6300
C300
0300
0700
3B00
4300
C300
C700
FFC0
7300
ENDCHAR
STARTCHAR uni1EB5.2StorySlantItalic.LP
ENCODING -1
SWIDTH 458 0
DWIDTH 11 0
BBX 10 19 1 0
BITMAP
3080
7900
4F00
4780
6300
3E00
1C00
0000
1E00
6300
C300
0300
0700
3B00
4300
C300
C700
FFC0
7300
ENDCHAR
STARTCHAR uni01CE.2StorySlantItalic.LP
ENCODING -1
SWIDTH 458 0
DWIDTH 11 0
BBX 10 17 1 0
BITMAP
4100
2200
1E00
0C00
0000
0000
1E00
6300
C300
0300
0700
3B00
4300
C300
C700
FFC0
7300
ENDCHAR
STARTCHAR amacron.2StorySlantItalic.LP
ENCODING -1
SWIDTH 458 0
DWIDTH 11 0
BBX 10 15 1 0
BITMAP
7F80
7F00
0000
0000
1E00
6300
C300
0300
0700
3B00
4300
C300
C700
FFC0
7300
ENDCHAR
STARTCHAR adieresis.2StorySlantItalic.LP
ENCODING -1
SWIDTH 458 0
DWIDTH 11 0
BBX 10 15 1 0
BITMAP
6300
6300
4200
0000
1E00
6300
C300
0300
0700
3B00
4300
C300
C700
FFC0
7300
ENDCHAR
STARTCHAR uni01DF.2StorySlantItalic.LP
ENCODING -1
SWIDTH 458 0
DWIDTH 11 0
BBX 10 19 1 0
BITMAP
7F80
7F00
0000
0000
6300
6300
4200
0000
1E00
6300
C300
0300
0700
3B00
4300
C300
C700
FFC0
7300
ENDCHAR
STARTCHAR uni0227.2StorySlantItalic.LP
ENCODING -1
SWIDTH 458 0
DWIDTH 11 0
BBX 10 15 1 0
BITMAP
0C00
0C00
0800
0000
1E00
6300
C300
0300
0700
3B00
4300
C300
C700
FFC0
7300
ENDCHAR
STARTCHAR uni01E1.2StorySlantItalic.LP
ENCODING -1
SWIDTH 458 0
DWIDTH 11 0
BBX 10 19 1 0
BITMAP
7F80
7F00
0000
0000
0C00
0C00
0800
0000
1E00
6300
C300
0300
0700
3B00
4300
C300
C700
FFC0
7300
ENDCHAR
STARTCHAR aeacute.2StorySlantItalic.LP
ENCODING -1
SWIDTH 691 0
DWIDTH 17 0
BBX 15 17 1 0
BITMAP
0020
0070
00C0
0380
0200
0000
1E78
638C
C306
8306
0FFE
3300
4300
C304
C786
FDF8
70F0
ENDCHAR
STARTCHAR aeacute.LP
ENCODING -1
SWIDTH 691 0
DWIDTH 17 0
BBX 15 17 1 0
BITMAP
0020
0070
00C0
0380
0200
0000
1E78
638C
C306
8306
0FFE
3300
4300
C304
C786
FDF8
70F0
ENDCHAR
STARTCHAR uni01E3.2StorySlantItalic.LP
ENCODING -1
SWIDTH 691 0
DWIDTH 17 0
BBX 15 15 1 0
BITMAP
0FF0
0FE0
0000
0000
1E78
638C
C306
8306
0FFE
3300
4300
C304
C786
FDF8
70F0
ENDCHAR
STARTCHAR uni01E3.LP
ENCODING -1
SWIDTH 691 0
DWIDTH 17 0
BBX 15 15 1 0
BITMAP
0FF0
0FE0
0000
0000
1E78
638C
C306
8306
0FFE
3300
4300
C304
C786
FDF8
70F0
ENDCHAR
STARTCHAR uni1FB6.Por
ENCODING -1
SWIDTH 525 0
DWIDTH 13 0
BBX 11 16 1 0
BITMAP
1E00
3F00
6080
0000
0000
1CE0
22C0
4380
C180
C180
C100
C180
E380
E780
7DE0
38C0
ENDCHAR
STARTCHAR uni1FB7.Por
ENCODING -1
SWIDTH 525 0
DWIDTH 13 0
BBX 11 22 1 -6
BITMAP
1E00
3F00
6080
0000
0000
1CE0
22C0
4380
C180
C180
C100
C180
E380
E780
7DE0
38C0
0000
0C00
0C00
0C00
0C00
0E00
ENDCHAR
STARTCHAR uni1F07.Por
ENCODING -1
SWIDTH 525 0
DWIDTH 13 0
BBX 11 20 1 0
BITMAP
0E00
1F00
2180
4E80
0C00
0800
0400
0000
0000
1CE0
22C0
4380
C180
C180
C100
C180
E380
E780
7DE0
38C0
ENDCHAR
STARTCHAR uni1F87.Por
ENCODING -1
SWIDTH 525 0
DWIDTH 13 0
BBX 11 26 1 -6
BITMAP
0E00
1F00
2180
4E80
0C00
0800
0400
0000
0000
1CE0
22C0
4380
C180
C180
C100
C180
E380
E780
7DE0
38C0
0000
0C00
0C00
0C00
0C00
0E00
ENDCHAR
STARTCHAR uni1F06.Por
ENCODING -1
SWIDTH 525 0
DWIDTH 13 0
BBX 11 20 1 0
BITMAP
0E00
1F00
2180
4E80
0600
0600
0400
0000
0000
1CE0
22C0
4380
C180
C180
C100
C180
E380
E780
7DE0
38C0
ENDCHAR
STARTCHAR uni1F86.Por
ENCODING -1
SWIDTH 525 0
DWIDTH 13 0
BBX 11 26 1 -6
BITMAP
0E00
1F00
2180
4E80
0600
0600
0400
0000
0000
1CE0
22C0
4380
C180
C180
C100
C180
E380
E780
7DE0
38C0
0000
0C00
0C00
0C00
0C00
0E00
ENDCHAR
STARTCHAR uni1F0F.Por
ENCODING -1
SWIDTH 669 0
DWIDTH 16 0
BBX 18 19 -2 0
BITMAP
3C0000
7E0000
430000
9D0000
103000
103000
087000
005800
005800
00D800
008C00
008C00
018400
01FE00
010600
030300
020300
020300
0F87C0
ENDCHAR
STARTCHAR uni1F8F.Por
ENCODING -1
SWIDTH 964 0
DWIDTH 23 0
BBX 25 19 -2 0
BITMAP
3C000000
7E000000
43000000
9D000000
10300000
10300000
08700000
00580000
00580600
00D81E00
008C0600
008C0600
01840400
01FE0400
01060400
03030400
02030400
02030780
0F87C600
ENDCHAR
STARTCHAR uni1F0E.Por
ENCODING -1
SWIDTH 669 0
DWIDTH 16 0
BBX 18 19 -2 0
BITMAP
3C0000
7E0000
430000
BD0000
0C3000
083000
187000
005800
005800
00D800
008C00
008C00
018400
01FE00
010600
030300
020300
020300
0F87C0
ENDCHAR
STARTCHAR uni1F8E.Por
ENCODING -1
SWIDTH 964 0
DWIDTH 23 0
BBX 25 19 -2 0
BITMAP
3C000000
7E000000
43000000
BD000000
0C300000
08300000
18700000
00580000
00580600
00D81E00
008C0600
008C0600
01840400
01FE0400
01060400
03030400
02030400
02030780
0F87C600
ENDCHAR
STARTCHAR uni00620303.LP
ENCODING -1
SWIDTH 507 0
DWIDTH 12 0
BBX 11 23 0 0
BITMAP
0040
1C40
3E80
0100
0000
3000
F000
3000
3000
3000
3000
3000
3380
37C0
38E0
3060
3060
3060
3060
3060
38C0
3F80
0F00
ENDCHAR
STARTCHAR uni1E03.LP
ENCODING -1
SWIDTH 507 0
DWIDTH 12 0
BBX 11 18 0 0
BITMAP
3000
F000
3000
3300
3300
3300
3000
3380
37C0
38E0
3060
3060
3060
3060
3060
38C0
3F80
0F00
ENDCHAR
STARTCHAR cacute.LP
ENCODING -1
SWIDTH 437 0
DWIDTH 10 0
BBX 9 17 1 0
BITMAP
0100
0380
0600
0C00
1000
0000
0F80
3180
6000
C000
C000
C000
C000
E080
7180
7F00
1E00
ENDCHAR
STARTCHAR ccircumflex.LP
ENCODING -1
SWIDTH 437 0
DWIDTH 10 0
BBX 9 16 1 0
BITMAP
0C00
1E00
3300
4100
0000
0F80
3180
6000
C000
C000
C000
C000
E080
7180
7F00
1E00
ENDCHAR
STARTCHAR ccaron.LP
ENCODING -1
SWIDTH 437 0
DWIDTH 10 0
BBX 9 17 1 0
BITMAP
4100
3300
1E00
0C00
0000
0000
0F80
3180
6000
C000
C000
C000
C000
E080
7180
7F00
1E00
ENDCHAR
STARTCHAR uni00630304.LP
ENCODING -1
SWIDTH 437 0
DWIDTH 10 0
BBX 9 15 1 0
BITMAP
7F80
7F80
0000
0000
0F80
3180
6000
C000
C000
C000
C000
E080
7180
7F00
1E00
ENDCHAR
STARTCHAR cdotaccent.LP
ENCODING -1
SWIDTH 437 0
DWIDTH 10 0
BBX 9 15 1 0
BITMAP
0C00
0C00
0800
0000
0F80
3180
6000
C000
C000
C000
C000
E080
7180
7F00
1E00
ENDCHAR
STARTCHAR uni010D0323.LP
ENCODING -1
SWIDTH 437 0
DWIDTH 10 0
BBX 9 22 1 -5
BITMAP
4100
3300
1E00
0C00
0000
0000
0F80
3180
6000
C000
C000
C000
C000
E080
7180
7F00
1E00
0000
0000
0C00
0C00
0800
ENDCHAR
STARTCHAR uni1E09.LP
ENCODING -1
SWIDTH 437 0
DWIDTH 10 0
BBX 9 22 1 -5
BITMAP
0100
0780
0E00
1800
0000
0000
0F80
3180
6000
4000
C000
C000
C000
C000
6100
7600
3C00
1000
0800
1C00
0C00
3000
ENDCHAR
STARTCHAR uni02540301.LP
ENCODING -1
SWIDTH 451 0
DWIDTH 11 0
BBX 9 17 1 0
BITMAP
0300
0700
0E00
1800
3000
0000
1C00
7F00
C700
0380
0180
0180
6180
C180
C100
E200
3C00
ENDCHAR
STARTCHAR uni02540300.LP
ENCODING -1
SWIDTH 451 0
DWIDTH 11 0
BBX 9 17 1 0
BITMAP
4000
E000
3000
1C00
0400
0000
1C00
7F00
C700
0380
0180
0180
6180
C180
C100
E200
3C00
ENDCHAR
STARTCHAR uni02540302.LP
ENCODING -1
SWIDTH 451 0
DWIDTH 11 0
BBX 9 16 1 0
BITMAP
1800
3C00
6200
4100
0000
1C00
7F00
C700
0380
0180
0180
6180
C180
C100
E200
3C00
ENDCHAR
STARTCHAR uni0254030C.LP
ENCODING -1
SWIDTH 451 0
DWIDTH 11 0
BBX 9 17 1 0
BITMAP
4100
6200
3C00
1800
0000
0000
1C00
7F00
C700
0380
0180
0180
6180
C180
C100
E200
3C00
ENDCHAR
STARTCHAR uni02540303.LP
ENCODING -1
SWIDTH 451 0
DWIDTH 11 0
BBX 9 16 1 0
BITMAP
0100
3100
7A00
8400
0000
1C00
7F00
C700
0380
0180
0180
6180
C180
C100
E200
3C00
ENDCHAR
STARTCHAR uni025403030300.LP
ENCODING -1
SWIDTH 451 0
DWIDTH 11 0
BBX 9 21 1 0
BITMAP
4000
E000
3000
1C00
0400
0100
3100
7A00
8400
0000
1C00
7F00
C700
0380
0180
0180
6180
C180
C100
E200
3C00
ENDCHAR
STARTCHAR uni02540304.LP
ENCODING -1
SWIDTH 451 0
DWIDTH 11 0
BBX 9 15 1 0
BITMAP
7F00
FF00
0000
0000
1C00
7F00
C700
0380
0180
0180
6180
C180
C100
E200
3C00
ENDCHAR
STARTCHAR uni02540308.LP
ENCODING -1
SWIDTH 451 0
DWIDTH 11 0
BBX 9 15 1 0
BITMAP
4200
C600
C600
0000
1C00
7F00
C700
0380
0180
0180
6180
C180
C100
E200
3C00
ENDCHAR
STARTCHAR uni025403080301.LP
ENCODING -1
SWIDTH 451 0
DWIDTH 11 0
BBX 9 21 1 0
BITMAP
0300
0700
0E00
1800
3000
0000
4200
C600
C600
0000
1C00
7F00
C700
0380
0180
0180
6180
C180
C100
E200
3C00
ENDCHAR
STARTCHAR uni025403080300.LP
ENCODING -1
SWIDTH 451 0
DWIDTH 11 0
BBX 9 21 1 0
BITMAP
4000
E000
3000
1C00
0400
0000
4200
C600
C600
0000
1C00
7F00
C700
0380
0180
0180
6180
C180
C100
E200
3C00
ENDCHAR
STARTCHAR uni025403310308.LP
ENCODING -1
SWIDTH 451 0
DWIDTH 11 0
BBX 9 19 1 -4
BITMAP
4200
C600
C600
0000
1C00
7F00
C700
0380
0180
0180
6180
C180
C100
E200
7C00
0000
0000
FF00
FF00
ENDCHAR
STARTCHAR dcaron.Caron.LP
ENCODING -1
SWIDTH 520 0
DWIDTH 12 0
BBX 11 24 1 0
BITMAP
6080
3300
1E00
0C00
0000
0000
0180
0780
0180
0180
0180
0180
0180
1F80
2380
4180
C180
C180
C180
C180
E180
6380
7DA0
39C0
ENDCHAR
STARTCHAR uni1E0B.LP
ENCODING -1
SWIDTH 520 0
DWIDTH 12 0
BBX 11 18 1 0
BITMAP
0180
0780
0180
3180
3180
3180
0180
1F80
2380
4180
C180
C180
C180
C180
E180
6380
7DA0
39C0
ENDCHAR
STARTCHAR uni01C6.LP
ENCODING -1
SWIDTH 944 0
DWIDTH 23 0
BBX 21 18 1 0
BITMAP
018000
078608
018330
0181E0
0180C0
018000
018000
1F87F8
238418
418430
C18060
C180C0
C180C0
C18180
E18300
638308
7DA608
39CFF8
ENDCHAR
STARTCHAR uni01C5.LP
ENCODING -1
SWIDTH 1034 0
DWIDTH 25 0
BBX 24 17 0 0
BITMAP
000083
000066
7F803C
B0E018
307000
303000
3018FF
301886
301906
30180C
301818
301818
301030
303060
3060C1
30C0C1
FF81FF
ENDCHAR
STARTCHAR eacute.LP
ENCODING -1
SWIDTH 461 0
DWIDTH 11 0
BBX 9 17 1 0
BITMAP
0100
0380
0700
0C00
1000
0000
1E00
2300
4180
C180
FF80
C000
C000
E080
7100
7F00
3C00
ENDCHAR
STARTCHAR egrave.LP
ENCODING -1
SWIDTH 461 0
DWIDTH 11 0
BBX 9 17 1 0
BITMAP
2000
7000
3800
0C00
0200
0000
1E00
2300
4180
C180
FF80
C000
C000
E080
7100
7F00
3C00
ENDCHAR
STARTCHAR uni1EBF.VN.LP
ENCODING -1
SWIDTH 461 0
DWIDTH 11 0
BBX 11 18 1 0
BITMAP
0060
00C0
0D00
1E00
3300
4080
0000
1E00
2300
4180
C180
FF80
C000
C000
E080
7100
7F00
3C00
ENDCHAR
STARTCHAR uni1EBF.LP
ENCODING -1
SWIDTH 461 0
DWIDTH 11 0
BBX 9 22 1 0
BITMAP
0100
0380
0700
0C00
1000
0000
0C00
1E00
3300
4080
0000
1E00
2300
4180
C180
FF80
C000
C000
E080
7100
7F00
3C00
ENDCHAR
STARTCHAR uni1EC1.VN.LP
ENCODING -1
SWIDTH 461 0
DWIDTH 11 0
BBX 10 18 0 0
BITMAP
C000
6000
1600
0F00
1980
2040
0000
0F00
1180
20C0
60C0
7FC0
6000
6000
7040
3880
3F80
1E00
ENDCHAR
STARTCHAR uni1EC1.LP
ENCODING -1
SWIDTH 461 0
DWIDTH 11 0
BBX 9 22 1 0
BITMAP
2000
7000
3800
0C00
0200
0000
0C00
1E00
3300
4080
0000
1E00
2300
4180
C180
FF80
C000
C000
E080
7100
7F00
3C00
ENDCHAR
STARTCHAR uni1EC5.VN.LP
ENCODING -1
SWIDTH 461 0
DWIDTH 11 0
BBX 9 20 1 0
BITMAP
1880
3D80
4F00
0600
0C00
1E00
3300
4080
0000
1E00
2300
4180
C180
FF80
C000
C000
E080
7100
7F00
3C00
ENDCHAR
STARTCHAR uni1EC5.LP
ENCODING -1
SWIDTH 461 0
DWIDTH 11 0
BBX 9 21 1 0
BITMAP
0080
3880
7D00
0200
0000
0C00
1E00
3300
4080
0000
1E00
2300
4180
C180
FF80
C000
C000
E080
7100
7F00
3C00
ENDCHAR
STARTCHAR uni1EC3.VN.LP
ENCODING -1
SWIDTH 461 0
DWIDTH 11 0
BBX 11 19 1 0
BITMAP
01E0
0260
0080
0C80
1E00
3300
4080
0000
1E00
2300
4180
C180
FF80
C000
C000
E080
7100
7F00
3C00
ENDCHAR
STARTCHAR uni1EC3.LP
ENCODING -1
SWIDTH 461 0
DWIDTH 11 0
BBX 9 22 1 0
BITMAP
0C00
1C00
1800
3800
0000
0000
0C00
1E00
3300
4080
0000
1E00
2300
4180
C180
FF80
C000
C000
E080
7100
7F00
3C00
ENDCHAR
STARTCHAR uni1EC7.LP
ENCODING -1
SWIDTH 461 0
DWIDTH 11 0
BBX 9 21 1 -5
BITMAP
0C00
1E00
3300
4080
0000
1E00
2300
4180
C180
FF80
C000
C000
E080
7100
7F00
1C00
0000
0000
0C00
0C00
0C00
ENDCHAR
STARTCHAR ecircumflex.LP
ENCODING -1
SWIDTH 461 0
DWIDTH 11 0
BBX 9 16 1 0
BITMAP
0C00
1E00
3300
4080
0000
1E00
2300
4180
C180
FF80
C000
C000
E080
7100
7F00
3C00
ENDCHAR
STARTCHAR ecaron.LP
ENCODING -1
SWIDTH 461 0
DWIDTH 11 0
BBX 9 17 1 0
BITMAP
4080
3300
1E00
0C00
0000
0000
1E00
2300
4180
C180
FF80
C000
C000
E080
7100
7F00
3C00
ENDCHAR
STARTCHAR uni1EBD0301.LP
ENCODING -1
SWIDTH 461 0
DWIDTH 11 0
BBX 9 21 1 0
BITMAP
0100
0380
0700
0C00
1000
0080
3880
7D00
0200
0000
1E00
2300
4180
C180
FF80
C000
C000
E080
7100
7F00
3C00
ENDCHAR
STARTCHAR uni1EBD0300.LP
ENCODING -1
SWIDTH 461 0
DWIDTH 11 0
BBX 9 21 1 0
BITMAP
2000
7000
3800
0C00
0200
0080
3880
7D00
0200
0000
1E00
2300
4180
C180
FF80
C000
C000
E080
7100
7F00
3C00
ENDCHAR
STARTCHAR uni1EBD0302.LP
ENCODING -1
SWIDTH 461 0
DWIDTH 11 0
BBX 9 20 1 0
BITMAP
0C00
1E00
3300
4080
0080
3880
7D00
0200
0000
1E00
2300
4180
C180
FF80
C000
C000
E080
7100
7F00
3C00
ENDCHAR
STARTCHAR uni1EBD.LP
ENCODING -1
SWIDTH 461 0
DWIDTH 11 0
BBX 9 16 1 0
BITMAP
0080
3880
7D00
0200
0000
1E00
2300
4180
C180
FF80
C000
C000
E080
7100
7F00
3C00
ENDCHAR
STARTCHAR uni1E17.LP
ENCODING -1
SWIDTH 461 0
DWIDTH 11 0
BBX 9 21 1 0
BITMAP
0100
0380
0700
0C00
1000
0000
7F80
7F80
0000
0000
1E00
2300
4180
C180
FF80
C000
C000
E080
7100
7F00
3C00
ENDCHAR
STARTCHAR uni1E15.LP
ENCODING -1
SWIDTH 461 0
DWIDTH 11 0
BBX 9 21 1 0
BITMAP
2000
7000
3800
0C00
0200
0000
7F80
7F80
0000
0000
1E00
2300
4180
C180
FF80
C000
C000
E080
7100
7F00
3C00
ENDCHAR
STARTCHAR uni01130302.LP
ENCODING -1
SWIDTH 461 0
DWIDTH 11 0
BBX 9 20 1 0
BITMAP
0C00
1E00
3300
4080
0000
7F80
7F80
0000
0000
1E00
2300
4180
C180
FF80
C000
C000
E080
7100
7F00
3C00
ENDCHAR
STARTCHAR emacron.LP
ENCODING -1
SWIDTH 461 0
DWIDTH 11 0
BBX 9 15 1 0
BITMAP
7F80
7F80
0000
0000
1E00
2300
4180
C180
FF80
C000
C000
E080
7100
7F00
3C00
ENDCHAR
STARTCHAR uni00EB0301.LP
ENCODING -1
SWIDTH 461 0
DWIDTH 11 0
BBX 9 21 1 0
BITMAP
0100
0380
0700
0C00
1000
0000
6300
6300
6300
0000
1E00
2300
4180
C180
FF80
C000
C000
E080
7100
7F00
3C00
ENDCHAR
STARTCHAR uni00EB0300.LP
ENCODING -1
SWIDTH 461 0
DWIDTH 11 0
BBX 9 21 1 0
BITMAP
2000
7000
3800
0C00
0200
0000
6300
6300
6300
0000
1E00
2300
4180
C180
FF80
C000
C000
E080
7100
7F00
3C00
ENDCHAR
STARTCHAR uni00EB0302.LP
ENCODING -1
SWIDTH 461 0
DWIDTH 11 0
BBX 9 20 1 0
BITMAP
0C00
1E00
3300
4080
0000
6300
6300
6300
0000
1E00
2300
4180
C180
FF80
C000
C000
E080
7100
7F00
3C00
ENDCHAR
STARTCHAR uni00EB0303.LP
ENCODING -1
SWIDTH 461 0
DWIDTH 11 0
BBX 9 20 1 0
BITMAP
0080
3880
7D00
0200
0000
6300
6300
6300
0000
1E00
2300
4180
C180
FF80
C000
C000
E080
7100
7F00
3C00
ENDCHAR
STARTCHAR edieresis.LP
ENCODING -1
SWIDTH 461 0
DWIDTH 11 0
BBX 9 15 1 0
BITMAP
6300
6300
6300
0000
1E00
2300
4180
C180
FF80
C000
C000
E080
7100
7F00
3C00
ENDCHAR
STARTCHAR edotaccent.LP
ENCODING -1
SWIDTH 461 0
DWIDTH 11 0
BBX 9 15 1 0
BITMAP
0C00
0C00
0C00
0000
1E00
2300
4180
C180
FF80
C000
C000
E080
7100
7F00
3C00
ENDCHAR
STARTCHAR uni00E90331.LP
ENCODING -1
SWIDTH 461 0
DWIDTH 11 0
BBX 9 21 1 -4
BITMAP
0100
0380
0700
0C00
1000
0000
1E00
2300
4180
C180
FF80
C000
C000
E080
7100
7F00
1C00
0000
0000
7F80
7F80
ENDCHAR
STARTCHAR uni00E80331.LP
ENCODING -1
SWIDTH 461 0
DWIDTH 11 0
BBX 9 21 1 -4
BITMAP
2000
7000
3800
0C00
0200
0000
1E00
2300
4180
C180
FF80
C000
C000
E080
7100
7F00
1C00
0000
0000
7F80
7F80
ENDCHAR
STARTCHAR uni00EA0331.LP
ENCODING -1
SWIDTH 461 0
DWIDTH 11 0
BBX 9 20 1 -4
BITMAP
0C00
1E00
3300
4080
0000
1E00
2300
4180
C180
FF80
C000
C000
E080
7100
7F00
1C00
0000
0000
7F80
7F80
ENDCHAR
STARTCHAR uni011B0331.LP
ENCODING -1
SWIDTH 461 0
DWIDTH 11 0
BBX 9 21 1 -4
BITMAP
4080
3300
1E00
0C00
0000
0000
1E00
2300
4180
C180
FF80
C000
C000
E080
7100
7F00
1C00
0000
0000
7F80
7F80
ENDCHAR
STARTCHAR uni00EB0331.LP
ENCODING -1
SWIDTH 461 0
DWIDTH 11 0
BBX 9 19 1 -4
BITMAP
6300
6300
6300
0000
1E00
2300
4180
C180
FF80
C000
C000
E080
7100
7F00
1C00
0000
0000
7F80
7F80
ENDCHAR
STARTCHAR uni00EB03310301.LP
ENCODING -1
SWIDTH 461 0
DWIDTH 11 0
BBX 9 25 1 -4
BITMAP
0100
0380
0700
0C00
1000
0000
6300
6300
6300
0000
1E00
2300
4180
C180
FF80
C000
C000
E080
7100
7F00
1C00
0000
0000
7F80
7F80
ENDCHAR
STARTCHAR uni1EB90301.LP
ENCODING -1
SWIDTH 461 0
DWIDTH 11 0
BBX 9 22 1 -5
BITMAP
0100
0380
0700
0C00
1000
0000
1E00
2300
4180
C180
FF80
C000
C000
E080
7100
7F00
1C00
0000
0000
0C00
0C00
0C00
ENDCHAR
STARTCHAR uni1EB90300.LP
ENCODING -1
SWIDTH 461 0
DWIDTH 11 0
BBX 9 22 1 -5
BITMAP
2000
7000
3800
0C00
0200
0000
1E00
2300
4180
C180
FF80
C000
C000
E080
7100
7F00
1C00
0000
0000
0C00
0C00
0C00
ENDCHAR
STARTCHAR uni1EB9030C.LP
ENCODING -1
SWIDTH 461 0
DWIDTH 11 0
BBX 9 22 1 -5
BITMAP
4080
3300
1E00
0C00
0000
0000
1E00
2300
4180
C180
FF80
C000
C000
E080
7100
7F00
1C00
0000
0000
0C00
0C00
0C00
ENDCHAR
STARTCHAR uni1EB90303.LP
ENCODING -1
SWIDTH 461 0
DWIDTH 11 0
BBX 9 21 1 -5
BITMAP
0080
3880
7D00
0200
0000
1E00
2300
4180
C180
FF80
C000
C000
E080
7100
7F00
1C00
0000
0000
0C00
0C00
0C00
ENDCHAR
STARTCHAR uni02290301.LP
ENCODING -1
SWIDTH 461 0
DWIDTH 11 0
BBX 9 22 1 -5
BITMAP
0100
0380
0E00
1800
0000
0000
1E00
2300
4180
C180
FF80
C000
C000
E080
7180
7F00
3E00
0C00
0E00
0600
0600
1800
ENDCHAR
STARTCHAR uni02290300.LP
ENCODING -1
SWIDTH 461 0
DWIDTH 11 0
BBX 9 22 1 -5
BITMAP
2000
7000
1C00
0600
0000
0000
1E00
2300
4180
C180
FF80
C000
C000
E080
7180
7F00
3E00
0C00
0E00
0600
0600
1800
ENDCHAR
STARTCHAR uni02290302.LP
ENCODING -1
SWIDTH 461 0
DWIDTH 11 0
BBX 9 21 1 -5
BITMAP
0C00
1E00
3300
6180
0000
1E00
2300
4180
C180
FF80
C000
C000
E080
7180
7F00
3E00
0C00
0E00
0600
0600
1800
ENDCHAR
STARTCHAR uni0229030C.LP
ENCODING -1
SWIDTH 461 0
DWIDTH 11 0
BBX 9 22 1 -5
BITMAP
4080
3300
1E00
0C00
0000
0000
1E00
2300
4180
C180
FF80
C000
C000
E080
7180
7F00
3E00
0C00
0E00
0600
0600
1800
ENDCHAR
STARTCHAR uni01190301.LP
ENCODING -1
SWIDTH 461 0
DWIDTH 11 0
BBX 9 22 1 -5
BITMAP
0100
0380
0700
0C00
1000
0000
1E00
2300
4180
C180
FF80
C000
C000
E080
7100
7E00
3E00
0400
0800
1800
1900
1E00
ENDCHAR
STARTCHAR uni01190300.LP
ENCODING -1
SWIDTH 461 0
DWIDTH 11 0
BBX 9 22 1 -5
BITMAP
2000
7000
3800
0C00
0200
0000
1E00
2300
4180
C180
FF80
C000
C000
E080
7100
7E00
3E00
0400
0800
1800
1900
1E00
ENDCHAR
STARTCHAR uni02590301.LP
ENCODING -1
SWIDTH 454 0
DWIDTH 11 0
BBX 9 17 1 0
BITMAP
0300
0700
0E00
1800
3000
0000
1C00
7F00
C700
0380
0180
0180
7F80
C180
C100
6200
3C00
ENDCHAR
STARTCHAR uni02590300.LP
ENCODING -1
SWIDTH 454 0
DWIDTH 11 0
BBX 9 17 1 0
BITMAP
4000
F000
3800
1C00
0400
0000
1C00
7F00
C700
0380
0180
0180
7F80
C180
C100
6200
3C00
ENDCHAR
STARTCHAR uni02590302.LP
ENCODING -1
SWIDTH 454 0
DWIDTH 11 0
BBX 9 16 1 0
BITMAP
1800
3C00
2200
4100
0000
1C00
7F00
C700
0380
0180
0180
7F80
C180
C100
6200
3C00
ENDCHAR
STARTCHAR uni0259030C.LP
ENCODING -1
SWIDTH 454 0
DWIDTH 11 0
BBX 9 17 1 0
BITMAP
4100
2200
3C00
1800
0000
0000
1C00
7F00
C700
0380
0180
0180
7F80
C180
C100
6200
3C00
ENDCHAR
STARTCHAR uni02590303.LP
ENCODING -1
SWIDTH 454 0
DWIDTH 11 0
BBX 9 16 1 0
BITMAP
0100
3100
7A00
8400
0000
1C00
7F00
C700
0380
0180
0180
7F80
C180
C100
6200
3C00
ENDCHAR
STARTCHAR uni02590304.LP
ENCODING -1
SWIDTH 454 0
DWIDTH 11 0
BBX 9 15 1 0
BITMAP
7F00
7F00
0000
0000
1C00
7F00
C700
0380
0180
0180
7F80
C180
C100
6200
3C00
ENDCHAR
STARTCHAR uni02590308.LP
ENCODING -1
SWIDTH 454 0
DWIDTH 11 0
BBX 9 15 1 0
BITMAP
4200
C600
4200
0000
1C00
7F00
C700
0380
0180
0180
7F80
C180
C100
6200
3C00
ENDCHAR
STARTCHAR uni01DD0301.LP
ENCODING -1
SWIDTH 454 0
DWIDTH 11 0
BBX 9 17 1 0
BITMAP
0300
0700
0E00
1800
3000
0000
1C00
7F00
C700
0380
0180
0180
7F80
C180
C100
6200
3C00
ENDCHAR
STARTCHAR uni01DD0300.LP
ENCODING -1
SWIDTH 454 0
DWIDTH 11 0
BBX 9 17 1 0
BITMAP
4000
F000
3800
1C00
0400
0000
1C00
7F00
C700
0380
0180
0180
7F80
C180
C100
6200
3C00
ENDCHAR
STARTCHAR uni01DD0302.LP
ENCODING -1
SWIDTH 454 0
DWIDTH 11 0
BBX 9 16 1 0
BITMAP
1800
3C00
2200
4100
0000
1C00
7F00
C700
0380
0180
0180
7F80
C180
C100
6200
3C00
ENDCHAR
STARTCHAR uni01DD030C.LP
ENCODING -1
SWIDTH 454 0
DWIDTH 11 0
BBX 9 17 1 0
BITMAP
4100
2200
3C00
1800
0000
0000
1C00
7F00
C700
0380
0180
0180
7F80
C180
C100
6200
3C00
ENDCHAR
STARTCHAR uni01DD0303.LP
ENCODING -1
SWIDTH 454 0
DWIDTH 11 0
BBX 9 16 1 0
BITMAP
0100
3100
7A00
8400
0000
1C00
7F00
C700
0380
0180
0180
7F80
C180
C100
6200
3C00
ENDCHAR
STARTCHAR uni01DD0304.LP
ENCODING -1
SWIDTH 454 0
DWIDTH 11 0
BBX 9 15 1 0
BITMAP
7F00
7F00
0000
0000
1C00
7F00
C700
0380
0180
0180
7F80
C180
C100
6200
3C00
ENDCHAR
STARTCHAR uni01DD0308.LP
ENCODING -1
SWIDTH 454 0
DWIDTH 11 0
BBX 9 15 1 0
BITMAP
4200
C600
4200
0000
1C00
7F00
C700
0380
0180
0180
7F80
C180
C100
6200
3C00
ENDCHAR
STARTCHAR uni025B0301.LP
ENCODING -1
SWIDTH 426 0
DWIDTH 10 0
BBX 9 17 1 0
BITMAP
0300
0700
0E00
1800
3000
0000
1F00
6300
C000
C000
E000
3800
E000
C080
E100
FE00
3C00
ENDCHAR
STARTCHAR uni025B0300.LP
ENCODING -1
SWIDTH 426 0
DWIDTH 10 0
BBX 9 17 1 0
BITMAP
4000
E000
3000
1800
0400
0000
1F00
6300
C000
C000
E000
3800
E000
C080
E100
FE00
3C00
ENDCHAR
STARTCHAR uni025B0302.LP
ENCODING -1
SWIDTH 426 0
DWIDTH 10 0
BBX 9 16 1 0
BITMAP
1800
3C00
6200
4100
0000
1F00
6300
C000
C000
E000
3800
E000
C080
E100
FE00
3C00
ENDCHAR
STARTCHAR uni025B030C.LP
ENCODING -1
SWIDTH 426 0
DWIDTH 10 0
BBX 9 17 1 0
BITMAP
4100
6200
3C00
1800
0000
0000
1F00
6300
C000
C000
E000
3800
E000
C080
E100
FE00
3C00
ENDCHAR
STARTCHAR uni025B0303.LP
ENCODING -1
SWIDTH 426 0
DWIDTH 10 0
BBX 9 16 1 0
BITMAP
0100
3100
7A00
8400
0000
1F00
6300
C000
C000
E000
3800
E000
C080
E100
FE00
3C00
ENDCHAR
STARTCHAR uni025B0304.LP
ENCODING -1
SWIDTH 426 0
DWIDTH 10 0
BBX 9 15 1 0
BITMAP
7F00
FF00
0000
0000
1F00
6300
C000
C000
E000
3800
E000
C080
E100
FE00
3C00
ENDCHAR
STARTCHAR uni025B0308.LP
ENCODING -1
SWIDTH 426 0
DWIDTH 10 0
BBX 9 15 1 0
BITMAP
4200
C600
C600
0000
1F00
6300
C000
C000
E000
3800
E000
C080
E100
FE00
3C00
ENDCHAR
STARTCHAR uni025B03080301.LP
ENCODING -1
SWIDTH 426 0
DWIDTH 10 0
BBX 9 21 1 0
BITMAP
0300
0700
0E00
1800
3000
0000
4200
C600
C600
0000
1F00
6300
C000
C000
E000
3800
E000
C080
E100
FE00
3C00
ENDCHAR
STARTCHAR uni025B03080300.LP
ENCODING -1
SWIDTH 426 0
DWIDTH 10 0
BBX 9 21 1 0
BITMAP
4000
E000
3000
1800
0400
0000
4200
C600
C600
0000
1F00
6300
C000
C000
E000
3800
E000
C080
E100
FE00
3C00
ENDCHAR
STARTCHAR uni025B03310308.LP
ENCODING -1
SWIDTH 426 0
DWIDTH 10 0
BBX 9 19 1 -4
BITMAP
4200
C600
C600
0000
1F00
6300
C000
C000
E000
3800
E000
C080
E100
FE00
3C00
0000
0000
7F00
FF00
ENDCHAR
STARTCHAR uni00660303.LP
ENCODING -1
SWIDTH 311 0
DWIDTH 7 0
BBX 9 23 0 0
BITMAP
0080
3880
7D00
0200
0000
0700
0F80
1980
3000
3000
3000
3000
FE00
3000
3000
3000
3000
3000
3000
3000
3000
3000
FC00
ENDCHAR
STARTCHAR fi.LP
ENCODING -1
SWIDTH 582 0
DWIDTH 14 0
BBX 13 18 0 0
BITMAP
0700
0F80
1980
3020
3060
3060
3000
FE20
30E0
3060
3060
3060
3060
3060
3060
3060
3060
FCF8
ENDCHAR
STARTCHAR ffi.LP
ENCODING -1
SWIDTH 893 0
DWIDTH 21 0
BBX 21 18 0 0
BITMAP
070700
0F9F80
19B100
303060
303060
306060
306000
FEFE60
3061E0
306060
306060
306060
306060
306060
306060
306060
306060
FCFDF8
ENDCHAR
STARTCHAR uni01F5.LP
ENCODING -1
SWIDTH 487 0
DWIDTH 12 0
BBX 12 23 0 -6
BITMAP
0080
01C0
0300
0600
0800
0000
1F30
31E0
60C0
60C0
60C0
3180
1F00
1800
3000
3F00
1FE0
33F0
6030
C030
C020
6040
1F80
ENDCHAR
STARTCHAR gcircumflex.LP
ENCODING -1
SWIDTH 487 0
DWIDTH 12 0
BBX 12 22 0 -6
BITMAP
0600
0F00
1980
20C0
0000
1F30
31E0
60C0
60C0
60C0
3180
1F00
1800
3000
3F00
1FE0
33F0
6030
C030
C020
6040
1F80
ENDCHAR
STARTCHAR gcaron.LP
ENCODING -1
SWIDTH 487 0
DWIDTH 12 0
BBX 12 23 0 -6
BITMAP
20C0
1980
0F00
0600
0000
0000
1F30
31E0
60C0
60C0
60C0
3180
1F00
1800
3000
3F00
1FE0
33F0
6030
C030
C020
6040
1F80
ENDCHAR
STARTCHAR uni1E21.LP
ENCODING -1
SWIDTH 487 0
DWIDTH 12 0
BBX 12 21 0 -6
BITMAP
3FC0
3FC0
0000
0000
1F30
31E0
60C0
60C0
60C0
3180
1F00
1800
3000
3F00
1FE0
33F0
6030
C030
C020
6040
1F80
ENDCHAR
STARTCHAR uni00670308.LP
ENCODING -1
SWIDTH 487 0
DWIDTH 12 0
BBX 12 21 0 -6
BITMAP
3180
3180
3180
0000
1F30
31E0
60C0
60C0
60C0
3180
1F00
1800
3000
3F00
1FE0
33F0
6030
C030
C020
6040
1F80
ENDCHAR
STARTCHAR gdotaccent.LP
ENCODING -1
SWIDTH 487 0
DWIDTH 12 0
BBX 12 21 0 -6
BITMAP
0600
0600
0600
0000
1F30
31E0
60C0
60C0
60C0
3180
1F00
1800
3000
3F00
1FE0
33F0
6030
C030
C020
6040
1F80
ENDCHAR
STARTCHAR uni01F5.SngBowl.LP
ENCODING -1
SWIDTH 480 0
DWIDTH 12 0
BBX 10 23 1 -6
BITMAP
0180
0380
0700
0C00
1800
0000
0F40
31C0
60C0
40C0
C0C0
C0C0
C0C0
E0C0
73C0
7FC0
3CC0
00C0
00C0
0080
0180
6100
7E00
ENDCHAR
STARTCHAR gcircumflex.SngBowl.LP
ENCODING -1
SWIDTH 480 0
DWIDTH 12 0
BBX 10 22 1 -6
BITMAP
0C00
1E00
3100
2080
0000
0F40
31C0
60C0
40C0
C0C0
C0C0
C0C0
E0C0
73C0
7FC0
3CC0
00C0
00C0
0080
0180
6100
7E00
ENDCHAR
STARTCHAR gcaron.SngBowl.LP
ENCODING -1
SWIDTH 480 0
DWIDTH 12 0
BBX 10 23 1 -6
BITMAP
2080
3100
1E00
0C00
0000
0000
0F40
31C0
60C0
40C0
C0C0
C0C0
C0C0
E0C0
73C0
7FC0
3CC0
00C0
00C0
0080
0180
6100
7E00
ENDCHAR
STARTCHAR uni1E21.SngBowl.LP
ENCODING -1
SWIDTH 480 0
DWIDTH 12 0
BBX 10 21 1 -6
BITMAP
3F80
7F80
0000
0000
0F40
31C0
60C0
40C0
C0C0
C0C0
C0C0
E0C0
73C0
7FC0
3CC0
00C0
00C0
0080
0180
6100
7E00
ENDCHAR
STARTCHAR uni00670308.SngBowl.LP
ENCODING -1
SWIDTH 480 0
DWIDTH 12 0
BBX 10 21 1 -6
BITMAP
2100
6300
6300
0000
0F40
31C0
60C0
40C0
C0C0
C0C0
C0C0
E0C0
73C0
7FC0
3CC0
00C0
00C0
0080
0180
6100
7E00
ENDCHAR
STARTCHAR gdotaccent.SngBowl.LP
ENCODING -1
SWIDTH 480 0
DWIDTH 12 0
BBX 10 21 1 -6
BITMAP
0400
0C00
0C00
0000
0F40
31C0
60C0
40C0
C0C0
C0C0
C0C0
E0C0
73C0
7FC0
3CC0
00C0
00C0
0080
0180
6100
7E00
ENDCHAR
STARTCHAR uni1F2F.Por
ENCODING -1
SWIDTH 904 0
DWIDTH 22 0
BBX 23 19 -2 0
BITMAP
3C0000
7E0000
430000
9D0000
10FC7E
103018
083018
003018
003018
003018
003018
003FF8
003018
003018
003018
003018
003018
003018
00FC7E
ENDCHAR
STARTCHAR uni1F9F.Por
ENCODING -1
SWIDTH 1199 0
DWIDTH 29 0
BBX 30 19 -2 0
BITMAP
3C000000
7E000000
43000000
9D000000
10FC7E00
10301800
08301800
00301800
00301830
00301870
00301830
003FF830
00301830
00301830
00301830
00301830
00301830
0030183C
00FC7E18
ENDCHAR
STARTCHAR uni1F2E.Por
ENCODING -1
SWIDTH 904 0
DWIDTH 22 0
BBX 23 19 -2 0
BITMAP
3C0000
7E0000
430000
BD0000
0CFC7E
083018
183018
003018
003018
003018
003018
003FF8
003018
003018
003018
003018
003018
003018
00FC7E
ENDCHAR
STARTCHAR uni1F9E.Por
ENCODING -1
SWIDTH 1199 0
DWIDTH 29 0
BBX 30 19 -2 0
BITMAP
3C000000
7E000000
43000000
BD000000
0CFC7E00
08301800
18301800
00301800
00301830
00301870
00301830
003FF830
00301830
00301830
00301830
00301830
00301830
0030183C
00FC7E18
ENDCHAR
STARTCHAR i.LP
ENCODING -1
SWIDTH 270 0
DWIDTH 7 0
BBX 6 15 0 0
BITMAP
30
30
30
00
30
F0
30
30
30
30
30
30
30
30
FC
ENDCHAR
STARTCHAR i.SlantItalic.LP
ENCODING -1
SWIDTH 270 0
DWIDTH 7 0
BBX 6 15 0 0
BITMAP
30
30
30
00
30
F0
30
30
30
30
30
30
30
30
FC
ENDCHAR
STARTCHAR iacute.SlantItalic.LP
ENCODING -1
SWIDTH 270 0
DWIDTH 7 0
BBX 7 17 0 0
BITMAP
06
0E
1C
30
60
00
30
F0
30
30
30
30
30
30
30
30
FC
ENDCHAR
STARTCHAR iacute.LP
ENCODING -1
SWIDTH 270 0
DWIDTH 7 0
BBX 7 17 0 0
BITMAP
06
0E
1C
30
60
00
30
F0
30
30
30
30
30
30
30
30
FC
ENDCHAR
STARTCHAR igrave.SlantItalic.LP
ENCODING -1
SWIDTH 270 0
DWIDTH 7 0
BBX 7 17 -1 0
BITMAP
40
E0
30
1C
04
00
18
78
18
18
18
18
18
18
18
18
7E
ENDCHAR
STARTCHAR igrave.LP
ENCODING -1
SWIDTH 270 0
DWIDTH 7 0
BBX 7 17 -1 0
BITMAP
40
E0
30
1C
04
00
18
78
18
18
18
18
18
18
18
18
7E
ENDCHAR
STARTCHAR icircumflex.SlantItalic.LP
ENCODING -1
SWIDTH 270 0
DWIDTH 7 0
BBX 7 16 0 0
BITMAP
30
78
C4
82
00
30
F0
30
30
30
30
30
30
30
30
FC
ENDCHAR
STARTCHAR icircumflex.LP
ENCODING -1
SWIDTH 270 0
DWIDTH 7 0
BBX 7 16 0 0
BITMAP
30
78
C4
82
00
30
F0
30
30
30
30
30
30
30
30
FC
ENDCHAR
STARTCHAR uni01D0.SlantItalic.LP
ENCODING -1
SWIDTH 270 0
DWIDTH 7 0
BBX 7 17 0 0
BITMAP
82
C4
78
30
00
00
30
F0
30
30
30
30
30
30
30
30
FC
ENDCHAR
STARTCHAR uni01D0.LP
ENCODING -1
SWIDTH 270 0
DWIDTH 7 0
BBX 7 17 0 0
BITMAP
82
C4
78
30
00
00
30
F0
30
30
30
30
30
30
30
30
FC
ENDCHAR
STARTCHAR itilde.SlantItalic.LP
ENCODING -1
SWIDTH 270 0
DWIDTH 7 0
BBX 8 16 -1 0
BITMAP
01
31
7A
84
00
18
78
18
18
18
18
18
18
18
18
7E
ENDCHAR
STARTCHAR uni01290301.LP
ENCODING -1
SWIDTH 270 0
DWIDTH 7 0
BBX 8 21 -1 0
BITMAP
03
07
0E
18
30
01
31
7A
84
00
18
78
18
18
18
18
18
18
18
18
7E
ENDCHAR
STARTCHAR uni01290300.LP
ENCODING -1
SWIDTH 270 0
DWIDTH 7 0
BBX 8 21 -1 0
BITMAP
40
E0
30
1C
04
01
31
7A
84
00
18
78
18
18
18
18
18
18
18
18
7E
ENDCHAR
STARTCHAR uni01290302.LP
ENCODING -1
SWIDTH 270 0
DWIDTH 7 0
BBX 8 20 -1 0
BITMAP
18
3C
62
41
01
31
7A
84
00
18
78
18
18
18
18
18
18
18
18
7E
ENDCHAR
STARTCHAR itilde.LP
ENCODING -1
SWIDTH 270 0
DWIDTH 7 0
BBX 8 16 -1 0
BITMAP
01
31
7A
84
00
18
78
18
18
18
18
18
18
18
18
7E
ENDCHAR
STARTCHAR imacron.SlantItalic.LP
ENCODING -1
SWIDTH 270 0
DWIDTH 7 0
BBX 6 15 0 0
BITMAP
7C
FC
00
00
30
F0
30
30
30
30
30
30
30
30
FC
ENDCHAR
STARTCHAR uni012B0301.LP
ENCODING -1
SWIDTH 270 0
DWIDTH 7 0
BBX 7 21 0 0
BITMAP
06
0E
1C
30
60
00
7C
FC
00
00
30
F0
30
30
30
30
30
30
30
30
FC
ENDCHAR
STARTCHAR uni012B0300.LP
ENCODING -1
SWIDTH 270 0
DWIDTH 7 0
BBX 7 21 -1 0
BITMAP
40
E0
30
1C
04
00
3E
7E
00
00
18
78
18
18
18
18
18
18
18
18
7E
ENDCHAR
STARTCHAR uni012B0302.LP
ENCODING -1
SWIDTH 270 0
DWIDTH 7 0
BBX 7 20 0 0
BITMAP
30
78
C4
82
00
7C
FC
00
00
30
F0
30
30
30
30
30
30
30
30
FC
ENDCHAR
STARTCHAR imacron.LP
ENCODING -1
SWIDTH 270 0
DWIDTH 7 0
BBX 6 15 0 0
BITMAP
7C
FC
00
00
30
F0
30
30
30
30
30
30
30
30
FC
ENDCHAR
STARTCHAR idieresis.SlantItalic.LP
ENCODING -1
SWIDTH 270 0
DWIDTH 7 0
BBX 7 15 -1 0
BITMAP
42
C6
C6
00
18
78
18
18
18
18
18
18
18
18
7E
ENDCHAR
STARTCHAR uni1E2F.SlantItalic.LP
ENCODING -1
SWIDTH 270 0
DWIDTH 7 0
BBX 8 21 -1 0
BITMAP
03
07
0E
18
30
00
42
C6
C6
00
18
78
18
18
18
18
18
18
18
18
7E
ENDCHAR
STARTCHAR uni1E2F.LP
ENCODING -1
SWIDTH 270 0
DWIDTH 7 0
BBX 8 21 -1 0
BITMAP
03
07
0E
18
30
00
42
C6
C6
00
18
78
18
18
18
18
18
18
18
18
7E
ENDCHAR
STARTCHAR uni00EF0300.LP
ENCODING -1
SWIDTH 270 0
DWIDTH 7 0
BBX 7 21 -1 0
BITMAP
40
E0
30
1C
04
00
42
C6
C6
00
18
78
18
18
18
18
18
18
18
18
7E
ENDCHAR
STARTCHAR uni00EF0302.LP
ENCODING -1
SWIDTH 270 0
DWIDTH 7 0
BBX 8 20 -1 0
BITMAP
18
3C
62
41
00
42
C6
C6
00
18
78
18
18
18
18
18
18
18
18
7E
ENDCHAR
STARTCHAR uni00EF0303.LP
ENCODING -1
SWIDTH 270 0
DWIDTH 7 0
BBX 8 20 -1 0
BITMAP
01
31
7A
84
00
42
C6
C6
00
18
78
18
18
18
18
18
18
18
18
7E
ENDCHAR
STARTCHAR idieresis.LP
ENCODING -1
SWIDTH 270 0
DWIDTH 7 0
BBX 7 15 -1 0
BITMAP
42
C6
C6
00
18
78
18
18
18
18
18
18
18
18
7E
ENDCHAR
STARTCHAR idotaccent.LP
ENCODING -1
SWIDTH 270 0
DWIDTH 7 0
BBX 6 15 0 0
BITMAP
30
30
30
00
30
F0
30
30
30
30
30
30
30
30
FC
ENDCHAR
STARTCHAR idotaccent.SlantItalic.LP
ENCODING -1
SWIDTH 270 0
DWIDTH 7 0
BBX 6 15 0 0
BITMAP
30
30
30
00
30
F0
30
30
30
30
30
30
30
30
FC
ENDCHAR
STARTCHAR uni1E2D.SlantItalic.LP
ENCODING -1
SWIDTH 270 0
DWIDTH 7 0
BBX 8 20 -1 -5
BITMAP
18
18
18
00
18
78
18
18
18
18
18
18
18
18
7E
00
00
39
4F
86
ENDCHAR
STARTCHAR uni1E2D.LP
ENCODING -1
SWIDTH 270 0
DWIDTH 7 0
BBX 8 20 -1 -5
BITMAP
18
18
18
00
18
78
18
18
18
18
18
18
18
18
7E
00
00
39
4F
86
ENDCHAR
STARTCHAR uni00ED0331.LP
ENCODING -1
SWIDTH 270 0
DWIDTH 7 0
BBX 7 21 0 -4
BITMAP
06
0E
1C
30
60
00
30
F0
30
30
30
30
30
30
30
30
FC
00
00
7C
FC
ENDCHAR
STARTCHAR uni00EC0331.LP
ENCODING -1
SWIDTH 270 0
DWIDTH 7 0
BBX 7 21 -1 -4
BITMAP
40
E0
30
1C
04
00
18
78
18
18
18
18
18
18
18
18
7E
00
00
3E
7E
ENDCHAR
STARTCHAR uni00EE0331.LP
ENCODING -1
SWIDTH 270 0
DWIDTH 7 0
BBX 7 20 0 -4
BITMAP
30
78
C4
82
00
30
F0
30
30
30
30
30
30
30
30
FC
00
00
7C
FC
ENDCHAR
STARTCHAR uni01D00331.LP
ENCODING -1
SWIDTH 270 0
DWIDTH 7 0
BBX 7 21 0 -4
BITMAP
82
C4
78
30
00
00
30
F0
30
30
30
30
30
30
30
30
FC
00
00
7C
FC
ENDCHAR
STARTCHAR uni00EF0331.LP
ENCODING -1
SWIDTH 270 0
DWIDTH 7 0
BBX 7 19 -1 -4
BITMAP
42
C6
C6
00
18
78
18
18
18
18
18
18
18
18
7E
00
00
3E
7E
ENDCHAR
STARTCHAR uni1ECB.SlantItalic.LP
ENCODING -1
SWIDTH 270 0
DWIDTH 7 0
BBX 6 20 0 -5
BITMAP
30
30
30
00
30
F0
30
30
30
30
30
30
30
30
FC
00
00
10
30
30
ENDCHAR
STARTCHAR uni1ECB0301.LP
ENCODING -1
SWIDTH 270 0
DWIDTH 7 0
BBX 7 22 0 -5
BITMAP
06
0E
1C
30
60
00
30
F0
30
30
30
30
30
30
30
30
FC
00
00
10
30
30
ENDCHAR
STARTCHAR uni1ECB0300.LP
ENCODING -1
SWIDTH 270 0
DWIDTH 7 0
BBX 7 22 -1 -5
BITMAP
40
E0
30
1C
04
00
18
78
18
18
18
18
18
18
18
18
7E
00
00
08
18
18
ENDCHAR
STARTCHAR uni1ECB0302.LP
ENCODING -1
SWIDTH 270 0
DWIDTH 7 0
BBX 7 21 0 -5
BITMAP
30
78
C4
82
00
30
F0
30
30
30
30
30
30
30
30
FC
00
00
10
30
30
ENDCHAR
STARTCHAR uni1ECB030C.LP
ENCODING -1
SWIDTH 270 0
DWIDTH 7 0
BBX 7 22 0 -5
BITMAP
82
C4
78
30
00
00
30
F0
30
30
30
30
30
30
30
30
FC
00
00
10
30
30
ENDCHAR
STARTCHAR uni1ECB0303.LP
ENCODING -1
SWIDTH 270 0
DWIDTH 7 0
BBX 8 21 -1 -5
BITMAP
01
31
7A
84
00
18
78
18
18
18
18
18
18
18
18
7E
00
00
08
18
18
ENDCHAR
STARTCHAR uni1ECB.LP
ENCODING -1
SWIDTH 270 0
DWIDTH 7 0
BBX 6 20 0 -5
BITMAP
30
30
30
00
30
F0
30
30
30
30
30
30
30
30
FC
00
00
10
30
30
ENDCHAR
STARTCHAR uni00ED031C.LP
ENCODING -1
SWIDTH 270 0
DWIDTH 7 0
BBX 7 23 0 -6
BITMAP
06
0E
1C
30
60
00
30
F0
30
30
30
30
30
30
30
30
FC
00
20
60
C0
60
20
ENDCHAR
STARTCHAR uni00ED0327.LP
ENCODING -1
SWIDTH 270 0
DWIDTH 7 0
BBX 7 22 0 -5
BITMAP
06
0E
18
20
40
00
30
F0
30
30
30
30
30
30
30
30
FC
10
30
18
18
60
ENDCHAR
STARTCHAR uni00EC0327.LP
ENCODING -1
SWIDTH 270 0
DWIDTH 7 0
BBX 7 22 -1 -5
BITMAP
40
F0
38
0C
00
00
18
78
18
18
18
18
18
18
18
18
7E
08
18
0C
0C
30
ENDCHAR
STARTCHAR uni00EE0327.LP
ENCODING -1
SWIDTH 270 0
DWIDTH 7 0
BBX 7 21 0 -5
BITMAP
30
78
4C
82
00
30
F0
30
30
30
30
30
30
30
30
FC
10
30
18
18
60
ENDCHAR
STARTCHAR uni01D00327.LP
ENCODING -1
SWIDTH 270 0
DWIDTH 7 0
BBX 7 22 0 -5
BITMAP
82
C4
78
38
00
00
30
F0
30
30
30
30
30
30
30
30
FC
10
30
18
18
60
ENDCHAR
STARTCHAR uni012F0301.LP
ENCODING -1
SWIDTH 270 0
DWIDTH 7 0
BBX 6 22 1 -5
BITMAP
0C
1C
30
40
80
00
30
F0
30
30
30
30
30
30
30
30
30
FC
30
40
C8
F0
ENDCHAR
STARTCHAR uni012F0300.LP
ENCODING -1
SWIDTH 270 0
DWIDTH 7 0
BBX 8 22 -1 -5
BITMAP
40
F0
38
0C
00
00
0C
3C
0C
0C
0C
0C
0C
0C
0C
0C
0C
3F
0C
10
32
3C
ENDCHAR
STARTCHAR iogonek.LP
ENCODING -1
SWIDTH 270 0
DWIDTH 7 0
BBX 6 20 1 -5
BITMAP
30
30
30
00
30
F0
30
30
30
30
30
30
30
30
FC
10
60
C0
C8
70
ENDCHAR
STARTCHAR iogonek.RetroHookStyle.LP
ENCODING -1
SWIDTH 270 0
DWIDTH 7 0
BBX 8 21 0 -6
BITMAP
30
30
30
00
30
F0
30
30
30
30
30
30
30
30
FC
30
30
30
33
33
1E
ENDCHAR
STARTCHAR uni0268.LP
ENCODING -1
SWIDTH 270 0
DWIDTH 7 0
BBX 6 15 0 0
BITMAP
30
30
30
00
30
F0
30
30
30
FC
30
30
30
30
FC
ENDCHAR
STARTCHAR uni02680301.LP
ENCODING -1
SWIDTH 270 0
DWIDTH 7 0
BBX 7 17 0 0
BITMAP
06
0E
1C
30
60
00
30
F0
30
30
30
FC
30
30
30
30
FC
ENDCHAR
STARTCHAR uni02680300.LP
ENCODING -1
SWIDTH 270 0
DWIDTH 7 0
BBX 7 17 -1 0
BITMAP
40
E0
30
1C
04
00
18
78
18
18
18
7E
18
18
18
18
7E
ENDCHAR
STARTCHAR uni02680302.LP
ENCODING -1
SWIDTH 270 0
DWIDTH 7 0
BBX 7 16 0 0
BITMAP
30
78
C4
82
00
30
F0
30
30
30
FC
30
30
30
30
FC
ENDCHAR
STARTCHAR uni0268030C.LP
ENCODING -1
SWIDTH 270 0
DWIDTH 7 0
BBX 7 17 0 0
BITMAP
82
C4
78
30
00
00
30
F0
30
30
30
FC
30
30
30
30
FC
ENDCHAR
STARTCHAR uni02680303.LP
ENCODING -1
SWIDTH 270 0
DWIDTH 7 0
BBX 8 16 -1 0
BITMAP
01
31
7A
84
00
18
78
18
18
18
7E
18
18
18
18
7E
ENDCHAR
STARTCHAR uni02680304.LP
ENCODING -1
SWIDTH 270 0
DWIDTH 7 0
BBX 6 15 0 0
BITMAP
7C
FC
00
00
30
F0
30
30
30
FC
30
30
30
30
FC
ENDCHAR
STARTCHAR uni02680308.LP
ENCODING -1
SWIDTH 270 0
DWIDTH 7 0
BBX 7 15 -1 0
BITMAP
42
C6
C6
00
18
78
18
18
18
7E
18
18
18
18
7E
ENDCHAR
STARTCHAR ij.LP
ENCODING -1
SWIDTH 529 0
DWIDTH 13 0
BBX 11 21 0 -6
BITMAP
3040
30E0
30C0
0000
3060
F1E0
30E0
30E0
30E0
30E0
30E0
30E0
30E0
30E0
FCC0
00C0
00C0
00C0
0880
0F00
0E00
ENDCHAR
STARTCHAR uni02690301.LP
ENCODING -1
SWIDTH 282 0
DWIDTH 7 0
BBX 7 17 0 0
BITMAP
04
0E
1C
30
40
00
30
F0
30
30
30
30
30
30
30
3E
38
ENDCHAR
STARTCHAR uni02690300.LP
ENCODING -1
SWIDTH 282 0
DWIDTH 7 0
BBX 8 17 -1 0
BITMAP
40
E0
30
18
04
00
18
78
18
18
18
18
18
18
18
1F
1C
ENDCHAR
STARTCHAR uni02690302.LP
ENCODING -1
SWIDTH 282 0
DWIDTH 7 0
BBX 8 16 -1 0
BITMAP
18
3C
66
C1
00
18
78
18
18
18
18
18
18
18
1F
1C
ENDCHAR
STARTCHAR uni0269030C.LP
ENCODING -1
SWIDTH 282 0
DWIDTH 7 0
BBX 8 17 -1 0
BITMAP
C1
66
3C
18
00
00
18
78
18
18
18
18
18
18
18
1F
1C
ENDCHAR
STARTCHAR uni02690303.LP
ENCODING -1
SWIDTH 282 0
DWIDTH 7 0
BBX 8 16 -1 0
BITMAP
01
71
FA
04
00
18
78
18
18
18
18
18
18
18
1F
1C
ENDCHAR
STARTCHAR uni1FD6.Por
ENCODING -1
SWIDTH 294 0
DWIDTH 7 0
BBX 8 16 -1 0
BITMAP
3C
7E
C1
00
00
08
38
08
08
08
08
08
08
18
0F
0C
ENDCHAR
STARTCHAR uni1F37.Por
ENCODING -1
SWIDTH 294 0
DWIDTH 7 0
BBX 8 20 -1 0
BITMAP
1C
3E
43
9D
18
10
08
00
00
08
38
08
08
08
08
08
08
18
0F
0C
ENDCHAR
STARTCHAR uni1F36.Por
ENCODING -1
SWIDTH 294 0
DWIDTH 7 0
BBX 8 20 -1 0
BITMAP
1C
3E
43
9D
0C
0C
08
00
00
08
38
08
08
08
08
08
08
18
0F
0C
ENDCHAR
STARTCHAR uni1FD7.Por
ENCODING -1
SWIDTH 294 0
DWIDTH 7 0
BBX 9 20 -1 0
BITMAP
1E00
3F00
6180
8080
0000
6180
6180
4100
0000
0800
3800
0800
0800
0800
0800
0800
0800
1800
0F00
0C00
ENDCHAR
STARTCHAR uni1F3F.Por
ENCODING -1
SWIDTH 548 0
DWIDTH 13 0
BBX 14 19 -2 0
BITMAP
3C00
7E00
4300
9D00
107C
1018
0818
0018
0018
0018
0018
0018
0018
0018
0018
0018
0018
0018
007C
ENDCHAR
STARTCHAR uni1F3E.Por
ENCODING -1
SWIDTH 548 0
DWIDTH 13 0
BBX 14 19 -2 0
BITMAP
3C00
7E00
4300
BD00
0C7C
0818
1818
0018
0018
0018
0018
0018
0018
0018
0018
0018
0018
0018
007C
ENDCHAR
STARTCHAR j.LP
ENCODING -1
SWIDTH 258 0
DWIDTH 6 0
BBX 7 21 -3 -6
BITMAP
06
06
06
00
06
1E
06
06
06
06
06
06
06
06
06
06
06
04
4C
F8
F0
ENDCHAR
STARTCHAR jcircumflex.LP
ENCODING -1
SWIDTH 258 0
DWIDTH 6 0
BBX 10 22 -3 -6
BITMAP
0600
0F00
1980
1040
0000
0600
1E00
0600
0600
0600
0600
0600
0600
0600
0600
0600
0600
0600
0400
4C00
F800
F000
ENDCHAR
STARTCHAR uni01F0.LP
ENCODING -1
SWIDTH 258 0
DWIDTH 6 0
BBX 10 23 -3 -6
BITMAP
1040
1880
0F00
0600
0000
0000
0600
1E00
0600
0600
0600
0600
0600
0600
0600
0600
0600
0600
0600
0400
4C00
F800
F000
ENDCHAR
STARTCHAR uni029D.LP
ENCODING -1
SWIDTH 258 0
DWIDTH 6 0
BBX 9 21 -3 -6
BITMAP
0600
0600
0600
0000
0600
1E00
0600
0600
0600
0600
0600
0600
0600
0600
0600
0600
7E00
C400
C600
F900
7080
ENDCHAR
STARTCHAR uni006A0303.LP
ENCODING -1
SWIDTH 258 0
DWIDTH 6 0
BBX 10 22 -3 -6
BITMAP
0040
0C40
1E80
2100
0000
0600
1E00
0600
0600
0600
0600
0600
0600
0600
0600
0600
0600
0600
0400
4C00
F800
F000
ENDCHAR
STARTCHAR uni006B0304.LP
ENCODING -1
SWIDTH 487 0
DWIDTH 12 0
BBX 12 22 0 0
BITMAP
3FC0
3FC0
0000
0000
3000
F000
3000
3000
3000
3000
3000
31F0
3080
3100
3600
3C00
3600
3600
3300
3180
30C0
F870
ENDCHAR
STARTCHAR uni006B0307.LP
ENCODING -1
SWIDTH 487 0
DWIDTH 12 0
BBX 12 22 0 0
BITMAP
0600
0600
0600
0000
3000
F000
3000
3000
3000
3000
3000
31F0
3080
3100
3600
3C00
3600
3600
3300
3180
30C0
F870
ENDCHAR
STARTCHAR uni01C9.LP
ENCODING -1
SWIDTH 529 0
DWIDTH 13 0
BBX 11 24 0 -6
BITMAP
3000
F000
3000
3040
30E0
30C0
3000
3060
31E0
30E0
30E0
30E0
30E0
30E0
30E0
30E0
30E0
FCC0
00C0
00C0
00C0
0880
0F00
0E00
ENDCHAR
STARTCHAR uni01C8.LP
ENCODING -1
SWIDTH 734 0
DWIDTH 18 0
BBX 15 21 0 -6
BITMAP
FC06
3006
3006
3000
3006
300E
3006
3006
3006
3006
3006
3006
3026
3026
FFE6
0006
0006
0006
0044
0078
00F0
ENDCHAR
STARTCHAR uni1E3F.LP
ENCODING -1
SWIDTH 803 0
DWIDTH 20 0
BBX 20 17 0 0
BITMAP
000800
001C00
003000
006000
008000
000000
31C780
F7EFC0
3C78C0
3870C0
3060C0
3060C0
3060C0
3060C0
3060C0
3060C0
FDFBF0
ENDCHAR
STARTCHAR uni006D0300.LP
ENCODING -1
SWIDTH 803 0
DWIDTH 20 0
BBX 20 17 0 0
BITMAP
010000
038000
01C000
006000
003000
000000
31C780
F7EFC0
3C78C0
3870C0
3060C0
3060C0
3060C0
3060C0
3060C0
3060C0
FDFBF0
ENDCHAR
STARTCHAR uni006D0302.LP
ENCODING -1
SWIDTH 803 0
DWIDTH 20 0
BBX 20 16 0 0
BITMAP
006000
00F000
019800
020800
000000
31C780
F7EFC0
3C78C0
3870C0
3060C0
3060C0
3060C0
3060C0
3060C0
3060C0
FDFBF0
ENDCHAR
STARTCHAR uni006D030C.LP
ENCODING -1
SWIDTH 803 0
DWIDTH 20 0
BBX 20 17 0 0
BITMAP
020800
019800
00F000
006000
000000
000000
31C780
F7EFC0
3C78C0
3870C0
3060C0
3060C0
3060C0
3060C0
3060C0
3060C0
FDFBF0
ENDCHAR
STARTCHAR uni006D0303.LP
ENCODING -1
SWIDTH 803 0
DWIDTH 20 0
BBX 20 16 0 0
BITMAP
000800
01CC00
03F000
000000
000000
31C780
F7EFC0
3C78C0
3870C0
3060C0
3060C0
3060C0
3060C0
3060C0
3060C0
FDFBF0
ENDCHAR
STARTCHAR uni006D0304.LP
ENCODING -1
SWIDTH 803 0
DWIDTH 20 0
BBX 20 15 0 0
BITMAP
03FC00
03FC00
000000
000000
31C780
F7EFC0
3C78C0
3870C0
3060C0
3060C0
3060C0
3060C0
3060C0
3060C0
FDFBF0
ENDCHAR
STARTCHAR uni1E41.LP
ENCODING -1
SWIDTH 803 0
DWIDTH 20 0
BBX 20 15 0 0
BITMAP
006000
006000
004000
000000
31C780
F7EFC0
3C78C0
3870C0
3060C0
3060C0
3060C0
3060C0
3060C0
3060C0
FDFBF0
ENDCHAR
STARTCHAR nacute.LP
ENCODING -1
SWIDTH 551 0
DWIDTH 13 0
BBX 13 17 0 0
BITMAP
0040
00E0
0180
0300
0400
0000
31C0
F3E0
3460
3860
3060
3060
3060
3060
3060
3060
FDF8
ENDCHAR
STARTCHAR uni01F9.LP
ENCODING -1
SWIDTH 551 0
DWIDTH 13 0
BBX 13 17 0 0
BITMAP
0800
1C00
0E00
0300
0180
0000
31C0
F3E0
3460
3860
3060
3060
3060
3060
3060
3060
FDF8
ENDCHAR
STARTCHAR uni006E0302.LP
ENCODING -1
SWIDTH 551 0
DWIDTH 13 0
BBX 13 16 0 0
BITMAP
0300
0780
0CC0
1040
0000
31C0
F3E0
3460
3860
3060
3060
3060
3060
3060
3060
FDF8
ENDCHAR
STARTCHAR ncaron.LP
ENCODING -1
SWIDTH 551 0
DWIDTH 13 0
BBX 13 17 0 0
BITMAP
1040
0CC0
0780
0300
0000
0000
31C0
F3E0
3460
3860
3060
3060
3060
3060
3060
3060
FDF8
ENDCHAR
STARTCHAR ntilde.LP
ENCODING -1
SWIDTH 551 0
DWIDTH 13 0
BBX 13 16 0 0
BITMAP
0040
0E60
1F80
0000
0000
31C0
F3E0
3460
3860
3060
3060
3060
3060
3060
3060
FDF8
ENDCHAR
STARTCHAR uni006E0304.LP
ENCODING -1
SWIDTH 551 0
DWIDTH 13 0
BBX 13 15 0 0
BITMAP
1FE0
1FE0
0000
0000
31C0
F3E0
3460
3860
3060
3060
3060
3060
3060
3060
FDF8
ENDCHAR
STARTCHAR uni1E45.LP
ENCODING -1
SWIDTH 551 0
DWIDTH 13 0
BBX 13 15 0 0
BITMAP
0300
0300
0200
0000
31C0
F3E0
3460
3860
3060
3060
3060
3060
3060
3060
FDF8
ENDCHAR
STARTCHAR uni02720301.LP
ENCODING -1
SWIDTH 546 0
DWIDTH 13 0
BBX 16 23 -3 -6
BITMAP
0008
001C
0030
00E0
0080
0000
0238
1E7C
068C
070C
060C
060C
060C
060C
060C
060C
063F
0600
0600
0600
0C00
7800
F000
ENDCHAR
STARTCHAR uni02720304.LP
ENCODING -1
SWIDTH 546 0
DWIDTH 13 0
BBX 16 21 -3 -6
BITMAP
03FC
03F8
0000
0000
0238
1E7C
068C
070C
060C
060C
060C
060C
060C
060C
063F
0600
0600
0600
0C00
7800
F000
ENDCHAR
STARTCHAR uni014B0301.LP
ENCODING -1
SWIDTH 546 0
DWIDTH 13 0
BBX 11 23 0 -6
BITMAP
0040
00E0
0180
0300
0400
0000
11C0
F7E0
3460
3860
3060
3060
3060
3060
3060
3060
7C60
8060
0060
00C0
18C0
1F80
0E00
ENDCHAR
STARTCHAR uni014B0300.LP
ENCODING -1
SWIDTH 546 0
DWIDTH 13 0
BBX 11 23 0 -6
BITMAP
0800
1C00
0E00
0300
0180
0000
11C0
F7E0
3460
3860
3060
3060
3060
3060
3060
3060
7C60
8060
0060
00C0
18C0
1F80
0E00
ENDCHAR
STARTCHAR uni014B0302.LP
ENCODING -1
SWIDTH 546 0
DWIDTH 13 0
BBX 11 22 0 -6
BITMAP
0300
0780
0CC0
1040
0000
11C0
F7E0
3460
3860
3060
3060
3060
3060
3060
3060
7C60
8060
0060
00C0
18C0
1F80
0E00
ENDCHAR
STARTCHAR uni014B0303.LP
ENCODING -1
SWIDTH 546 0
DWIDTH 13 0
BBX 11 22 0 -6
BITMAP
0040
0E60
1F80
0000
0000
11C0
F7E0
3460
3860
3060
3060
3060
3060
3060
3060
7C60
8060
0060
00C0
18C0
1F80
0E00
ENDCHAR
STARTCHAR uni01CC.LP
ENCODING -1
SWIDTH 810 0
DWIDTH 19 0
BBX 17 21 0 -6
BITMAP
000180
000180
000180
000000
31C180
F3E380
346180
386180
306180
306180
306180
306180
306180
306180
7DF980
800180
000180
000180
001300
001E00
003C00
ENDCHAR
STARTCHAR uni1FC6.Por
ENCODING -1
SWIDTH 534 0
DWIDTH 13 0
BBX 12 21 0 -5
BITMAP
0780
0FC0
1060
0000
0000
31C0
F7E0
3460
3860
3060
3060
3060
3060
3060
3060
3060
3060
0060
0060
0060
0070
ENDCHAR
STARTCHAR uni1FC7.Por
ENCODING -1
SWIDTH 534 0
DWIDTH 13 0
BBX 12 22 0 -6
BITMAP
0780
0FC0
1060
0000
0000
31C0
F7E0
3460
3860
3060
3060
3060
3060
3060
3060
3060
3060
3060
3060
3060
3070
3800
ENDCHAR
STARTCHAR uni1F27.Por
ENCODING -1
SWIDTH 534 0
DWIDTH 13 0
BBX 12 25 0 -5
BITMAP
0700
0FC0
1840
1320
0600
0600
0300
0000
0000
31C0
F7E0
3460
3860
3060
3060
3060
3060
3060
3060
3060
3060
0060
0060
0060
0070
ENDCHAR
STARTCHAR uni1F97.Por
ENCODING -1
SWIDTH 534 0
DWIDTH 13 0
BBX 12 26 0 -6
BITMAP
0700
0FC0
1840
1320
0600
0600
0300
0000
0000
31C0
F7E0
3460
3860
3060
3060
3060
3060
3060
3060
3060
3060
3060
3060
3060
3070
3800
ENDCHAR
STARTCHAR uni1F26.Por
ENCODING -1
SWIDTH 534 0
DWIDTH 13 0
BBX 12 25 0 -5
BITMAP
0700
0FC0
1840
1720
0180
0100
0200
0000
0000
31C0
F7E0
3460
3860
3060
3060
3060
3060
3060
3060
3060
3060
0060
0060
0060
0070
ENDCHAR
STARTCHAR uni1F96.Por
ENCODING -1
SWIDTH 534 0
DWIDTH 13 0
BBX 12 26 0 -6
BITMAP
0700
0FC0
1840
1720
0180
0100
0200
0000
0000
31C0
F7E0
3460
3860
3060
3060
3060
3060
3060
3060
3060
3060
3060
3060
3060
3070
3800
ENDCHAR
STARTCHAR uni01CB.LP
ENCODING -1
SWIDTH 907 0
DWIDTH 22 0
BBX 20 21 0 -6
BITMAP
F03F20
300C70
380C60
3C0C00
360C30
320CF0
330C30
318C30
30CC30
306C30
306C30
303C30
301C30
301C30
FC0C30
000030
000060
000060
000440
0007C0
000700
ENDCHAR
STARTCHAR oacute.LP
ENCODING -1
SWIDTH 502 0
DWIDTH 12 0
BBX 10 17 1 0
BITMAP
0100
0380
0700
0C00
1800
0000
1E00
2380
4180
C0C0
C0C0
C0C0
C0C0
C0C0
6180
7100
1E00
ENDCHAR
STARTCHAR ograve.LP
ENCODING -1
SWIDTH 502 0
DWIDTH 12 0
BBX 10 17 1 0
BITMAP
2000
7000
1800
0C00
0200
0000
1E00
2380
4180
C0C0
C0C0
C0C0
C0C0
C0C0
6180
7100
1E00
ENDCHAR
STARTCHAR uni1ED1.VN.LP
ENCODING -1
SWIDTH 502 0
DWIDTH 12 0
BBX 11 18 1 0
BITMAP
0060
00C0
0C80
1E00
3300
2080
0000
1E00
2380
4180
C0C0
C0C0
C0C0
C0C0
C0C0
6180
7100
1E00
ENDCHAR
STARTCHAR uni1ED1.LP
ENCODING -1
SWIDTH 502 0
DWIDTH 12 0
BBX 10 22 1 0
BITMAP
0100
0380
0700
0C00
1800
0000
0C00
1E00
3300
2080
0000
1E00
2380
4180
C0C0
C0C0
C0C0
C0C0
C0C0
6180
7100
1E00
ENDCHAR
STARTCHAR uni1ED3.VN.LP
ENCODING -1
SWIDTH 502 0
DWIDTH 12 0
BBX 11 18 0 0
BITMAP
4000
E000
1600
0F00
1980
1040
0000
0F00
11C0
20C0
6060
6060
6060
6060
6060
30C0
3880
0F00
ENDCHAR
STARTCHAR uni1ED3.LP
ENCODING -1
SWIDTH 502 0
DWIDTH 12 0
BBX 10 22 1 0
BITMAP
2000
7000
1800
0C00
0200
0000
0C00
1E00
3300
2080
0000
1E00
2380
4180
C0C0
C0C0
C0C0
C0C0
C0C0
6180
7100
1E00
ENDCHAR
STARTCHAR uni1ED7.VN.LP
ENCODING -1
SWIDTH 502 0
DWIDTH 12 0
BBX 10 20 1 0
BITMAP
1880
3C80
2F00
4700
0C00
1E00
3300
2080
0000
1E00
2380
4180
C0C0
C0C0
C0C0
C0C0
C0C0
6180
7100
1E00
ENDCHAR
STARTCHAR uni1ED7.LP
ENCODING -1
SWIDTH 502 0
DWIDTH 12 0
BBX 10 21 1 0
BITMAP
0080
1880
7D00
0200
0000
0C00
1E00
3300
2080
0000
1E00
2380
4180
C0C0
C0C0
C0C0
C0C0
C0C0
6180
7100
1E00
ENDCHAR
STARTCHAR uni1ED5.VN.LP
ENCODING -1
SWIDTH 502 0
DWIDTH 12 0
BBX 11 19 1 0
BITMAP
00E0
0160
0080
0C80
1E00
3300
2080
0000
1E00
2380
4180
C0C0
C0C0
C0C0
C0C0
C0C0
6180
7100
1E00
ENDCHAR
STARTCHAR uni1ED5.LP
ENCODING -1
SWIDTH 502 0
DWIDTH 12 0
BBX 10 22 1 0
BITMAP
0C00
1C00
1800
1800
0400
0000
0C00
1E00
3300
2080
0000
1E00
2380
4180
C0C0
C0C0
C0C0
C0C0
C0C0
6180
7100
1E00
ENDCHAR
STARTCHAR uni1ED9.LP
ENCODING -1
SWIDTH 502 0
DWIDTH 12 0
BBX 10 21 1 -5
BITMAP
0C00
1E00
3300
2080
0000
1E00
2380
4180
C0C0
C0C0
C0C0
C0C0
C0C0
6180
7100
1E00
0000
0000
0400
0C00
0C00
ENDCHAR
STARTCHAR ocircumflex.LP
ENCODING -1
SWIDTH 502 0
DWIDTH 12 0
BBX 10 16 1 0
BITMAP
0C00
1E00
3300
2080
0000
1E00
2380
4180
C0C0
C0C0
C0C0
C0C0
C0C0
6180
7100
1E00
ENDCHAR
STARTCHAR uni01D2.LP
ENCODING -1
SWIDTH 502 0
DWIDTH 12 0
BBX 10 17 1 0
BITMAP
2080
3100
1E00
0C00
0000
0000
1E00
2380
4180
C0C0
C0C0
C0C0
C0C0
C0C0
6180
7100
1E00
ENDCHAR
STARTCHAR uni1E4D.LP
ENCODING -1
SWIDTH 502 0
DWIDTH 12 0
BBX 10 21 1 0
BITMAP
0100
0380
0700
0C00
1800
0080
1880
7D00
0200
0000
1E00
2380
4180
C0C0
C0C0
C0C0
C0C0
C0C0
6180
7100
1E00
ENDCHAR
STARTCHAR uni00F50300.LP
ENCODING -1
SWIDTH 502 0
DWIDTH 12 0
BBX 10 21 1 0
BITMAP
2000
7000
1800
0C00
0200
0080
1880
7D00
0200
0000
1E00
2380
4180
C0C0
C0C0
C0C0
C0C0
C0C0
6180
7100
1E00
ENDCHAR
STARTCHAR uni00F50302.LP
ENCODING -1
SWIDTH 502 0
DWIDTH 12 0
BBX 10 20 1 0
BITMAP
0C00
1E00
3300
2080
0080
1880
7D00
0200
0000
1E00
2380
4180
C0C0
C0C0
C0C0
C0C0
C0C0
6180
7100
1E00
ENDCHAR
STARTCHAR uni022D.LP
ENCODING -1
SWIDTH 502 0
DWIDTH 12 0
BBX 10 19 1 0
BITMAP
3F80
7F80
0000
0080
1880
7D00
0200
0000
1E00
2380
4180
C0C0
C0C0
C0C0
C0C0
C0C0
6180
7100
1E00
ENDCHAR
STARTCHAR uni1E4F.LP
ENCODING -1
SWIDTH 502 0
DWIDTH 12 0
BBX 10 19 1 0
BITMAP
2100
6300
6300
0080
1880
7D00
0200
0000
1E00
2380
4180
C0C0
C0C0
C0C0
C0C0
C0C0
6180
7100
1E00
ENDCHAR
STARTCHAR otilde.LP
ENCODING -1
SWIDTH 502 0
DWIDTH 12 0
BBX 10 16 1 0
BITMAP
0080
1880
7D00
0200
0000
1E00
2380
4180
C0C0
C0C0
C0C0
C0C0
C0C0
6180
7100
1E00
ENDCHAR
STARTCHAR uni1E53.LP
ENCODING -1
SWIDTH 502 0
DWIDTH 12 0
BBX 10 21 1 0
BITMAP
0100
0380
0700
0C00
1800
0000
3F80
7F80
0000
0000
1E00
2380
4180
C0C0
C0C0
C0C0
C0C0
C0C0
6180
7100
1E00
ENDCHAR
STARTCHAR uni1E51.LP
ENCODING -1
SWIDTH 502 0
DWIDTH 12 0
BBX 10 21 1 0
BITMAP
2000
7000
1800
0C00
0200
0000
3F80
7F80
0000
0000
1E00
2380
4180
C0C0
C0C0
C0C0
C0C0
C0C0
6180
7100
1E00
ENDCHAR
STARTCHAR uni014D0302.LP
ENCODING -1
SWIDTH 502 0
DWIDTH 12 0
BBX 10 20 1 0
BITMAP
0C00
1E00
3300
2080
0000
3F80
7F80
0000
0000
1E00
2380
4180
C0C0
C0C0
C0C0
C0C0
C0C0
6180
7100
1E00
ENDCHAR
STARTCHAR omacron.LP
ENCODING -1
SWIDTH 502 0
DWIDTH 12 0
BBX 10 15 1 0
BITMAP
3F80
7F80
0000
0000
1E00
2380
4180
C0C0
C0C0
C0C0
C0C0
C0C0
6180
7100
1E00
ENDCHAR
STARTCHAR uni00F60301.LP
ENCODING -1
SWIDTH 502 0
DWIDTH 12 0
BBX 10 21 1 0
BITMAP
0100
0380
0700
0C00
1800
0000
2100
6300
6300
0000
1E00
2380
4180
C0C0
C0C0
C0C0
C0C0
C0C0
6180
7100
1E00
ENDCHAR
STARTCHAR uni00F60300.LP
ENCODING -1
SWIDTH 502 0
DWIDTH 12 0
BBX 10 21 1 0
BITMAP
2000
7000
1800
0C00
0200
0000
2100
6300
6300
0000
1E00
2380
4180
C0C0
C0C0
C0C0
C0C0
C0C0
6180
7100
1E00
ENDCHAR
STARTCHAR uni00F60302.LP
ENCODING -1
SWIDTH 502 0
DWIDTH 12 0
BBX 10 20 1 0
BITMAP
0C00
1E00
3300
2080
0000
2100
6300
6300
0000
1E00
2380
4180
C0C0
C0C0
C0C0
C0C0
C0C0
6180
7100
1E00
ENDCHAR
STARTCHAR uni00F60303.LP
ENCODING -1
SWIDTH 502 0
DWIDTH 12 0
BBX 10 20 1 0
BITMAP
0080
1880
7D00
0200
0000
2100
6300
6300
0000
1E00
2380
4180
C0C0
C0C0
C0C0
C0C0
C0C0
6180
7100
1E00
ENDCHAR
STARTCHAR uni022B.LP
ENCODING -1
SWIDTH 502 0
DWIDTH 12 0
BBX 10 19 1 0
BITMAP
3F80
7F80
0000
0000
2100
6300
6300
0000
1E00
2380
4180
C0C0
C0C0
C0C0
C0C0
C0C0
6180
7100
1E00
ENDCHAR
STARTCHAR odieresis.LP
ENCODING -1
SWIDTH 502 0
DWIDTH 12 0
BBX 10 15 1 0
BITMAP
2100
6300
6300
0000
1E00
2380
4180
C0C0
C0C0
C0C0
C0C0
C0C0
6180
7100
1E00
ENDCHAR
STARTCHAR uni0231.LP
ENCODING -1
SWIDTH 502 0
DWIDTH 12 0
BBX 10 19 1 0
BITMAP
3F80
7F80
0000
0000
0400
0C00
0C00
0000
1E00
2380
4180
C0C0
C0C0
C0C0
C0C0
C0C0
6180
7100
1E00
ENDCHAR
STARTCHAR uni022F.LP
ENCODING -1
SWIDTH 502 0
DWIDTH 12 0
BBX 10 15 1 0
BITMAP
0400
0C00
0C00
0000
1E00
2380
4180
C0C0
C0C0
C0C0
C0C0
C0C0
6180
7100
1E00
ENDCHAR
STARTCHAR uni00F30331.LP
ENCODING -1
SWIDTH 502 0
DWIDTH 12 0
BBX 10 21 1 -4
BITMAP
0100
0380
0700
0C00
1800
0000
1E00
2380
4180
C0C0
C0C0
C0C0
C0C0
C0C0
6180
7100
1E00
0000
0000
3F80
7F80
ENDCHAR
STARTCHAR uni00F20331.LP
ENCODING -1
SWIDTH 502 0
DWIDTH 12 0
BBX 10 21 1 -4
BITMAP
2000
7000
1800
0C00
0200
0000
1E00
2380
4180
C0C0
C0C0
C0C0
C0C0
C0C0
6180
7100
1E00
0000
0000
3F80
7F80
ENDCHAR
STARTCHAR uni00F40331.LP
ENCODING -1
SWIDTH 502 0
DWIDTH 12 0
BBX 10 20 1 -4
BITMAP
0C00
1E00
3300
2080
0000
1E00
2380
4180
C0C0
C0C0
C0C0
C0C0
C0C0
6180
7100
1E00
0000
0000
3F80
7F80
ENDCHAR
STARTCHAR uni01D20331.LP
ENCODING -1
SWIDTH 502 0
DWIDTH 12 0
BBX 10 21 1 -4
BITMAP
2080
3100
1E00
0C00
0000
0000
1E00
2380
4180
C0C0
C0C0
C0C0
C0C0
C0C0
6180
7100
1E00
0000
0000
3F80
7F80
ENDCHAR
STARTCHAR uni00F60331.LP
ENCODING -1
SWIDTH 502 0
DWIDTH 12 0
BBX 10 19 1 -4
BITMAP
2100
6300
6300
0000
1E00
2380
4180
C0C0
C0C0
C0C0
C0C0
C0C0
6180
7100
1E00
0000
0000
3F80
7F80
ENDCHAR
STARTCHAR uni1ECD0301.LP
ENCODING -1
SWIDTH 502 0
DWIDTH 12 0
BBX 10 22 1 -5
BITMAP
0100
0380
0700
0C00
1800
0000
1E00
2380
4180
C0C0
C0C0
C0C0
C0C0
C0C0
6180
7100
1E00
0000
0000
0400
0C00
0C00
ENDCHAR
STARTCHAR uni1ECD0300.LP
ENCODING -1
SWIDTH 502 0
DWIDTH 12 0
BBX 10 22 1 -5
BITMAP
2000
7000
1800
0C00
0200
0000
1E00
2380
4180
C0C0
C0C0
C0C0
C0C0
C0C0
6180
7100
1E00
0000
0000
0400
0C00
0C00
ENDCHAR
STARTCHAR uni1ECD030C.LP
ENCODING -1
SWIDTH 502 0
DWIDTH 12 0
BBX 10 22 1 -5
BITMAP
2080
3100
1E00
0C00
0000
0000
1E00
2380
4180
C0C0
C0C0
C0C0
C0C0
C0C0
6180
7100
1E00
0000
0000
0400
0C00
0C00
ENDCHAR
STARTCHAR uni1ECD0303.LP
ENCODING -1
SWIDTH 502 0
DWIDTH 12 0
BBX 10 21 1 -5
BITMAP
0080
1880
7D00
0200
0000
1E00
2380
4180
C0C0
C0C0
C0C0
C0C0
C0C0
6180
7100
1E00
0000
0000
0400
0C00
0C00
ENDCHAR
STARTCHAR uni00F3031C.LP
ENCODING -1
SWIDTH 502 0
DWIDTH 12 0
BBX 10 23 1 -6
BITMAP
0100
0380
0700
0C00
1800
0000
1E00
2380
4180
C0C0
C0C0
C0C0
C0C0
C0C0
6180
7100
1E00
0000
0800
1800
3000
1800
1800
ENDCHAR
STARTCHAR uni00F30327.LP
ENCODING -1
SWIDTH 502 0
DWIDTH 12 0
BBX 10 22 1 -5
BITMAP
0180
0380
0600
1800
0000
0000
1E00
2380
4180
C0C0
C0C0
C0C0
C0C0
C0C0
6180
7100
1E00
0400
0E00
0600
0600
1800
ENDCHAR
STARTCHAR uni00F20327.LP
ENCODING -1
SWIDTH 502 0
DWIDTH 12 0
BBX 10 22 1 -5
BITMAP
2000
7800
1C00
0600
0000
0000
1E00
2380
4180
C0C0
C0C0
C0C0
C0C0
C0C0
6180
7100
1E00
0400
0E00
0600
0600
1800
ENDCHAR
STARTCHAR uni00F40327.LP
ENCODING -1
SWIDTH 502 0
DWIDTH 12 0
BBX 10 21 1 -5
BITMAP
0C00
1E00
1300
2080
0000
1E00
2380
4180
C0C0
C0C0
C0C0
C0C0
C0C0
6180
7100
1E00
0400
0E00
0600
0600
1800
ENDCHAR
STARTCHAR uni01D20327.LP
ENCODING -1
SWIDTH 502 0
DWIDTH 12 0
BBX 10 22 1 -5
BITMAP
2080
3100
1E00
0C00
0000
0000
1E00
2380
4180
C0C0
C0C0
C0C0
C0C0
C0C0
6180
7100
1E00
0400
0E00
0600
0600
1800
ENDCHAR
STARTCHAR uni01EB0301.LP
ENCODING -1
SWIDTH 502 0
DWIDTH 12 0
BBX 10 22 1 -5
BITMAP
0100
0380
0700
0C00
1800
0000
1E00
2380
4180
C0C0
C0C0
C0C0
C0C0
C0C0
6180
7180
1F00
0400
0C00
1800
1900
0E00
ENDCHAR
STARTCHAR uni01EB0300.LP
ENCODING -1
SWIDTH 502 0
DWIDTH 12 0
BBX 10 22 1 -5
BITMAP
2000
7000
1800
0C00
0200
0000
1E00
2380
4180
C0C0
C0C0
C0C0
C0C0
C0C0
6180
7180
1F00
0400
0C00
1800
1900
0E00
ENDCHAR
STARTCHAR uni01ED.LP
ENCODING -1
SWIDTH 502 0
DWIDTH 12 0
BBX 10 20 1 -5
BITMAP
3F80
7F80
0000
0000
1E00
2380
4180
C0C0
C0C0
C0C0
C0C0
C0C0
6180
7180
1F00
0400
0C00
1800
1900
0E00
ENDCHAR
STARTCHAR uni01ED.RetroHookStyle.LP
ENCODING -1
SWIDTH 502 0
DWIDTH 12 0
BBX 10 21 1 -6
BITMAP
3F80
7F80
0000
0000
1E00
2380
4180
40C0
C0C0
C0C0
C0C0
C0C0
E180
7180
3F00
1C00
0C00
0C00
0CC0
0CC0
0780
ENDCHAR
STARTCHAR uni02750301.LP
ENCODING -1
SWIDTH 502 0
DWIDTH 12 0
BBX 10 17 1 0
BITMAP
0100
0380
0700
0C00
1000
0000
1E00
2380
4180
C0C0
C0C0
FFC0
C0C0
C0C0
6180
7100
1E00
ENDCHAR
STARTCHAR oslashacute.LP
ENCODING -1
SWIDTH 502 0
DWIDTH 12 0
BBX 10 18 1 -1
BITMAP
0100
0380
0700
0C00
1000
0040
1EC0
2380
4180
C2C0
C4C0
CCC0
C8C0
D0C0
7080
7100
DE00
8000
ENDCHAR
STARTCHAR uni1EDB.LP
ENCODING -1
SWIDTH 537 0
DWIDTH 13 0
BBX 12 17 1 0
BITMAP
0180
0380
0600
1810
0030
0030
1E20
2340
41C0
C0C0
C0C0
C0C0
C0C0
C080
6180
7100
1E00
ENDCHAR
STARTCHAR uni1EDD.LP
ENCODING -1
SWIDTH 537 0
DWIDTH 13 0
BBX 12 17 1 0
BITMAP
2000
7800
1C00
0610
0030
0030
1E20
2340
41C0
C0C0
C0C0
C0C0
C0C0
C080
6180
7100
1E00
ENDCHAR
STARTCHAR uni1EE1.LP
ENCODING -1
SWIDTH 537 0
DWIDTH 13 0
BBX 12 16 1 0
BITMAP
0080
1880
3C90
2F30
4630
1E20
2340
41C0
C0C0
C0C0
C0C0
C0C0
C080
6180
7100
1E00
ENDCHAR
STARTCHAR uni01530301.LP
ENCODING -1
SWIDTH 792 0
DWIDTH 19 0
BBX 17 17 1 0
BITMAP
003000
007000
00E000
018000
030000
000000
1E1E00
23A300
61C180
C0C180
C0FF80
C0C000
C0C000
C0E080
61F180
717F00
1E1C00
ENDCHAR
STARTCHAR uni01530300.LP
ENCODING -1
SWIDTH 792 0
DWIDTH 19 0
BBX 17 17 1 0
BITMAP
060000
070000
038000
00C000
006000
000000
1E1E00
23A300
61C180
C0C180
C0FF80
C0C000
C0C000
C0E080
61F180
717F00
1E1C00
ENDCHAR
STARTCHAR uni01530302.LP
ENCODING -1
SWIDTH 792 0
DWIDTH 19 0
BBX 17 16 1 0
BITMAP
01C000
01C000
022000
041000
000000
1E1E00
23A300
61C180
C0C180
C0FF80
C0C000
C0C000
C0E080
61F180
717F00
1E1C00
ENDCHAR
STARTCHAR uni0153030C.LP
ENCODING -1
SWIDTH 792 0
DWIDTH 19 0
BBX 17 17 1 0
BITMAP
041000
022000
01C000
01C000
000000
000000
1E1E00
23A300
61C180
C0C180
C0FF80
C0C000
C0C000
C0E080
61F180
717F00
1E1C00
ENDCHAR
STARTCHAR uni1F6F.Por
ENCODING -1
SWIDTH 788 0
DWIDTH 19 0
BBX 20 19 -2 0
BITMAP
3C0000
7E0000
430000
9D0000
101F00
1061C0
08C060
008060
018070
018030
018030
018030
018060
018060
00C0C0
00C080
026190
033330
03F3E0
ENDCHAR
STARTCHAR uni1FAF.Por
ENCODING -1
SWIDTH 1083 0
DWIDTH 26 0
BBX 28 19 -2 0
BITMAP
3C000000
7E000000
43000000
9D000000
101F0000
1061C000
08C06000
00806000
01807080
01803380
01803180
01803180
01806180
01806180
00C0C180
00C08180
02619180
033331F0
03F3E0C0
ENDCHAR
STARTCHAR uni1F6E.Por
ENCODING -1
SWIDTH 788 0
DWIDTH 19 0
BBX 20 19 -2 0
BITMAP
3C0000
7E0000
430000
BD0000
0C1F00
0861C0
18C060
008060
018070
018030
018030
018030
018060
018060
00C0C0
00C080
026190
033330
03F3E0
ENDCHAR
STARTCHAR uni1FAE.Por
ENCODING -1
SWIDTH 1083 0
DWIDTH 26 0
BBX 28 19 -2 0
BITMAP
3C000000
7E000000
43000000
BD000000
0C1F0000
0861C000
18C06000
00806000
01807080
01803380
01803180
01803180
01806180
01806180
00C0C180
00C08180
02619180
033331F0
03F3E0C0
ENDCHAR
STARTCHAR uni1E55.LP
ENCODING -1
SWIDTH 529 0
DWIDTH 13 0
BBX 12 23 0 -6
BITMAP
0080
01C0
0380
0600
0800
0000
31C0
F7E0
3CF0
3870
3030
3030
3030
3020
3860
3FC0
3380
3000
3000
3000
3000
3000
FC00
ENDCHAR
STARTCHAR uni00700303.LP
ENCODING -1
SWIDTH 529 0
DWIDTH 13 0
BBX 12 22 0 -6
BITMAP
0040
1C40
3E80
0100
0000
31C0
F7E0
3CF0
3870
3030
3030
3030
3020
3860
3FC0
3380
3000
3000
3000
3000
3000
FC00
ENDCHAR
STARTCHAR uni00700304.LP
ENCODING -1
SWIDTH 529 0
DWIDTH 13 0
BBX 12 21 0 -6
BITMAP
1FC0
3FC0
0000
0000
31C0
F7E0
3CF0
3870
3030
3030
3030
3020
3860
3FC0
3380
3000
3000
3000
3000
3000
FC00
ENDCHAR
STARTCHAR uni1E57.LP
ENCODING -1
SWIDTH 529 0
DWIDTH 13 0
BBX 12 21 0 -6
BITMAP
0200
0600
0600
0000
31C0
F7E0
3CF0
3870
3030
3030
3030
3020
3860
3FC0
3380
3000
3000
3000
3000
3000
FC00
ENDCHAR
STARTCHAR racute.LP
ENCODING -1
SWIDTH 395 0
DWIDTH 10 0
BBX 9 17 0 0
BITMAP
0100
0380
0700
0C00
1800
0000
3380
F780
3C80
3880
3000
3000
3000
3000
3000
3000
FC00
ENDCHAR
STARTCHAR rcaron.LP
ENCODING -1
SWIDTH 395 0
DWIDTH 10 0
BBX 9 17 0 0
BITMAP
2080
3100
1E00
0C00
0000
0000
3380
F780
3C80
3880
3000
3000
3000
3000
3000
3000
FC00
ENDCHAR
STARTCHAR uni00720303.LP
ENCODING -1
SWIDTH 395 0
DWIDTH 10 0
BBX 9 16 0 0
BITMAP
0080
1880
7D00
0200
0000
3380
F780
3C80
3880
3000
3000
3000
3000
3000
3000
FC00
ENDCHAR
STARTCHAR uni1E59.LP
ENCODING -1
SWIDTH 395 0
DWIDTH 10 0
BBX 9 15 0 0
BITMAP
0400
0C00
0C00
0000
3380
F780
3C80
3880
3000
3000
3000
3000
3000
3000
FC00
ENDCHAR
STARTCHAR uni1E5D.LP
ENCODING -1
SWIDTH 395 0
DWIDTH 10 0
BBX 9 20 0 -5
BITMAP
3F80
7F80
0000
0000
3380
F780
3C80
3880
3000
3000
3000
3000
3000
3000
FC00
0000
0000
1000
3000
3000
ENDCHAR
STARTCHAR uni1E65.LP
ENCODING -1
SWIDTH 386 0
DWIDTH 9 0
BBX 8 19 1 0
BITMAP
18
18
12
07
0C
38
20
00
7C
CC
C0
E0
78
3C
0E
06
86
84
F8
ENDCHAR
STARTCHAR sacute.LP
ENCODING -1
SWIDTH 386 0
DWIDTH 9 0
BBX 8 17 1 0
BITMAP
02
07
0C
38
20
00
7C
CC
C0
E0
78
3C
0E
06
86
84
F8
ENDCHAR
STARTCHAR scircumflex.LP
ENCODING -1
SWIDTH 386 0
DWIDTH 9 0
BBX 7 16 1 0
BITMAP
18
3C
44
82
00
7C
CC
C0
E0
78
3C
0E
06
86
84
F8
ENDCHAR
STARTCHAR uni1E67.LP
ENCODING -1
SWIDTH 386 0
DWIDTH 9 0
BBX 7 19 1 0
BITMAP
18
18
92
44
3C
18
00
00
7C
CC
C0
E0
78
3C
0E
06
86
84
F8
ENDCHAR
STARTCHAR scaron.LP
ENCODING -1
SWIDTH 386 0
DWIDTH 9 0
BBX 7 17 1 0
BITMAP
82
44
3C
18
00
00
7C
CC
C0
E0
78
3C
0E
06
86
84
F8
ENDCHAR
STARTCHAR uni1E61.LP
ENCODING -1
SWIDTH 386 0
DWIDTH 9 0
BBX 7 15 1 0
BITMAP
18
18
10
00
7C
CC
C0
E0
78
3C
0E
06
86
84
F8
ENDCHAR
STARTCHAR uni1E63030C.LP
ENCODING -1
SWIDTH 386 0
DWIDTH 9 0
BBX 7 22 1 -5
BITMAP
82
44
3C
18
00
00
7C
CC
C0
E0
78
3C
0E
06
86
84
F8
00
00
18
18
10
ENDCHAR
STARTCHAR uni1E69.LP
ENCODING -1
SWIDTH 386 0
DWIDTH 9 0
BBX 7 20 1 -5
BITMAP
18
18
10
00
7C
CC
C0
E0
78
3C
0E
06
86
84
F8
00
00
18
18
10
ENDCHAR
STARTCHAR tcaron.Caron.LP
ENCODING -1
SWIDTH 344 0
DWIDTH 8 0
BBX 8 20 0 0
BITMAP
C1
66
3C
18
00
10
30
30
30
FF
30
30
30
30
30
30
30
31
3E
1C
ENDCHAR
STARTCHAR uni00740304.LP
ENCODING -1
SWIDTH 344 0
DWIDTH 8 0
BBX 8 18 0 0
BITMAP
7F
FF
00
10
30
30
30
FF
30
30
30
30
30
30
30
31
3E
1C
ENDCHAR
STARTCHAR uni1E97.LP
ENCODING -1
SWIDTH 344 0
DWIDTH 8 0
BBX 8 18 0 0
BITMAP
C6
C6
C6
10
30
30
30
FF
30
30
30
30
30
30
30
31
3E
1C
ENDCHAR
STARTCHAR uni1E6B.LP
ENCODING -1
SWIDTH 344 0
DWIDTH 8 0
BBX 8 18 0 0
BITMAP
18
18
18
10
30
30
30
FF
30
30
30
30
30
30
30
31
3E
1C
ENDCHAR
STARTCHAR uacute.LP
ENCODING -1
SWIDTH 529 0
DWIDTH 13 0
BBX 13 17 0 0
BITMAP
00C0
01C0
0380
0600
0C00
0000
30E0
F160
3060
3060
3060
3060
3060
3060
31E0
3F68
1E70
ENDCHAR
STARTCHAR uni00F90303.LP
ENCODING -1
SWIDTH 529 0
DWIDTH 13 0
BBX 13 20 0 0
BITMAP
0040
0C40
1E80
3100
3C00
0E00
0700
0100
0000
30E0
F160
3060
3060
3060
3060
3060
3060
31E0
3F68
1E70
ENDCHAR
STARTCHAR ugrave.LP
ENCODING -1
SWIDTH 529 0
DWIDTH 13 0
BBX 13 17 0 0
BITMAP
1000
3C00
0E00
0700
0100
0000
30E0
F160
3060
3060
3060
3060
3060
3060
31E0
3F68
1E70
ENDCHAR
STARTCHAR ucircumflex.LP
ENCODING -1
SWIDTH 529 0
DWIDTH 13 0
BBX 13 16 0 0
BITMAP
0600
0F00
0880
1040
0000
30E0
F160
3060
3060
3060
3060
3060
3060
31E0
3F68
1E70
ENDCHAR
STARTCHAR uni01D4.LP
ENCODING -1
SWIDTH 529 0
DWIDTH 13 0
BBX 13 17 0 0
BITMAP
1040
0880
0F00
0600
0000
0000
30E0
F160
3060
3060
3060
3060
3060
3060
31E0
3F68
1E70
ENDCHAR
STARTCHAR uni1E79.LP
ENCODING -1
SWIDTH 529 0
DWIDTH 13 0
BBX 13 21 0 0
BITMAP
00C0
01C0
0380
0600
0C00
0040
0C40
1E80
2100
0000
30E0
F160
3060
3060
3060
3060
3060
3060
31E0
3F68
1E70
ENDCHAR
STARTCHAR uni01690300.LP
ENCODING -1
SWIDTH 529 0
DWIDTH 13 0
BBX 13 21 0 0
BITMAP
1000
3C00
0E00
0700
0100
0040
0C40
1E80
2100
0000
30E0
F160
3060
3060
3060
3060
3060
3060
31E0
3F68
1E70
ENDCHAR
STARTCHAR uni01690302.LP
ENCODING -1
SWIDTH 529 0
DWIDTH 13 0
BBX 13 20 0 0
BITMAP
0600
0F00
0880
1040
0040
0C40
1E80
2100
0000
30E0
F160
3060
3060
3060
3060
3060
3060
31E0
3F68
1E70
ENDCHAR
STARTCHAR utilde.LP
ENCODING -1
SWIDTH 529 0
DWIDTH 13 0
BBX 13 16 0 0
BITMAP
0040
0C40
1E80
2100
0000
30E0
F160
3060
3060
3060
3060
3060
3060
31E0
3F68
1E70
ENDCHAR
STARTCHAR uni016B0301.LP
ENCODING -1
SWIDTH 529 0
DWIDTH 13 0
BBX 13 21 0 0
BITMAP
00C0
01C0
0380
0600
0C00
0000
1FC0
1FC0
0000
0000
30E0
F160
3060
3060
3060
3060
3060
3060
31E0
3F68
1E70
ENDCHAR
STARTCHAR uni016B0300.LP
ENCODING -1
SWIDTH 529 0
DWIDTH 13 0
BBX 13 21 0 0
BITMAP
1000
3C00
0E00
0700
0100
0000
1FC0
1FC0
0000
0000
30E0
F160
3060
3060
3060
3060
3060
3060
31E0
3F68
1E70
ENDCHAR
STARTCHAR uni016B0302.LP
ENCODING -1
SWIDTH 529 0
DWIDTH 13 0
BBX 13 20 0 0
BITMAP
0600
0F00
0880
1040
0000
1FC0
1FC0
0000
0000
30E0
F160
3060
3060
3060
3060
3060
3060
31E0
3F68
1E70
ENDCHAR
STARTCHAR uni1E7B.LP
ENCODING -1
SWIDTH 529 0
DWIDTH 13 0
BBX 13 19 0 0
BITMAP
1080
3180
1080
0000
1FC0
1FC0
0000
0000
30E0
F160
3060
3060
3060
3060
3060
3060
31E0
3F68
1E70
ENDCHAR
STARTCHAR umacron.LP
ENCODING -1
SWIDTH 529 0
DWIDTH 13 0
BBX 13 15 0 0
BITMAP
1FC0
1FC0
0000
0000
30E0
F160
3060
3060
3060
3060
3060
3060
31E0
3F68
1E70
ENDCHAR
STARTCHAR uni01D8.LP
ENCODING -1
SWIDTH 529 0
DWIDTH 13 0
BBX 13 21 0 0
BITMAP
00C0
01C0
0380
0600
0C00
0000
1080
3180
1080
0000
30E0
F160
3060
3060
3060
3060
3060
3060
31E0
3F68
1E70
ENDCHAR
STARTCHAR uni01DC.LP
ENCODING -1
SWIDTH 529 0
DWIDTH 13 0
BBX 13 21 0 0
BITMAP
1000
3C00
0E00
0700
0100
0000
1080
3180
1080
0000
30E0
F160
3060
3060
3060
3060
3060
3060
31E0
3F68
1E70
ENDCHAR
STARTCHAR uni00FC0302.LP
ENCODING -1
SWIDTH 529 0
DWIDTH 13 0
BBX 13 20 0 0
BITMAP
0600
0F00
0880
1040
0000
1080
3180
1080
0000
30E0
F160
3060
3060
3060
3060
3060
3060
31E0
3F68
1E70
ENDCHAR
STARTCHAR uni01DA.LP
ENCODING -1
SWIDTH 529 0
DWIDTH 13 0
BBX 13 21 0 0
BITMAP
1040
0880
0F00
0600
0000
0000
1080
3180
1080
0000
30E0
F160
3060
3060
3060
3060
3060
3060
31E0
3F68
1E70
ENDCHAR
STARTCHAR uni00FC0303.LP
ENCODING -1
SWIDTH 529 0
DWIDTH 13 0
BBX 13 20 0 0
BITMAP
0040
0C40
1E80
2100
0000
1080
3180
1080
0000
30E0
F160
3060
3060
3060
3060
3060
3060
31E0
3F68
1E70
ENDCHAR
STARTCHAR uni00FC03030301.LP
ENCODING -1
SWIDTH 529 0
DWIDTH 13 0
BBX 13 25 0 0
BITMAP
00C0
01C0
0380
0600
0C00
0040
0C40
1E80
2100
0000
1080
3180
1080
0000
30E0
F160
3060
3060
3060
3060
3060
3060
31E0
3F68
1E70
ENDCHAR
STARTCHAR uni01D6.LP
ENCODING -1
SWIDTH 529 0
DWIDTH 13 0
BBX 13 19 0 0
BITMAP
1FC0
1FC0
0000
0000
1080
3180
1080
0000
30E0
F160
3060
3060
3060
3060
3060
3060
31E0
3F68
1E70
ENDCHAR
STARTCHAR udieresis.LP
ENCODING -1
SWIDTH 529 0
DWIDTH 13 0
BBX 13 15 0 0
BITMAP
1080
3180
1080
0000
30E0
F160
3060
3060
3060
3060
3060
3060
31E0
3F68
1E70
ENDCHAR
STARTCHAR uni00FA0331.LP
ENCODING -1
SWIDTH 529 0
DWIDTH 13 0
BBX 13 21 0 -4
BITMAP
00C0
01C0
0380
0600
0C00
0000
30E0
F160
3060
3060
3060
3060
3060
3060
31E0
3F68
1E70
0000
0000
1FC0
3FC0
ENDCHAR
STARTCHAR uni00F90331.LP
ENCODING -1
SWIDTH 529 0
DWIDTH 13 0
BBX 13 21 0 -4
BITMAP
1000
3C00
0E00
0700
0100
0000
30E0
F160
3060
3060
3060
3060
3060
3060
31E0
3F68
1E70
0000
0000
1FC0
3FC0
ENDCHAR
STARTCHAR uni00FB0331.LP
ENCODING -1
SWIDTH 529 0
DWIDTH 13 0
BBX 13 20 0 -4
BITMAP
0600
0F00
0880
1040
0000
30E0
F160
3060
3060
3060
3060
3060
3060
31E0
3F68
1E70
0000
0000
1FC0
3FC0
ENDCHAR
STARTCHAR uni01D40331.LP
ENCODING -1
SWIDTH 529 0
DWIDTH 13 0
BBX 13 21 0 -4
BITMAP
1040
0880
0F00
0600
0000
0000
30E0
F160
3060
3060
3060
3060
3060
3060
31E0
3F68
1E70
0000
0000
1FC0
3FC0
ENDCHAR
STARTCHAR uni00FC0331.LP
ENCODING -1
SWIDTH 529 0
DWIDTH 13 0
BBX 13 19 0 -4
BITMAP
1080
3180
1080
0000
30E0
F160
3060
3060
3060
3060
3060
3060
31E0
3F68
1E70
0000
0000
1FC0
3FC0
ENDCHAR
STARTCHAR uni01D80331.LP
ENCODING -1
SWIDTH 529 0
DWIDTH 13 0
BBX 13 25 0 -4
BITMAP
00C0
01C0
0380
0600
0C00
0000
1080
3180
1080
0000
30E0
F160
3060
3060
3060
3060
3060
3060
31E0
3F68
1E70
0000
0000
1FC0
3FC0
ENDCHAR
STARTCHAR uni1EE50301.LP
ENCODING -1
SWIDTH 529 0
DWIDTH 13 0
BBX 13 22 0 -5
BITMAP
00C0
01C0
0380
0600
0C00
0000
30E0
F160
3060
3060
3060
3060
3060
3060
31E0
3F68
1E70
0000
0000
0200
0600
0200
ENDCHAR
STARTCHAR uni1EE50300.LP
ENCODING -1
SWIDTH 529 0
DWIDTH 13 0
BBX 13 22 0 -5
BITMAP
1000
3C00
0E00
0700
0100
0000
30E0
F160
3060
3060
3060
3060
3060
3060
31E0
3F68
1E70
0000
0000
0200
0600
0200
ENDCHAR
STARTCHAR uni1EE50302.LP
ENCODING -1
SWIDTH 529 0
DWIDTH 13 0
BBX 13 21 0 -5
BITMAP
0600
0F00
0880
1040
0000
30E0
F160
3060
3060
3060
3060
3060
3060
31E0
3F68
1E70
0000
0000
0200
0600
0200
ENDCHAR
STARTCHAR uni1EE5030C.LP
ENCODING -1
SWIDTH 529 0
DWIDTH 13 0
BBX 13 22 0 -5
BITMAP
1040
0880
0F00
0600
0000
0000
30E0
F160
3060
3060
3060
3060
3060
3060
31E0
3F68
1E70
0000
0000
0200
0600
0200
ENDCHAR
STARTCHAR uni1EE50303.LP
ENCODING -1
SWIDTH 529 0
DWIDTH 13 0
BBX 13 21 0 -5
BITMAP
0040
0C40
1E80
2100
0000
30E0
F160
3060
3060
3060
3060
3060
3060
31E0
3F68
1E70
0000
0000
0200
0600
0200
ENDCHAR
STARTCHAR uni00FA031C.LP
ENCODING -1
SWIDTH 529 0
DWIDTH 13 0
BBX 13 23 0 -6
BITMAP
00C0
01C0
0380
0600
0C00
0000
30E0
F160
3060
3060
3060
3060
3060
3060
31E0
3F68
1E70
0000
0400
0C00
1800
0C00
0400
ENDCHAR
STARTCHAR uni00FA0327.LP
ENCODING -1
SWIDTH 529 0
DWIDTH 13 0
BBX 13 22 0 -5
BITMAP
0080
01C0
0300
0C00
0000
70E0
B160
3060
3060
3060
3060
3060
3060
3060
39E0
1F78
1E60
0060
0070
0030
0030
00C0
ENDCHAR
STARTCHAR uni00F90327.LP
ENCODING -1
SWIDTH 529 0
DWIDTH 13 0
BBX 13 22 0 -5
BITMAP
1800
3C00
0600
0300
0000
70E0
B160
3060
3060
3060
3060
3060
3060
3060
39E0
1F78
1E60
0060
0070
0030
0030
00C0
ENDCHAR
STARTCHAR uni00FB0327.LP
ENCODING -1
SWIDTH 529 0
DWIDTH 13 0
BBX 13 21 0 -5
BITMAP
0600
0F00
0980
1040
70E0
B160
3060
3060
3060
3060
3060
3060
3060
39E0
1F78
1E60
0060
0070
0030
0030
00C0
ENDCHAR
STARTCHAR uni01D40327.LP
ENCODING -1
SWIDTH 529 0
DWIDTH 13 0
BBX 13 22 0 -5
BITMAP
1040
1880
0F00
0700
0000
70E0
B160
3060
3060
3060
3060
3060
3060
3060
39E0
1F78
1E60
0060
0070
0030
0030
00C0
ENDCHAR
STARTCHAR uni02890301.LP
ENCODING -1
SWIDTH 529 0
DWIDTH 13 0
BBX 13 17 0 0
BITMAP
00C0
01C0
0380
0600
0C00
0000
70E0
B160
3060
3060
3060
7FF8
B060
3060
31E0
3F78
1E70
ENDCHAR
STARTCHAR uni02890300.LP
ENCODING -1
SWIDTH 529 0
DWIDTH 13 0
BBX 13 17 0 0
BITMAP
1000
3800
0E00
0700
0100
0000
70E0
B160
3060
3060
3060
7FF8
B060
3060
31E0
3F78
1E70
ENDCHAR
STARTCHAR uni02890302.LP
ENCODING -1
SWIDTH 529 0
DWIDTH 13 0
BBX 13 16 0 0
BITMAP
0600
0F00
0880
1040
0000
70E0
B160
3060
3060
3060
7FF8
B060
3060
31E0
3F78
1E70
ENDCHAR
STARTCHAR uni0289030C.LP
ENCODING -1
SWIDTH 529 0
DWIDTH 13 0
BBX 13 17 0 0
BITMAP
1040
0880
0F00
0600
0000
0000
70E0
B160
3060
3060
3060
7FF8
B060
3060
31E0
3F78
1E70
ENDCHAR
STARTCHAR uni02890308.LP
ENCODING -1
SWIDTH 529 0
DWIDTH 13 0
BBX 13 15 0 0
BITMAP
1080
3180
1080
0000
70E0
B160
3060
3060
3060
7FF8
B060
3060
31E0
3F78
1E70
ENDCHAR
STARTCHAR uni1EE9.LP
ENCODING -1
SWIDTH 612 0
DWIDTH 15 0
BBX 15 17 0 0
BITMAP
00C0
01C0
0300
0402
080E
7026
B1EC
3070
3060
3060
3060
3060
3060
3060
39E0
1F78
1E60
ENDCHAR
STARTCHAR uni1EEB.LP
ENCODING -1
SWIDTH 612 0
DWIDTH 15 0
BBX 15 17 0 0
BITMAP
1800
3C00
0600
0302
000E
7026
B1EC
3070
3060
3060
3060
3060
3060
3060
39E0
1F78
1E60
ENDCHAR
STARTCHAR uni1EEF.LP
ENCODING -1
SWIDTH 612 0
DWIDTH 15 0
BBX 15 16 0 0
BITMAP
0040
0C40
1E42
138E
71A6
B1EC
3070
3060
3060
3060
3060
3060
3060
39E0
1F78
1E60
ENDCHAR
STARTCHAR uni028B0301.LP
ENCODING -1
SWIDTH 485 0
DWIDTH 12 0
BBX 11 17 0 0
BITMAP
0080
03C0
0700
0E00
0800
0000
3380
F1C0
30E0
3060
3060
3060
3060
3040
38C0
3F80
1F00
ENDCHAR
STARTCHAR uni028B0300.LP
ENCODING -1
SWIDTH 485 0
DWIDTH 12 0
BBX 11 17 0 0
BITMAP
3000
3800
1C00
0600
0300
0000
3380
F1C0
30E0
3060
3060
3060
3060
3040
38C0
3F80
1F00
ENDCHAR
STARTCHAR uni028B0302.LP
ENCODING -1
SWIDTH 485 0
DWIDTH 12 0
BBX 11 16 0 0
BITMAP
0600
0F00
1100
2080
0000
3380
F1C0
30E0
3060
3060
3060
3060
3040
38C0
3F80
1F00
ENDCHAR
STARTCHAR uni028B0303.LP
ENCODING -1
SWIDTH 485 0
DWIDTH 12 0
BBX 11 16 0 0
BITMAP
0080
18C0
3D00
0200
0000
3380
F1C0
30E0
3060
3060
3060
3060
3040
38C0
3F80
1F00
ENDCHAR
STARTCHAR uni1FE6.Por
ENCODING -1
SWIDTH 507 0
DWIDTH 12 0
BBX 11 16 0 0
BITMAP
0F00
1F80
3040
0000
0000
31C0
F0E0
3060
3060
3060
3060
3060
30C0
3980
1F80
0E00
ENDCHAR
STARTCHAR uni1F57.Por
ENCODING -1
SWIDTH 507 0
DWIDTH 12 0
BBX 11 20 0 0
BITMAP
0700
0F80
10C0
2740
0600
0400
0200
0000
0000
31C0
F0E0
3060
3060
3060
3060
3060
30C0
3980
1F80
0E00
ENDCHAR
STARTCHAR uni1F56.Por
ENCODING -1
SWIDTH 507 0
DWIDTH 12 0
BBX 11 20 0 0
BITMAP
0700
0F80
10C0
2740
0300
0300
0200
0000
0000
31C0
F0E0
3060
3060
3060
3060
3060
30C0
3980
1F80
0E00
ENDCHAR
STARTCHAR uni1FE7.Por
ENCODING -1
SWIDTH 507 0
DWIDTH 12 0
BBX 11 20 0 0
BITMAP
0780
0FC0
1860
2020
0000
1860
1860
1040
0000
31C0
F0E0
3060
3060
3060
3060
3060
30C0
3980
1F80
0E00
ENDCHAR
STARTCHAR uni028A0301.LP
ENCODING -1
SWIDTH 474 0
DWIDTH 11 0
BBX 9 17 1 0
BITMAP
0100
0380
0600
1C00
1000
0000
F780
3600
6300
4380
C180
C180
C180
C180
E100
6300
3C00
ENDCHAR
STARTCHAR uni028A0300.LP
ENCODING -1
SWIDTH 474 0
DWIDTH 11 0
BBX 9 17 1 0
BITMAP
6000
7000
3800
0C00
0600
0000
F780
3600
6300
4380
C180
C180
C180
C180
E100
6300
3C00
ENDCHAR
STARTCHAR uni028A0302.LP
ENCODING -1
SWIDTH 474 0
DWIDTH 11 0
BBX 9 16 1 0
BITMAP
0C00
1E00
2300
4100
0000
F780
3600
6300
4380
C180
C180
C180
C180
E100
6300
3C00
ENDCHAR
STARTCHAR uni028A030C.LP
ENCODING -1
SWIDTH 474 0
DWIDTH 11 0
BBX 9 17 1 0
BITMAP
4100
2300
1E00
0C00
0000
0000
F780
3600
6300
4380
C180
C180
C180
C180
E100
6300
3C00
ENDCHAR
STARTCHAR uni1E7D.SlantItalic.LP
ENCODING -1
SWIDTH 493 0
DWIDTH 12 0
BBX 12 16 0 0
BITMAP
0040
0C40
3E80
0100
0000
F8F0
3040
3040
3080
1880
1980
0900
0D00
0F00
0600
0600
ENDCHAR
STARTCHAR uni1E7D.LP
ENCODING -1
SWIDTH 493 0
DWIDTH 12 0
BBX 12 16 0 0
BITMAP
0040
0C40
3E80
0100
0000
F8F0
3040
3040
3080
1880
1980
0900
0D00
0F00
0600
0600
ENDCHAR
STARTCHAR wacute.LP
ENCODING -1
SWIDTH 706 0
DWIDTH 17 0
BBX 17 17 0 0
BITMAP
001000
003800
006000
00C000
010000
000000
F88780
20C200
30C200
314200
116600
1B6400
1A3400
1A3400
0E3800
0C1800
0C1800
ENDCHAR
STARTCHAR wgrave.LP
ENCODING -1
SWIDTH 706 0
DWIDTH 17 0
BBX 17 17 0 0
BITMAP
020000
070000
038000
00C000
006000
000000
F88780
20C200
30C200
314200
116600
1B6400
1A3400
1A3400
0E3800
0C1800
0C1800
ENDCHAR
STARTCHAR wcircumflex.LP
ENCODING -1
SWIDTH 706 0
DWIDTH 17 0
BBX 17 16 0 0
BITMAP
00C000
01E000
033000
041000
000000
F88780
20C200
30C200
314200
116600
1B6400
1A3400
1A3400
0E3800
0C1800
0C1800
ENDCHAR
STARTCHAR wdieresis.LP
ENCODING -1
SWIDTH 706 0
DWIDTH 17 0
BBX 17 15 0 0
BITMAP
063000
063000
042000
000000
F88780
20C200
30C200
314200
116600
1B6400
1A3400
1A3400
0E3800
0C1800
0C1800
ENDCHAR
STARTCHAR uni1E87.LP
ENCODING -1
SWIDTH 706 0
DWIDTH 17 0
BBX 17 15 0 0
BITMAP
00C000
00C000
008000
000000
F88780
20C200
30C200
314200
116600
1B6400
1A3400
1A3400
0E3800
0C1800
0C1800
ENDCHAR
STARTCHAR uni1FF6.Por
ENCODING -1
SWIDTH 700 0
DWIDTH 17 0
BBX 15 16 1 0
BITMAP
03C0
0FE0
0830
1000
0000
1010
2008
610C
C306
C306
C306
C306
C306
E78C
7DF8
38F0
ENDCHAR
STARTCHAR uni1FF7.Por
ENCODING -1
SWIDTH 700 0
DWIDTH 17 0
BBX 15 22 1 -6
BITMAP
03C0
0FE0
0830
1000
0000
1010
2008
610C
C306
C306
C306
C306
C306
E78C
7DF8
38F0
0000
0100
0300
0300
0300
0380
ENDCHAR
STARTCHAR uni1F67.Por
ENCODING -1
SWIDTH 700 0
DWIDTH 17 0
BBX 15 20 1 0
BITMAP
0380
07C0
0C20
1390
0300
0300
0180
0000
0000
1010
2008
610C
C306
C306
C306
C306
C306
E78C
7DF8
38F0
ENDCHAR
STARTCHAR uni1FA7.Por
ENCODING -1
SWIDTH 700 0
DWIDTH 17 0
BBX 15 26 1 -6
BITMAP
0380
07C0
0C20
1390
0300
0300
0180
0000
0000
1010
2008
610C
C306
C306
C306
C306
C306
E78C
7DF8
38F0
0000
0100
0300
0300
0300
0380
ENDCHAR
STARTCHAR uni1F66.Por
ENCODING -1
SWIDTH 700 0
DWIDTH 17 0
BBX 15 20 1 0
BITMAP
0380
07C0
0C20
1390
0080
0080
0100
0000
0000
1010
2008
610C
C306
C306
C306
C306
C306
E78C
7DF8
38F0
ENDCHAR
STARTCHAR uni1FA6.Por
ENCODING -1
SWIDTH 700 0
DWIDTH 17 0
BBX 15 26 1 -6
BITMAP
0380
07C0
0C20
1390
0080
0080
0100
0000
0000
1010
2008
610C
C306
C306
C306
C306
C306
E78C
7DF8
38F0
0000
0100
0300
0300
0300
0380
ENDCHAR
STARTCHAR uni1E8D.LP
ENCODING -1
SWIDTH 502 0
DWIDTH 12 0
BBX 12 15 0 0
BITMAP
3180
3180
3180
0000
F9F0
30C0
1880
0D00
0E00
0600
0F00
1980
10C0
20E0
F9F0
ENDCHAR
STARTCHAR uni1E8B.LP
ENCODING -1
SWIDTH 502 0
DWIDTH 12 0
BBX 12 15 0 0
BITMAP
0600
0600
0600
0000
F9F0
30C0
1880
0D00
0E00
0600
0F00
1980
10C0
20E0
F9F0
ENDCHAR
STARTCHAR yacute.LP
ENCODING -1
SWIDTH 493 0
DWIDTH 12 0
BBX 13 23 -1 -6
BITMAP
0040
00E0
01C0
0300
0600
0000
7C78
1820
1820
1860
0C40
0C40
0480
0680
0780
0300
0300
0300
0200
0600
0400
7800
F000
ENDCHAR
STARTCHAR ygrave.LP
ENCODING -1
SWIDTH 493 0
DWIDTH 12 0
BBX 13 23 -1 -6
BITMAP
0800
1C00
0600
0300
0080
0000
7C78
1820
1820
1860
0C40
0C40
0480
0680
0780
0300
0300
0300
0200
0600
0400
7800
F000
ENDCHAR
STARTCHAR ycircumflex.LP
ENCODING -1
SWIDTH 493 0
DWIDTH 12 0
BBX 13 22 -1 -6
BITMAP
0300
0780
0CC0
1820
0000
7C78
1820
1820
1860
0C40
0C40
0480
0680
0780
0300
0300
0300
0200
0600
0400
7800
F000
ENDCHAR
STARTCHAR uni1EF9.LP
ENCODING -1
SWIDTH 493 0
DWIDTH 12 0
BBX 13 22 -1 -6
BITMAP
0020
0620
1F40
0080
0000
7C78
1820
1820
1860
0C40
0C40
0480
0680
0780
0300
0300
0300
0200
0600
0400
7800
F000
ENDCHAR
STARTCHAR uni0233.LP
ENCODING -1
SWIDTH 493 0
DWIDTH 12 0
BBX 13 21 -1 -6
BITMAP
0FE0
1FE0
0000
0000
7C78
1820
1820
1860
0C40
0C40
0480
0680
0780
0300
0300
0300
0200
0600
0400
7800
F000
ENDCHAR
STARTCHAR ydieresis.LP
ENCODING -1
SWIDTH 493 0
DWIDTH 12 0
BBX 13 21 -1 -6
BITMAP
0840
18C0
18C0
0000
7C78
1820
1820
1860
0C40
0C40
0480
0680
0780
0300
0300
0300
0200
0600
0400
7800
F000
ENDCHAR
STARTCHAR uni1E8F.LP
ENCODING -1
SWIDTH 493 0
DWIDTH 12 0
BBX 13 21 -1 -6
BITMAP
0100
0300
0300
0000
7C78
1820
1820
1860
0C40
0C40
0480
0680
0780
0300
0300
0300
0200
0600
0400
7800
F000
ENDCHAR
STARTCHAR uni1F5F.Por
ENCODING -1
SWIDTH 848 0
DWIDTH 20 0
BBX 22 19 -2 0
BITMAP
3C0000
7E0000
430000
9D0000
10F00C
10381C
081820
000C60
000C40
000640
000680
000380
000380
000380
000300
000300
000300
000300
000FC0
ENDCHAR
STARTCHAR zacute.SlantItalic.LP
ENCODING -1
SWIDTH 424 0
DWIDTH 10 0
BBX 9 17 1 0
BITMAP
0100
0380
0E00
1C00
1000
0000
7F80
8300
8600
0600
0C00
1800
1800
3000
6080
6080
FF80
ENDCHAR
STARTCHAR zacute.LP
ENCODING -1
SWIDTH 424 0
DWIDTH 10 0
BBX 9 17 1 0
BITMAP
0100
0380
0E00
1C00
1000
0000
7F80
8300
8600
0600
0C00
1800
1800
3000
6080
6080
FF80
ENDCHAR
STARTCHAR uni1E91.SlantItalic.LP
ENCODING -1
SWIDTH 424 0
DWIDTH 10 0
BBX 9 16 1 0
BITMAP
0C00
1E00
2200
4100
0000
7F80
8300
8600
0600
0C00
1800
1800
3000
6080
6080
FF80
ENDCHAR
STARTCHAR uni1E91.LP
ENCODING -1
SWIDTH 424 0
DWIDTH 10 0
BBX 9 16 1 0
BITMAP
0C00
1E00
2200
4100
0000
7F80
8300
8600
0600
0C00
1800
1800
3000
6080
6080
FF80
ENDCHAR
STARTCHAR zcaron.SlantItalic.LP
ENCODING -1
SWIDTH 424 0
DWIDTH 10 0
BBX 9 17 1 0
BITMAP
4100
2200
1E00
0C00
0000
0000
7F80
8300
8600
0600
0C00
1800
1800
3000
6080
6080
FF80
ENDCHAR
STARTCHAR zcaron.LP
ENCODING -1
SWIDTH 424 0
DWIDTH 10 0
BBX 9 17 1 0
BITMAP
4100
2200
1E00
0C00
0000
0000
7F80
8300
8600
0600
0C00
1800
1800
3000
6080
6080
FF80
ENDCHAR
STARTCHAR uni007A0303.LP
ENCODING -1
SWIDTH 424 0
DWIDTH 10 0
BBX 9 16 1 0
BITMAP
0100
3980
7E00
0000
0000
7F80
8300
8600
0600
0C00
1800
1800
3000
6080
6080
FF80
ENDCHAR
STARTCHAR zdotaccent.SlantItalic.LP
ENCODING -1
SWIDTH 424 0
DWIDTH 10 0
BBX 9 15 1 0
BITMAP
0C00
0C00
0800
0000
7F80
8300
8600
0600
0C00
1800
1800
3000
6080
6080
FF80
ENDCHAR
STARTCHAR zdotaccent.LP
ENCODING -1
SWIDTH 424 0
DWIDTH 10 0
BBX 9 15 1 0
BITMAP
0C00
0C00
0800
0000
7F80
8300
8600
0600
0C00
1800
1800
3000
6080
6080
FF80
ENDCHAR
STARTCHAR uni1E93030C.LP
ENCODING -1
SWIDTH 424 0
DWIDTH 10 0
BBX 9 22 1 -5
BITMAP
4100
2200
1E00
0C00
0000
0000
7F80
8300
8600
0600
0C00
1800
1800
3000
6080
6080
FF80
0000
0000
0800
1800
1800
ENDCHAR
STARTCHAR uni01EF.LP
ENCODING -1
SWIDTH 449 0
DWIDTH 11 0
BBX 10 23 0 -6
BITMAP
2080
1100
1E00
0C00
0000
0000
7F80
4380
4300
0600
0C00
0C00
1800
3E00
0380
01C0
00C0
00C0
00C0
00C0
4180
E100
7E00
ENDCHAR
STARTCHAR acute.LP
ENCODING -1
SWIDTH 318 0
DWIDTH 8 0
BBX 6 5 1 12
BITMAP
08
1C
30
60
80
ENDCHAR
STARTCHAR uni02CA.LP
ENCODING -1
SWIDTH 318 0
DWIDTH 8 0
BBX 6 5 1 12
BITMAP
08
1C
30
60
80
ENDCHAR
STARTCHAR acutecomb.LP
ENCODING -1
SWIDTH 0 0
DWIDTH 0 0
BBX 6 5 -8 12
BITMAP
08
1C
70
E0
80
ENDCHAR
STARTCHAR grave.LP
ENCODING -1
SWIDTH 318 0
DWIDTH 8 0
BBX 6 5 1 12
BITMAP
40
E0
70
18
0C
ENDCHAR
STARTCHAR uni02CB.LP
ENCODING -1
SWIDTH 318 0
DWIDTH 8 0
BBX 6 5 1 12
BITMAP
40
E0
70
18
0C
ENDCHAR
STARTCHAR gravecomb.LP
ENCODING -1
SWIDTH 0 0
DWIDTH 0 0
BBX 6 5 -9 12
BITMAP
40
E0
70
18
04
ENDCHAR
STARTCHAR circumflex.LP
ENCODING -1
SWIDTH 357 0
DWIDTH 9 0
BBX 7 4 1 12
BITMAP
30
78
CC
82
ENDCHAR
STARTCHAR uni0302.LP
ENCODING -1
SWIDTH 0 0
DWIDTH 0 0
BBX 8 4 -10 12
BITMAP
18
3C
66
81
ENDCHAR
STARTCHAR uni0302_acutecomb.VNLP
ENCODING -1
SWIDTH 0 0
DWIDTH 0 0
BBX 10 6 -10 12
BITMAP
00C0
0180
1A00
3C00
6600
8100
ENDCHAR
STARTCHAR uni0302_gravecomb.VNLP
ENCODING -1
SWIDTH 0 0
DWIDTH 0 0
BBX 10 6 -12 12
BITMAP
C000
6000
1600
0F00
1980
2040
ENDCHAR
STARTCHAR uni0302_tildecomb.VNLP
ENCODING -1
SWIDTH 0 0
DWIDTH 0 0
BBX 8 8 -10 12
BITMAP
31
7B
9E
0C
18
3C
66
81
ENDCHAR
STARTCHAR uni0302_hookabovecomb.VNLP
ENCODING -1
SWIDTH 0 0
DWIDTH 0 0
BBX 10 7 -10 12
BITMAP
03C0
04C0
0100
1900
3C00
6600
8100
ENDCHAR
STARTCHAR uni1FC0.Por
ENCODING -1
SWIDTH 401 0
DWIDTH 10 0
BBX 9 3 0 13
BITMAP
1C00
7F00
C180
ENDCHAR
STARTCHAR uni0342.Por
ENCODING -1
SWIDTH 0 0
DWIDTH 0 0
BBX 8 3 -10 13
BITMAP
3C
7E
83
ENDCHAR
STARTCHAR uni0306_acutecomb.VNLP
ENCODING -1
SWIDTH 0 0
DWIDTH 0 0
BBX 8 6 -10 12
BITMAP
06
0C
91
42
7E
3C
ENDCHAR
STARTCHAR uni0306_gravecomb.VNLP
ENCODING -1
SWIDTH 0 0
DWIDTH 0 0
BBX 8 6 -10 12
BITMAP
60
30
89
42
7E
3C
ENDCHAR
STARTCHAR uni0306_tildecomb.VNLP
ENCODING -1
SWIDTH 0 0
DWIDTH 0 0
BBX 8 8 -10 12
BITMAP
31
7B
9E
0C
81
42
7E
3C
ENDCHAR
STARTCHAR uni0306_hookabovecomb.VNLP
ENCODING -1
SWIDTH 0 0
DWIDTH 0 0
BBX 8 8 -10 12
BITMAP
18
78
18
70
B1
42
7E
3C
ENDCHAR
STARTCHAR caron.LP
ENCODING -1
SWIDTH 357 0
DWIDTH 9 0
BBX 7 4 1 13
BITMAP
82
C4
78
30
ENDCHAR
STARTCHAR uni030C.LP
ENCODING -1
SWIDTH 0 0
DWIDTH 0 0
BBX 8 4 -10 13
BITMAP
81
66
3C
18
ENDCHAR
STARTCHAR tilde.LP
ENCODING -1
SWIDTH 401 0
DWIDTH 10 0
BBX 8 3 1 13
BITMAP
01
72
FC
ENDCHAR
STARTCHAR tildecomb.LP
ENCODING -1
SWIDTH 0 0
DWIDTH 0 0
BBX 8 3 -10 13
BITMAP
01
71
FE
ENDCHAR
STARTCHAR macron.LP
ENCODING -1
SWIDTH 493 0
DWIDTH 12 0
BBX 8 2 2 13
BITMAP
FF
FF
ENDCHAR
STARTCHAR uni0304.LP
ENCODING -1
SWIDTH 0 0
DWIDTH 0 0
BBX 8 2 -10 13
BITMAP
FF
FF
ENDCHAR
STARTCHAR uni0304.Short.LP
ENCODING -1
SWIDTH 0 0
DWIDTH 0 0
BBX 6 2 -9 13
BITMAP
FC
FC
ENDCHAR
STARTCHAR dieresis.LP
ENCODING -1
SWIDTH 391 0
DWIDTH 9 0
BBX 7 3 1 12
BITMAP
C6
C6
C6
ENDCHAR
STARTCHAR uni0308.LP
ENCODING -1
SWIDTH 0 0
DWIDTH 0 0
BBX 7 3 -10 12
BITMAP
C6
C6
C6
ENDCHAR
STARTCHAR uni1FC1.Por
ENCODING -1
SWIDTH 401 0
DWIDTH 10 0
BBX 10 8 0 12
BITMAP
1E00
3F00
6180
80C0
0000
6180
6180
6180
ENDCHAR
STARTCHAR dotaccent.LP
ENCODING -1
SWIDTH 195 0
DWIDTH 5 0
BBX 2 3 1 12
BITMAP
C0
C0
C0
ENDCHAR
STARTCHAR uni0307.LP
ENCODING -1
SWIDTH 0 0
DWIDTH 0 0
BBX 2 3 -7 12
BITMAP
C0
C0
C0
ENDCHAR
STARTCHAR uni1FDF.Por
ENCODING -1
SWIDTH 187 0
DWIDTH 4 0
BBX 8 7 -2 13
BITMAP
3C
7E
43
9D
10
10
08
ENDCHAR
STARTCHAR uni1FCF.Por
ENCODING -1
SWIDTH 187 0
DWIDTH 4 0
BBX 8 7 -2 13
BITMAP
3C
7E
43
BD
0C
08
18
ENDCHAR
STARTCHAR a.SC
ENCODING -1
SWIDTH 559 0
DWIDTH 13 0
BBX 13 13 0 0
BITMAP
0200
0700
0700
0700
0D80
0D80
08C0
18C0
1FC0
1060
3060
2030
F8F8
ENDCHAR
STARTCHAR a.2StorySlantItalic.SC
ENCODING -1
SWIDTH 559 0
DWIDTH 13 0
BBX 13 13 0 0
BITMAP
0200
0700
0700
0700
0D80
0D80
08C0
18C0
1FC0
1060
3060
2030
F8F8
ENDCHAR
STARTCHAR uni0430.SC
ENCODING -1
SWIDTH 559 0
DWIDTH 13 0
BBX 13 13 0 0
BITMAP
0200
0700
0700
0700
0D80
0D80
08C0
18C0
1FC0
1060
3060
2030
F8F8
ENDCHAR
STARTCHAR aacute.SC
ENCODING -1
SWIDTH 559 0
DWIDTH 13 0
BBX 13 18 0 0
BITMAP
00C0
0180
0100
0300
0200
0600
0700
0700
0700
0D80
0D80
08C0
18C0
1FC0
1060
3060
2030
F8F8
ENDCHAR
STARTCHAR aacute.2StorySlantItalic.SC
ENCODING -1
SWIDTH 559 0
DWIDTH 13 0
BBX 13 18 0 0
BITMAP
00C0
0180
0100
0300
0200
0600
0700
0700
0700
0D80
0D80
08C0
18C0
1FC0
1060
3060
2030
F8F8
ENDCHAR
STARTCHAR agrave.SC
ENCODING -1
SWIDTH 559 0
DWIDTH 13 0
BBX 13 18 0 0
BITMAP
1800
0C00
0600
0200
0100
0200
0700
0700
0700
0D80
0D80
08C0
18C0
1FC0
1060
3060
2030
F8F8
ENDCHAR
STARTCHAR agrave.2StorySlantItalic.SC
ENCODING -1
SWIDTH 559 0
DWIDTH 13 0
BBX 13 18 0 0
BITMAP
1800
0C00
0600
0200
0100
0200
0700
0700
0700
0D80
0D80
08C0
18C0
1FC0
1060
3060
2030
F8F8
ENDCHAR
STARTCHAR uni0201.SC
ENCODING -1
SWIDTH 559 0
DWIDTH 13 0
BBX 13 18 0 0
BITMAP
3200
1300
1900
0880
0480
0200
0700
0700
0700
0D80
0D80
08C0
18C0
1FC0
1060
3060
2030
F8F8
ENDCHAR
STARTCHAR uni0201.2StorySlantItalic.SC
ENCODING -1
SWIDTH 559 0
DWIDTH 13 0
BBX 13 18 0 0
BITMAP
3200
1300
1900
0880
0480
0200
0700
0700
0700
0D80
0D80
08C0
18C0
1FC0
1060
3060
2030
F8F8
ENDCHAR
STARTCHAR acircumflex.SC
ENCODING -1
SWIDTH 559 0
DWIDTH 13 0
BBX 13 18 0 0
BITMAP
0300
0700
0D80
08C0
1040
0200
0700
0700
0700
0D80
0D80
08C0
18C0
1FC0
1060
3060
2030
F8F8
ENDCHAR
STARTCHAR uni1EAD.SC
ENCODING -1
SWIDTH 559 0
DWIDTH 13 0
BBX 13 23 0 -5
BITMAP
0300
0700
0D80
08C0
1040
0200
0700
0700
0700
0D80
0D80
08C0
18C0
1FC0
1060
3060
2030
F8F8
0000
0000
0300
0300
0200
ENDCHAR
STARTCHAR acircumflex.2StorySlantItalic.SC
ENCODING -1
SWIDTH 559 0
DWIDTH 13 0
BBX 13 18 0 0
BITMAP
0300
0700
0D80
08C0
1040
0200
0700
0700
0700
0D80
0D80
08C0
18C0
1FC0
1060
3060
2030
F8F8
ENDCHAR
STARTCHAR uni1EAD.2StorySlantItalic.SC
ENCODING -1
SWIDTH 559 0
DWIDTH 13 0
BBX 13 23 0 -5
BITMAP
0300
0700
0D80
08C0
1040
0200
0700
0700
0700
0D80
0D80
08C0
18C0
1FC0
1060
3060
2030
F8F8
0000
0000
0300
0300
0200
ENDCHAR
STARTCHAR uni1EA5.SC
ENCODING -1
SWIDTH 559 0
DWIDTH 13 0
BBX 13 23 0 0
BITMAP
00C0
0180
0100
0300
0200
0700
0700
0D80
08C0
1040
0200
0700
0700
0700
0D80
0D80
08C0
18C0
1FC0
1060
3060
2030
F8F8
ENDCHAR
STARTCHAR uni1EA5.VN.SC
ENCODING -1
SWIDTH 559 0
DWIDTH 13 0
BBX 13 20 0 0
BITMAP
0030
0020
0340
0700
0D80
08C0
1040
0200
0700
0700
0700
0D80
0D80
08C0
18C0
1FC0
1060
3060
2030
F8F8
ENDCHAR
STARTCHAR uni1EA5.2StorySlantItalic.SC
ENCODING -1
SWIDTH 559 0
DWIDTH 13 0
BBX 13 23 0 0
BITMAP
00C0
0180
0100
0300
0200
0700
0700
0D80
08C0
1040
0200
0700
0700
0700
0D80
0D80
08C0
18C0
1FC0
1060
3060
2030
F8F8
ENDCHAR
STARTCHAR uni1EA5.2StorySlantItalic.VN.SC
ENCODING -1
SWIDTH 559 0
DWIDTH 13 0
BBX 13 20 0 0
BITMAP
0030
0020
0340
0700
0D80
08C0
1040
0200
0700
0700
0700
0D80
0D80
08C0
18C0
1FC0
1060
3060
2030
F8F8
ENDCHAR
STARTCHAR uni1EA7.SC
ENCODING -1
SWIDTH 559 0
DWIDTH 13 0
BBX 13 23 0 0
BITMAP
1800
0C00
0600
0200
0100
0300
0700
0D80
08C0
1040
0200
0700
0700
0700
0D80
0D80
08C0
18C0
1FC0
1060
3060
2030
F8F8
ENDCHAR
STARTCHAR uni1EA7.VN.SC
ENCODING -1
SWIDTH 559 0
DWIDTH 13 0
BBX 13 20 0 0
BITMAP
6000
2000
1300
0700
0D80
08C0
1040
0200
0700
0700
0700
0D80
0D80
08C0
18C0
1FC0
1060
3060
2030
F8F8
ENDCHAR
STARTCHAR uni1EA7.2StorySlantItalic.SC
ENCODING -1
SWIDTH 559 0
DWIDTH 13 0
BBX 13 23 0 0
BITMAP
1800
0C00
0600
0200
0100
0300
0700
0D80
08C0
1040
0200
0700
0700
0700
0D80
0D80
08C0
18C0
1FC0
1060
3060
2030
F8F8
ENDCHAR
STARTCHAR uni1EA7.2StorySlantItalic.VN.SC
ENCODING -1
SWIDTH 559 0
DWIDTH 13 0
BBX 13 20 0 0
BITMAP
6000
2000
1300
0700
0D80
08C0
1040
0200
0700
0700
0700
0D80
0D80
08C0
18C0
1FC0
1060
3060
2030
F8F8
ENDCHAR
STARTCHAR uni1EAB.SC
ENCODING -1
SWIDTH 559 0
DWIDTH 13 0
BBX 13 22 0 0
BITMAP
0E60
13C0
2180
0000
0300
0700
0D80
08C0
1040
0200
0700
0700
0700
0D80
0D80
08C0
18C0
1FC0
1060
3060
2030
F8F8
ENDCHAR
STARTCHAR uni1EAB.VN.SC
ENCODING -1
SWIDTH 559 0
DWIDTH 13 0
BBX 13 22 0 0
BITMAP
0C20
1E40
13C0
0180
0300
0700
0D80
08C0
1040
0200
0700
0700
0700
0D80
0D80
08C0
18C0
1FC0
1060
3060
2030
F8F8
ENDCHAR
STARTCHAR uni1EAB.2StorySlantItalic.VN.SC
ENCODING -1
SWIDTH 559 0
DWIDTH 13 0
BBX 13 22 0 0
BITMAP
0C20
1E40
13C0
0180
0300
0700
0D80
08C0
1040
0200
0700
0700
0700
0D80
0D80
08C0
18C0
1FC0
1060
3060
2030
F8F8
ENDCHAR
STARTCHAR uni1EAB.2StorySlantItalic.SC
ENCODING -1
SWIDTH 559 0
DWIDTH 13 0
BBX 13 22 0 0
BITMAP
0E60
13C0
2180
0000
0300
0700
0D80
08C0
1040
0200
0700
0700
0700
0D80
0D80
08C0
18C0
1FC0
1060
3060
2030
F8F8
ENDCHAR
STARTCHAR uni1EA9.SC
ENCODING -1
SWIDTH 559 0
DWIDTH 13 0
BBX 13 23 0 0
BITMAP
0200
0F00
0600
0C00
0200
0300
0700
0D80
08C0
1040
0200
0700
0700
0700
0D80
0D80
08C0
18C0
1FC0
1060
3060
2030
F8F8
ENDCHAR
STARTCHAR uni1EA9.VN.SC
ENCODING -1
SWIDTH 559 0
DWIDTH 13 0
BBX 13 21 0 0
BITMAP
0070
0098
0020
0340
0720
0D80
08C0
1040
0200
0700
0700
0700
0D80
0D80
08C0
18C0
1FC0
1060
3060
2030
F8F8
ENDCHAR
STARTCHAR uni1EA9.2StorySlantItalic.SC
ENCODING -1
SWIDTH 559 0
DWIDTH 13 0
BBX 13 23 0 0
BITMAP
0200
0F00
0600
0C00
0200
0300
0700
0D80
08C0
1040
0200
0700
0700
0700
0D80
0D80
08C0
18C0
1FC0
1060
3060
2030
F8F8
ENDCHAR
STARTCHAR uni1EA9.2StorySlantItalic.VN.SC
ENCODING -1
SWIDTH 559 0
DWIDTH 13 0
BBX 13 21 0 0
BITMAP
0070
0098
0020
0340
0720
0D80
08C0
1040
0200
0700
0700
0700
0D80
0D80
08C0
18C0
1FC0
1060
3060
2030
F8F8
ENDCHAR
STARTCHAR uni0203.2StorySlantItalic.SC
ENCODING -1
SWIDTH 559 0
DWIDTH 13 0
BBX 13 18 0 0
BITMAP
0700
0F80
18C0
1040
1040
0200
0700
0700
0700
0D80
0D80
08C0
18C0
1FC0
1060
3060
2030
F8F8
ENDCHAR
STARTCHAR abreve.SC
ENCODING -1
SWIDTH 559 0
DWIDTH 13 0
BBX 13 17 0 0
BITMAP
1040
18C0
0F80
0700
0200
0700
0700
0700
0D80
0D80
08C0
18C0
1FC0
1060
3060
2030
F8F8
ENDCHAR
STARTCHAR uni1EB7.SC
ENCODING -1
SWIDTH 559 0
DWIDTH 13 0
BBX 13 22 0 -5
BITMAP
1040
18C0
0F80
0700
0200
0700
0700
0700
0D80
0D80
08C0
18C0
1FC0
1060
3060
2030
F8F8
0000
0000
0300
0300
0200
ENDCHAR
STARTCHAR abreve.2StorySlantItalic.SC
ENCODING -1
SWIDTH 559 0
DWIDTH 13 0
BBX 13 17 0 0
BITMAP
1040
18C0
0F80
0700
0200
0700
0700
0700
0D80
0D80
08C0
18C0
1FC0
1060
3060
2030
F8F8
ENDCHAR
STARTCHAR uni1EB7.2StorySlantItalic.SC
ENCODING -1
SWIDTH 559 0
DWIDTH 13 0
BBX 13 22 0 -5
BITMAP
1040
18C0
0F80
0700
0200
0700
0700
0700
0D80
0D80
08C0
18C0
1FC0
1060
3060
2030
F8F8
0000
0000
0300
0300
0200
ENDCHAR
STARTCHAR uni1EAF.SC
ENCODING -1
SWIDTH 559 0
DWIDTH 13 0
BBX 13 22 0 0
BITMAP
00C0
0180
0100
0300
0200
1440
18C0
0F80
0700
0200
0700
0700
0700
0D80
0D80
08C0
18C0
1FC0
1060
3060
2030
F8F8
ENDCHAR
STARTCHAR uni1EAF.2StorySlantItalic.SC
ENCODING -1
SWIDTH 559 0
DWIDTH 13 0
BBX 13 22 0 0
BITMAP
00C0
0180
0100
0300
0200
1440
18C0
0F80
0700
0200
0700
0700
0700
0D80
0D80
08C0
18C0
1FC0
1060
3060
2030
F8F8
ENDCHAR
STARTCHAR uni1EAF.VN.SC
ENCODING -1
SWIDTH 559 0
DWIDTH 13 0
BBX 13 21 0 0
BITMAP
0180
0180
0300
0200
1440
18C0
0F80
0700
0200
0700
0700
0700
0D80
0D80
08C0
18C0
1FC0
1060
3060
2030
F8F8
ENDCHAR
STARTCHAR uni1EB1.SC
ENCODING -1
SWIDTH 559 0
DWIDTH 13 0
BBX 13 22 0 0
BITMAP
1800
0C00
0600
0200
0100
1040
18C0
0F80
0700
0200
0700
0700
0700
0D80
0D80
08C0
18C0
1FC0
1060
3060
2030
F8F8
ENDCHAR
STARTCHAR uni1EB1.2StorySlantItalic.SC
ENCODING -1
SWIDTH 559 0
DWIDTH 13 0
BBX 13 22 0 0
BITMAP
1800
0C00
0600
0200
0100
1040
18C0
0F80
0700
0200
0700
0700
0700
0D80
0D80
08C0
18C0
1FC0
1060
3060
2030
F8F8
ENDCHAR
STARTCHAR uni1EB1.VN.SC
ENCODING -1
SWIDTH 559 0
DWIDTH 13 0
BBX 13 21 0 0
BITMAP
0400
0C00
0600
0600
1340
18C0
0F80
0700
0200
0700
0700
0700
0D80
0D80
08C0
18C0
1FC0
1060
3060
2030
F8F8
ENDCHAR
STARTCHAR uni1EB5.SC
ENCODING -1
SWIDTH 559 0
DWIDTH 13 0
BBX 13 21 0 0
BITMAP
0E60
13C0
2180
0000
1040
18C0
0F80
0700
0200
0700
0700
0700
0D80
0D80
08C0
18C0
1FC0
1060
3060
2030
F8F8
ENDCHAR
STARTCHAR uni1EB5.VN.SC
ENCODING -1
SWIDTH 559 0
DWIDTH 13 0
BBX 13 21 0 0
BITMAP
0C20
1E40
13C0
0180
1040
18C0
0F80
0700
0200
0700
0700
0700
0D80
0D80
08C0
18C0
1FC0
1060
3060
2030
F8F8
ENDCHAR
STARTCHAR uni1EB5.2StorySlantItalic.SC
ENCODING -1
SWIDTH 559 0
DWIDTH 13 0
BBX 13 21 0 0
BITMAP
0E60
13C0
2180
0000
1040
18C0
0F80
0700
0200
0700
0700
0700
0D80
0D80
08C0
18C0
1FC0
1060
3060
2030
F8F8
ENDCHAR
STARTCHAR uni1EB3.SC
ENCODING -1
SWIDTH 559 0
DWIDTH 13 0
BBX 13 22 0 0
BITMAP
0200
0F00
0600
0C00
0200
1040
18C0
0F80
0700
0200
0700
0700
0700
0D80
0D80
08C0
18C0
1FC0
1060
3060
2030
F8F8
ENDCHAR
STARTCHAR uni1EB3.VN.SC
ENCODING -1
SWIDTH 559 0
DWIDTH 13 0
BBX 13 21 0 0
BITMAP
0200
0F00
0600
0C00
1E40
18C0
0F80
0700
0200
0700
0700
0700
0D80
0D80
08C0
18C0
1FC0
1060
3060
2030
F8F8
ENDCHAR
STARTCHAR uni1EB3.2StorySlantItalic.SC
ENCODING -1
SWIDTH 559 0
DWIDTH 13 0
BBX 13 22 0 0
BITMAP
0200
0F00
0600
0C00
0200
1040
18C0
0F80
0700
0200
0700
0700
0700
0D80
0D80
08C0
18C0
1FC0
1060
3060
2030
F8F8
ENDCHAR
STARTCHAR uni04D1.SC
ENCODING -1
SWIDTH 559 0
DWIDTH 13 0
BBX 13 16 0 0
BITMAP
1040
18C0
0F80
0200
0700
0700
0700
0D80
0D80
08C0
18C0
1FC0
1060
3060
2030
F8F8
ENDCHAR
STARTCHAR uni01CE.SC
ENCODING -1
SWIDTH 559 0
DWIDTH 13 0
BBX 13 18 0 0
BITMAP
1040
0880
0580
0300
0000
0200
0700
0700
0700
0D80
0D80
08C0
18C0
1FC0
1060
3060
2030
F8F8
ENDCHAR
STARTCHAR uni01CE.2StorySlantItalic.SC
ENCODING -1
SWIDTH 559 0
DWIDTH 13 0
BBX 13 18 0 0
BITMAP
1040
0880
0580
0300
0000
0200
0700
0700
0700
0D80
0D80
08C0
18C0
1FC0
1060
3060
2030
F8F8
ENDCHAR
STARTCHAR atilde.SC
ENCODING -1
SWIDTH 559 0
DWIDTH 13 0
BBX 13 17 0 0
BITMAP
0E60
13C0
2180
0000
0200
0700
0700
0700
0D80
0D80
08C0
18C0
1FC0
1060
3060
2030
F8F8
ENDCHAR
STARTCHAR amacron.SC
ENCODING -1
SWIDTH 559 0
DWIDTH 13 0
BBX 13 16 0 0
BITMAP
1FE0
1FC0
0000
0200
0700
0700
0700
0D80
0D80
08C0
18C0
1FC0
1060
3060
2030
F8F8
ENDCHAR
STARTCHAR amacron.2StorySlantItalic.SC
ENCODING -1
SWIDTH 559 0
DWIDTH 13 0
BBX 13 16 0 0
BITMAP
1FE0
1FC0
0000
0200
0700
0700
0700
0D80
0D80
08C0
18C0
1FC0
1060
3060
2030
F8F8
ENDCHAR
STARTCHAR adieresis.SC
ENCODING -1
SWIDTH 559 0
DWIDTH 13 0
BBX 13 17 0 0
BITMAP
18C0
18C0
1080
0000
0200
0700
0700
0700
0D80
0D80
08C0
18C0
1FC0
1060
3060
2030
F8F8
ENDCHAR
STARTCHAR uni04D3.SC
ENCODING -1
SWIDTH 559 0
DWIDTH 13 0
BBX 13 17 0 0
BITMAP
18C0
18C0
1080
0000
0200
0700
0700
0700
0D80
0D80
08C0
18C0
1FC0
1060
3060
2030
F8F8
ENDCHAR
STARTCHAR adieresis.2StorySlantItalic.SC
ENCODING -1
SWIDTH 559 0
DWIDTH 13 0
BBX 13 17 0 0
BITMAP
18C0
18C0
1080
0000
0200
0700
0700
0700
0D80
0D80
08C0
18C0
1FC0
1060
3060
2030
F8F8
ENDCHAR
STARTCHAR uni01DF.SC
ENCODING -1
SWIDTH 559 0
DWIDTH 13 0
BBX 13 20 0 0
BITMAP
1FE0
1FC0
0000
18C0
18C0
1080
0000
0200
0700
0700
0700
0D80
0D80
08C0
18C0
1FC0
1060
3060
2030
F8F8
ENDCHAR
STARTCHAR uni01DF.2StorySlantItalic.SC
ENCODING -1
SWIDTH 559 0
DWIDTH 13 0
BBX 13 20 0 0
BITMAP
1FE0
1FC0
0000
18C0
18C0
1080
0000
0200
0700
0700
0700
0D80
0D80
08C0
18C0
1FC0
1060
3060
2030
F8F8
ENDCHAR
STARTCHAR uni0227.SC
ENCODING -1
SWIDTH 559 0
DWIDTH 13 0
BBX 13 17 0 0
BITMAP
0300
0300
0200
0000
0200
0700
0700
0700
0D80
0D80
08C0
18C0
1FC0
1060
3060
2030
F8F8
ENDCHAR
STARTCHAR uni0227.2StorySlantItalic.SC
ENCODING -1
SWIDTH 559 0
DWIDTH 13 0
BBX 13 17 0 0
BITMAP
0300
0300
0200
0000
0200
0700
0700
0700
0D80
0D80
08C0
18C0
1FC0
1060
3060
2030
F8F8
ENDCHAR
STARTCHAR uni01E1.SC
ENCODING -1
SWIDTH 559 0
DWIDTH 13 0
BBX 13 20 0 0
BITMAP
1FE0
1FC0
0000
0300
0300
0200
0000
0200
0700
0700
0700
0D80
0D80
08C0
18C0
1FC0
1060
3060
2030
F8F8
ENDCHAR
STARTCHAR uni01E1.2StorySlantItalic.SC
ENCODING -1
SWIDTH 559 0
DWIDTH 13 0
BBX 13 20 0 0
BITMAP
1FE0
1FC0
0000
0300
0300
0200
0000
0200
0700
0700
0700
0D80
0D80
08C0
18C0
1FC0
1060
3060
2030
F8F8
ENDCHAR
STARTCHAR aring.SC
ENCODING -1
SWIDTH 559 0
DWIDTH 13 0
BBX 13 18 0 0
BITMAP
0300
0780
0780
0700
0700
0200
0700
0700
0700
0D80
0D80
08C0
18C0
1FC0
1060
3060
2030
F8F8
ENDCHAR
STARTCHAR aring.2StorySlantItalic.SC
ENCODING -1
SWIDTH 559 0
DWIDTH 13 0
BBX 13 18 0 0
BITMAP
0300
0780
0780
0700
0700
0200
0700
0700
0700
0D80
0D80
08C0
18C0
1FC0
1060
3060
2030
F8F8
ENDCHAR
STARTCHAR aringacute.SC
ENCODING -1
SWIDTH 559 0
DWIDTH 13 0
BBX 13 23 0 0
BITMAP
00C0
0180
0100
0300
0200
0700
0780
0780
0700
0700
0200
0700
0700
0700
0D80
0D80
08C0
18C0
1FC0
1060
3060
2030
F8F8
ENDCHAR
STARTCHAR aringacute.2StorySlantItalic.SC
ENCODING -1
SWIDTH 559 0
DWIDTH 13 0
BBX 13 23 0 0
BITMAP
00C0
0180
0100
0300
0200
0700
0780
0780
0700
0700
0200
0700
0700
0700
0D80
0D80
08C0
18C0
1FC0
1060
3060
2030
F8F8
ENDCHAR
STARTCHAR uni1E9A.SC
ENCODING -1
SWIDTH 559 0
DWIDTH 13 0
BBX 13 18 0 0
BITMAP
0300
0300
0180
0300
0200
0200
0700
0700
0700
0D80
0D80
08C0
18C0
1FC0
1060
3060
2030
F8F8
ENDCHAR
STARTCHAR uni1E9A.2StorySlantItalic.SC
ENCODING -1
SWIDTH 559 0
DWIDTH 13 0
BBX 13 18 0 0
BITMAP
0300
0300
0180
0300
0200
0200
0700
0700
0700
0D80
0D80
08C0
18C0
1FC0
1060
3060
2030
F8F8
ENDCHAR
STARTCHAR uni1EA3.SC
ENCODING -1
SWIDTH 559 0
DWIDTH 13 0
BBX 13 18 0 0
BITMAP
0200
0F00
0600
0C00
0200
0200
0700
0700
0700
0D80
0D80
08C0
18C0
1FC0
1060
3060
2030
F8F8
ENDCHAR
STARTCHAR uni1EA3.2StorySlantItalic.SC
ENCODING -1
SWIDTH 559 0
DWIDTH 13 0
BBX 13 18 0 0
BITMAP
0200
0F00
0600
0C00
0200
0200
0700
0700
0700
0D80
0D80
08C0
18C0
1FC0
1060
3060
2030
F8F8
ENDCHAR
STARTCHAR uni1EA1.SC
ENCODING -1
SWIDTH 559 0
DWIDTH 13 0
BBX 13 18 0 -5
BITMAP
0200
0700
0700
0700
0D80
0D80
08C0
18C0
1FC0
1060
3060
2030
F8F8
0000
0000
0300
0300
0200
ENDCHAR
STARTCHAR uni1E01.SC
ENCODING -1
SWIDTH 559 0
DWIDTH 13 0
BBX 13 19 0 -6
BITMAP
0200
0700
0700
0700
0D80
0D80
08C0
18C0
1FC0
1060
3060
2030
F8F8
0000
0300
0780
0780
0700
0700
ENDCHAR
STARTCHAR uni1E01.2StorySlantItalic.SC
ENCODING -1
SWIDTH 559 0
DWIDTH 13 0
BBX 13 19 0 -6
BITMAP
0200
0700
0700
0700
0D80
0D80
08C0
18C0
1FC0
1060
3060
2030
F8F8
0000
0300
0780
0780
0700
0700
ENDCHAR
STARTCHAR aogonek.SC
ENCODING -1
SWIDTH 559 0
DWIDTH 13 0
BBX 14 18 0 -5
BITMAP
0300
0300
0700
0780
0580
0CC0
0CC0
18E0
1FE0
1060
3030
2030
F87C
0020
0060
00C0
00C8
0070
ENDCHAR
STARTCHAR aogonek.RetroHookStyle.SC
ENCODING -1
SWIDTH 559 0
DWIDTH 13 0
BBX 13 19 0 -6
BITMAP
0200
0700
0700
0700
0D80
0D80
08C0
18C0
1FC0
1060
3060
2030
FBF8
0300
0300
0300
0370
0320
01C0
ENDCHAR
STARTCHAR uni2C65.SC
ENCODING -1
SWIDTH 569 0
DWIDTH 14 0
BBX 13 16 0 -2
BITMAP
0010
0220
0360
0740
07C0
0D80
0D80
09C0
1AC0
1FE0
1460
3C60
3830
F8F8
3000
2000
ENDCHAR
STARTCHAR atilde.2StorySlantItalic.SC
ENCODING -1
SWIDTH 559 0
DWIDTH 13 0
BBX 13 17 0 0
BITMAP
0E60
13C0
2180
0000
0200
0700
0700
0700
0D80
0D80
08C0
18C0
1FC0
1060
3060
2030
F8F8
ENDCHAR
STARTCHAR uni1EA1.2StorySlantItalic.SC
ENCODING -1
SWIDTH 559 0
DWIDTH 13 0
BBX 13 18 0 -5
BITMAP
0200
0700
0700
0700
0D80
0D80
08C0
18C0
1FC0
1060
3060
2030
F8F8
0000
0000
0300
0300
0200
ENDCHAR
STARTCHAR uniA733.SC
ENCODING -1
SWIDTH 917 0
DWIDTH 22 0
BBX 22 13 0 0
BITMAP
020100
070300
070380
058780
0D8580
098CC0
08CCC0
18C8E0
1FDFE0
307060
307030
203030
F8F87C
ENDCHAR
STARTCHAR uniA735.SC
ENCODING -1
SWIDTH 876 0
DWIDTH 21 0
BBX 20 13 0 0
BITMAP
020000
030F80
0730C0
05A060
05E030
0DC030
08C030
18C030
1FE030
106060
3070E0
203FC0
F81F00
ENDCHAR
STARTCHAR uni0250.SC
ENCODING -1
SWIDTH 550 0
DWIDTH 13 0
BBX 13 12 0 0
BITMAP
F8F8
2020
3060
3040
1FC0
1880
0880
0D80
0D00
0700
0700
0200
ENDCHAR
STARTCHAR uni0250.2StorySlantItalic.SC
ENCODING -1
SWIDTH 550 0
DWIDTH 13 0
BBX 13 12 0 0
BITMAP
F8F8
2020
3060
3040
1FC0
1880
0880
0D80
0D00
0700
0700
0200
ENDCHAR
STARTCHAR uni0251.SC
ENCODING -1
SWIDTH 580 0
DWIDTH 14 0
BBX 13 13 1 0
BITMAP
0020
0FA0
3FE0
70E0
6060
C060
C060
C060
C060
E060
71E0
3F60
1E78
ENDCHAR
STARTCHAR uni2C65.2StorySlantItalic.SC
ENCODING -1
SWIDTH 569 0
DWIDTH 14 0
BBX 13 16 0 -2
BITMAP
0010
0220
0360
0740
07C0
0D80
0D80
09C0
1AC0
1FE0
1460
3C60
3830
F8F8
3000
2000
ENDCHAR
STARTCHAR a.SngStory.SC
ENCODING -1
SWIDTH 559 0
DWIDTH 13 0
BBX 13 13 0 0
BITMAP
0200
0700
0700
0700
0D80
0D80
08C0
18C0
1FC0
1060
3060
2030
F8F8
ENDCHAR
STARTCHAR a.SngStory.SlantItalic.SC
ENCODING -1
SWIDTH 559 0
DWIDTH 13 0
BBX 13 13 0 0
BITMAP
0200
0700
0700
0700
0D80
0D80
08C0
18C0
1FC0
1060
3060
2030
F8F8
ENDCHAR
STARTCHAR uni2C65.SngStory.SlantItalic.SC
ENCODING -1
SWIDTH 569 0
DWIDTH 14 0
BBX 13 16 0 -2
BITMAP
0010
0220
0360
0740
07C0
0D80
0D80
09C0
1AC0
1FE0
1460
3C60
3830
F8F8
3000
2000
ENDCHAR
STARTCHAR aacute.SngStory.SC
ENCODING -1
SWIDTH 559 0
DWIDTH 13 0
BBX 13 18 0 0
BITMAP
00C0
0180
0100
0300
0200
0600
0700
0700
0700
0D80
0D80
08C0
18C0
1FC0
1060
3060
2030
F8F8
ENDCHAR
STARTCHAR uni1EA5.SngStory.VN.SC
ENCODING -1
SWIDTH 559 0
DWIDTH 13 0
BBX 13 20 0 0
BITMAP
0030
0020
0340
0700
0D80
08C0
1040
0200
0700
0700
0700
0D80
0D80
08C0
18C0
1FC0
1060
3060
2030
F8F8
ENDCHAR
STARTCHAR uni1EA5.SngStory.SlantItalic.VN.SC
ENCODING -1
SWIDTH 559 0
DWIDTH 13 0
BBX 13 20 0 0
BITMAP
0030
0020
0340
0700
0D80
08C0
1040
0200
0700
0700
0700
0D80
0D80
08C0
18C0
1FC0
1060
3060
2030
F8F8
ENDCHAR
STARTCHAR uni1EA7.SngStory.VN.SC
ENCODING -1
SWIDTH 559 0
DWIDTH 13 0
BBX 13 20 0 0
BITMAP
6000
2000
1300
0700
0D80
08C0
1040
0200
0700
0700
0700
0D80
0D80
08C0
18C0
1FC0
1060
3060
2030
F8F8
ENDCHAR
STARTCHAR uni1EA7.SngStory.SlantItalic.VN.SC
ENCODING -1
SWIDTH 559 0
DWIDTH 13 0
BBX 13 20 0 0
BITMAP
6000
2000
1300
0700
0D80
08C0
1040
0200
0700
0700
0700
0D80
0D80
08C0
18C0
1FC0
1060
3060
2030
F8F8
ENDCHAR
STARTCHAR uni1EAB.SngStory.VN.SC
ENCODING -1
SWIDTH 559 0
DWIDTH 13 0
BBX 13 22 0 0
BITMAP
0C20
1E40
13C0
0180
0300
0700
0D80
08C0
1040
0200
0700
0700
0700
0D80
0D80
08C0
18C0
1FC0
1060
3060
2030
F8F8
ENDCHAR
STARTCHAR uni1EAB.SngStory.SlantItalic.VN.SC
ENCODING -1
SWIDTH 559 0
DWIDTH 13 0
BBX 13 22 0 0
BITMAP
0C20
1E40
13C0
0180
0300
0700
0D80
08C0
1040
0200
0700
0700
0700
0D80
0D80
08C0
18C0
1FC0
1060
3060
2030
F8F8
ENDCHAR
STARTCHAR uni1EA9.SngStory.VN.SC
ENCODING -1
SWIDTH 559 0
DWIDTH 13 0
BBX 13 21 0 0
BITMAP
0070
0098
0020
0340
0720
0D80
08C0
1040
0200
0700
0700
0700
0D80
0D80
08C0
18C0
1FC0
1060
3060
2030
F8F8
ENDCHAR
STARTCHAR uni1EA9.SngStory.SlantItalic.VN.SC
ENCODING -1
SWIDTH 559 0
DWIDTH 13 0
BBX 13 21 0 0
BITMAP
0070
0098
0020
0340
0720
0D80
08C0
1040
0200
0700
0700
0700
0D80
0D80
08C0
18C0
1FC0
1060
3060
2030
F8F8
ENDCHAR
STARTCHAR uni1EAF.SngStory.VN.SC
ENCODING -1
SWIDTH 559 0
DWIDTH 13 0
BBX 13 21 0 0
BITMAP
0180
0180
0300
0200
1440
18C0
0F80
0700
0200
0700
0700
0700
0D80
0D80
08C0
18C0
1FC0
1060
3060
2030
F8F8
ENDCHAR
STARTCHAR uni1EAF.SngStory.SlantItalic.VN.SC
ENCODING -1
SWIDTH 559 0
DWIDTH 13 0
BBX 13 21 0 0
BITMAP
0180
0180
0300
0200
1440
18C0
0F80
0700
0200
0700
0700
0700
0D80
0D80
08C0
18C0
1FC0
1060
3060
2030
F8F8
ENDCHAR
STARTCHAR uni1EB1.SngStory.VN.SC
ENCODING -1
SWIDTH 559 0
DWIDTH 13 0
BBX 13 21 0 0
BITMAP
0400
0C00
0600
0600
1340
18C0
0F80
0700
0200
0700
0700
0700
0D80
0D80
08C0
18C0
1FC0
1060
3060
2030
F8F8
ENDCHAR
STARTCHAR uni1EB1.SngStory.SlantItalic.VN.SC
ENCODING -1
SWIDTH 559 0
DWIDTH 13 0
BBX 13 21 0 0
BITMAP
0400
0C00
0600
0600
1340
18C0
0F80
0700
0200
0700
0700
0700
0D80
0D80
08C0
18C0
1FC0
1060
3060
2030
F8F8
ENDCHAR
STARTCHAR uni1EB5.SngStory.VN.SC
ENCODING -1
SWIDTH 559 0
DWIDTH 13 0
BBX 13 21 0 0
BITMAP
0C20
1E40
13C0
0180
1040
18C0
0F80
0700
0200
0700
0700
0700
0D80
0D80
08C0
18C0
1FC0
1060
3060
2030
F8F8
ENDCHAR
STARTCHAR uni1EB5.SngStory.SlantItalic.VN.SC
ENCODING -1
SWIDTH 559 0
DWIDTH 13 0
BBX 13 21 0 0
BITMAP
0C20
1E40
13C0
0180
1040
18C0
0F80
0700
0200
0700
0700
0700
0D80
0D80
08C0
18C0
1FC0
1060
3060
2030
F8F8
ENDCHAR
STARTCHAR uni1EB3.SngStory.VN.SC
ENCODING -1
SWIDTH 559 0
DWIDTH 13 0
BBX 13 21 0 0
BITMAP
0200
0F00
0600
0C00
1E40
18C0
0F80
0700
0200
0700
0700
0700
0D80
0D80
08C0
18C0
1FC0
1060
3060
2030
F8F8
ENDCHAR
STARTCHAR uni1EB3.SngStory.SlantItalic.VN.SC
ENCODING -1
SWIDTH 559 0
DWIDTH 13 0
BBX 13 21 0 0
BITMAP
0200
0F00
0600
0C00
1E40
18C0
0F80
0700
0200
0700
0700
0700
0D80
0D80
08C0
18C0
1FC0
1060
3060
2030
F8F8
ENDCHAR
STARTCHAR atilde.SngStory.SlantItalic.SC
ENCODING -1
SWIDTH 559 0
DWIDTH 13 0
BBX 13 17 0 0
BITMAP
0E60
13C0
2180
0000
0200
0700
0700
0700
0D80
0D80
08C0
18C0
1FC0
1060
3060
2030
F8F8
ENDCHAR
STARTCHAR uni2C65.SngStory.SC
ENCODING -1
SWIDTH 569 0
DWIDTH 14 0
BBX 13 16 0 -2
BITMAP
0010
0220
0360
0740
07C0
0D80
0D80
09C0
1AC0
1FE0
1460
3C60
3830
F8F8
3000
2000
ENDCHAR
STARTCHAR aacute.SngStory.SlantItalic.SC
ENCODING -1
SWIDTH 559 0
DWIDTH 13 0
BBX 13 18 0 0
BITMAP
00C0
0180
0100
0300
0200
0600
0700
0700
0700
0D80
0D80
08C0
18C0
1FC0
1060
3060
2030
F8F8
ENDCHAR
STARTCHAR agrave.SngStory.SC
ENCODING -1
SWIDTH 559 0
DWIDTH 13 0
BBX 13 18 0 0
BITMAP
1800
0C00
0600
0200
0100
0200
0700
0700
0700
0D80
0D80
08C0
18C0
1FC0
1060
3060
2030
F8F8
ENDCHAR
STARTCHAR agrave.SngStory.SlantItalic.SC
ENCODING -1
SWIDTH 559 0
DWIDTH 13 0
BBX 13 18 0 0
BITMAP
1800
0C00
0600
0200
0100
0200
0700
0700
0700
0D80
0D80
08C0
18C0
1FC0
1060
3060
2030
F8F8
ENDCHAR
STARTCHAR uni0201.SngStory.SC
ENCODING -1
SWIDTH 559 0
DWIDTH 13 0
BBX 13 18 0 0
BITMAP
3200
1300
1900
0880
0480
0200
0700
0700
0700
0D80
0D80
08C0
18C0
1FC0
1060
3060
2030
F8F8
ENDCHAR
STARTCHAR uni0201.SngStory.SlantItalic.SC
ENCODING -1
SWIDTH 559 0
DWIDTH 13 0
BBX 13 18 0 0
BITMAP
3200
1300
1900
0880
0480
0200
0700
0700
0700
0D80
0D80
08C0
18C0
1FC0
1060
3060
2030
F8F8
ENDCHAR
STARTCHAR acircumflex.SngStory.SC
ENCODING -1
SWIDTH 559 0
DWIDTH 13 0
BBX 13 18 0 0
BITMAP
0300
0700
0D80
08C0
1040
0200
0700
0700
0700
0D80
0D80
08C0
18C0
1FC0
1060
3060
2030
F8F8
ENDCHAR
STARTCHAR acircumflex.SngStory.SlantItalic.SC
ENCODING -1
SWIDTH 559 0
DWIDTH 13 0
BBX 13 18 0 0
BITMAP
0300
0700
0D80
08C0
1040
0200
0700
0700
0700
0D80
0D80
08C0
18C0
1FC0
1060
3060
2030
F8F8
ENDCHAR
STARTCHAR uni1EAD.SngStory.SC
ENCODING -1
SWIDTH 559 0
DWIDTH 13 0
BBX 13 23 0 -5
BITMAP
0300
0700
0D80
08C0
1040
0200
0700
0700
0700
0D80
0D80
08C0
18C0
1FC0
1060
3060
2030
F8F8
0000
0000
0300
0300
0200
ENDCHAR
STARTCHAR uni1EAD.SngStory.SlantItalic.SC
ENCODING -1
SWIDTH 559 0
DWIDTH 13 0
BBX 13 23 0 -5
BITMAP
0300
0700
0D80
08C0
1040
0200
0700
0700
0700
0D80
0D80
08C0
18C0
1FC0
1060
3060
2030
F8F8
0000
0000
0300
0300
0200
ENDCHAR
STARTCHAR uni1EA5.SngStory.SC
ENCODING -1
SWIDTH 559 0
DWIDTH 13 0
BBX 13 23 0 0
BITMAP
00C0
0180
0100
0300
0200
0700
0700
0D80
08C0
1040
0200
0700
0700
0700
0D80
0D80
08C0
18C0
1FC0
1060
3060
2030
F8F8
ENDCHAR
STARTCHAR uni1EA5.SngStory.SlantItalic.SC
ENCODING -1
SWIDTH 559 0
DWIDTH 13 0
BBX 13 23 0 0
BITMAP
00C0
0180
0100
0300
0200
0700
0700
0D80
08C0
1040
0200
0700
0700
0700
0D80
0D80
08C0
18C0
1FC0
1060
3060
2030
F8F8
ENDCHAR
STARTCHAR uni1EA7.SngStory.SC
ENCODING -1
SWIDTH 559 0
DWIDTH 13 0
BBX 13 23 0 0
BITMAP
1800
0C00
0600
0200
0100
0300
0700
0D80
08C0
1040
0200
0700
0700
0700
0D80
0D80
08C0
18C0
1FC0
1060
3060
2030
F8F8
ENDCHAR
STARTCHAR uni1EA7.SngStory.SlantItalic.SC
ENCODING -1
SWIDTH 559 0
DWIDTH 13 0
BBX 13 23 0 0
BITMAP
1800
0C00
0600
0200
0100
0300
0700
0D80
08C0
1040
0200
0700
0700
0700
0D80
0D80
08C0
18C0
1FC0
1060
3060
2030
F8F8
ENDCHAR
STARTCHAR uni1EAB.SngStory.SC
ENCODING -1
SWIDTH 559 0
DWIDTH 13 0
BBX 13 22 0 0
BITMAP
0E60
13C0
2180
0000
0300
0700
0D80
08C0
1040
0200
0700
0700
0700
0D80
0D80
08C0
18C0
1FC0
1060
3060
2030
F8F8
ENDCHAR
STARTCHAR uni1EAB.SngStory.SlantItalic.SC
ENCODING -1
SWIDTH 559 0
DWIDTH 13 0
BBX 13 22 0 0
BITMAP
0E60
13C0
2180
0000
0300
0700
0D80
08C0
1040
0200
0700
0700
0700
0D80
0D80
08C0
18C0
1FC0
1060
3060
2030
F8F8
ENDCHAR
STARTCHAR uni1EA9.SngStory.SC
ENCODING -1
SWIDTH 559 0
DWIDTH 13 0
BBX 13 23 0 0
BITMAP
0200
0F00
0600
0C00
0200
0300
0700
0D80
08C0
1040
0200
0700
0700
0700
0D80
0D80
08C0
18C0
1FC0
1060
3060
2030
F8F8
ENDCHAR
STARTCHAR uni1EA9.SngStory.SlantItalic.SC
ENCODING -1
SWIDTH 559 0
DWIDTH 13 0
BBX 13 23 0 0
BITMAP
0200
0F00
0600
0C00
0200
0300
0700
0D80
08C0
1040
0200
0700
0700
0700
0D80
0D80
08C0
18C0
1FC0
1060
3060
2030
F8F8
ENDCHAR
STARTCHAR uni0203.SC
ENCODING -1
SWIDTH 559 0
DWIDTH 13 0
BBX 13 18 0 0
BITMAP
0700
0F80
18C0
1040
1040
0200
0700
0700
0700
0D80
0D80
08C0
18C0
1FC0
1060
3060
2030
F8F8
ENDCHAR
STARTCHAR uni0203.SngStory.SC
ENCODING -1
SWIDTH 559 0
DWIDTH 13 0
BBX 13 18 0 0
BITMAP
0700
0F80
18C0
1040
1040
0200
0700
0700
0700
0D80
0D80
08C0
18C0
1FC0
1060
3060
2030
F8F8
ENDCHAR
STARTCHAR uni0203.SngStory.SlantItalic.SC
ENCODING -1
SWIDTH 559 0
DWIDTH 13 0
BBX 13 18 0 0
BITMAP
0700
0F80
18C0
1040
1040
0200
0700
0700
0700
0D80
0D80
08C0
18C0
1FC0
1060
3060
2030
F8F8
ENDCHAR
STARTCHAR abreve.SngStory.SC
ENCODING -1
SWIDTH 559 0
DWIDTH 13 0
BBX 13 17 0 0
BITMAP
1040
18C0
0F80
0700
0200
0700
0700
0700
0D80
0D80
08C0
18C0
1FC0
1060
3060
2030
F8F8
ENDCHAR
STARTCHAR uni1EB7.SngStory.SC
ENCODING -1
SWIDTH 559 0
DWIDTH 13 0
BBX 13 22 0 -5
BITMAP
1040
18C0
0F80
0700
0200
0700
0700
0700
0D80
0D80
08C0
18C0
1FC0
1060
3060
2030
F8F8
0000
0000
0300
0300
0200
ENDCHAR
STARTCHAR abreve.SngStory.SlantItalic.SC
ENCODING -1
SWIDTH 559 0
DWIDTH 13 0
BBX 13 17 0 0
BITMAP
1040
18C0
0F80
0700
0200
0700
0700
0700
0D80
0D80
08C0
18C0
1FC0
1060
3060
2030
F8F8
ENDCHAR
STARTCHAR uni1EB7.SngStory.SlantItalic.SC
ENCODING -1
SWIDTH 559 0
DWIDTH 13 0
BBX 13 22 0 -5
BITMAP
1040
18C0
0F80
0700
0200
0700
0700
0700
0D80
0D80
08C0
18C0
1FC0
1060
3060
2030
F8F8
0000
0000
0300
0300
0200
ENDCHAR
STARTCHAR uni1EAF.SngStory.SC
ENCODING -1
SWIDTH 559 0
DWIDTH 13 0
BBX 13 22 0 0
BITMAP
00C0
0180
0100
0300
0200
1440
18C0
0F80
0700
0200
0700
0700
0700
0D80
0D80
08C0
18C0
1FC0
1060
3060
2030
F8F8
ENDCHAR
STARTCHAR uni1EAF.SngStory.SlantItalic.SC
ENCODING -1
SWIDTH 559 0
DWIDTH 13 0
BBX 13 22 0 0
BITMAP
00C0
0180
0100
0300
0200
1440
18C0
0F80
0700
0200
0700
0700
0700
0D80
0D80
08C0
18C0
1FC0
1060
3060
2030
F8F8
ENDCHAR
STARTCHAR uni1EB1.SngStory.SC
ENCODING -1
SWIDTH 559 0
DWIDTH 13 0
BBX 13 22 0 0
BITMAP
1800
0C00
0600
0200
0100
1040
18C0
0F80
0700
0200
0700
0700
0700
0D80
0D80
08C0
18C0
1FC0
1060
3060
2030
F8F8
ENDCHAR
STARTCHAR uni1EB1.SngStory.SlantItalic.SC
ENCODING -1
SWIDTH 559 0
DWIDTH 13 0
BBX 13 22 0 0
BITMAP
1800
0C00
0600
0200
0100
1040
18C0
0F80
0700
0200
0700
0700
0700
0D80
0D80
08C0
18C0
1FC0
1060
3060
2030
F8F8
ENDCHAR
STARTCHAR uni1EB5.SngStory.SC
ENCODING -1
SWIDTH 559 0
DWIDTH 13 0
BBX 13 21 0 0
BITMAP
0E60
13C0
2180
0000
1040
18C0
0F80
0700
0200
0700
0700
0700
0D80
0D80
08C0
18C0
1FC0
1060
3060
2030
F8F8
ENDCHAR
STARTCHAR uni1EB5.SngStory.SlantItalic.SC
ENCODING -1
SWIDTH 559 0
DWIDTH 13 0
BBX 13 21 0 0
BITMAP
0E60
13C0
2180
0000
1040
18C0
0F80
0700
0200
0700
0700
0700
0D80
0D80
08C0
18C0
1FC0
1060
3060
2030
F8F8
ENDCHAR
STARTCHAR uni1EB3.SngStory.SC
ENCODING -1
SWIDTH 559 0
DWIDTH 13 0
BBX 13 22 0 0
BITMAP
0200
0F00
0600
0C00
0200
1040
18C0
0F80
0700
0200
0700
0700
0700
0D80
0D80
08C0
18C0
1FC0
1060
3060
2030
F8F8
ENDCHAR
STARTCHAR uni1EB3.SngStory.SlantItalic.SC
ENCODING -1
SWIDTH 559 0
DWIDTH 13 0
BBX 13 22 0 0
BITMAP
0200
0F00
0600
0C00
0200
1040
18C0
0F80
0700
0200
0700
0700
0700
0D80
0D80
08C0
18C0
1FC0
1060
3060
2030
F8F8
ENDCHAR
STARTCHAR uni01CE.SngStory.SC
ENCODING -1
SWIDTH 559 0
DWIDTH 13 0
BBX 13 18 0 0
BITMAP
1040
0880
0580
0300
0000
0200
0700
0700
0700
0D80
0D80
08C0
18C0
1FC0
1060
3060
2030
F8F8
ENDCHAR
STARTCHAR uni01CE.SngStory.SlantItalic.SC
ENCODING -1
SWIDTH 559 0
DWIDTH 13 0
BBX 13 18 0 0
BITMAP
1040
0880
0580
0300
0000
0200
0700
0700
0700
0D80
0D80
08C0
18C0
1FC0
1060
3060
2030
F8F8
ENDCHAR
STARTCHAR atilde.SngStory.SC
ENCODING -1
SWIDTH 559 0
DWIDTH 13 0
BBX 13 17 0 0
BITMAP
0E60
13C0
2180
0000
0200
0700
0700
0700
0D80
0D80
08C0
18C0
1FC0
1060
3060
2030
F8F8
ENDCHAR
STARTCHAR amacron.SngStory.SC
ENCODING -1
SWIDTH 559 0
DWIDTH 13 0
BBX 13 16 0 0
BITMAP
1FE0
1FC0
0000
0200
0700
0700
0700
0D80
0D80
08C0
18C0
1FC0
1060
3060
2030
F8F8
ENDCHAR
STARTCHAR amacron.SngStory.SlantItalic.SC
ENCODING -1
SWIDTH 559 0
DWIDTH 13 0
BBX 13 16 0 0
BITMAP
1FE0
1FC0
0000
0200
0700
0700
0700
0D80
0D80
08C0
18C0
1FC0
1060
3060
2030
F8F8
ENDCHAR
STARTCHAR adieresis.SngStory.SC
ENCODING -1
SWIDTH 559 0
DWIDTH 13 0
BBX 13 17 0 0
BITMAP
18C0
18C0
1080
0000
0200
0700
0700
0700
0D80
0D80
08C0
18C0
1FC0
1060
3060
2030
F8F8
ENDCHAR
STARTCHAR adieresis.SngStory.SlantItalic.SC
ENCODING -1
SWIDTH 559 0
DWIDTH 13 0
BBX 13 17 0 0
BITMAP
18C0
18C0
1080
0000
0200
0700
0700
0700
0D80
0D80
08C0
18C0
1FC0
1060
3060
2030
F8F8
ENDCHAR
STARTCHAR uni01DF.SngStory.SC
ENCODING -1
SWIDTH 559 0
DWIDTH 13 0
BBX 13 20 0 0
BITMAP
1FE0
1FC0
0000
18C0
18C0
1080
0000
0200
0700
0700
0700
0D80
0D80
08C0
18C0
1FC0
1060
3060
2030
F8F8
ENDCHAR
STARTCHAR uni01DF.SngStory.SlantItalic.SC
ENCODING -1
SWIDTH 559 0
DWIDTH 13 0
BBX 13 20 0 0
BITMAP
1FE0
1FC0
0000
18C0
18C0
1080
0000
0200
0700
0700
0700
0D80
0D80
08C0
18C0
1FC0
1060
3060
2030
F8F8
ENDCHAR
STARTCHAR uni0227.SngStory.SC
ENCODING -1
SWIDTH 559 0
DWIDTH 13 0
BBX 13 17 0 0
BITMAP
0300
0300
0200
0000
0200
0700
0700
0700
0D80
0D80
08C0
18C0
1FC0
1060
3060
2030
F8F8
ENDCHAR
STARTCHAR uni0227.SngStory.SlantItalic.SC
ENCODING -1
SWIDTH 559 0
DWIDTH 13 0
BBX 13 17 0 0
BITMAP
0300
0300
0200
0000
0200
0700
0700
0700
0D80
0D80
08C0
18C0
1FC0
1060
3060
2030
F8F8
ENDCHAR
STARTCHAR uni01E1.SngStory.SC
ENCODING -1
SWIDTH 559 0
DWIDTH 13 0
BBX 13 20 0 0
BITMAP
1FE0
1FC0
0000
0300
0300
0200
0000
0200
0700
0700
0700
0D80
0D80
08C0
18C0
1FC0
1060
3060
2030
F8F8
ENDCHAR
STARTCHAR uni01E1.SngStory.SlantItalic.SC
ENCODING -1
SWIDTH 559 0
DWIDTH 13 0
BBX 13 20 0 0
BITMAP
1FE0
1FC0
0000
0300
0300
0200
0000
0200
0700
0700
0700
0D80
0D80
08C0
18C0
1FC0
1060
3060
2030
F8F8
ENDCHAR
STARTCHAR aring.SngStory.SC
ENCODING -1
SWIDTH 559 0
DWIDTH 13 0
BBX 13 18 0 0
BITMAP
0300
0780
0780
0700
0700
0200
0700
0700
0700
0D80
0D80
08C0
18C0
1FC0
1060
3060
2030
F8F8
ENDCHAR
STARTCHAR aring.SngStory.SlantItalic.SC
ENCODING -1
SWIDTH 559 0
DWIDTH 13 0
BBX 13 18 0 0
BITMAP
0300
0780
0780
0700
0700
0200
0700
0700
0700
0D80
0D80
08C0
18C0
1FC0
1060
3060
2030
F8F8
ENDCHAR
STARTCHAR aringacute.SngStory.SC
ENCODING -1
SWIDTH 559 0
DWIDTH 13 0
BBX 13 23 0 0
BITMAP
00C0
0180
0100
0300
0200
0700
0780
0780
0700
0700
0200
0700
0700
0700
0D80
0D80
08C0
18C0
1FC0
1060
3060
2030
F8F8
ENDCHAR
STARTCHAR aringacute.SngStory.SlantItalic.SC
ENCODING -1
SWIDTH 559 0
DWIDTH 13 0
BBX 13 23 0 0
BITMAP
00C0
0180
0100
0300
0200
0700
0780
0780
0700
0700
0200
0700
0700
0700
0D80
0D80
08C0
18C0
1FC0
1060
3060
2030
F8F8
ENDCHAR
STARTCHAR uni1E9A.SngStory.SC
ENCODING -1
SWIDTH 559 0
DWIDTH 13 0
BBX 13 18 0 0
BITMAP
0300
0300
0180
0300
0200
0200
0700
0700
0700
0D80
0D80
08C0
18C0
1FC0
1060
3060
2030
F8F8
ENDCHAR
STARTCHAR uni1E9A.SngStory.SlantItalic.SC
ENCODING -1
SWIDTH 559 0
DWIDTH 13 0
BBX 13 18 0 0
BITMAP
0300
0300
0180
0300
0200
0200
0700
0700
0700
0D80
0D80
08C0
18C0
1FC0
1060
3060
2030
F8F8
ENDCHAR
STARTCHAR uni1EA3.SngStory.SC
ENCODING -1
SWIDTH 559 0
DWIDTH 13 0
BBX 13 18 0 0
BITMAP
0200
0F00
0600
0C00
0200
0200
0700
0700
0700
0D80
0D80
08C0
18C0
1FC0
1060
3060
2030
F8F8
ENDCHAR
STARTCHAR uni1EA3.SngStory.SlantItalic.SC
ENCODING -1
SWIDTH 559 0
DWIDTH 13 0
BBX 13 18 0 0
BITMAP
0200
0F00
0600
0C00
0200
0200
0700
0700
0700
0D80
0D80
08C0
18C0
1FC0
1060
3060
2030
F8F8
ENDCHAR
STARTCHAR uni1EA1.SngStory.SC
ENCODING -1
SWIDTH 559 0
DWIDTH 13 0
BBX 13 18 0 -5
BITMAP
0200
0700
0700
0700
0D80
0D80
08C0
18C0
1FC0
1060
3060
2030
F8F8
0000
0000
0300
0300
0200
ENDCHAR
STARTCHAR uni1EA1.SngStory.SlantItalic.SC
ENCODING -1
SWIDTH 559 0
DWIDTH 13 0
BBX 13 18 0 -5
BITMAP
0200
0700
0700
0700
0D80
0D80
08C0
18C0
1FC0
1060
3060
2030
F8F8
0000
0000
0300
0300
0200
ENDCHAR
STARTCHAR uni1E01.SngStory.SC
ENCODING -1
SWIDTH 559 0
DWIDTH 13 0
BBX 13 19 0 -6
BITMAP
0200
0700
0700
0700
0D80
0D80
08C0
18C0
1FC0
1060
3060
2030
F8F8
0000
0300
0780
0780
0700
0700
ENDCHAR
STARTCHAR uni1E01.SngStory.SlantItalic.SC
ENCODING -1
SWIDTH 559 0
DWIDTH 13 0
BBX 13 19 0 -6
BITMAP
0200
0700
0700
0700
0D80
0D80
08C0
18C0
1FC0
1060
3060
2030
F8F8
0000
0300
0780
0780
0700
0700
ENDCHAR
STARTCHAR aogonek.SngStory.SC
ENCODING -1
SWIDTH 559 0
DWIDTH 13 0
BBX 14 18 0 -5
BITMAP
0300
0300
0700
0780
0580
0CC0
0CC0
18E0
1FE0
1060
3030
2030
F87C
0020
0060
00C0
00C8
0070
ENDCHAR
STARTCHAR aogonek.SngStory.RetroHookStyle.SC
ENCODING -1
SWIDTH 559 0
DWIDTH 13 0
BBX 13 19 0 -6
BITMAP
0200
0700
0700
0700
0D80
0D80
08C0
18C0
1FC0
1060
3060
2030
FBF8
0300
0300
0300
0370
0320
01C0
ENDCHAR
STARTCHAR uni0252.SC
ENCODING -1
SWIDTH 580 0
DWIDTH 14 0
BBX 13 13 0 0
BITMAP
F3C0
3FE0
3C70
3030
3018
3018
3018
3018
3018
3030
3C70
3FE0
2780
ENDCHAR
STARTCHAR ae.SC
ENCODING -1
SWIDTH 731 0
DWIDTH 18 0
BBX 17 12 0 0
BITMAP
0FFF00
02C100
06C200
04C000
0CC000
0FFE00
18C400
18C000
30C000
30C100
60C180
F3FF00
ENDCHAR
STARTCHAR ae.2StorySlantItalic.SC
ENCODING -1
SWIDTH 731 0
DWIDTH 18 0
BBX 17 12 0 0
BITMAP
0FFF00
02C100
06C200
04C000
0CC000
0FFE00
18C400
18C000
30C000
30C100
60C180
F3FF00
ENDCHAR
STARTCHAR uni04D5.SC
ENCODING -1
SWIDTH 731 0
DWIDTH 18 0
BBX 17 12 0 0
BITMAP
0FFF00
02C100
06C200
04C000
0CC000
0FFE00
18C400
18C000
30C000
30C100
60C180
F3FF00
ENDCHAR
STARTCHAR aeacute.SC
ENCODING -1
SWIDTH 731 0
DWIDTH 18 0
BBX 17 18 0 0
BITMAP
001C00
001800
003000
002000
004000
000000
0FFF00
02C100
06C200
04C000
0CC000
0FFE00
18C400
18C000
30C000
30C100
60C180
F3FF00
ENDCHAR
STARTCHAR aeacute.2StorySlantItalic.SC
ENCODING -1
SWIDTH 731 0
DWIDTH 18 0
BBX 17 18 0 0
BITMAP
001C00
001800
003000
002000
004000
000000
0FFF00
02C100
06C200
04C000
0CC000
0FFE00
18C400
18C000
30C000
30C100
60C180
F3FF00
ENDCHAR
STARTCHAR uni01E3.SC
ENCODING -1
SWIDTH 731 0
DWIDTH 18 0
BBX 17 16 0 0
BITMAP
01FC00
03FC00
000000
000000
0FFF00
02C100
06C200
04C000
0CC000
0FFE00
18C400
18C000
30C000
30C100
60C180
F3FF00
ENDCHAR
STARTCHAR uni01E3.2StorySlantItalic.SC
ENCODING -1
SWIDTH 731 0
DWIDTH 18 0
BBX 17 16 0 0
BITMAP
01FC00
03FC00
000000
000000
0FFF00
02C100
06C200
04C000
0CC000
0FFE00
18C400
18C000
30C000
30C100
60C180
F3FF00
ENDCHAR
STARTCHAR uniF247.SC
ENCODING -1
SWIDTH 831 0
DWIDTH 20 0
BBX 18 17 1 -4
BITMAP
03F800
0E4E00
18C300
31C180
61E180
41A0C0
C320C0
C330C0
C3F0C0
C618C0
C41880
6C0980
7E1F00
380000
3E0700
0FFC00
03F000
ENDCHAR
STARTCHAR b.SC
ENCODING -1
SWIDTH 516 0
DWIDTH 12 0
BBX 11 13 0 0
BITMAP
FF00
3180
30C0
30C0
30C0
3180
3F80
30C0
3060
3060
3060
30C0
FF80
ENDCHAR
STARTCHAR uni1E03.SC
ENCODING -1
SWIDTH 516 0
DWIDTH 12 0
BBX 11 17 0 0
BITMAP
0600
0600
0600
0000
FF00
3180
30C0
30C0
30C0
3180
3F80
30C0
3060
3060
3060
30C0
FF80
ENDCHAR
STARTCHAR uni1E07.SC
ENCODING -1
SWIDTH 516 0
DWIDTH 12 0
BBX 11 17 0 -4
BITMAP
FF00
3180
30C0
30C0
30C0
3180
3F80
30C0
3060
3060
3060
30C0
FF80
0000
0000
3FC0
3F80
ENDCHAR
STARTCHAR uni1E05.SC
ENCODING -1
SWIDTH 516 0
DWIDTH 12 0
BBX 11 18 0 -5
BITMAP
FF00
3180
30C0
30C0
30C0
3180
3F80
30C0
3060
3060
3060
30C0
FF80
0000
0000
0600
0600
0600
ENDCHAR
STARTCHAR uni0180.BarBowl.SC
ENCODING -1
SWIDTH 526 0
DWIDTH 12 0
BBX 11 13 0 0
BITMAP
FF00
3180
30C0
30C0
30C0
3180
3F80
30C0
3060
FE60
3060
30C0
FF80
ENDCHAR
STARTCHAR uni0180.SC
ENCODING -1
SWIDTH 526 0
DWIDTH 12 0
BBX 11 13 0 0
BITMAP
FF00
3180
30C0
30C0
30C0
3180
3F80
30C0
3060
FE60
3060
30C0
FF80
ENDCHAR
STARTCHAR uni0253.SC
ENCODING -1
SWIDTH 622 0
DWIDTH 14 0
BBX 13 13 0 0
BITMAP
3FC0
6660
C630
E630
0630
0660
07E0
0630
0618
0618
0618
0630
1FE0
ENDCHAR
STARTCHAR uni0185.SC
ENCODING -1
SWIDTH 516 0
DWIDTH 12 0
BBX 11 13 0 0
BITMAP
1000
3000
3000
7000
F000
3000
3F80
30C0
3060
3060
3060
30C0
FF80
ENDCHAR
STARTCHAR uni0183.SC
ENCODING -1
SWIDTH 516 0
DWIDTH 12 0
BBX 11 12 0 0
BITMAP
FFC0
3040
3040
3000
3000
3F80
30C0
3060
3060
3060
30C0
FF80
ENDCHAR
STARTCHAR uni0431.SC
ENCODING -1
SWIDTH 516 0
DWIDTH 12 0
BBX 11 12 0 0
BITMAP
FFC0
3080
3080
3000
3000
3F80
30C0
3060
3060
3060
30C0
FF80
ENDCHAR
STARTCHAR uni0431.Serb.SC
ENCODING -1
SWIDTH 516 0
DWIDTH 12 0
BBX 11 12 0 0
BITMAP
FFC0
3080
3080
3000
3000
3F80
30C0
3060
3060
3060
30C0
FF80
ENDCHAR
STARTCHAR uni044C.SC
ENCODING -1
SWIDTH 507 0
DWIDTH 12 0
BBX 11 12 0 0
BITMAP
FC00
3000
3000
3000
3000
3F80
30C0
3060
3060
3060
30C0
FF80
ENDCHAR
STARTCHAR uni048D.SC
ENCODING -1
SWIDTH 526 0
DWIDTH 13 0
BBX 12 14 0 0
BITMAP
3000
3000
FC00
3000
3000
3000
3000
3FC0
30E0
3030
3030
3030
3060
FFC0
ENDCHAR
STARTCHAR uni044A.SC
ENCODING -1
SWIDTH 634 0
DWIDTH 15 0
BBX 14 12 0 0
BITMAP
FF80
8600
8600
8600
0600
07F0
0638
060C
060C
060C
0618
1FF0
ENDCHAR
STARTCHAR uni04F9.SC
ENCODING -1
SWIDTH 702 0
DWIDTH 16 0
BBX 16 17 0 0
BITMAP
0420
0630
0420
0000
0000
FC3F
300C
300C
300C
300C
3F8C
31CC
306C
306C
306C
30CC
FFBF
ENDCHAR
STARTCHAR uni0463.SC
ENCODING -1
SWIDTH 601 0
DWIDTH 14 0
BBX 13 13 0 0
BITMAP
3F00
0C00
FFE0
8C60
8C20
0C00
0FE0
0C30
0C18
0C18
0C18
0C30
3FE0
ENDCHAR
STARTCHAR uni044B.SC
ENCODING -1
SWIDTH 702 0
DWIDTH 16 0
BBX 16 12 0 0
BITMAP
FC3F
300C
300C
300C
300C
3F8C
31CC
306C
306C
306C
30CC
FFBF
ENDCHAR
STARTCHAR uni0432.SC
ENCODING -1
SWIDTH 516 0
DWIDTH 12 0
BBX 11 13 0 0
BITMAP
FF00
3180
30C0
30C0
30C0
3180
3F80
30C0
3060
3060
3060
30C0
FF80
ENDCHAR
STARTCHAR uni0253.TopBar.SC
ENCODING -1
SWIDTH 516 0
DWIDTH 12 0
BBX 11 12 0 0
BITMAP
FFC0
3040
3040
3000
3000
3F80
30C0
3060
3060
3060
30C0
FF80
ENDCHAR
STARTCHAR c.SC
ENCODING -1
SWIDTH 503 0
DWIDTH 12 0
BBX 11 12 1 0
BITMAP
0FC0
30C0
6000
4000
C000
C000
C000
C000
E040
70E0
3F80
1F00
ENDCHAR
STARTCHAR uni0441.SC
ENCODING -1
SWIDTH 503 0
DWIDTH 12 0
BBX 11 12 1 0
BITMAP
0FC0
30C0
6000
4000
C000
C000
C000
C000
E040
70E0
3F80
1F00
ENDCHAR
STARTCHAR cacute.SC
ENCODING -1
SWIDTH 503 0
DWIDTH 12 0
BBX 11 18 1 0
BITMAP
0180
0380
0300
0600
0400
0000
0FC0
30C0
6000
4000
C000
C000
C000
C000
E040
70E0
3F80
1F00
ENDCHAR
STARTCHAR ccircumflex.SC
ENCODING -1
SWIDTH 503 0
DWIDTH 12 0
BBX 11 18 1 0
BITMAP
0600
0E00
1B00
1180
2080
0000
0FC0
30C0
6000
4000
C000
C000
C000
C000
E040
70E0
3F80
1F00
ENDCHAR
STARTCHAR ccaron.SC
ENCODING -1
SWIDTH 503 0
DWIDTH 12 0
BBX 11 18 1 0
BITMAP
2080
1180
0B00
0600
0000
0000
0FC0
30C0
6000
4000
C000
C000
C000
C000
E040
70E0
3F80
1F00
ENDCHAR
STARTCHAR cdotaccent.SC
ENCODING -1
SWIDTH 503 0
DWIDTH 12 0
BBX 11 17 1 0
BITMAP
0600
0600
0400
0000
0000
0FC0
30C0
6000
4000
C000
C000
C000
C000
E040
70E0
3F80
1F00
ENDCHAR
STARTCHAR ccedilla.SC
ENCODING -1
SWIDTH 503 0
DWIDTH 12 0
BBX 10 17 1 -5
BITMAP
0FC0
30C0
6000
6000
C000
C000
C000
C000
C000
6080
7180
3E00
0800
0400
0E00
0600
1800
ENDCHAR
STARTCHAR uni1E09.SC
ENCODING -1
SWIDTH 503 0
DWIDTH 12 0
BBX 10 24 1 -5
BITMAP
0180
0300
0200
0400
0C00
0000
0000
0FC0
30C0
6000
6000
C000
C000
C000
C000
C000
6080
7180
1E00
0800
0C00
0600
0600
1800
ENDCHAR
STARTCHAR uni04AB.SC
ENCODING -1
SWIDTH 513 0
DWIDTH 12 0
BBX 10 16 1 -4
BITMAP
0F80
3180
6000
4000
C000
C000
C000
C000
C000
6000
70C0
3F00
0C00
0600
0600
3C00
ENDCHAR
STARTCHAR uni023C.SC
ENCODING -1
SWIDTH 513 0
DWIDTH 12 0
BBX 11 16 1 -2
BITMAP
0020
0040
0FC0
3080
6100
6200
C200
C400
C800
C800
D040
70C0
7F80
5E00
4000
8000
ENDCHAR
STARTCHAR uni0188.SC
ENCODING -1
SWIDTH 503 0
DWIDTH 12 0
BBX 15 15 1 0
BITMAP
001C
003C
0066
0FC0
30C0
6000
4000
C000
C000
C000
C000
E040
70E0
3F80
1F00
ENDCHAR
STARTCHAR uni0254.SC
ENCODING -1
SWIDTH 503 0
DWIDTH 12 0
BBX 10 12 1 0
BITMAP
3E00
C300
0180
01C0
00C0
00C0
00C0
60C0
C080
C180
E300
7E00
ENDCHAR
STARTCHAR uni0254.TopSerif.SC
ENCODING -1
SWIDTH 503 0
DWIDTH 12 0
BBX 11 12 0 0
BITMAP
7E00
6180
00C0
0040
0060
0060
0060
0060
80E0
61C0
3F80
1F00
ENDCHAR
STARTCHAR uni0454.SC
ENCODING -1
SWIDTH 509 0
DWIDTH 12 0
BBX 10 12 1 0
BITMAP
0FC0
30C0
6040
4000
C000
FF80
C000
C000
E040
70C0
3FC0
1F00
ENDCHAR
STARTCHAR uni044D.SC
ENCODING -1
SWIDTH 525 0
DWIDTH 13 0
BBX 10 12 2 0
BITMAP
7E00
C380
8180
00C0
00C0
3FC0
00C0
00C0
0080
8180
C300
FC00
ENDCHAR
STARTCHAR uni04ED.SC
ENCODING -1
SWIDTH 525 0
DWIDTH 13 0
BBX 10 17 2 0
BITMAP
4200
C600
C600
0000
0000
7E00
C380
8180
00C0
00C0
3FC0
00C0
00C0
0080
8180
C300
FC00
ENDCHAR
STARTCHAR uni044D.MongolStyle.SC
ENCODING -1
SWIDTH 535 0
DWIDTH 13 0
BBX 10 12 2 0
BITMAP
7E00
C380
8180
00C0
1CC0
3FC0
26C0
40C0
0080
8180
C300
FC00
ENDCHAR
STARTCHAR d.SC
ENCODING -1
SWIDTH 557 0
DWIDTH 13 0
BBX 12 13 0 0
BITMAP
7F00
B1C0
3060
3070
3030
3030
3030
3030
3030
3060
3060
30C0
FF00
ENDCHAR
STARTCHAR uni0501.SC
ENCODING -1
SWIDTH 526 0
DWIDTH 13 0
BBX 12 12 1 0
BITMAP
03F0
00C0
00C0
00C0
00C0
1FC0
60C0
C0C0
C0C0
C0C0
60C0
3FF0
ENDCHAR
STARTCHAR uni0503.SC
ENCODING -1
SWIDTH 747 0
DWIDTH 18 0
BBX 17 12 1 0
BITMAP
07E000
018000
018000
018000
018000
3F8000
618000
C19F80
C18600
C18600
61C400
3E7800
ENDCHAR
STARTCHAR dcaron.Caron.SC
ENCODING -1
SWIDTH 566 0
DWIDTH 14 0
BBX 13 17 0 0
BITMAP
10C0
1980
0F00
0600
7F80
B0E0
3070
3030
3018
3018
3018
3018
3018
3030
3030
30E0
FF80
ENDCHAR
STARTCHAR uni1E0B.SC
ENCODING -1
SWIDTH 557 0
DWIDTH 13 0
BBX 12 17 0 0
BITMAP
0600
0600
0600
0000
7F00
B1C0
3060
3070
3030
3030
3030
3030
3030
3060
3060
30C0
FF00
ENDCHAR
STARTCHAR uni1E13.SC
ENCODING -1
SWIDTH 557 0
DWIDTH 13 0
BBX 12 19 0 -6
BITMAP
7F00
B1C0
3060
3070
3030
3030
3030
3030
3030
3060
3060
30C0
FF00
0000
0000
0600
0F00
1980
3040
ENDCHAR
STARTCHAR uni1E0F.SC
ENCODING -1
SWIDTH 557 0
DWIDTH 13 0
BBX 12 17 0 -4
BITMAP
7F00
B1C0
3060
3070
3030
3030
3030
3030
3030
3060
3060
30C0
FF00
0000
0000
3FC0
3FC0
ENDCHAR
STARTCHAR uni1E0D.SC
ENCODING -1
SWIDTH 557 0
DWIDTH 13 0
BBX 12 18 0 -5
BITMAP
7F00
B1C0
3060
3070
3030
3030
3030
3030
3030
3060
3060
30C0
FF00
0000
0000
0600
0600
0600
ENDCHAR
STARTCHAR uni1E11.SC
ENCODING -1
SWIDTH 557 0
DWIDTH 13 0
BBX 12 19 0 -6
BITMAP
7F00
B1C0
3060
3070
3030
3030
3030
3030
3030
3060
3060
30C0
FF00
0000
0600
0E00
0300
0200
0400
ENDCHAR
STARTCHAR dcaron.SC
ENCODING -1
SWIDTH 557 0
DWIDTH 13 0
BBX 12 18 0 0
BITMAP
2040
1880
0D00
0600
0000
7F00
B1C0
3060
3070
3030
3030
3030
3030
3030
3060
3060
30C0
FF00
ENDCHAR
STARTCHAR dcroat.BarBowl.SC
ENCODING -1
SWIDTH 557 0
DWIDTH 13 0
BBX 12 13 0 0
BITMAP
7F00
B1C0
3060
3070
3030
3030
FE30
3030
3030
3060
3060
30C0
FF00
ENDCHAR
STARTCHAR dcroat.SC
ENCODING -1
SWIDTH 557 0
DWIDTH 13 0
BBX 12 13 0 0
BITMAP
7F00
B1C0
3060
3070
3030
3030
FE30
3030
3030
3060
3060
30C0
FF00
ENDCHAR
STARTCHAR uni0257.SC
ENCODING -1
SWIDTH 662 0
DWIDTH 16 0
BBX 15 13 0 0
BITMAP
1FE0
E638
C60C
E60C
0606
0606
0606
0606
0606
060C
060C
0618
1FE0
ENDCHAR
STARTCHAR uni018C.SC
ENCODING -1
SWIDTH 516 0
DWIDTH 12 0
BBX 11 12 1 0
BITMAP
7FE0
4180
4180
0180
0180
3F80
6180
C180
C180
C180
6180
3FE0
ENDCHAR
STARTCHAR uni01F3.SC
ENCODING -1
SWIDTH 1048 0
DWIDTH 25 0
BBX 24 13 0 0
BITMAP
7F0000
B1C1FF
306106
30710E
30300C
303018
303038
303030
303060
3060C0
3061C1
30C181
FF03FF
ENDCHAR
STARTCHAR uni01C6.SC
ENCODING -1
SWIDTH 1048 0
DWIDTH 25 0
BBX 24 18 0 0
BITMAP
000082
000044
000028
000038
000000
7F0000
B1C1FF
306106
30710E
30300C
303018
303038
303030
303060
3060C0
3061C1
30C181
FF03FF
ENDCHAR
STARTCHAR eth.SC
ENCODING -1
SWIDTH 557 0
DWIDTH 13 0
BBX 12 13 0 0
BITMAP
7F00
B1C0
3060
3070
3030
3030
FE30
3030
3030
3060
3060
30C0
FF00
ENDCHAR
STARTCHAR uni01F2.SC
ENCODING -1
SWIDTH 1048 0
DWIDTH 25 0
BBX 24 13 0 0
BITMAP
7F0000
B1C1FF
306106
30710E
30300C
303018
303038
303030
303060
3060C0
3061C1
30C181
FF03FF
ENDCHAR
STARTCHAR uni01C5.SC
ENCODING -1
SWIDTH 1048 0
DWIDTH 25 0
BBX 24 18 0 0
BITMAP
000082
000044
000028
000038
000000
7F0000
B1C1FF
306106
30710E
30300C
303018
303038
303030
303060
3060C0
3061C1
30C181
FF03FF
ENDCHAR
STARTCHAR uni01C5.LP.SC
ENCODING -1
SWIDTH 1048 0
DWIDTH 25 0
BBX 24 18 0 0
BITMAP
000082
000044
000038
000038
000000
7F0000
B1C1FF
306106
30710E
30300C
303018
303038
303030
303060
3060C0
3061C1
30C181
FF03FF
ENDCHAR
STARTCHAR e.SC
ENCODING -1
SWIDTH 466 0
DWIDTH 11 0
BBX 10 12 0 0
BITMAP
FFC0
30C0
3080
3000
3000
3F80
3100
3000
3000
3040
3040
FFC0
ENDCHAR
STARTCHAR uni0435.SC
ENCODING -1
SWIDTH 466 0
DWIDTH 11 0
BBX 11 12 0 0
BITMAP
FFC0
3040
3040
3000
3000
3F80
3100
3000
3000
3060
3040
FFC0
ENDCHAR
STARTCHAR eacute.SC
ENCODING -1
SWIDTH 466 0
DWIDTH 11 0
BBX 10 18 0 0
BITMAP
0180
0300
0200
0400
0C00
0000
FFC0
30C0
3080
3000
3000
3F80
3100
3000
3000
3040
3040
FFC0
ENDCHAR
STARTCHAR egrave.SC
ENCODING -1
SWIDTH 466 0
DWIDTH 11 0
BBX 10 18 0 0
BITMAP
3000
1800
0C00
0400
0200
0000
FFC0
30C0
3080
3000
3000
3F80
3100
3000
3000
3040
3040
FFC0
ENDCHAR
STARTCHAR uni0450.SC
ENCODING -1
SWIDTH 466 0
DWIDTH 11 0
BBX 11 18 0 0
BITMAP
3000
1800
0C00
0400
0200
0000
FFC0
3040
3040
3000
3000
3F80
3100
3000
3000
3060
3040
FFC0
ENDCHAR
STARTCHAR uni0205.SC
ENCODING -1
SWIDTH 466 0
DWIDTH 11 0
BBX 10 18 0 0
BITMAP
6400
2E00
3200
1300
0900
0000
FFC0
30C0
3080
3000
3000
3F80
3100
3000
3000
3040
3040
FFC0
ENDCHAR
STARTCHAR ecircumflex.SC
ENCODING -1
SWIDTH 466 0
DWIDTH 11 0
BBX 10 18 0 0
BITMAP
0600
0E00
1B00
3180
2080
0000
FFC0
30C0
3080
3000
3000
3F80
3100
3000
3000
3040
3040
FFC0
ENDCHAR
STARTCHAR uni1EBF.SC
ENCODING -1
SWIDTH 466 0
DWIDTH 11 0
BBX 10 23 0 0
BITMAP
0180
0300
0200
0400
0C00
0600
0E00
1B00
3180
2080
0000
FFC0
30C0
3080
3000
3000
3F80
3100
3000
3000
3040
3040
FFC0
ENDCHAR
STARTCHAR uni1EBF.VN.SC
ENCODING -1
SWIDTH 466 0
DWIDTH 11 0
BBX 11 20 0 0
BITMAP
0060
0040
0680
0E00
1B00
3180
2080
0000
FFC0
30C0
3080
3000
3000
3F80
3100
3000
3000
3040
3040
FFC0
ENDCHAR
STARTCHAR uni1EC1.SC
ENCODING -1
SWIDTH 466 0
DWIDTH 11 0
BBX 10 23 0 0
BITMAP
3000
1800
0C00
0400
0200
0600
0E00
1B00
3180
2080
0000
FFC0
30C0
3080
3000
3000
3F80
3100
3000
3000
3040
3040
FFC0
ENDCHAR
STARTCHAR uni1EC1.VN.SC
ENCODING -1
SWIDTH 466 0
DWIDTH 11 0
BBX 10 20 0 0
BITMAP
C000
4000
2600
0E00
1B00
3180
2080
0000
FFC0
30C0
3080
3000
3000
3F80
3100
3000
3000
3040
3040
FFC0
ENDCHAR
STARTCHAR uni1EC5.SC
ENCODING -1
SWIDTH 466 0
DWIDTH 11 0
BBX 10 22 0 0
BITMAP
1CC0
2780
4300
0000
0600
0E00
1B00
3180
2080
0000
FFC0
30C0
3080
3000
3000
3F80
3100
3000
3000
3040
3040
FFC0
ENDCHAR
STARTCHAR uni1EC5.VN.SC
ENCODING -1
SWIDTH 466 0
DWIDTH 11 0
BBX 10 22 0 0
BITMAP
18C0
3C80
2780
0300
0600
0E00
1B00
3180
2080
0000
FFC0
30C0
3080
3000
3000
3F80
3100
3000
3000
3040
3040
FFC0
ENDCHAR
STARTCHAR uni1EC3.SC
ENCODING -1
SWIDTH 466 0
DWIDTH 11 0
BBX 10 23 0 0
BITMAP
0C00
1600
0C00
1800
0400
0600
0E00
1B00
3180
2080
0000
FFC0
30C0
3080
3000
3000
3F80
3100
3000
3000
3040
3040
FFC0
ENDCHAR
STARTCHAR uni1EC3.VN.SC
ENCODING -1
SWIDTH 466 0
DWIDTH 11 0
BBX 12 21 0 0
BITMAP
00E0
0170
0040
0680
0E40
1B00
3180
2080
0000
FFC0
30C0
3080
3000
3000
3F80
3100
3000
3000
3040
3040
FFC0
ENDCHAR
STARTCHAR uni1EC7.SC
ENCODING -1
SWIDTH 466 0
DWIDTH 11 0
BBX 10 23 0 -5
BITMAP
0600
0E00
1B00
3180
2080
0000
FFC0
30C0
3080
3000
3000
3F80
3100
3000
3000
3040
3040
FFC0
0000
0000
0400
0600
0400
ENDCHAR
STARTCHAR uni0207.SC
ENCODING -1
SWIDTH 466 0
DWIDTH 11 0
BBX 10 18 0 0
BITMAP
0E00
1F00
3180
2080
2080
0000
FFC0
30C0
3080
3000
3000
3F80
3100
3000
3000
3040
3040
FFC0
ENDCHAR
STARTCHAR ebreve.SC
ENCODING -1
SWIDTH 466 0
DWIDTH 11 0
BBX 10 17 0 0
BITMAP
2080
3180
1F00
0E00
0000
FFC0
30C0
3080
3000
3000
3F80
3100
3000
3000
3040
3040
FFC0
ENDCHAR
STARTCHAR uni04D7.SC
ENCODING -1
SWIDTH 466 0
DWIDTH 11 0
BBX 11 16 0 0
BITMAP
2080
3180
1F00
0000
FFC0
3040
3040
3000
3000
3F80
3100
3000
3000
3060
3040
FFC0
ENDCHAR
STARTCHAR ecaron.SC
ENCODING -1
SWIDTH 466 0
DWIDTH 11 0
BBX 10 18 0 0
BITMAP
2080
1100
0A00
0E00
0000
0000
FFC0
30C0
3080
3000
3000
3F80
3100
3000
3000
3040
3040
FFC0
ENDCHAR
STARTCHAR uni1EBD.SC
ENCODING -1
SWIDTH 466 0
DWIDTH 11 0
BBX 10 17 0 0
BITMAP
1CC0
2780
4300
0000
0000
FFC0
30C0
3080
3000
3000
3F80
3100
3000
3000
3040
3040
FFC0
ENDCHAR
STARTCHAR emacron.SC
ENCODING -1
SWIDTH 466 0
DWIDTH 11 0
BBX 10 16 0 0
BITMAP
3FC0
3F80
0000
0000
FFC0
30C0
3080
3000
3000
3F80
3100
3000
3000
3040
3040
FFC0
ENDCHAR
STARTCHAR uni1E17.SC
ENCODING -1
SWIDTH 466 0
DWIDTH 11 0
BBX 10 22 0 0
BITMAP
0180
0300
0200
0400
0C00
0000
3FC0
3F80
0000
0000
FFC0
30C0
3080
3000
3000
3F80
3100
3000
3000
3040
3040
FFC0
ENDCHAR
STARTCHAR uni1E15.SC
ENCODING -1
SWIDTH 466 0
DWIDTH 11 0
BBX 10 22 0 0
BITMAP
3000
1800
0C00
0400
0200
0000
3FC0
3F80
0000
0000
FFC0
30C0
3080
3000
3000
3F80
3100
3000
3000
3040
3040
FFC0
ENDCHAR
STARTCHAR edieresis.SC
ENCODING -1
SWIDTH 466 0
DWIDTH 11 0
BBX 10 17 0 0
BITMAP
2100
3180
2100
0000
0000
FFC0
30C0
3080
3000
3000
3F80
3100
3000
3000
3040
3040
FFC0
ENDCHAR
STARTCHAR uni0451.SC
ENCODING -1
SWIDTH 466 0
DWIDTH 11 0
BBX 11 17 0 0
BITMAP
2100
3180
2100
0000
0000
FFC0
3040
3040
3000
3000
3F80
3100
3000
3000
3060
3040
FFC0
ENDCHAR
STARTCHAR edotaccent.SC
ENCODING -1
SWIDTH 466 0
DWIDTH 11 0
BBX 10 17 0 0
BITMAP
0400
0600
0400
0000
0000
FFC0
30C0
3080
3000
3000
3F80
3100
3000
3000
3040
3040
FFC0
ENDCHAR
STARTCHAR uni1EBB.SC
ENCODING -1
SWIDTH 466 0
DWIDTH 11 0
BBX 10 18 0 0
BITMAP
0C00
1600
0C00
1800
0400
0000
FFC0
30C0
3080
3000
3000
3F80
3100
3000
3000
3040
3040
FFC0
ENDCHAR
STARTCHAR uni1E19.SC
ENCODING -1
SWIDTH 466 0
DWIDTH 11 0
BBX 10 18 0 -6
BITMAP
FFC0
30C0
3080
3000
3000
3F80
3100
3000
3000
3040
3040
FFC0
0000
0000
0E00
0F00
1100
2080
ENDCHAR
STARTCHAR uni1E1B.SC
ENCODING -1
SWIDTH 466 0
DWIDTH 11 0
BBX 10 17 0 -5
BITMAP
FFC0
30C0
3080
3000
3000
3F80
3100
3000
3000
3040
3040
FFC0
0000
0000
1CC0
2780
4300
ENDCHAR
STARTCHAR uni1EB9.SC
ENCODING -1
SWIDTH 466 0
DWIDTH 11 0
BBX 10 17 0 -5
BITMAP
FFC0
30C0
3080
3000
3000
3F80
3100
3000
3000
3040
3040
FFC0
0000
0000
0400
0600
0400
ENDCHAR
STARTCHAR uni0229.SC
ENCODING -1
SWIDTH 466 0
DWIDTH 11 0
BBX 10 17 0 -5
BITMAP
FFC0
30C0
3080
3000
3000
3F00
3200
3000
3000
3040
3040
FFC0
0800
0C00
0600
0600
0C00
ENDCHAR
STARTCHAR uni1E1D.SC
ENCODING -1
SWIDTH 466 0
DWIDTH 11 0
BBX 10 23 0 -5
BITMAP
2080
2080
3180
1F00
0E00
0000
FFC0
30C0
3080
3000
3000
3F00
3200
3000
3000
3040
3040
FFC0
0800
0C00
0600
0600
0C00
ENDCHAR
STARTCHAR eogonek.SC
ENCODING -1
SWIDTH 466 0
DWIDTH 11 0
BBX 10 17 0 -5
BITMAP
FFC0
30C0
3080
3000
3000
3F00
3200
3000
3000
3040
3040
FFC0
0100
0300
0600
0640
0380
ENDCHAR
STARTCHAR eogonek.RetroHookStyle.SC
ENCODING -1
SWIDTH 466 0
DWIDTH 11 0
BBX 11 18 0 -6
BITMAP
FFC0
30C0
3080
3000
3000
3F80
3100
3000
3000
3020
3020
FFE0
0600
0600
0600
0660
0660
03C0
ENDCHAR
STARTCHAR uni0247.SC
ENCODING -1
SWIDTH 476 0
DWIDTH 11 0
BBX 11 16 0 -2
BITMAP
0020
0060
FFC0
30C0
3080
3100
3300
3F80
3600
3C00
3800
3840
3040
FFC0
6000
4000
ENDCHAR
STARTCHAR uni04BD.SC
ENCODING -1
SWIDTH 639 0
DWIDTH 15 0
BBX 15 12 0 0
BITMAP
01F0
2318
E608
CC0C
CC0C
7FF8
0C00
0C00
0C00
0604
030E
01F0
ENDCHAR
STARTCHAR uni04BF.SC
ENCODING -1
SWIDTH 639 0
DWIDTH 15 0
BBX 15 16 0 -4
BITMAP
21F0
E718
CE0C
CC0C
7FFC
0C00
0C00
0C00
0E00
0604
038E
01F8
0060
0040
0040
0040
ENDCHAR
STARTCHAR uni0259.SC
ENCODING -1
SWIDTH 515 0
DWIDTH 12 0
BBX 10 12 1 0
BITMAP
3E00
C300
0180
00C0
00C0
00C0
7FC0
C0C0
C080
C180
6300
3E00
ENDCHAR
STARTCHAR uni04D9.SC
ENCODING -1
SWIDTH 515 0
DWIDTH 12 0
BBX 10 12 1 0
BITMAP
3E00
C300
0180
00C0
00C0
00C0
7FC0
C0C0
C080
C180
6300
3E00
ENDCHAR
STARTCHAR uni04DB.SC
ENCODING -1
SWIDTH 515 0
DWIDTH 12 0
BBX 10 17 1 0
BITMAP
2100
6300
6300
0000
0000
3E00
C300
0180
00C0
00C0
00C0
7FC0
C0C0
C080
C180
6300
3E00
ENDCHAR
STARTCHAR uni01DD.SC
ENCODING -1
SWIDTH 466 0
DWIDTH 11 0
BBX 10 12 1 0
BITMAP
7FC0
4300
8300
0300
0300
3F00
4300
0300
0300
8300
8300
FFC0
ENDCHAR
STARTCHAR uni025B.SC
ENCODING -1
SWIDTH 478 0
DWIDTH 11 0
BBX 10 12 1 0
BITMAP
1F80
61C0
C000
C000
E000
7C00
7000
C000
C080
E0C0
7F00
3E00
ENDCHAR
STARTCHAR uni0511.SC
ENCODING -1
SWIDTH 481 0
DWIDTH 12 0
BBX 9 12 1 0
BITMAP
1F00
6100
C100
C000
E000
3E00
E000
C000
C080
E180
7F80
3E00
ENDCHAR
STARTCHAR uni0437.SC
ENCODING -1
SWIDTH 472 0
DWIDTH 12 0
BBX 9 12 1 0
BITMAP
3E00
6380
4180
8180
0300
3F00
0380
0180
8180
C380
FF00
3C00
ENDCHAR
STARTCHAR uni04DF.SC
ENCODING -1
SWIDTH 472 0
DWIDTH 12 0
BBX 9 17 1 0
BITMAP
4200
C600
C600
0000
0000
3E00
6380
4180
8180
0300
3F00
0380
0180
8180
C380
FF00
3C00
ENDCHAR
STARTCHAR uni0499.SC
ENCODING -1
SWIDTH 481 0
DWIDTH 12 0
BBX 9 16 1 -4
BITMAP
3E00
6380
4180
8180
0300
3F00
0380
0180
4180
E380
7F00
3E00
0400
0600
0600
3C00
ENDCHAR
STARTCHAR uni0507.SC
ENCODING -1
SWIDTH 537 0
DWIDTH 13 0
BBX 10 16 2 -4
BITMAP
7C00
C700
8300
8300
0600
7C00
0600
0300
0300
0300
0300
03C0
00C0
0080
0080
0080
ENDCHAR
STARTCHAR uni0505.SC
ENCODING -1
SWIDTH 739 0
DWIDTH 18 0
BBX 16 12 2 0
BITMAP
7C00
C700
8300
8300
0600
7E3F
070C
030C
030C
030C
0388
00F0
ENDCHAR
STARTCHAR f.SC
ENCODING -1
SWIDTH 449 0
DWIDTH 11 0
BBX 10 12 0 0
BITMAP
FFC0
3040
3080
3000
3000
3F00
3200
3000
3000
3000
3000
FC00
ENDCHAR
STARTCHAR f.SlantItalic.SC
ENCODING -1
SWIDTH 449 0
DWIDTH 11 0
BBX 10 12 0 0
BITMAP
FFC0
3040
3080
3000
3000
3F00
3200
3000
3000
3000
3000
FC00
ENDCHAR
STARTCHAR uni1E1F.SC
ENCODING -1
SWIDTH 449 0
DWIDTH 11 0
BBX 10 17 0 0
BITMAP
0400
0C00
0C00
0000
0000
FFC0
3040
3080
3000
3000
3F00
3200
3000
3000
3000
3000
FC00
ENDCHAR
STARTCHAR uni1E1F.SlantItalic.SC
ENCODING -1
SWIDTH 449 0
DWIDTH 11 0
BBX 10 17 0 0
BITMAP
0400
0C00
0C00
0000
0000
FFC0
3040
3080
3000
3000
3F00
3200
3000
3000
3000
3000
FC00
ENDCHAR
STARTCHAR florin.SC
ENCODING -1
SWIDTH 449 0
DWIDTH 11 0
BBX 13 16 -3 -4
BITMAP
1FF8
0608
0610
0600
0600
07E0
0640
0600
0600
0600
0600
0600
0600
4C00
F800
7000
ENDCHAR
STARTCHAR f_i.SC
ENCODING -1
SWIDTH 729 0
DWIDTH 18 0
BBX 16 12 0 0
BITMAP
FFDF
3046
3086
3006
3006
3F06
3206
3006
3006
3006
3006
FC1F
ENDCHAR
STARTCHAR f_i.SlantItalic.SC
ENCODING -1
SWIDTH 729 0
DWIDTH 18 0
BBX 16 12 0 0
BITMAP
FFDF
3046
3086
3006
3006
3F06
3206
3006
3006
3006
3006
FC1F
ENDCHAR
STARTCHAR f_l.SC
ENCODING -1
SWIDTH 896 0
DWIDTH 22 0
BBX 21 12 0 0
BITMAP
FFDF00
304600
308600
300600
300600
3F0600
320600
300600
300600
300608
300608
FC1FF8
ENDCHAR
STARTCHAR f_l.SlantItalic.SC
ENCODING -1
SWIDTH 896 0
DWIDTH 22 0
BBX 21 12 0 0
BITMAP
FFDF00
304600
308600
300600
300600
3F0600
320600
300600
300600
300608
300608
FC1FF8
ENDCHAR
STARTCHAR f_f_i.SC
ENCODING -1
SWIDTH 1178 0
DWIDTH 28 0
BBX 27 12 0 0
BITMAP
FFDFFBE0
304610C0
308610C0
300600C0
300600C0
3F07E0C0
320640C0
300600C0
300600C0
300600C0
300600C0
FC1F83E0
ENDCHAR
STARTCHAR f_f_i.SlantItalic.SC
ENCODING -1
SWIDTH 1178 0
DWIDTH 28 0
BBX 27 12 0 0
BITMAP
FFDFFBE0
304610C0
308610C0
300600C0
300600C0
3F07E0C0
320640C0
300600C0
300600C0
300600C0
300600C0
FC1F83E0
ENDCHAR
STARTCHAR f_f_l.SC
ENCODING -1
SWIDTH 1345 0
DWIDTH 32 0
BBX 32 12 0 0
BITMAP
FFDFFBE0
304610C0
308610C0
300600C0
300600C0
3F07E0C0
320640C0
300600C0
300600C0
300600C1
300600C1
FC1F83FF
ENDCHAR
STARTCHAR f_f_l.SlantItalic.SC
ENCODING -1
SWIDTH 1345 0
DWIDTH 32 0
BBX 32 12 0 0
BITMAP
FFDFFBE0
304610C0
308610C0
300600C0
300600C0
3F07E0C0
320640C0
300600C0
300600C0
300600C1
300600C1
FC1F83FF
ENDCHAR
STARTCHAR f_f.SC
ENCODING -1
SWIDTH 898 0
DWIDTH 22 0
BBX 21 12 0 0
BITMAP
FFDFF8
304610
308610
300600
300600
3F07E0
320640
300600
300600
300600
300600
FC1F80
ENDCHAR
STARTCHAR f_f.SlantItalic.SC
ENCODING -1
SWIDTH 898 0
DWIDTH 22 0
BBX 21 12 0 0
BITMAP
FFDFF8
304610
308610
300600
300600
3F07E0
320640
300600
300600
300600
300600
FC1F80
ENDCHAR
STARTCHAR uni0433.SC
ENCODING -1
SWIDTH 446 0
DWIDTH 11 0
BBX 10 12 0 0
BITMAP
FFC0
3040
3040
3040
3000
3000
3000
3000
3000
3000
3000
FC00
ENDCHAR
STARTCHAR uni0433.Serb.SC
ENCODING -1
SWIDTH 446 0
DWIDTH 11 0
BBX 10 12 0 0
BITMAP
FFC0
3040
3040
3040
3000
3000
3000
3000
3000
3000
3000
FC00
ENDCHAR
STARTCHAR uni0453.SC
ENCODING -1
SWIDTH 446 0
DWIDTH 11 0
BBX 10 18 0 0
BITMAP
0180
0300
0600
0400
0800
0000
FFC0
3040
3040
3040
3000
3000
3000
3000
3000
3000
3000
FC00
ENDCHAR
STARTCHAR uni0491.SC
ENCODING -1
SWIDTH 446 0
DWIDTH 11 0
BBX 10 15 0 0
BITMAP
0040
0040
0040
FFC0
3000
3000
3000
3000
3000
3000
3000
3000
3000
3000
FC00
ENDCHAR
STARTCHAR uni04F7.SC
ENCODING -1
SWIDTH 456 0
DWIDTH 11 0
BBX 10 16 0 -4
BITMAP
FFC0
3040
3040
3040
3000
3000
3000
3000
3000
3000
3000
FE00
0400
0400
0400
0400
ENDCHAR
STARTCHAR uni0493.SC
ENCODING -1
SWIDTH 456 0
DWIDTH 11 0
BBX 10 12 0 0
BITMAP
FFC0
3040
3040
3040
3000
FE00
3000
3000
3000
3000
3000
FC00
ENDCHAR
STARTCHAR uni0493.SlantItalic.SC
ENCODING -1
SWIDTH 456 0
DWIDTH 11 0
BBX 10 12 0 0
BITMAP
FFC0
3040
3040
3040
3000
FE00
3000
3000
3000
3000
3000
FC00
ENDCHAR
STARTCHAR uniF327.SC
ENCODING -1
SWIDTH 456 0
DWIDTH 11 0
BBX 10 16 0 -4
BITMAP
FFC0
3040
3040
3040
3000
FE00
3000
3000
3000
3000
3000
FE00
0400
0400
0400
0400
ENDCHAR
STARTCHAR uniF327.SlantItalic.SC
ENCODING -1
SWIDTH 456 0
DWIDTH 11 0
BBX 10 16 0 -4
BITMAP
FFC0
3040
3040
3040
3000
FE00
3000
3000
3000
3000
3000
FE00
0400
0400
0400
0400
ENDCHAR
STARTCHAR uni04FB.SC
ENCODING -1
SWIDTH 456 0
DWIDTH 11 0
BBX 10 17 0 -5
BITMAP
FFC0
3040
3040
3040
3000
FE00
3000
3000
3000
3000
3000
FE00
0600
0600
2600
6600
3C00
ENDCHAR
STARTCHAR uni04FB.SlantItalic.SC
ENCODING -1
SWIDTH 456 0
DWIDTH 11 0
BBX 10 17 0 -5
BITMAP
FFC0
3040
3040
3040
3000
FE00
3000
3000
3000
3000
3000
FE00
0600
0600
2600
6600
3C00
ENDCHAR
STARTCHAR g.SC
ENCODING -1
SWIDTH 547 0
DWIDTH 13 0
BBX 11 12 1 0
BITMAP
0F80
30C0
6000
4000
C000
C3E0
C0C0
C0C0
E0C0
70C0
3F80
1F00
ENDCHAR
STARTCHAR uni01F5.SC
ENCODING -1
SWIDTH 547 0
DWIDTH 13 0
BBX 11 18 1 0
BITMAP
0180
01C0
0300
0200
0400
0000
0F80
30C0
6000
4000
C000
C3E0
C0C0
C0C0
E0C0
70C0
3F80
1F00
ENDCHAR
STARTCHAR gcircumflex.SC
ENCODING -1
SWIDTH 547 0
DWIDTH 13 0
BBX 11 18 1 0
BITMAP
0600
0F00
0900
1080
2040
0000
0F80
30C0
6000
4000
C000
C3E0
C0C0
C0C0
E0C0
70C0
3F80
1F00
ENDCHAR
STARTCHAR gbreve.SC
ENCODING -1
SWIDTH 547 0
DWIDTH 13 0
BBX 11 17 1 0
BITMAP
2040
1080
1F80
0F00
0000
0F80
30C0
6000
4000
C000
C3E0
C0C0
C0C0
E0C0
70C0
3F80
1F00
ENDCHAR
STARTCHAR gcaron.SC
ENCODING -1
SWIDTH 547 0
DWIDTH 13 0
BBX 11 18 1 0
BITMAP
2040
1880
0D00
0600
0000
0000
0F80
30C0
6000
4000
C000
C3E0
C0C0
C0C0
E0C0
70C0
3F80
1F00
ENDCHAR
STARTCHAR uni1E21.SC
ENCODING -1
SWIDTH 547 0
DWIDTH 13 0
BBX 11 16 1 0
BITMAP
3FC0
3FC0
0000
0000
0F80
30C0
6000
4000
C000
C3E0
C0C0
C0C0
E0C0
70C0
3F80
1F00
ENDCHAR
STARTCHAR gdotaccent.SC
ENCODING -1
SWIDTH 547 0
DWIDTH 13 0
BBX 11 17 1 0
BITMAP
0600
0600
0600
0000
0000
0F80
30C0
6000
4000
C000
C3E0
C0C0
C0C0
E0C0
70C0
3F80
1F00
ENDCHAR
STARTCHAR gcommaaccent.SC
ENCODING -1
SWIDTH 547 0
DWIDTH 13 0
BBX 11 18 1 -6
BITMAP
0F80
30C0
6000
4000
C000
C3E0
C0C0
C0C0
E0C0
70C0
3F80
1F00
0000
0600
0E00
0300
0200
0400
ENDCHAR
STARTCHAR uni01E5.BarBowl.SC
ENCODING -1
SWIDTH 547 0
DWIDTH 13 0
BBX 11 12 1 0
BITMAP
0F80
30C0
6000
4000
C000
C000
C3E0
C0C0
EFE0
70C0
3FC0
1F00
ENDCHAR
STARTCHAR uni01E5.SC
ENCODING -1
SWIDTH 547 0
DWIDTH 13 0
BBX 11 12 1 0
BITMAP
0F80
30C0
6000
4000
C000
C000
C3E0
C0C0
EFE0
70C0
3FC0
1F00
ENDCHAR
STARTCHAR g.SngBowl.SC
ENCODING -1
SWIDTH 547 0
DWIDTH 13 0
BBX 11 12 1 0
BITMAP
0F80
30C0
6000
4000
C000
C3E0
C0C0
C0C0
E0C0
70C0
3F80
1F00
ENDCHAR
STARTCHAR uni01F5.SngBowl.SC
ENCODING -1
SWIDTH 547 0
DWIDTH 13 0
BBX 11 18 1 0
BITMAP
0180
01C0
0300
0200
0400
0000
0F80
30C0
6000
4000
C000
C3E0
C0C0
C0C0
E0C0
70C0
3F80
1F00
ENDCHAR
STARTCHAR gcircumflex.SngBowl.SC
ENCODING -1
SWIDTH 547 0
DWIDTH 13 0
BBX 11 18 1 0
BITMAP
0600
0F00
0900
1080
2040
0000
0F80
30C0
6000
4000
C000
C3E0
C0C0
C0C0
E0C0
70C0
3F80
1F00
ENDCHAR
STARTCHAR gbreve.SngBowl.SC
ENCODING -1
SWIDTH 547 0
DWIDTH 13 0
BBX 11 17 1 0
BITMAP
2040
1080
1F80
0F00
0000
0F80
30C0
6000
4000
C000
C3E0
C0C0
C0C0
E0C0
70C0
3F80
1F00
ENDCHAR
STARTCHAR gcaron.SngBowl.SC
ENCODING -1
SWIDTH 547 0
DWIDTH 13 0
BBX 11 18 1 0
BITMAP
2040
1880
0D00
0600
0000
0000
0F80
30C0
6000
4000
C000
C3E0
C0C0
C0C0
E0C0
70C0
3F80
1F00
ENDCHAR
STARTCHAR uni1E21.SngBowl.SC
ENCODING -1
SWIDTH 547 0
DWIDTH 13 0
BBX 11 16 1 0
BITMAP
3FC0
3FC0
0000
0000
0F80
30C0
6000
4000
C000
C3E0
C0C0
C0C0
E0C0
70C0
3F80
1F00
ENDCHAR
STARTCHAR gdotaccent.SngBowl.SC
ENCODING -1
SWIDTH 547 0
DWIDTH 13 0
BBX 11 17 1 0
BITMAP
0600
0600
0600
0000
0000
0F80
30C0
6000
4000
C000
C3E0
C0C0
C0C0
E0C0
70C0
3F80
1F00
ENDCHAR
STARTCHAR gcommaaccent.SngBowl.SC
ENCODING -1
SWIDTH 547 0
DWIDTH 13 0
BBX 11 19 1 0
BITMAP
0200
0400
0C00
0C00
0F00
0000
0000
0F80
30C0
6000
4000
C000
C3E0
C0C0
C0C0
E0C0
70C0
3F80
1F00
ENDCHAR
STARTCHAR uni01E5.BarBowl.SngBowl.SC
ENCODING -1
SWIDTH 547 0
DWIDTH 13 0
BBX 11 12 1 0
BITMAP
0F80
30C0
6000
4000
C000
C000
C3E0
C0C0
EFE0
70C0
3FC0
1F00
ENDCHAR
STARTCHAR uni01E5.SngBowl.SC
ENCODING -1
SWIDTH 547 0
DWIDTH 13 0
BBX 11 12 1 0
BITMAP
0F80
30C0
6000
4000
C000
C000
C3E0
C0C0
EFE0
70C0
3FC0
1F00
ENDCHAR
STARTCHAR uni0260.SC
ENCODING -1
SWIDTH 547 0
DWIDTH 13 0
BBX 14 15 1 0
BITMAP
0018
007C
004C
0FC0
30C0
6000
4000
C000
C3E0
C0C0
C0C0
E0C0
70C0
3F80
1F00
ENDCHAR
STARTCHAR uni050D.SC
ENCODING -1
SWIDTH 547 0
DWIDTH 13 0
BBX 11 12 1 0
BITMAP
0F80
30C0
6000
4000
C000
C3E0
C0C0
C0C0
E0C0
70C0
3F80
1F00
ENDCHAR
STARTCHAR h.SC
ENCODING -1
SWIDTH 614 0
DWIDTH 15 0
BBX 15 12 0 0
BITMAP
FC7E
3018
3018
3018
3018
3FF8
3018
3018
3018
3018
3018
FC7E
ENDCHAR
STARTCHAR hcircumflex.SC
ENCODING -1
SWIDTH 614 0
DWIDTH 15 0
BBX 15 18 0 0
BITMAP
0300
0380
06C0
0C40
0820
0000
FC7E
3018
3018
3018
3018
3FF8
3018
3018
3018
3018
3018
FC7E
ENDCHAR
STARTCHAR uni021F.SC
ENCODING -1
SWIDTH 614 0
DWIDTH 15 0
BBX 15 18 0 0
BITMAP
0820
0C40
0680
0300
0000
0000
FC7E
3018
3018
3018
3018
3FF8
3018
3018
3018
3018
3018
FC7E
ENDCHAR
STARTCHAR uni1E27.SC
ENCODING -1
SWIDTH 614 0
DWIDTH 15 0
BBX 15 17 0 0
BITMAP
0840
18C0
18C0
0000
0000
FC7E
3018
3018
3018
3018
3FF8
3018
3018
3018
3018
3018
FC7E
ENDCHAR
STARTCHAR uni1E23.SC
ENCODING -1
SWIDTH 614 0
DWIDTH 15 0
BBX 15 17 0 0
BITMAP
0100
0300
0300
0000
0000
FC7E
3018
3018
3018
3018
3FF8
3018
3018
3018
3018
3018
FC7E
ENDCHAR
STARTCHAR uni1E2B.SC
ENCODING -1
SWIDTH 614 0
DWIDTH 15 0
BBX 15 18 0 -6
BITMAP
FC7E
3018
3018
3018
3018
3FF8
3018
3018
3018
3018
3018
FC7E
0000
0000
1020
0860
0FC0
0780
ENDCHAR
STARTCHAR uni1E25.SC
ENCODING -1
SWIDTH 614 0
DWIDTH 15 0
BBX 15 17 0 -5
BITMAP
FC7E
3018
3018
3018
3018
3FF8
3018
3018
3018
3018
3018
FC7E
0000
0000
0100
0300
0300
ENDCHAR
STARTCHAR uni1E29.SC
ENCODING -1
SWIDTH 614 0
DWIDTH 14 0
BBX 14 17 0 -5
BITMAP
FCFC
3030
3030
3030
3030
3FF0
3030
3030
3030
3030
3030
FCFC
3000
3000
1800
1800
6000
ENDCHAR
STARTCHAR hbar.SC
ENCODING -1
SWIDTH 614 0
DWIDTH 15 0
BBX 15 12 0 0
BITMAP
FC7E
3018
FFFE
3018
3018
3FF8
3018
3018
3018
3018
3018
FC7E
ENDCHAR
STARTCHAR uni045B.SC
ENCODING -1
SWIDTH 679 0
DWIDTH 16 0
BBX 16 12 0 0
BITMAP
FFF0
C610
8610
0600
0600
06F8
071C
060C
060C
060C
060C
1FBF
ENDCHAR
STARTCHAR uni0452.SC
ENCODING -1
SWIDTH 624 0
DWIDTH 15 0
BBX 14 12 0 0
BITMAP
7FF0
4610
8610
0600
0600
07F0
0618
060C
060C
060C
0648
1EF0
ENDCHAR
STARTCHAR hbar.VertStrk.SC
ENCODING -1
SWIDTH 624 0
DWIDTH 15 0
BBX 14 12 0 0
BITMAP
FCFC
3030
3130
3330
3330
3FF0
3330
3330
3230
3030
3030
FCFC
ENDCHAR
STARTCHAR uniA727.SC
ENCODING -1
SWIDTH 614 0
DWIDTH 15 0
BBX 15 15 0 -3
BITMAP
FC7E
3018
3018
3018
3018
3FF8
3018
3018
3018
3018
3018
FC18
0010
0220
07C0
ENDCHAR
STARTCHAR uni2C68.SC
ENCODING -1
SWIDTH 685 0
DWIDTH 16 0
BBX 14 16 0 -4
BITMAP
FCFC
3030
3030
3030
3030
3FF0
3030
3030
3030
3030
3030
FCFC
000C
000C
0008
0008
ENDCHAR
STARTCHAR uni0195.SC
ENCODING -1
SWIDTH 863 0
DWIDTH 21 0
BBX 20 12 0 0
BITMAP
FCFC00
303000
3031E0
303060
303030
3FF030
303030
303030
303060
3038C0
303F80
FC0F00
ENDCHAR
STARTCHAR uni2C76.SC
ENCODING -1
SWIDTH 408 0
DWIDTH 10 0
BBX 9 12 0 0
BITMAP
FC00
3000
3000
3000
3000
3F80
3100
3000
3000
3000
3000
FC00
ENDCHAR
STARTCHAR uni0265.SC
ENCODING -1
SWIDTH 614 0
DWIDTH 15 0
BBX 15 12 0 0
BITMAP
FC7E
3018
3018
3018
3018
3FF8
0018
0018
0018
0018
0018
007E
ENDCHAR
STARTCHAR uni04BB.SC
ENCODING -1
SWIDTH 571 0
DWIDTH 14 0
BBX 14 12 0 0
BITMAP
FC00
3000
3000
3000
37E0
3870
3030
3030
3030
3030
3030
FCFC
ENDCHAR
STARTCHAR uni04BB.UCStyle.SC
ENCODING -1
SWIDTH 571 0
DWIDTH 14 0
BBX 14 12 0 0
BITMAP
FC00
3000
3000
3000
37E0
3870
3030
3030
3030
3030
3030
FCFC
ENDCHAR
STARTCHAR uni0495.SC
ENCODING -1
SWIDTH 505 0
DWIDTH 12 0
BBX 11 16 0 -4
BITMAP
FFC0
30C0
3080
3000
3000
3F00
31C0
30C0
3060
3060
3060
FC60
0060
00C0
0180
1F00
ENDCHAR
STARTCHAR uni043D.SC
ENCODING -1
SWIDTH 615 0
DWIDTH 15 0
BBX 15 12 0 0
BITMAP
FC7E
3018
3018
3018
3018
3FF8
3018
3018
3018
3018
3018
FC7E
ENDCHAR
STARTCHAR uni04A5.SC
ENCODING -1
SWIDTH 713 0
DWIDTH 17 0
BBX 16 12 0 0
BITMAP
FCFF
3031
3031
3031
3030
3FF0
3030
3030
3030
3030
3030
FCFC
ENDCHAR
STARTCHAR uni04CA.SC
ENCODING -1
SWIDTH 631 0
DWIDTH 15 0
BBX 14 15 0 -3
BITMAP
FCFC
3030
3030
3030
3030
3FF0
3030
3030
3030
3030
3030
FCFC
0008
0010
0020
ENDCHAR
STARTCHAR uni045A.SC
ENCODING -1
SWIDTH 824 0
DWIDTH 20 0
BBX 19 12 0 0
BITMAP
FCFC00
303000
303000
303000
303000
3FFF80
3031C0
303060
303060
303060
3030C0
FCFF80
ENDCHAR
STARTCHAR uni04C8.SC
ENCODING -1
SWIDTH 624 0
DWIDTH 15 0
BBX 14 15 0 -3
BITMAP
FCFC
3030
3030
3030
3030
3FF0
3030
3030
3030
3030
3030
FC30
0020
0440
0F80
ENDCHAR
STARTCHAR uni050B.SC
ENCODING -1
SWIDTH 854 0
DWIDTH 20 0
BBX 20 12 0 0
BITMAP
FC7E00
301800
301800
301800
301800
3FFBF0
3018C0
3018C0
3018C0
3018C0
301880
FC0F00
ENDCHAR
STARTCHAR uni0523.SC
ENCODING -1
SWIDTH 840 0
DWIDTH 20 0
BBX 19 16 0 -4
BITMAP
FCFC00
303000
303000
303000
303000
3FFF00
3031C0
3030C0
303060
303060
303060
FCFC60
000060
0000C0
000180
001F00
ENDCHAR
STARTCHAR uni04A3.SC
ENCODING -1
SWIDTH 625 0
DWIDTH 15 0
BBX 14 16 0 -4
BITMAP
FCFC
3030
3030
3030
3030
3FF0
3030
3030
3030
3030
3030
FCFC
000C
000C
0008
0008
ENDCHAR
STARTCHAR uni043F.SC
ENCODING -1
SWIDTH 596 0
DWIDTH 14 0
BBX 14 12 0 0
BITMAP
FFFC
3030
3030
3030
3030
3030
3030
3030
3030
3030
3030
FCFC
ENDCHAR
STARTCHAR uni043F.Serb.SC
ENCODING -1
SWIDTH 596 0
DWIDTH 14 0
BBX 14 12 0 0
BITMAP
FFFC
3030
3030
3030
3030
3030
3030
3030
3030
3030
3030
FCFC
ENDCHAR
STARTCHAR uni045F.SC
ENCODING -1
SWIDTH 592 0
DWIDTH 14 0
BBX 14 16 0 -4
BITMAP
FCFC
3030
3030
3030
3030
3030
3030
3030
3030
3030
3030
FFFC
0300
0300
0300
0200
ENDCHAR
STARTCHAR uni0446.SC
ENCODING -1
SWIDTH 592 0
DWIDTH 14 0
BBX 13 16 0 -4
BITMAP
FDF8
3060
3060
3060
3060
3060
3060
3060
3060
3060
3060
FFF8
0018
0018
0010
0010
ENDCHAR
STARTCHAR uni0448.SC
ENCODING -1
SWIDTH 775 0
DWIDTH 19 0
BBX 18 12 0 0
BITMAP
F9E7C0
30C300
30C300
30C300
30C300
30C300
30C300
30C300
30C300
30C300
30C300
FFFFC0
ENDCHAR
STARTCHAR uni0449.SC
ENCODING -1
SWIDTH 780 0
DWIDTH 19 0
BBX 18 16 0 -4
BITMAP
F9E7C0
30C300
30C300
30C300
30C300
30C300
30C300
30C300
30C300
30C300
30C300
FFFFC0
0000C0
0000C0
000080
000080
ENDCHAR
STARTCHAR uni04A7.SC
ENCODING -1
SWIDTH 826 0
DWIDTH 20 0
BBX 19 16 0 -4
BITMAP
FFF800
306000
306000
306000
306000
307F00
3061C0
3060C0
306060
306060
306060
FDF860
000060
0000C0
000180
003F00
ENDCHAR
STARTCHAR i.SC
ENCODING -1
SWIDTH 279 0
DWIDTH 7 0
BBX 6 12 0 0
BITMAP
FC
30
30
30
30
30
30
30
30
30
30
FC
ENDCHAR
STARTCHAR i.SlantItalic.SC
ENCODING -1
SWIDTH 279 0
DWIDTH 7 0
BBX 6 12 0 0
BITMAP
FC
30
30
30
30
30
30
30
30
30
30
FC
ENDCHAR
STARTCHAR uni0456.SC
ENCODING -1
SWIDTH 279 0
DWIDTH 7 0
BBX 6 12 0 0
BITMAP
FC
30
30
30
30
30
30
30
30
30
30
FC
ENDCHAR
STARTCHAR iacute.SC
ENCODING -1
SWIDTH 279 0
DWIDTH 7 0
BBX 7 18 0 0
BITMAP
06
0C
18
10
20
00
FC
30
30
30
30
30
30
30
30
30
30
FC
ENDCHAR
STARTCHAR iacute.SlantItalic.SC
ENCODING -1
SWIDTH 279 0
DWIDTH 7 0
BBX 7 18 0 0
BITMAP
06
0C
18
10
20
00
FC
30
30
30
30
30
30
30
30
30
30
FC
ENDCHAR
STARTCHAR igrave.SC
ENCODING -1
SWIDTH 279 0
DWIDTH 7 0
BBX 6 18 0 0
BITMAP
C0
60
20
30
10
00
FC
30
30
30
30
30
30
30
30
30
30
FC
ENDCHAR
STARTCHAR igrave.SlantItalic.SC
ENCODING -1
SWIDTH 279 0
DWIDTH 7 0
BBX 6 18 0 0
BITMAP
C0
60
20
30
10
00
FC
30
30
30
30
30
30
30
30
30
30
FC
ENDCHAR
STARTCHAR uni0209.SC
ENCODING -1
SWIDTH 279 0
DWIDTH 7 0
BBX 7 18 -1 0
BITMAP
D8
CC
6C
24
22
10
7E
18
18
18
18
18
18
18
18
18
18
7E
ENDCHAR
STARTCHAR uni0209.SlantItalic.SC
ENCODING -1
SWIDTH 279 0
DWIDTH 7 0
BBX 7 18 -1 0
BITMAP
D8
CC
6C
24
22
10
7E
18
18
18
18
18
18
18
18
18
18
7E
ENDCHAR
STARTCHAR icircumflex.SC
ENCODING -1
SWIDTH 279 0
DWIDTH 7 0
BBX 7 18 0 0
BITMAP
30
38
6C
C4
82
00
FC
30
30
30
30
30
30
30
30
30
30
FC
ENDCHAR
STARTCHAR icircumflex.SlantItalic.SC
ENCODING -1
SWIDTH 279 0
DWIDTH 7 0
BBX 7 18 0 0
BITMAP
30
38
6C
C4
82
00
FC
30
30
30
30
30
30
30
30
30
30
FC
ENDCHAR
STARTCHAR uni020B.SC
ENCODING -1
SWIDTH 279 0
DWIDTH 7 0
BBX 8 18 -1 0
BITMAP
1C
3E
62
41
81
00
7E
18
18
18
18
18
18
18
18
18
18
7E
ENDCHAR
STARTCHAR uni020B.SlantItalic.SC
ENCODING -1
SWIDTH 279 0
DWIDTH 7 0
BBX 8 18 -1 0
BITMAP
1C
3E
62
41
81
00
7E
18
18
18
18
18
18
18
18
18
18
7E
ENDCHAR
STARTCHAR ibreve.SC
ENCODING -1
SWIDTH 279 0
DWIDTH 7 0
BBX 8 17 -1 0
BITMAP
81
43
7E
3C
00
7E
18
18
18
18
18
18
18
18
18
18
7E
ENDCHAR
STARTCHAR ibreve.SlantItalic.SC
ENCODING -1
SWIDTH 279 0
DWIDTH 7 0
BBX 8 17 -1 0
BITMAP
81
43
7E
3C
00
7E
18
18
18
18
18
18
18
18
18
18
7E
ENDCHAR
STARTCHAR uni01D0.SC
ENCODING -1
SWIDTH 279 0
DWIDTH 7 0
BBX 7 18 0 0
BITMAP
82
C4
68
30
00
00
FC
30
30
30
30
30
30
30
30
30
30
FC
ENDCHAR
STARTCHAR uni01D0.SlantItalic.SC
ENCODING -1
SWIDTH 279 0
DWIDTH 7 0
BBX 7 18 0 0
BITMAP
82
C4
68
30
00
00
FC
30
30
30
30
30
30
30
30
30
30
FC
ENDCHAR
STARTCHAR itilde.SC
ENCODING -1
SWIDTH 279 0
DWIDTH 7 0
BBX 8 17 -1 0
BITMAP
39
5F
8E
00
00
7E
18
18
18
18
18
18
18
18
18
18
7E
ENDCHAR
STARTCHAR itilde.SlantItalic.SC
ENCODING -1
SWIDTH 279 0
DWIDTH 7 0
BBX 8 17 -1 0
BITMAP
39
5F
8E
00
00
7E
18
18
18
18
18
18
18
18
18
18
7E
ENDCHAR
STARTCHAR imacron.SC
ENCODING -1
SWIDTH 279 0
DWIDTH 7 0
BBX 6 16 0 0
BITMAP
7C
FC
00
00
FC
30
30
30
30
30
30
30
30
30
30
FC
ENDCHAR
STARTCHAR imacron.SlantItalic.SC
ENCODING -1
SWIDTH 279 0
DWIDTH 7 0
BBX 6 16 0 0
BITMAP
7C
FC
00
00
FC
30
30
30
30
30
30
30
30
30
30
FC
ENDCHAR
STARTCHAR idieresis.SC
ENCODING -1
SWIDTH 279 0
DWIDTH 7 0
BBX 7 17 -1 0
BITMAP
42
C6
C6
00
00
7E
18
18
18
18
18
18
18
18
18
18
7E
ENDCHAR
STARTCHAR idieresis.SlantItalic.SC
ENCODING -1
SWIDTH 279 0
DWIDTH 7 0
BBX 7 17 -1 0
BITMAP
42
C6
C6
00
00
7E
18
18
18
18
18
18
18
18
18
18
7E
ENDCHAR
STARTCHAR uni0457.SC
ENCODING -1
SWIDTH 279 0
DWIDTH 7 0
BBX 7 17 -1 0
BITMAP
42
C6
C6
00
00
7E
18
18
18
18
18
18
18
18
18
18
7E
ENDCHAR
STARTCHAR uni1E2F.SC
ENCODING -1
SWIDTH 279 0
DWIDTH 7 0
BBX 8 22 -1 0
BITMAP
03
06
0C
08
10
42
C6
C6
00
00
7E
18
18
18
18
18
18
18
18
18
18
7E
ENDCHAR
STARTCHAR uni1E2F.SlantItalic.SC
ENCODING -1
SWIDTH 279 0
DWIDTH 7 0
BBX 8 22 -1 0
BITMAP
03
06
0C
08
10
42
C6
C6
00
00
7E
18
18
18
18
18
18
18
18
18
18
7E
ENDCHAR
STARTCHAR idotaccent.SC
ENCODING -1
SWIDTH 279 0
DWIDTH 7 0
BBX 6 17 0 0
BITMAP
10
30
30
00
00
FC
30
30
30
30
30
30
30
30
30
30
FC
ENDCHAR
STARTCHAR idotaccent.SlantItalic.SC
ENCODING -1
SWIDTH 279 0
DWIDTH 7 0
BBX 6 17 0 0
BITMAP
10
30
30
00
00
FC
30
30
30
30
30
30
30
30
30
30
FC
ENDCHAR
STARTCHAR uni1EC9.SC
ENCODING -1
SWIDTH 279 0
DWIDTH 7 0
BBX 6 18 0 0
BITMAP
30
70
60
E0
00
00
FC
30
30
30
30
30
30
30
30
30
30
FC
ENDCHAR
STARTCHAR uni1EC9.SlantItalic.SC
ENCODING -1
SWIDTH 279 0
DWIDTH 7 0
BBX 6 18 0 0
BITMAP
30
70
60
E0
00
00
FC
30
30
30
30
30
30
30
30
30
30
FC
ENDCHAR
STARTCHAR uni1E2D.SC
ENCODING -1
SWIDTH 279 0
DWIDTH 7 0
BBX 8 17 -1 -5
BITMAP
7E
18
18
18
18
18
18
18
18
18
18
7E
00
00
39
5F
8E
ENDCHAR
STARTCHAR uni1E2D.SlantItalic.SC
ENCODING -1
SWIDTH 279 0
DWIDTH 7 0
BBX 8 17 -1 -5
BITMAP
7E
18
18
18
18
18
18
18
18
18
18
7E
00
00
39
5F
8E
ENDCHAR
STARTCHAR uni1ECB.SC
ENCODING -1
SWIDTH 279 0
DWIDTH 7 0
BBX 6 17 0 -5
BITMAP
FC
30
30
30
30
30
30
30
30
30
30
FC
00
00
10
30
30
ENDCHAR
STARTCHAR uni1ECB.SlantItalic.SC
ENCODING -1
SWIDTH 279 0
DWIDTH 7 0
BBX 6 17 0 -5
BITMAP
FC
30
30
30
30
30
30
30
30
30
30
FC
00
00
10
30
30
ENDCHAR
STARTCHAR iogonek.SC
ENCODING -1
SWIDTH 279 0
DWIDTH 7 0
BBX 6 17 1 -5
BITMAP
FC
30
30
30
30
30
30
30
30
30
30
FC
30
60
C0
C8
70
ENDCHAR
STARTCHAR iogonek.RetroHookStyle.SC
ENCODING -1
SWIDTH 279 0
DWIDTH 7 0
BBX 8 18 0 -6
BITMAP
FC
30
30
30
30
30
30
30
30
30
30
FC
30
30
30
33
33
1E
ENDCHAR
STARTCHAR uni0268.SC
ENCODING -1
SWIDTH 279 0
DWIDTH 7 0
BBX 6 12 0 0
BITMAP
FC
30
30
30
30
FC
30
30
30
30
30
FC
ENDCHAR
STARTCHAR dotlessi.SC
ENCODING -1
SWIDTH 279 0
DWIDTH 7 0
BBX 6 12 0 0
BITMAP
FC
30
30
30
30
30
30
30
30
30
30
FC
ENDCHAR
STARTCHAR i.Dotless.SC
ENCODING -1
SWIDTH 279 0
DWIDTH 7 0
BBX 6 12 0 0
BITMAP
FC
30
30
30
30
30
30
30
30
30
30
FC
ENDCHAR
STARTCHAR dotlessi.SlantItalic.SC
ENCODING -1
SWIDTH 279 0
DWIDTH 7 0
BBX 6 12 0 0
BITMAP
FC
30
30
30
30
30
30
30
30
30
30
FC
ENDCHAR
STARTCHAR i.Dotless.SlantItalic.SC
ENCODING -1
SWIDTH 279 0
DWIDTH 7 0
BBX 6 12 0 0
BITMAP
FC
30
30
30
30
30
30
30
30
30
30
FC
ENDCHAR
STARTCHAR ij.SC
ENCODING -1
SWIDTH 566 0
DWIDTH 14 0
BBX 13 16 0 -4
BITMAP
FCF8
3030
3030
3030
3030
3030
3030
3030
3030
3030
3030
FC30
0060
0460
07C0
0380
ENDCHAR
STARTCHAR uni0269.SC
ENCODING -1
SWIDTH 327 0
DWIDTH 8 0
BBX 7 12 0 0
BITMAP
30
F0
30
30
30
30
30
30
30
32
3C
38
ENDCHAR
STARTCHAR uni044E.SC
ENCODING -1
SWIDTH 784 0
DWIDTH 19 0
BBX 18 12 0 0
BITMAP
FC3E00
30C300
318180
3300C0
3300C0
3F00C0
3300C0
3300C0
338180
31C380
30FF00
FC7C00
ENDCHAR
STARTCHAR uni04CF.SC
ENCODING -1
SWIDTH 279 0
DWIDTH 7 0
BBX 6 12 0 0
BITMAP
FC
30
30
30
30
30
30
30
30
30
30
FC
ENDCHAR
STARTCHAR j.SC
ENCODING -1
SWIDTH 286 0
DWIDTH 7 0
BBX 9 16 -2 -4
BITMAP
1F80
0600
0600
0600
0600
0600
0600
0600
0600
0600
0600
0600
0600
4C00
F800
7000
ENDCHAR
STARTCHAR uni0458.SC
ENCODING -1
SWIDTH 286 0
DWIDTH 7 0
BBX 9 16 -2 -4
BITMAP
1F80
0600
0600
0600
0600
0600
0600
0600
0600
0600
0600
0600
0600
4C00
F800
7000
ENDCHAR
STARTCHAR jcircumflex.SC
ENCODING -1
SWIDTH 286 0
DWIDTH 7 0
BBX 9 22 -2 -4
BITMAP
0600
0E00
1B00
1180
2080
0000
1F80
0600
0600
0600
0600
0600
0600
0600
0600
0600
0600
0600
0600
4C00
F800
7000
ENDCHAR
STARTCHAR uni0249.SC
ENCODING -1
SWIDTH 296 0
DWIDTH 7 0
BBX 9 16 -2 -4
BITMAP
1F80
0600
0600
0600
0600
3F80
0600
0600
0600
0600
0600
0600
0600
4C00
F800
7000
ENDCHAR
STARTCHAR uni043B.SC
ENCODING -1
SWIDTH 586 0
DWIDTH 14 0
BBX 14 12 0 0
BITMAP
1FFC
0630
0630
0630
0430
0C30
0C30
0C30
0830
5830
F030
E07C
ENDCHAR
STARTCHAR uni0459.SC
ENCODING -1
SWIDTH 814 0
DWIDTH 19 0
BBX 18 12 0 0
BITMAP
1FFC00
063000
063000
063000
043000
0C3F00
0C3180
0C30C0
0830C0
5830C0
F03180
E0FF00
ENDCHAR
STARTCHAR uni0434.SC
ENCODING -1
SWIDTH 582 0
DWIDTH 14 0
BBX 13 16 0 -4
BITMAP
1FF0
0460
0C60
0C60
0860
0860
0860
1860
1060
3060
3060
FFF8
C018
8010
8010
8010
ENDCHAR
STARTCHAR uni0434.Serb.SC
ENCODING -1
SWIDTH 582 0
DWIDTH 14 0
BBX 13 16 0 -4
BITMAP
1FF0
0460
0C60
0C60
0860
0860
0860
1860
1060
3060
3060
FFF8
C018
8010
8010
8010
ENDCHAR
STARTCHAR uni0513.SC
ENCODING -1
SWIDTH 587 0
DWIDTH 14 0
BBX 14 15 0 -3
BITMAP
1FFC
0630
0630
0630
0430
0C30
0C30
0C30
0830
5830
F030
E030
0020
0660
0780
ENDCHAR
STARTCHAR uni0509.SC
ENCODING -1
SWIDTH 825 0
DWIDTH 20 0
BBX 20 12 0 0
BITMAP
1FFC00
063000
063000
063000
043000
0C33F0
0C30C0
0C30C0
0830C0
5830C0
F03880
E00F00
ENDCHAR
STARTCHAR uni0521.SC
ENCODING -1
SWIDTH 817 0
DWIDTH 20 0
BBX 18 16 0 -4
BITMAP
1FFC00
063000
063000
063000
043000
0C3F00
0C3180
0C31C0
0830C0
5830C0
F030C0
E07CC0
0000C0
000180
000300
001E00
ENDCHAR
STARTCHAR uni04C6.SC
ENCODING -1
SWIDTH 603 0
DWIDTH 14 0
BBX 13 15 0 -3
BITMAP
1FF8
0660
0660
0660
0460
0C60
0C60
0C60
0860
5860
F060
E0F8
0010
0020
0040
ENDCHAR
STARTCHAR uni0515.SC
ENCODING -1
SWIDTH 839 0
DWIDTH 20 0
BBX 20 12 0 0
BITMAP
1FF1F0
066080
063180
061B00
041E00
0C0C00
0C0E00
0C1B00
083180
5821C0
F060E0
E1F1F0
ENDCHAR
STARTCHAR k.SC
ENCODING -1
SWIDTH 543 0
DWIDTH 13 0
BBX 13 12 0 0
BITMAP
FDF0
30C0
3180
3300
3600
3C00
3E00
3700
3380
31C0
30E0
FC78
ENDCHAR
STARTCHAR uni1E31.SC
ENCODING -1
SWIDTH 543 0
DWIDTH 13 0
BBX 13 18 0 0
BITMAP
00C0
0180
0100
0200
0400
0000
FDF0
30C0
3180
3300
3600
3C00
3E00
3700
3380
31C0
30E0
FC78
ENDCHAR
STARTCHAR uni01E9.SC
ENCODING -1
SWIDTH 543 0
DWIDTH 13 0
BBX 13 18 0 0
BITMAP
1040
0880
0500
0700
0000
0000
FDF0
30C0
3180
3300
3600
3C00
3E00
3700
3380
31C0
30E0
FC78
ENDCHAR
STARTCHAR uni1E35.SC
ENCODING -1
SWIDTH 543 0
DWIDTH 13 0
BBX 13 16 0 -4
BITMAP
FDF0
30C0
3180
3300
3600
3C00
3E00
3700
3380
31C0
30E0
FC78
0000
0000
1FE0
1FC0
ENDCHAR
STARTCHAR uni1E33.SC
ENCODING -1
SWIDTH 543 0
DWIDTH 13 0
BBX 13 17 0 -5
BITMAP
FDF0
30C0
3180
3300
3600
3C00
3E00
3700
3380
31C0
30E0
FC78
0000
0000
0300
0300
0200
ENDCHAR
STARTCHAR kcommaaccent.SC
ENCODING -1
SWIDTH 543 0
DWIDTH 13 0
BBX 13 18 0 -6
BITMAP
FDF0
30C0
3180
3300
3600
3C00
3E00
3700
3380
31C0
30E0
FC78
0000
0200
0700
0300
0300
0200
ENDCHAR
STARTCHAR uniA741.SC
ENCODING -1
SWIDTH 543 0
DWIDTH 13 0
BBX 13 12 0 0
BITMAP
FDF0
30C0
FD80
3300
3600
3C00
3E00
3700
3380
31C0
30E0
FC78
ENDCHAR
STARTCHAR uni0199.SC
ENCODING -1
SWIDTH 579 0
DWIDTH 14 0
BBX 13 13 0 0
BITMAP
FC70
31F8
3198
3318
3610
3C00
3C00
3E00
3600
3300
3180
30C0
FC70
ENDCHAR
STARTCHAR uni2C6A.SC
ENCODING -1
SWIDTH 574 0
DWIDTH 14 0
BBX 13 16 0 -4
BITMAP
FDF0
30C0
3180
3300
3600
3C00
3C00
3600
3300
3180
30C0
FC78
0018
0018
0018
0010
ENDCHAR
STARTCHAR uni043A.SC
ENCODING -1
SWIDTH 560 0
DWIDTH 13 0
BBX 13 12 0 0
BITMAP
FC70
30F8
3090
3190
3180
3F00
3100
3180
30C0
30E0
3060
FC38
ENDCHAR
STARTCHAR uni045C.SC
ENCODING -1
SWIDTH 560 0
DWIDTH 13 0
BBX 13 18 0 0
BITMAP
00C0
00E0
0180
0100
0200
0000
FC70
30F8
3090
3190
3180
3F00
3100
3180
30C0
30E0
3060
FC38
ENDCHAR
STARTCHAR uni04A1.SC
ENCODING -1
SWIDTH 643 0
DWIDTH 15 0
BBX 15 12 0 0
BITMAP
7F1C
4C3E
8C24
8C64
0C40
0FC0
0C40
0C60
0C30
0C30
0C18
3F0E
ENDCHAR
STARTCHAR uni049F.SC
ENCODING -1
SWIDTH 569 0
DWIDTH 14 0
BBX 13 12 0 0
BITMAP
FC70
30F8
FC90
3190
3180
3F00
3100
3180
30C0
30E0
3060
FC38
ENDCHAR
STARTCHAR uni049D.SC
ENCODING -1
SWIDTH 583 0
DWIDTH 14 0
BBX 14 12 0 0
BITMAP
F838
3078
36D8
36C8
3680
3F80
3780
36C0
36C0
3660
3030
F83C
ENDCHAR
STARTCHAR uni051F.SC
ENCODING -1
SWIDTH 560 0
DWIDTH 13 0
BBX 13 12 0 0
BITMAP
FC70
30F8
3790
3190
31E0
3F20
3100
3180
30C0
30E0
3060
FC38
ENDCHAR
STARTCHAR uni04C4.SC
ENCODING -1
SWIDTH 569 0
DWIDTH 14 0
BBX 13 16 0 -4
BITMAP
FC38
3078
30D8
3090
3180
3F80
3100
3180
30C0
3060
3030
FC30
0018
0098
01F0
00E0
ENDCHAR
STARTCHAR uni049B.SC
ENCODING -1
SWIDTH 588 0
DWIDTH 14 0
BBX 13 16 0 -4
BITMAP
FC70
30F8
3090
3190
3180
3F00
3100
3180
3080
30C0
3060
FC38
0018
0008
0008
0008
ENDCHAR
STARTCHAR uni0436.SC
ENCODING -1
SWIDTH 807 0
DWIDTH 19 0
BBX 20 12 -1 0
BITMAP
71F8E0
7861E0
6C6360
446240
066600
03FE00
066600
046200
0C6300
186180
3861C0
F1F8F0
ENDCHAR
STARTCHAR uni04C2.SC
ENCODING -1
SWIDTH 807 0
DWIDTH 19 0
BBX 20 16 -1 0
BITMAP
010400
018C00
00F800
000000
71F8E0
7861E0
6C6360
446240
066600
03FE00
066600
046200
0C6300
186180
3861C0
F1F8F0
ENDCHAR
STARTCHAR uni04DD.SC
ENCODING -1
SWIDTH 807 0
DWIDTH 19 0
BBX 20 17 -1 0
BITMAP
010800
018C00
010800
000000
000000
71F8E0
7861E0
6C6360
446240
066600
03FE00
066600
046200
0C6300
186180
3861C0
F1F8F0
ENDCHAR
STARTCHAR uni0497.SC
ENCODING -1
SWIDTH 824 0
DWIDTH 20 0
BBX 20 16 0 -4
BITMAP
79F8E0
7861E0
6C6360
446240
066600
03FE00
066600
046200
0C6300
186180
3861C0
F1F8F0
000030
000030
000020
000020
ENDCHAR
STARTCHAR l.SC
ENCODING -1
SWIDTH 447 0
DWIDTH 11 0
BBX 10 12 0 0
BITMAP
FC00
3000
3000
3000
3000
3000
3000
3000
3000
3040
3040
FFC0
ENDCHAR
STARTCHAR l.SlantItalic.SC
ENCODING -1
SWIDTH 447 0
DWIDTH 11 0
BBX 10 12 0 0
BITMAP
FC00
3000
3000
3000
3000
3000
3000
3000
3000
3040
3040
FFC0
ENDCHAR
STARTCHAR lacute.SC
ENCODING -1
SWIDTH 447 0
DWIDTH 11 0
BBX 10 18 0 0
BITMAP
0380
0300
0600
0400
0800
0000
FC00
3000
3000
3000
3000
3000
3000
3000
3000
3040
3040
FFC0
ENDCHAR
STARTCHAR lacute.SlantItalic.SC
ENCODING -1
SWIDTH 447 0
DWIDTH 11 0
BBX 10 18 0 0
BITMAP
0380
0300
0600
0400
0800
0000
FC00
3000
3000
3000
3000
3000
3000
3000
3000
3040
3040
FFC0
ENDCHAR
STARTCHAR lcaron.SC
ENCODING -1
SWIDTH 447 0
DWIDTH 11 0
BBX 10 15 0 0
BITMAP
01C0
02C0
00C0
FCC0
3100
3000
3000
3000
3000
3000
3000
3000
3040
3040
FFC0
ENDCHAR
STARTCHAR lcaron.Caron.SC
ENCODING -1
SWIDTH 447 0
DWIDTH 11 0
BBX 10 18 0 0
BITMAP
6080
3100
1A00
0C00
0000
0000
FC00
3000
3000
3000
3000
3000
3000
3000
3000
3040
3040
FFC0
ENDCHAR
STARTCHAR uni1E3D.SC
ENCODING -1
SWIDTH 447 0
DWIDTH 11 0
BBX 10 18 0 -6
BITMAP
FC00
3000
3000
3000
3000
3000
3000
3000
3000
3040
3040
FFC0
0000
0000
0E00
0E00
1100
2080
ENDCHAR
STARTCHAR uni1E3D.SlantItalic.SC
ENCODING -1
SWIDTH 447 0
DWIDTH 11 0
BBX 10 18 0 -6
BITMAP
FC00
3000
3000
3000
3000
3000
3000
3000
3000
3040
3040
FFC0
0000
0000
0E00
0E00
1100
2080
ENDCHAR
STARTCHAR uni1E3B.SC
ENCODING -1
SWIDTH 447 0
DWIDTH 11 0
BBX 10 16 0 -4
BITMAP
FC00
3000
3000
3000
3000
3000
3000
3000
3000
3040
3040
FFC0
0000
0000
3F80
3F80
ENDCHAR
STARTCHAR uni1E3B.SlantItalic.SC
ENCODING -1
SWIDTH 447 0
DWIDTH 11 0
BBX 10 16 0 -4
BITMAP
FC00
3000
3000
3000
3000
3000
3000
3000
3000
3040
3040
FFC0
0000
0000
3F80
3F80
ENDCHAR
STARTCHAR uni1E37.SC
ENCODING -1
SWIDTH 447 0
DWIDTH 11 0
BBX 10 17 0 -5
BITMAP
FC00
3000
3000
3000
3000
3000
3000
3000
3000
3040
3040
FFC0
0000
0000
0400
0600
0400
ENDCHAR
STARTCHAR uni1E37.SlantItalic.SC
ENCODING -1
SWIDTH 447 0
DWIDTH 11 0
BBX 10 17 0 -5
BITMAP
FC00
3000
3000
3000
3000
3000
3000
3000
3000
3040
3040
FFC0
0000
0000
0400
0600
0400
ENDCHAR
STARTCHAR uni1E39.SC
ENCODING -1
SWIDTH 447 0
DWIDTH 11 0
BBX 10 21 0 -5
BITMAP
3F80
7F80
0000
0000
FC00
3000
3000
3000
3000
3000
3000
3000
3000
3040
3040
FFC0
0000
0000
0400
0600
0400
ENDCHAR
STARTCHAR uni1E39.SlantItalic.SC
ENCODING -1
SWIDTH 447 0
DWIDTH 11 0
BBX 10 21 0 -5
BITMAP
3F80
7F80
0000
0000
FC00
3000
3000
3000
3000
3000
3000
3000
3000
3040
3040
FFC0
0000
0000
0400
0600
0400
ENDCHAR
STARTCHAR lcommaaccent.SC
ENCODING -1
SWIDTH 447 0
DWIDTH 11 0
BBX 10 18 0 -6
BITMAP
FC00
3000
3000
3000
3000
3000
3000
3000
3000
3040
3040
FFC0
0000
0400
0E00
0600
0400
0C00
ENDCHAR
STARTCHAR uni019A.SC
ENCODING -1
SWIDTH 447 0
DWIDTH 11 0
BBX 10 12 0 0
BITMAP
FC00
3000
3000
3000
3000
3000
FE00
3000
3000
3040
3040
FFC0
ENDCHAR
STARTCHAR uni2C61.SC
ENCODING -1
SWIDTH 447 0
DWIDTH 11 0
BBX 10 12 0 0
BITMAP
FC00
3000
3000
3000
3000
FE00
3000
FE00
3000
3040
3040
FFC0
ENDCHAR
STARTCHAR uni026B.SC
ENCODING -1
SWIDTH 447 0
DWIDTH 11 0
BBX 11 12 -1 0
BITMAP
7E00
1800
1800
1800
1800
7900
5E00
9C00
1800
1820
1820
7FE0
ENDCHAR
STARTCHAR lslash.SC
ENCODING -1
SWIDTH 447 0
DWIDTH 11 0
BBX 10 12 0 0
BITMAP
FC00
3000
3000
3000
3600
3C00
7000
B000
3000
3040
3040
FFC0
ENDCHAR
STARTCHAR ldot.SC
ENCODING -1
SWIDTH 447 0
DWIDTH 11 0
BBX 10 12 0 0
BITMAP
FC00
3000
3000
3000
30C0
30C0
30C0
3000
3000
3040
3040
FFC0
ENDCHAR
STARTCHAR uni01C9.SC
ENCODING -1
SWIDTH 733 0
DWIDTH 18 0
BBX 17 16 0 -4
BITMAP
FC0F80
300300
300300
300300
300300
300300
300300
300300
300300
304300
304300
FFC300
000600
004600
007C00
003800
ENDCHAR
STARTCHAR uni1EFB.SC
ENCODING -1
SWIDTH 603 0
DWIDTH 14 0
BBX 13 12 0 0
BITMAP
FF80
3600
3600
3600
3600
3600
3600
3600
3600
3608
3608
FFF8
ENDCHAR
STARTCHAR uni01C8.SC
ENCODING -1
SWIDTH 733 0
DWIDTH 18 0
BBX 17 16 0 -4
BITMAP
FC0F80
300300
300300
300300
300300
300300
300300
300300
300300
304300
304300
FFC300
000600
004600
007C00
003800
ENDCHAR
STARTCHAR uni01C8.LP.SC
ENCODING -1
SWIDTH 733 0
DWIDTH 18 0
BBX 17 16 0 -4
BITMAP
FC0F80
300300
300300
300300
300300
300300
300300
300300
300300
304300
304300
FFC300
000600
004600
007C00
003800
ENDCHAR
STARTCHAR m.SC
ENCODING -1
SWIDTH 757 0
DWIDTH 18 0
BBX 16 12 1 0
BITMAP
F00F
700C
781C
7814
6C34
6C24
6666
6646
63C6
6386
6186
F11F
ENDCHAR
STARTCHAR uni1E3F.SC
ENCODING -1
SWIDTH 757 0
DWIDTH 18 0
BBX 16 18 1 0
BITMAP
0060
0070
00C0
0180
0100
0000
F00F
700C
781C
7814
6C34
6C24
6666
6646
63C6
6386
6186
F11F
ENDCHAR
STARTCHAR uni1E41.SC
ENCODING -1
SWIDTH 757 0
DWIDTH 18 0
BBX 16 17 1 0
BITMAP
0180
0180
0180
0000
0000
F00F
700C
781C
7814
6C34
6C24
6666
6646
63C6
6386
6186
F11F
ENDCHAR
STARTCHAR uni1E43.SC
ENCODING -1
SWIDTH 757 0
DWIDTH 18 0
BBX 16 17 1 -5
BITMAP
F00F
700C
781C
7814
6C34
6C24
6666
6646
63C6
6386
6186
F11F
0000
0000
0180
0180
0180
ENDCHAR
STARTCHAR uni0271.SC
ENCODING -1
SWIDTH 757 0
DWIDTH 18 0
BBX 16 16 1 -4
BITMAP
F00F
700E
781E
7816
6C36
6C26
6666
6646
63C6
6386
6186
F106
0004
004C
00F8
0070
ENDCHAR
STARTCHAR uni026F.SC
ENCODING -1
SWIDTH 900 0
DWIDTH 21 0
BBX 21 12 0 0
BITMAP
FCFDF8
303060
303060
303060
303060
303060
303060
303060
3070E0
39F1E0
3FBF60
1E1C78
ENDCHAR
STARTCHAR uni043C.SC
ENCODING -1
SWIDTH 720 0
DWIDTH 17 0
BBX 16 12 0 0
BITMAP
701E
381C
381C
3C3C
342C
346C
324C
324C
33CC
318C
318C
FCBF
ENDCHAR
STARTCHAR uni04CE.SC
ENCODING -1
SWIDTH 720 0
DWIDTH 17 0
BBX 16 16 0 -4
BITMAP
701E
381C
381C
3C3C
342C
346C
324C
324C
33CC
318C
318C
FCBF
0002
0004
000C
0008
ENDCHAR
STARTCHAR n.SC
ENCODING -1
SWIDTH 609 0
DWIDTH 15 0
BBX 15 12 0 0
BITMAP
F07E
3818
3818
3418
3618
3318
3198
30D8
3078
3078
3038
FC18
ENDCHAR
STARTCHAR nacute.SC
ENCODING -1
SWIDTH 609 0
DWIDTH 15 0
BBX 15 18 0 0
BITMAP
0060
00C0
0180
0100
0200
0000
F07E
3818
3818
3418
3618
3318
3198
30D8
3078
3078
3038
FC18
ENDCHAR
STARTCHAR uni01F9.SC
ENCODING -1
SWIDTH 609 0
DWIDTH 15 0
BBX 15 18 0 0
BITMAP
0C00
0600
0200
0100
0080
0000
F07E
3818
3818
3418
3618
3318
3198
30D8
3078
3078
3038
FC18
ENDCHAR
STARTCHAR ncaron.SC
ENCODING -1
SWIDTH 609 0
DWIDTH 15 0
BBX 15 18 0 0
BITMAP
0820
0440
0680
0300
0000
0000
F07E
3818
3818
3418
3618
3318
3198
30D8
3078
3078
3038
FC18
ENDCHAR
STARTCHAR ntilde.SC
ENCODING -1
SWIDTH 609 0
DWIDTH 15 0
BBX 15 17 0 0
BITMAP
0720
0BE0
11C0
0000
0000
F07E
3818
3818
3418
3618
3318
3198
30D8
3078
3078
3038
FC18
ENDCHAR
STARTCHAR uni1E45.SC
ENCODING -1
SWIDTH 609 0
DWIDTH 15 0
BBX 15 17 0 0
BITMAP
0100
0300
0300
0000
0000
F07E
3818
3818
3418
3618
3318
3198
30D8
3078
3078
3038
FC18
ENDCHAR
STARTCHAR uni1E4B.SC
ENCODING -1
SWIDTH 609 0
DWIDTH 15 0
BBX 15 18 0 -6
BITMAP
F07E
3818
3818
3418
3618
3318
3198
30D8
3078
3078
3038
FC18
0000
0000
0300
0780
0C40
0820
ENDCHAR
STARTCHAR uni1E49.SC
ENCODING -1
SWIDTH 609 0
DWIDTH 15 0
BBX 15 16 0 -4
BITMAP
F07E
3818
3818
3418
3618
3318
3198
30D8
3078
3078
3038
FC18
0000
0000
0FE0
1FE0
ENDCHAR
STARTCHAR uni1E47.SC
ENCODING -1
SWIDTH 609 0
DWIDTH 15 0
BBX 15 17 0 -5
BITMAP
F07E
3818
3818
3418
3618
3318
3198
30D8
3078
3078
3038
FC18
0000
0000
0100
0300
0300
ENDCHAR
STARTCHAR ncommaaccent.SC
ENCODING -1
SWIDTH 609 0
DWIDTH 15 0
BBX 15 18 0 -6
BITMAP
F07E
3818
3818
3418
3618
3318
3198
30D8
3078
3078
3038
FC18
0000
0100
0780
0180
0100
0200
ENDCHAR
STARTCHAR uni0272.SC
ENCODING -1
SWIDTH 609 0
DWIDTH 15 0
BBX 18 16 -3 -4
BITMAP
1E0FC0
070300
070300
078300
06C300
066300
063300
061B00
061B00
060F00
060700
060300
060100
4C0000
FC0000
700000
ENDCHAR
STARTCHAR uni0272.LCStyle.SC
ENCODING -1
SWIDTH 605 0
DWIDTH 15 0
BBX 17 17 -2 -4
BITMAP
0C0000
3C7C00
0DFE00
0F8E00
0F0600
0E0600
0C0600
0C0600
0C0600
0C0600
0C0600
0C0600
0C1F80
0C0000
9C0000
F80000
E00000
ENDCHAR
STARTCHAR eng.SC
ENCODING -1
SWIDTH 566 0
DWIDTH 14 0
BBX 13 16 0 -3
BITMAP
3000
F1F0
37F8
3E38
3C18
3818
3018
3018
3018
3018
3018
3018
FC10
0030
0420
0FC0
ENDCHAR
STARTCHAR eng.BaselineHook.SC
ENCODING -1
SWIDTH 562 0
DWIDTH 13 0
BBX 12 13 0 0
BITMAP
3000
F1E0
37F0
3E30
3C30
3830
3030
3030
3030
3030
3330
33E0
F9C0
ENDCHAR
STARTCHAR eng.UCStyle.SC
ENCODING -1
SWIDTH 609 0
DWIDTH 15 0
BBX 15 16 0 -4
BITMAP
F07E
3818
3818
3418
3618
3318
3198
30D8
3058
3078
3038
FC18
0018
0118
01F0
01C0
ENDCHAR
STARTCHAR eng.Kom.SC
ENCODING -1
SWIDTH 562 0
DWIDTH 13 0
BBX 11 13 0 0
BITMAP
1000
73C0
FFE0
3C60
3860
3060
3060
3060
FC60
0060
1040
3880
1F00
ENDCHAR
STARTCHAR uni019E.SC
ENCODING -1
SWIDTH 566 0
DWIDTH 14 0
BBX 15 16 0 -3
BITMAP
3000
F1F0
37F8
3E38
3C18
3818
3018
3018
3018
3018
3018
3018
FC18
0018
0018
007E
ENDCHAR
STARTCHAR uni01CC.SC
ENCODING -1
SWIDTH 896 0
DWIDTH 22 0
BBX 21 16 0 -4
BITMAP
F07EF8
381830
381830
341830
361830
331830
319830
30D830
307830
307830
303830
FC1830
000060
000460
0007C0
000780
ENDCHAR
STARTCHAR uni0438.SC
ENCODING -1
SWIDTH 624 0
DWIDTH 15 0
BBX 15 12 0 0
BITMAP
FC7E
3018
3038
3078
30D8
3198
3318
3618
3C18
3818
3018
FC7E
ENDCHAR
STARTCHAR uni0439.SC
ENCODING -1
SWIDTH 624 0
DWIDTH 15 0
BBX 15 16 0 0
BITMAP
0820
0C60
0FC0
0000
FC7E
3018
3038
3078
30D8
3198
3318
3618
3C18
3818
3018
FC7E
ENDCHAR
STARTCHAR uni045D.SC
ENCODING -1
SWIDTH 624 0
DWIDTH 15 0
BBX 15 18 0 0
BITMAP
0C00
0600
0200
0100
0080
0000
FC7E
3018
3038
3078
30D8
3198
3318
3618
3C18
3818
3018
FC7E
ENDCHAR
STARTCHAR uni04E3.SC
ENCODING -1
SWIDTH 624 0
DWIDTH 15 0
BBX 15 16 0 0
BITMAP
0FE0
0FE0
0000
0000
FC7E
3018
3038
3078
30D8
3198
3318
3618
3C18
3818
3018
FC7E
ENDCHAR
STARTCHAR uni04E5.SC
ENCODING -1
SWIDTH 624 0
DWIDTH 15 0
BBX 15 17 0 0
BITMAP
0840
18C0
0840
0000
0000
FC7E
3018
3038
3078
30D8
3198
3318
3618
3C18
3818
3018
FC7E
ENDCHAR
STARTCHAR uni048B.SC
ENCODING -1
SWIDTH 631 0
DWIDTH 15 0
BBX 14 19 0 -3
BITMAP
0840
0CC0
0780
0000
FCFC
3030
3070
30F0
31B0
3330
3630
3430
3C30
3830
3030
FCFC
0008
0010
0020
ENDCHAR
STARTCHAR uni01CB.SC
ENCODING -1
SWIDTH 896 0
DWIDTH 22 0
BBX 21 16 0 -4
BITMAP
F07EF8
381830
381830
341830
361830
331830
319830
30D830
307830
307830
303830
FC1830
000060
000460
0007C0
000780
ENDCHAR
STARTCHAR uni01CB.LP.SC
ENCODING -1
SWIDTH 896 0
DWIDTH 22 0
BBX 21 16 0 -4
BITMAP
F07EF8
381830
381830
341830
361830
331830
319830
30D830
307830
307830
303830
FC1830
000060
000460
0007C0
000780
ENDCHAR
STARTCHAR o.SC
ENCODING -1
SWIDTH 563 0
DWIDTH 14 0
BBX 12 12 1 0
BITMAP
0F80
30C0
6060
4030
C030
C030
C030
C030
E060
70E0
3FC0
1F00
ENDCHAR
STARTCHAR uni043E.SC
ENCODING -1
SWIDTH 563 0
DWIDTH 14 0
BBX 12 12 1 0
BITMAP
0F80
30C0
6060
4030
C030
C030
C030
C030
E060
70E0
3FC0
1F00
ENDCHAR
STARTCHAR oacute.SC
ENCODING -1
SWIDTH 563 0
DWIDTH 14 0
BBX 12 18 1 0
BITMAP
0180
0380
0300
0600
0400
0000
0F80
30C0
6060
4030
C030
C030
C030
C030
E060
70E0
3FC0
1F00
ENDCHAR
STARTCHAR ohungarumlaut.SC
ENCODING -1
SWIDTH 563 0
DWIDTH 14 0
BBX 12 18 1 0
BITMAP
06C0
04C0
0C80
0900
1100
0000
0F80
30C0
6060
4030
C030
C030
C030
C030
E060
70E0
3FC0
1F00
ENDCHAR
STARTCHAR ograve.SC
ENCODING -1
SWIDTH 563 0
DWIDTH 14 0
BBX 12 18 1 0
BITMAP
3800
1800
0C00
0400
0200
0000
0F80
30C0
6060
4030
C030
C030
C030
C030
E060
70E0
3FC0
1F00
ENDCHAR
STARTCHAR uni020D.SC
ENCODING -1
SWIDTH 563 0
DWIDTH 14 0
BBX 12 18 1 0
BITMAP
6600
3600
1200
1900
0900
0000
0F80
30C0
6060
4030
C030
C030
C030
C030
E060
70E0
3FC0
1F00
ENDCHAR
STARTCHAR ocircumflex.SC
ENCODING -1
SWIDTH 563 0
DWIDTH 14 0
BBX 12 18 1 0
BITMAP
0600
0E00
1B00
1180
2080
0000
0F80
30C0
6060
4030
C030
C030
C030
C030
E060
70E0
3FC0
1F00
ENDCHAR
STARTCHAR uni1ED1.SC
ENCODING -1
SWIDTH 563 0
DWIDTH 14 0
BBX 12 23 1 0
BITMAP
0180
0380
0300
0600
0400
0600
0E00
1B00
1180
2080
0000
0F80
30C0
6060
4030
C030
C030
C030
C030
E060
70E0
3FC0
1F00
ENDCHAR
STARTCHAR uni1ED1.VN.SC
ENCODING -1
SWIDTH 563 0
DWIDTH 14 0
BBX 12 20 1 0
BITMAP
0060
0040
0680
0E00
1B00
1180
2080
0000
0F80
30C0
6060
4030
C030
C030
C030
C030
E060
70E0
3FC0
1F00
ENDCHAR
STARTCHAR uni1ED3.SC
ENCODING -1
SWIDTH 563 0
DWIDTH 14 0
BBX 12 23 1 0
BITMAP
3800
1800
0C00
0400
0200
0600
0E00
1B00
1180
2080
0000
0F80
30C0
6060
4030
C030
C030
C030
C030
E060
70E0
3FC0
1F00
ENDCHAR
STARTCHAR uni1ED3.VN.SC
ENCODING -1
SWIDTH 563 0
DWIDTH 14 0
BBX 12 20 1 0
BITMAP
C000
6000
2600
0E00
1B00
1180
2080
0000
0F80
30C0
6060
4030
C030
C030
C030
C030
E060
70E0
3FC0
1F00
ENDCHAR
STARTCHAR uni1ED7.SC
ENCODING -1
SWIDTH 563 0
DWIDTH 14 0
BBX 12 22 1 0
BITMAP
1C40
2780
2300
0000
0600
0E00
1B00
1180
2080
0000
0F80
30C0
6060
4030
C030
C030
C030
C030
E060
70E0
3FC0
1F00
ENDCHAR
STARTCHAR uni1ED7.VN.SC
ENCODING -1
SWIDTH 563 0
DWIDTH 14 0
BBX 12 22 1 0
BITMAP
0C40
1E80
2780
0300
0600
0E00
1B00
1180
2080
0000
0F80
30C0
6060
4030
C030
C030
C030
C030
E060
70E0
3FC0
1F00
ENDCHAR
STARTCHAR uni1ED5.SC
ENCODING -1
SWIDTH 563 0
DWIDTH 14 0
BBX 12 23 1 0
BITMAP
0600
1E00
0C00
1C00
0000
0600
0E00
1B00
1180
2080
0000
0F80
30C0
6060
4030
C030
C030
C030
C030
E060
70E0
3FC0
1F00
ENDCHAR
STARTCHAR uni1ED5.VN.SC
ENCODING -1
SWIDTH 563 0
DWIDTH 14 0
BBX 12 21 1 0
BITMAP
00E0
0130
0040
06C0
0E00
1B00
1180
2080
0000
0F80
30C0
6060
4030
C030
C030
C030
C030
E060
70E0
3FC0
1F00
ENDCHAR
STARTCHAR uni1ED9.SC
ENCODING -1
SWIDTH 563 0
DWIDTH 14 0
BBX 12 23 1 -5
BITMAP
0600
0E00
1B00
1180
2080
0000
0F80
30C0
6060
4030
C030
C030
C030
C030
E060
70E0
3FC0
1F00
0000
0000
0400
0600
0400
ENDCHAR
STARTCHAR uni020F.SC
ENCODING -1
SWIDTH 563 0
DWIDTH 14 0
BBX 12 18 1 0
BITMAP
0E00
1F00
1180
2080
20C0
0000
0F80
30C0
6060
4030
C030
C030
C030
C030
E060
70E0
3FC0
1F00
ENDCHAR
STARTCHAR obreve.SC
ENCODING -1
SWIDTH 563 0
DWIDTH 14 0
BBX 12 17 1 0
BITMAP
2040
3080
1F80
0F00
0000
0F80
30C0
6060
4030
C030
C030
C030
C030
E060
70E0
3FC0
1F00
ENDCHAR
STARTCHAR uni01D2.SC
ENCODING -1
SWIDTH 563 0
DWIDTH 14 0
BBX 12 18 1 0
BITMAP
2080
1180
0B00
0600
0000
0000
0F80
30C0
6060
4030
C030
C030
C030
C030
E060
70E0
3FC0
1F00
ENDCHAR
STARTCHAR otilde.SC
ENCODING -1
SWIDTH 563 0
DWIDTH 14 0
BBX 12 17 1 0
BITMAP
1C40
2780
2300
0000
0000
0F80
30C0
6060
4030
C030
C030
C030
C030
E060
70E0
3FC0
1F00
ENDCHAR
STARTCHAR uni1E4D.SC
ENCODING -1
SWIDTH 563 0
DWIDTH 14 0
BBX 12 22 1 0
BITMAP
0180
0380
0300
0600
0400
1C40
2780
2300
0000
0000
0F80
30C0
6060
4030
C030
C030
C030
C030
E060
70E0
3FC0
1F00
ENDCHAR
STARTCHAR uni022D.SC
ENCODING -1
SWIDTH 563 0
DWIDTH 14 0
BBX 12 20 1 0
BITMAP
3FC0
3FC0
0000
1C40
2780
2300
0000
0000
0F80
30C0
6060
4030
C030
C030
C030
C030
E060
70E0
3FC0
1F00
ENDCHAR
STARTCHAR uni1E4F.SC
ENCODING -1
SWIDTH 563 0
DWIDTH 14 0
BBX 12 21 1 0
BITMAP
3180
3180
2100
0000
1C40
2780
2300
0000
0000
0F80
30C0
6060
4030
C030
C030
C030
C030
E060
70E0
3FC0
1F00
ENDCHAR
STARTCHAR omacron.SC
ENCODING -1
SWIDTH 563 0
DWIDTH 14 0
BBX 12 16 1 0
BITMAP
3FC0
3FC0
0000
0000
0F80
30C0
6060
4030
C030
C030
C030
C030
E060
70E0
3FC0
1F00
ENDCHAR
STARTCHAR uni1E53.SC
ENCODING -1
SWIDTH 563 0
DWIDTH 14 0
BBX 12 22 1 0
BITMAP
0180
0380
0300
0600
0400
0000
3FC0
3FC0
0000
0000
0F80
30C0
6060
4030
C030
C030
C030
C030
E060
70E0
3FC0
1F00
ENDCHAR
STARTCHAR uni1E51.SC
ENCODING -1
SWIDTH 563 0
DWIDTH 14 0
BBX 12 22 1 0
BITMAP
3800
1800
0C00
0400
0200
0000
3FC0
3FC0
0000
0000
0F80
30C0
6060
4030
C030
C030
C030
C030
E060
70E0
3FC0
1F00
ENDCHAR
STARTCHAR odieresis.SC
ENCODING -1
SWIDTH 563 0
DWIDTH 14 0
BBX 12 17 1 0
BITMAP
3180
3180
2100
0000
0000
0F80
30C0
6060
4030
C030
C030
C030
C030
E060
70E0
3FC0
1F00
ENDCHAR
STARTCHAR uni04E7.SC
ENCODING -1
SWIDTH 563 0
DWIDTH 14 0
BBX 12 17 1 0
BITMAP
3180
3180
2100
0000
0000
0F80
30C0
6060
4030
C030
C030
C030
C030
E060
70E0
3FC0
1F00
ENDCHAR
STARTCHAR uni022B.SC
ENCODING -1
SWIDTH 563 0
DWIDTH 14 0
BBX 12 20 1 0
BITMAP
3FC0
3FC0
0000
3180
3180
2100
0000
0000
0F80
30C0
6060
4030
C030
C030
C030
C030
E060
70E0
3FC0
1F00
ENDCHAR
STARTCHAR uni022F.SC
ENCODING -1
SWIDTH 563 0
DWIDTH 14 0
BBX 12 17 1 0
BITMAP
0600
0600
0400
0000
0000
0F80
30C0
6060
4030
C030
C030
C030
C030
E060
70E0
3FC0
1F00
ENDCHAR
STARTCHAR uni0231.SC
ENCODING -1
SWIDTH 563 0
DWIDTH 14 0
BBX 12 20 1 0
BITMAP
3FC0
3FC0
0000
0600
0600
0400
0000
0000
0F80
30C0
6060
4030
C030
C030
C030
C030
E060
70E0
3FC0
1F00
ENDCHAR
STARTCHAR uni1ECF.SC
ENCODING -1
SWIDTH 563 0
DWIDTH 14 0
BBX 12 18 1 0
BITMAP
0600
1E00
0C00
1C00
0000
0000
0F80
30C0
6060
4030
C030
C030
C030
C030
E060
70E0
3FC0
1F00
ENDCHAR
STARTCHAR uni1ECD.SC
ENCODING -1
SWIDTH 563 0
DWIDTH 14 0
BBX 12 17 1 -5
BITMAP
0F80
30C0
6060
4030
C030
C030
C030
C030
E060
70E0
3FC0
1F00
0000
0000
0400
0600
0400
ENDCHAR
STARTCHAR uni01EB.SC
ENCODING -1
SWIDTH 563 0
DWIDTH 14 0
BBX 12 17 1 -5
BITMAP
0F80
30C0
6060
4020
C030
C030
C030
C030
E060
70E0
3FC0
1F80
0600
0C00
1800
1900
0E00
ENDCHAR
STARTCHAR uni01ED.SC
ENCODING -1
SWIDTH 563 0
DWIDTH 14 0
BBX 12 22 1 -5
BITMAP
3FC0
3FC0
0000
0000
0000
0F80
30C0
6060
4020
C030
C030
C030
C030
E060
70E0
3FC0
1F80
0600
0C00
1800
1900
0E00
ENDCHAR
STARTCHAR uni01EB.RetroHookStyle.SC
ENCODING -1
SWIDTH 563 0
DWIDTH 14 0
BBX 12 18 1 -6
BITMAP
0F80
30C0
6060
4030
C030
C030
C030
C030
E060
70E0
3FC0
1F00
0600
0600
0600
0660
0660
03C0
ENDCHAR
STARTCHAR uni01ED.RetroHookStyle.SC
ENCODING -1
SWIDTH 563 0
DWIDTH 14 0
BBX 12 23 1 -6
BITMAP
3FC0
3FC0
0000
0000
0000
0F80
30C0
6060
4030
C030
C030
C030
C030
E060
70E0
3FC0
1F00
0600
0600
0600
0660
0660
03C0
ENDCHAR
STARTCHAR uni04E9.SC
ENCODING -1
SWIDTH 563 0
DWIDTH 14 0
BBX 12 12 1 0
BITMAP
0F80
30C0
6060
4030
C030
FFF0
C030
C030
E060
70E0
3FC0
1F00
ENDCHAR
STARTCHAR uni04EB.SC
ENCODING -1
SWIDTH 563 0
DWIDTH 14 0
BBX 12 17 1 0
BITMAP
3180
3180
2100
0000
0000
0F80
30C0
6060
4030
C030
FFF0
C030
C030
E060
70E0
3FC0
1F00
ENDCHAR
STARTCHAR uni0275.SC
ENCODING -1
SWIDTH 563 0
DWIDTH 14 0
BBX 12 12 1 0
BITMAP
0F80
30C0
6060
4030
C030
FFF0
C030
C030
E060
70E0
3FC0
1F00
ENDCHAR
STARTCHAR uni0473.SC
ENCODING -1
SWIDTH 563 0
DWIDTH 14 0
BBX 12 12 1 0
BITMAP
0F80
30C0
6060
4030
C030
BFD0
C030
C030
E060
70E0
3FC0
1F00
ENDCHAR
STARTCHAR oslash.SC
ENCODING -1
SWIDTH 563 0
DWIDTH 14 0
BBX 12 14 1 -1
BITMAP
0010
0FA0
30E0
60E0
41B0
C330
C230
C430
C830
D060
70E0
7FC0
5F00
8000
ENDCHAR
STARTCHAR oslashacute.SC
ENCODING -1
SWIDTH 563 0
DWIDTH 14 0
BBX 12 19 1 -1
BITMAP
0180
0300
0300
0600
0400
0810
0FA0
30E0
60E0
41B0
C330
C230
C430
C830
D060
70E0
7FC0
5F00
8000
ENDCHAR
STARTCHAR ohorn.SC
ENCODING -1
SWIDTH 563 0
DWIDTH 14 0
BBX 13 14 1 0
BITMAP
0018
0038
0FB0
30C0
6060
4030
C030
C030
C030
C030
E060
70E0
3FC0
1F00
ENDCHAR
STARTCHAR uni1EDB.SC
ENCODING -1
SWIDTH 563 0
DWIDTH 14 0
BBX 13 18 1 0
BITMAP
0180
0380
0300
0600
0418
0038
0FB0
30C0
6060
4030
C030
C030
C030
C030
E060
70E0
3FC0
1F00
ENDCHAR
STARTCHAR uni1EDD.SC
ENCODING -1
SWIDTH 563 0
DWIDTH 14 0
BBX 13 18 1 0
BITMAP
3800
1800
0C00
0400
0218
0038
0FB0
30C0
6060
4030
C030
C030
C030
C030
E060
70E0
3FC0
1F00
ENDCHAR
STARTCHAR uni1EE1.SC
ENCODING -1
SWIDTH 563 0
DWIDTH 14 0
BBX 13 17 1 0
BITMAP
1C40
2780
2300
0018
0038
0FB0
30C0
6060
4030
C030
C030
C030
C030
E060
70E0
3FC0
1F00
ENDCHAR
STARTCHAR uni1EDF.SC
ENCODING -1
SWIDTH 563 0
DWIDTH 14 0
BBX 13 18 1 0
BITMAP
0600
1E00
0C00
1C00
0018
0038
0FB0
30C0
6060
4030
C030
C030
C030
C030
E060
70E0
3FC0
1F00
ENDCHAR
STARTCHAR uni1EE3.SC
ENCODING -1
SWIDTH 563 0
DWIDTH 14 0
BBX 13 19 1 -5
BITMAP
0018
0038
0FB0
30C0
6060
4030
C030
C030
C030
C030
E060
70E0
3FC0
1F00
0000
0000
0600
0600
0400
ENDCHAR
STARTCHAR uni04A9.SC
ENCODING -1
SWIDTH 683 0
DWIDTH 16 0
BBX 14 12 1 0
BITMAP
0F00
31E0
6330
4638
C618
C618
C618
E618
E310
7924
3FF8
0FF0
ENDCHAR
STARTCHAR oe.SC
ENCODING -1
SWIDTH 750 0
DWIDTH 18 0
BBX 16 12 1 0
BITMAP
0FFE
30C2
60C2
40C0
C0C0
C0FC
C0C8
C0C0
E0C1
70C1
3FFF
1FFF
ENDCHAR
STARTCHAR uni01A3.SC
ENCODING -1
SWIDTH 851 0
DWIDTH 21 0
BBX 19 15 1 -3
BITMAP
0F0F00
30F180
606180
403180
C03180
C03180
C03180
C03180
E06180
70E180
3FC180
1F0180
000180
000180
0007E0
ENDCHAR
STARTCHAR uniA74F.SC
ENCODING -1
SWIDTH 945 0
DWIDTH 23 0
BBX 21 12 1 0
BITMAP
1F07C0
319860
60F030
406018
C06018
C06018
C06018
C06018
E0F030
71F870
3F9FE0
1E0F80
ENDCHAR
STARTCHAR uni0223.SC
ENCODING -1
SWIDTH 533 0
DWIDTH 13 0
BBX 11 12 1 0
BITMAP
1F80
71C0
60C0
7180
3E00
3F80
61E0
C060
C060
C060
60C0
3F00
ENDCHAR
STARTCHAR uni0223.OpenTop.SC
ENCODING -1
SWIDTH 542 0
DWIDTH 13 0
BBX 11 13 1 0
BITMAP
0300
15C0
60C0
60C0
7F80
1F00
3FC0
61E0
C060
C060
C040
60C0
3F00
ENDCHAR
STARTCHAR p.SC
ENCODING -1
SWIDTH 491 0
DWIDTH 12 0
BBX 11 13 0 0
BITMAP
FF80
31C0
3060
3060
3060
3060
30C0
3F00
3000
3000
3000
3000
FC00
ENDCHAR
STARTCHAR uni0440.SC
ENCODING -1
SWIDTH 491 0
DWIDTH 12 0
BBX 11 13 0 0
BITMAP
FF80
31C0
3060
3060
3060
3060
30C0
3F00
3000
3000
3000
3000
FC00
ENDCHAR
STARTCHAR uni1E55.SC
ENCODING -1
SWIDTH 491 0
DWIDTH 12 0
BBX 11 18 0 0
BITMAP
0180
0300
0200
0600
0400
FF80
31C0
3060
3060
3060
3060
30C0
3F00
3000
3000
3000
3000
FC00
ENDCHAR
STARTCHAR uni1E57.SC
ENCODING -1
SWIDTH 491 0
DWIDTH 12 0
BBX 11 17 0 0
BITMAP
0600
0600
0400
0000
FF80
31C0
3060
3060
3060
3060
30C0
3F00
3000
3000
3000
3000
FC00
ENDCHAR
STARTCHAR uni048F.SC
ENCODING -1
SWIDTH 501 0
DWIDTH 12 0
BBX 11 13 0 0
BITMAP
FF80
31C0
3060
3060
3260
3360
31C0
3F80
30C0
3000
3000
3000
FC00
ENDCHAR
STARTCHAR uni1D7D.SC
ENCODING -1
SWIDTH 501 0
DWIDTH 12 0
BBX 11 13 0 0
BITMAP
FF80
31C0
3060
3060
FE60
3060
30C0
3F00
3000
3000
3000
3000
FC00
ENDCHAR
STARTCHAR thorn.SC
ENCODING -1
SWIDTH 491 0
DWIDTH 12 0
BBX 11 12 0 0
BITMAP
FC00
3000
3F80
31C0
3060
3060
3060
3060
30C0
3F00
3000
FC00
ENDCHAR
STARTCHAR uni01A5.SC
ENCODING -1
SWIDTH 597 0
DWIDTH 14 0
BBX 13 13 0 0
BITMAP
3FE0
6630
C618
E618
0618
0618
0630
07E0
0600
0600
0600
0600
1F80
ENDCHAR
STARTCHAR uni01A5.BowlHook.SC
ENCODING -1
SWIDTH 597 0
DWIDTH 14 0
BBX 13 13 0 0
BITMAP
3FE0
6630
C618
E618
0618
0618
0630
07E0
0600
0600
0600
0600
1F80
ENDCHAR
STARTCHAR uni0517.SC
ENCODING -1
SWIDTH 660 0
DWIDTH 16 0
BBX 15 13 0 0
BITMAP
FF3E
31CC
3078
3070
3060
3040
30C0
3FE0
3060
3030
3018
301C
FC3E
ENDCHAR
STARTCHAR uni01BF.SC
ENCODING -1
SWIDTH 506 0
DWIDTH 12 0
BBX 11 18 0 -5
BITMAP
1000
77C0
FFE0
3CE0
3060
3060
3040
30C0
3180
3300
3E00
3800
3000
3000
3000
3000
3000
FC00
ENDCHAR
STARTCHAR uni0444.SC
ENCODING -1
SWIDTH 600 0
DWIDTH 14 0
BBX 12 13 1 0
BITMAP
1F80
0600
0F80
66E0
6670
C630
C630
C630
E630
7660
3F80
0600
1F80
ENDCHAR
STARTCHAR q.SC
ENCODING -1
SWIDTH 563 0
DWIDTH 14 0
BBX 13 15 1 -3
BITMAP
0F80
30C0
6060
4030
C030
C030
C030
C030
E060
70E0
3F80
1F00
01C8
00F8
0030
ENDCHAR
STARTCHAR uni051B.SC
ENCODING -1
SWIDTH 563 0
DWIDTH 14 0
BBX 13 15 1 -3
BITMAP
0F80
30C0
6060
4030
C030
C030
C030
C030
E060
70E0
3F80
1F00
01C8
00F8
0030
ENDCHAR
STARTCHAR uni024B.SC
ENCODING -1
SWIDTH 563 0
DWIDTH 14 0
BBX 15 18 1 -5
BITMAP
07A0
1FE0
30E0
6060
4060
C060
C060
C060
C060
E0E0
71E0
3F60
1E60
0060
0060
0066
0066
003C
ENDCHAR
STARTCHAR r.SC
ENCODING -1
SWIDTH 527 0
DWIDTH 13 0
BBX 12 13 0 0
BITMAP
7F00
B180
30C0
30C0
30C0
3380
3F00
3300
3300
3180
31C0
30C0
FC70
ENDCHAR
STARTCHAR racute.SC
ENCODING -1
SWIDTH 527 0
DWIDTH 13 0
BBX 12 18 0 0
BITMAP
0180
0380
0300
0600
0400
7F00
B180
30C0
30C0
30C0
3380
3F00
3300
3300
3180
31C0
30C0
FC70
ENDCHAR
STARTCHAR uni0211.SC
ENCODING -1
SWIDTH 527 0
DWIDTH 13 0
BBX 12 18 0 0
BITMAP
6600
3600
1200
1100
0900
7F00
B180
30C0
30C0
30C0
3380
3F00
3300
3300
3180
31C0
30C0
FC70
ENDCHAR
STARTCHAR uni0213.SC
ENCODING -1
SWIDTH 527 0
DWIDTH 13 0
BBX 12 18 0 0
BITMAP
0E00
1F00
1180
2080
20C0
7F00
B180
30C0
30C0
30C0
3380
3F00
3300
3300
3180
31C0
30C0
FC70
ENDCHAR
STARTCHAR rcaron.SC
ENCODING -1
SWIDTH 527 0
DWIDTH 13 0
BBX 12 18 0 0
BITMAP
2080
1180
0B00
0600
0000
7F00
B180
30C0
30C0
30C0
3380
3F00
3300
3300
3180
31C0
30C0
FC70
ENDCHAR
STARTCHAR uni1E59.SC
ENCODING -1
SWIDTH 527 0
DWIDTH 13 0
BBX 12 17 0 0
BITMAP
0600
0600
0400
0000
7F00
B180
30C0
30C0
30C0
3380
3F00
3300
3300
3180
31C0
30C0
FC70
ENDCHAR
STARTCHAR uni1E5F.SC
ENCODING -1
SWIDTH 527 0
DWIDTH 13 0
BBX 12 17 0 -4
BITMAP
7F00
B180
30C0
30C0
30C0
3380
3F00
3300
3300
3180
31C0
30C0
FC70
0000
0000
3FC0
3F80
ENDCHAR
STARTCHAR uni1E5B.SC
ENCODING -1
SWIDTH 527 0
DWIDTH 13 0
BBX 12 18 0 -5
BITMAP
7F00
B180
30C0
30C0
30C0
3380
3F00
3300
3300
3180
31C0
30C0
FC70
0000
0000
0600
0600
0400
ENDCHAR
STARTCHAR uni1E5D.SC
ENCODING -1
SWIDTH 527 0
DWIDTH 13 0
BBX 12 21 0 -5
BITMAP
3FC0
3FC0
0000
7F00
B180
30C0
30C0
30C0
3380
3F00
3300
3300
3180
31C0
30C0
FC70
0000
0000
0600
0600
0400
ENDCHAR
STARTCHAR rcommaaccent.SC
ENCODING -1
SWIDTH 527 0
DWIDTH 13 0
BBX 12 19 0 -6
BITMAP
7F00
B180
30C0
30C0
30C0
3380
3F00
3300
3300
3180
31C0
30C0
FC70
0000
0400
0E00
0600
0600
0400
ENDCHAR
STARTCHAR uni024D.SC
ENCODING -1
SWIDTH 537 0
DWIDTH 13 0
BBX 12 13 0 0
BITMAP
7F00
B180
30C0
30C0
30C0
3180
FF00
3300
3300
3180
30C0
30C0
FC70
ENDCHAR
STARTCHAR uni027D.SC
ENCODING -1
SWIDTH 527 0
DWIDTH 13 0
BBX 12 17 0 -4
BITMAP
7F00
B180
30C0
30C0
30C0
3380
3F00
3600
3300
3180
3180
30C0
3070
3000
3300
3300
1C00
ENDCHAR
STARTCHAR uni0280.SC
ENCODING -1
SWIDTH 527 0
DWIDTH 13 0
BBX 12 13 0 0
BITMAP
7F00
B180
30C0
30C0
30C0
3380
3F00
3300
3300
3180
31C0
30C0
FC70
ENDCHAR
STARTCHAR uni027D.LCStyle.SC
ENCODING -1
SWIDTH 399 0
DWIDTH 10 0
BBX 9 17 0 -4
BITMAP
3380
F780
3C80
3800
3800
3000
3000
3000
3000
3000
3000
3000
3000
3000
3100
3300
1E00
ENDCHAR
STARTCHAR uni044F.SC
ENCODING -1
SWIDTH 541 0
DWIDTH 13 0
BBX 13 13 0 0
BITMAP
07F0
1868
3060
3060
3060
1860
0FE0
0C60
0C60
1860
3860
3060
E1F8
ENDCHAR
STARTCHAR uni0519.SC
ENCODING -1
SWIDTH 754 0
DWIDTH 18 0
BBX 17 12 0 0
BITMAP
07FF80
186080
306080
306000
386000
0FFF00
046200
0C6000
186000
186080
306080
E1FF80
ENDCHAR
STARTCHAR s.SC
ENCODING -1
SWIDTH 447 0
DWIDTH 11 0
BBX 9 12 1 0
BITMAP
3E00
E300
C000
E000
7800
1E00
0300
0180
8180
C380
FF00
3C00
ENDCHAR
STARTCHAR uni0455.SC
ENCODING -1
SWIDTH 447 0
DWIDTH 11 0
BBX 9 12 1 0
BITMAP
3E00
E300
C000
E000
7800
1E00
0300
0180
8180
C380
FF00
3C00
ENDCHAR
STARTCHAR sacute.SC
ENCODING -1
SWIDTH 447 0
DWIDTH 11 0
BBX 9 18 1 0
BITMAP
0300
0600
0400
0800
1000
0000
3E00
E300
C000
E000
7800
1E00
0300
0180
8180
C380
FF00
3C00
ENDCHAR
STARTCHAR uni1E65.SC
ENCODING -1
SWIDTH 447 0
DWIDTH 11 0
BBX 9 21 1 0
BITMAP
0800
0C00
0800
0300
0600
0400
0800
1000
0000
3E00
E300
C000
E000
7800
1E00
0300
0180
8180
C380
FF00
3C00
ENDCHAR
STARTCHAR scircumflex.SC
ENCODING -1
SWIDTH 447 0
DWIDTH 11 0
BBX 9 18 1 0
BITMAP
0800
1C00
3600
6300
4100
0000
3E00
E300
C000
E000
7800
1E00
0300
0180
8180
C380
FF00
3C00
ENDCHAR
STARTCHAR scaron.SC
ENCODING -1
SWIDTH 447 0
DWIDTH 11 0
BBX 9 18 1 0
BITMAP
4100
2200
1400
1C00
0000
0000
3E00
E300
C000
E000
7800
1E00
0300
0180
8180
C380
FF00
3C00
ENDCHAR
STARTCHAR uni1E67.SC
ENCODING -1
SWIDTH 447 0
DWIDTH 11 0
BBX 9 22 1 0
BITMAP
0800
0C00
0800
0000
4100
2200
1400
1C00
0000
0000
3E00
E300
C000
E000
7800
1E00
0300
0180
8180
C380
FF00
3C00
ENDCHAR
STARTCHAR uni1E61.SC
ENCODING -1
SWIDTH 447 0
DWIDTH 11 0
BBX 9 17 1 0
BITMAP
0800
0C00
0800
0000
0000
3E00
E300
C000
E000
7800
1E00
0300
0180
8180
C380
FF00
3C00
ENDCHAR
STARTCHAR uni1E63.SC
ENCODING -1
SWIDTH 447 0
DWIDTH 11 0
BBX 9 17 1 -5
BITMAP
3E00
E300
C000
E000
7800
1E00
0300
0180
8180
C380
FF00
3C00
0000
0000
0800
0C00
0800
ENDCHAR
STARTCHAR uni1E69.SC
ENCODING -1
SWIDTH 447 0
DWIDTH 11 0
BBX 9 22 1 -5
BITMAP
0800
0C00
0800
0000
0000
3E00
E300
C000
E000
7800
1E00
0300
0180
8180
C380
FF00
3C00
0000
0000
0800
0C00
0800
ENDCHAR
STARTCHAR uni0219.SC
ENCODING -1
SWIDTH 447 0
DWIDTH 11 0
BBX 9 18 1 -6
BITMAP
3E00
E300
C000
E000
7800
1E00
0300
0180
8180
C380
FF00
3C00
0000
0800
1C00
0C00
0C00
1800
ENDCHAR
STARTCHAR scedilla.SC
ENCODING -1
SWIDTH 447 0
DWIDTH 11 0
BBX 9 17 1 -5
BITMAP
3F00
6300
C000
E000
7800
3E00
0F00
0380
0180
8180
E700
7C00
0800
1C00
0C00
0C00
3000
ENDCHAR
STARTCHAR scedilla.CommaStyle.SC
ENCODING -1
SWIDTH 447 0
DWIDTH 11 0
BBX 9 18 1 -6
BITMAP
3E00
E300
C000
E000
7800
1E00
0300
0180
8180
C380
FF00
3C00
0000
0800
1C00
0C00
0C00
1800
ENDCHAR
STARTCHAR uni01A8.SC
ENCODING -1
SWIDTH 447 0
DWIDTH 11 0
BBX 9 12 1 0
BITMAP
3F00
6380
4180
0380
0F00
3C00
6000
C000
C080
E180
7F80
3E00
ENDCHAR
STARTCHAR uni0283.SC
ENCODING -1
SWIDTH 488 0
DWIDTH 12 0
BBX 10 12 1 0
BITMAP
FFC0
60C0
7040
3800
1C00
0C00
0800
1000
2040
4040
FFC0
FFC0
ENDCHAR
STARTCHAR t.SC
ENCODING -1
SWIDTH 517 0
DWIDTH 12 0
BBX 12 12 0 0
BITMAP
FFF0
8610
8610
0600
0600
0600
0600
0600
0600
0600
0600
1F80
ENDCHAR
STARTCHAR tcaron.Caron.SC
ENCODING -1
SWIDTH 527 0
DWIDTH 13 0
BBX 12 17 0 0
BITMAP
10C0
1980
0F00
0600
0000
FFF0
8610
8610
0600
0600
0600
0600
0600
0600
0600
0600
1F80
ENDCHAR
STARTCHAR uni1E6B.SC
ENCODING -1
SWIDTH 517 0
DWIDTH 12 0
BBX 12 17 0 0
BITMAP
0600
0600
0600
0000
0000
FFF0
8610
8610
0600
0600
0600
0600
0600
0600
0600
0600
1F80
ENDCHAR
STARTCHAR uni1E71.SC
ENCODING -1
SWIDTH 517 0
DWIDTH 12 0
BBX 12 18 0 -6
BITMAP
FFF0
8610
8610
0600
0600
0600
0600
0600
0600
0600
0600
1F80
0000
0000
0600
0F00
1980
2040
ENDCHAR
STARTCHAR uni1E6F.SC
ENCODING -1
SWIDTH 517 0
DWIDTH 12 0
BBX 12 16 0 -4
BITMAP
FFF0
8610
8610
0600
0600
0600
0600
0600
0600
0600
0600
1F80
0000
0000
3FC0
3FC0
ENDCHAR
STARTCHAR uni1E6D.SC
ENCODING -1
SWIDTH 517 0
DWIDTH 12 0
BBX 12 17 0 -5
BITMAP
FFF0
8610
8610
0600
0600
0600
0600
0600
0600
0600
0600
1F80
0000
0000
0600
0600
0600
ENDCHAR
STARTCHAR uni021B.SC
ENCODING -1
SWIDTH 517 0
DWIDTH 12 0
BBX 12 18 0 -6
BITMAP
FFF0
8610
8610
0600
0600
0600
0600
0600
0600
0600
0600
1F80
0000
0600
0E00
0200
0200
0400
ENDCHAR
STARTCHAR uni0163.CommaStyle.SC
ENCODING -1
SWIDTH 517 0
DWIDTH 12 0
BBX 12 18 0 -6
BITMAP
FFF0
8610
8610
0600
0600
0600
0600
0600
0600
0600
0600
1F80
0000
0600
0E00
0200
0200
0400
ENDCHAR
STARTCHAR tcaron.SC
ENCODING -1
SWIDTH 517 0
DWIDTH 12 0
BBX 12 18 0 0
BITMAP
2040
1080
0D00
0600
0000
0000
FFF0
8610
8610
0600
0600
0600
0600
0600
0600
0600
0600
1F80
ENDCHAR
STARTCHAR uni0163.SC
ENCODING -1
SWIDTH 517 0
DWIDTH 12 0
BBX 12 17 0 -5
BITMAP
FFF0
8610
8610
0600
0600
0600
0600
0600
0600
0600
0600
1F80
0200
0600
0300
0300
0C00
ENDCHAR
STARTCHAR uni2C66.SC
ENCODING -1
SWIDTH 527 0
DWIDTH 13 0
BBX 12 16 0 -2
BITMAP
0020
0060
FFF0
86D0
8690
0700
0700
0600
0600
0E00
0E00
1E00
1600
2F80
7000
4000
ENDCHAR
STARTCHAR tbar.SC
ENCODING -1
SWIDTH 517 0
DWIDTH 12 0
BBX 12 12 0 0
BITMAP
FFF0
8610
8610
0600
0600
3FC0
0600
0600
0600
0600
0600
1F80
ENDCHAR
STARTCHAR uni01AD.SC
ENCODING -1
SWIDTH 559 0
DWIDTH 13 0
BBX 13 12 0 0
BITMAP
7FF8
C308
C308
E300
0300
0300
0300
0300
0300
0300
0300
0FC0
ENDCHAR
STARTCHAR uni0288.SC
ENCODING -1
SWIDTH 517 0
DWIDTH 12 0
BBX 12 16 0 -4
BITMAP
FFF0
8610
8610
0600
0600
0600
0600
0600
0600
0600
0600
0600
0600
0630
0720
03C0
ENDCHAR
STARTCHAR uni01AD.RtHook.SC
ENCODING -1
SWIDTH 562 0
DWIDTH 13 0
BBX 12 12 0 0
BITMAP
FFE0
8630
8630
0660
0600
0600
0600
0600
0600
0600
0600
1F80
ENDCHAR
STARTCHAR uniA729.SC
ENCODING -1
SWIDTH 661 0
DWIDTH 16 0
BBX 15 17 0 -5
BITMAP
FFF0
8610
8610
07FC
060C
0618
0630
0660
06F8
071C
060E
1F86
0006
0006
0004
0388
01F0
ENDCHAR
STARTCHAR uni0442.SC
ENCODING -1
SWIDTH 517 0
DWIDTH 12 0
BBX 12 12 0 0
BITMAP
FFF0
8630
8610
0600
0600
0600
0600
0600
0600
0600
0600
1F80
ENDCHAR
STARTCHAR uni0442.Serb.SC
ENCODING -1
SWIDTH 517 0
DWIDTH 12 0
BBX 12 12 0 0
BITMAP
FFF0
8630
8610
0600
0600
0600
0600
0600
0600
0600
0600
1F80
ENDCHAR
STARTCHAR uni050F.SC
ENCODING -1
SWIDTH 627 0
DWIDTH 15 0
BBX 15 12 0 0
BITMAP
FFF0
8610
8610
0600
0600
067E
0618
0618
0618
0618
0710
01E0
ENDCHAR
STARTCHAR uni04B5.SC
ENCODING -1
SWIDTH 684 0
DWIDTH 16 0
BBX 15 16 0 -4
BITMAP
7FFE
CCD8
8C58
0C18
0C18
0C18
0C18
0C18
0C18
0C18
0C18
3FFE
0006
0006
0004
0004
ENDCHAR
STARTCHAR uni04AD.SC
ENCODING -1
SWIDTH 527 0
DWIDTH 13 0
BBX 12 16 0 -4
BITMAP
FFF0
8630
8610
0600
0600
0600
0600
0600
0600
0600
0600
1F80
0180
0180
0180
0100
ENDCHAR
STARTCHAR u.SC
ENCODING -1
SWIDTH 614 0
DWIDTH 15 0
BBX 15 12 0 0
BITMAP
FC7E
3018
3018
3018
3018
3018
3018
3018
3018
3830
1830
07C0
ENDCHAR
STARTCHAR uacute.SC
ENCODING -1
SWIDTH 614 0
DWIDTH 15 0
BBX 15 18 0 0
BITMAP
0060
00C0
0080
0100
0200
0000
FC7E
3018
3018
3018
3018
3018
3018
3018
3018
3830
1830
07C0
ENDCHAR
STARTCHAR uhungarumlaut.SC
ENCODING -1
SWIDTH 614 0
DWIDTH 15 0
BBX 15 18 0 0
BITMAP
0130
03A0
0260
0640
0480
0000
FC7E
3018
3018
3018
3018
3018
3018
3018
3018
3830
1830
07C0
ENDCHAR
STARTCHAR ugrave.SC
ENCODING -1
SWIDTH 614 0
DWIDTH 15 0
BBX 15 18 0 0
BITMAP
0C00
0600
0300
0100
0080
0000
FC7E
3018
3018
3018
3018
3018
3018
3018
3018
3830
1830
07C0
ENDCHAR
STARTCHAR uni0215.SC
ENCODING -1
SWIDTH 614 0
DWIDTH 15 0
BBX 15 18 0 0
BITMAP
1900
0B80
0C80
04C0
0240
0000
FC7E
3018
3018
3018
3018
3018
3018
3018
3018
3830
1830
07C0
ENDCHAR
STARTCHAR ucircumflex.SC
ENCODING -1
SWIDTH 614 0
DWIDTH 15 0
BBX 15 18 0 0
BITMAP
0300
0380
06C0
0C60
0820
0000
FC7E
3018
3018
3018
3018
3018
3018
3018
3018
3830
1830
07C0
ENDCHAR
STARTCHAR uni0217.SC
ENCODING -1
SWIDTH 614 0
DWIDTH 15 0
BBX 15 18 0 0
BITMAP
0380
07C0
0C60
0820
1020
0000
FC7E
3018
3018
3018
3018
3018
3018
3018
3018
3830
1830
07C0
ENDCHAR
STARTCHAR ubreve.SC
ENCODING -1
SWIDTH 614 0
DWIDTH 15 0
BBX 15 17 0 0
BITMAP
0820
0C60
07C0
0380
0000
FC7E
3018
3018
3018
3018
3018
3018
3018
3018
3830
1830
07C0
ENDCHAR
STARTCHAR uni01D4.SC
ENCODING -1
SWIDTH 614 0
DWIDTH 15 0
BBX 15 18 0 0
BITMAP
0820
0440
0280
0380
0000
0000
FC7E
3018
3018
3018
3018
3018
3018
3018
3018
3830
1830
07C0
ENDCHAR
STARTCHAR utilde.SC
ENCODING -1
SWIDTH 614 0
DWIDTH 15 0
BBX 15 17 0 0
BITMAP
0720
09E0
10C0
0000
0000
FC7E
3018
3018
3018
3018
3018
3018
3018
3018
3830
1830
07C0
ENDCHAR
STARTCHAR uni1E79.SC
ENCODING -1
SWIDTH 614 0
DWIDTH 15 0
BBX 15 22 0 0
BITMAP
0060
00C0
0080
0100
0200
0720
09E0
10C0
0000
0000
FC7E
3018
3018
3018
3018
3018
3018
3018
3018
3830
1830
07C0
ENDCHAR
STARTCHAR umacron.SC
ENCODING -1
SWIDTH 614 0
DWIDTH 15 0
BBX 15 16 0 0
BITMAP
0FF0
0FE0
0000
0000
FC7E
3018
3018
3018
3018
3018
3018
3018
3018
3830
1830
07C0
ENDCHAR
STARTCHAR uni1E7B.SC
ENCODING -1
SWIDTH 614 0
DWIDTH 15 0
BBX 15 21 0 0
BITMAP
0840
18C0
0840
0000
0000
0FF0
0FE0
0000
0000
FC7E
3018
3018
3018
3018
3018
3018
3018
3018
3830
1830
07C0
ENDCHAR
STARTCHAR udieresis.SC
ENCODING -1
SWIDTH 614 0
DWIDTH 15 0
BBX 15 17 0 0
BITMAP
0840
18C0
0840
0000
0000
FC7E
3018
3018
3018
3018
3018
3018
3018
3018
3830
1830
07C0
ENDCHAR
STARTCHAR uni01D8.SC
ENCODING -1
SWIDTH 614 0
DWIDTH 15 0
BBX 15 22 0 0
BITMAP
0060
00C0
0080
0100
0200
0840
18C0
0840
0000
0000
FC7E
3018
3018
3018
3018
3018
3018
3018
3018
3830
1830
07C0
ENDCHAR
STARTCHAR uni01DC.SC
ENCODING -1
SWIDTH 614 0
DWIDTH 15 0
BBX 15 22 0 0
BITMAP
0C00
0600
0300
0100
0080
0840
18C0
0840
0000
0000
FC7E
3018
3018
3018
3018
3018
3018
3018
3018
3830
1830
07C0
ENDCHAR
STARTCHAR uni01DA.SC
ENCODING -1
SWIDTH 614 0
DWIDTH 15 0
BBX 15 22 0 0
BITMAP
0820
0440
0280
0380
0000
0840
18C0
0840
0000
0000
FC7E
3018
3018
3018
3018
3018
3018
3018
3018
3830
1830
07C0
ENDCHAR
STARTCHAR uni01D6.SC
ENCODING -1
SWIDTH 614 0
DWIDTH 15 0
BBX 15 20 0 0
BITMAP
0FF0
0FE0
0000
0840
18C0
0840
0000
0000
FC7E
3018
3018
3018
3018
3018
3018
3018
3018
3830
1830
07C0
ENDCHAR
STARTCHAR uring.SC
ENCODING -1
SWIDTH 614 0
DWIDTH 15 0
BBX 15 18 0 0
BITMAP
0180
0380
0380
0780
0300
0000
FC7E
3018
3018
3018
3018
3018
3018
3018
3018
3830
1830
07C0
ENDCHAR
STARTCHAR uni1EE7.SC
ENCODING -1
SWIDTH 614 0
DWIDTH 15 0
BBX 15 18 0 0
BITMAP
0300
0780
0300
0600
0100
0000
FC7E
3018
3018
3018
3018
3018
3018
3018
3018
3830
1830
07C0
ENDCHAR
STARTCHAR uni1E77.SC
ENCODING -1
SWIDTH 614 0
DWIDTH 15 0
BBX 15 18 0 -6
BITMAP
FC7E
3018
3018
3018
3018
3018
3018
3018
3018
3830
1830
07C0
0000
0000
0380
0780
0440
0820
ENDCHAR
STARTCHAR uni1E75.SC
ENCODING -1
SWIDTH 614 0
DWIDTH 15 0
BBX 15 17 0 -5
BITMAP
FC7E
3018
3018
3018
3018
3018
3018
3018
3018
3830
1830
07C0
0000
0000
0720
09E0
10C0
ENDCHAR
STARTCHAR uni1E73.SC
ENCODING -1
SWIDTH 614 0
DWIDTH 15 0
BBX 15 17 0 -5
BITMAP
FC7E
3018
3018
3018
3018
3018
3018
3018
3018
3830
1830
07C0
0000
0000
0840
18C0
0840
ENDCHAR
STARTCHAR uni1EE5.SC
ENCODING -1
SWIDTH 614 0
DWIDTH 15 0
BBX 15 17 0 -5
BITMAP
FC7E
3018
3018
3018
3018
3018
3018
3018
3018
3830
1830
07C0
0000
0000
0100
0300
0100
ENDCHAR
STARTCHAR uogonek.SC
ENCODING -1
SWIDTH 614 0
DWIDTH 15 0
BBX 15 17 0 -5
BITMAP
F87E
3018
3018
3018
3018
3018
3018
3018
3018
3838
1830
07E0
0180
0300
0600
0640
0380
ENDCHAR
STARTCHAR uogonek.RetroHookStyle.SC
ENCODING -1
SWIDTH 614 0
DWIDTH 15 0
BBX 15 18 0 -6
BITMAP
FC7E
3018
3018
3018
3018
3018
3018
3018
3018
3830
1830
0FC0
0300
0300
0300
0330
0330
01E0
ENDCHAR
STARTCHAR uni0289.SC
ENCODING -1
SWIDTH 614 0
DWIDTH 15 0
BBX 15 12 0 0
BITMAP
FC7E
3018
3018
3018
3018
FFFE
3018
3018
3018
3830
1830
07C0
ENDCHAR
STARTCHAR uhorn.SC
ENCODING -1
SWIDTH 642 0
DWIDTH 15 0
BBX 15 14 0 0
BITMAP
0006
000E
FCFC
3030
3030
3030
3030
3030
3030
3030
3030
3020
1860
0F80
ENDCHAR
STARTCHAR uni1EE9.SC
ENCODING -1
SWIDTH 642 0
DWIDTH 15 0
BBX 15 18 0 0
BITMAP
0060
00C0
0080
0100
0206
000E
FCFC
3030
3030
3030
3030
3030
3030
3030
3030
3020
1860
0F80
ENDCHAR
STARTCHAR uni1EEB.SC
ENCODING -1
SWIDTH 642 0
DWIDTH 15 0
BBX 15 18 0 0
BITMAP
0C00
0600
0300
0100
0086
000E
FCFC
3030
3030
3030
3030
3030
3030
3030
3030
3020
1860
0F80
ENDCHAR
STARTCHAR uni1EEF.SC
ENCODING -1
SWIDTH 642 0
DWIDTH 15 0
BBX 15 17 0 0
BITMAP
0720
09E0
10C0
0006
000E
FCFC
3030
3030
3030
3030
3030
3030
3030
3030
3020
1860
0F80
ENDCHAR
STARTCHAR uni1EED.SC
ENCODING -1
SWIDTH 642 0
DWIDTH 15 0
BBX 15 18 0 0
BITMAP
0300
0780
0300
0600
0106
000E
FCFC
3030
3030
3030
3030
3030
3030
3030
3030
3020
1860
0F80
ENDCHAR
STARTCHAR uni1EF1.SC
ENCODING -1
SWIDTH 642 0
DWIDTH 15 0
BBX 15 19 0 -5
BITMAP
0006
000E
FCFC
3030
3030
3030
3030
3030
3030
3030
3030
3020
1860
0F80
0000
0000
0100
0300
0100
ENDCHAR
STARTCHAR uni028A.SC
ENCODING -1
SWIDTH 597 0
DWIDTH 14 0
BBX 11 12 1 0
BITMAP
FBE0
3180
60C0
4060
C060
C060
C060
C060
E0C0
71C0
3F80
1F00
ENDCHAR
STARTCHAR uni028B.SC
ENCODING -1
SWIDTH 577 0
DWIDTH 14 0
BBX 13 12 0 0
BITMAP
FDE0
3070
3030
3038
3018
3018
3018
3018
3030
3020
1860
0F80
ENDCHAR
STARTCHAR v.SC
ENCODING -1
SWIDTH 610 0
DWIDTH 15 0
BBX 14 12 0 0
BITMAP
F87C
3010
3030
1820
1820
0C60
0C40
06C0
0680
0780
0380
0300
ENDCHAR
STARTCHAR v.SlantItalic.SC
ENCODING -1
SWIDTH 610 0
DWIDTH 15 0
BBX 14 12 0 0
BITMAP
F87C
3010
3030
1820
1820
0C60
0C40
06C0
0680
0780
0380
0300
ENDCHAR
STARTCHAR uni028B.StraightLft.SC
ENCODING -1
SWIDTH 588 0
DWIDTH 14 0
BBX 13 13 0 0
BITMAP
0070
F8F8
3018
3018
1810
1830
0C20
0C60
0640
06C0
0680
0380
0300
ENDCHAR
STARTCHAR uni028B.StraightLftHighHook.SC
ENCODING -1
SWIDTH 585 0
DWIDTH 14 0
BBX 13 14 0 0
BITMAP
0070
00F8
F818
3018
3010
1830
1820
1860
0C40
0CC0
0680
0780
0300
0300
ENDCHAR
STARTCHAR uni1E7D.SC
ENCODING -1
SWIDTH 610 0
DWIDTH 15 0
BBX 14 17 0 0
BITMAP
0720
0BE0
11C0
0000
0000
F87C
3010
3030
1820
1820
0C60
0C40
06C0
0680
0780
0380
0300
ENDCHAR
STARTCHAR uni1E7D.SlantItalic.SC
ENCODING -1
SWIDTH 610 0
DWIDTH 15 0
BBX 14 17 0 0
BITMAP
0720
0BE0
11C0
0000
0000
F87C
3010
3030
1820
1820
0C60
0C40
06C0
0680
0780
0380
0300
ENDCHAR
STARTCHAR uni1E7F.SC
ENCODING -1
SWIDTH 610 0
DWIDTH 15 0
BBX 14 17 0 -5
BITMAP
F87C
3010
3030
1820
1820
0C60
0C40
06C0
0680
0780
0380
0300
0000
0000
0100
0300
0300
ENDCHAR
STARTCHAR uni1E7F.SlantItalic.SC
ENCODING -1
SWIDTH 610 0
DWIDTH 15 0
BBX 14 17 0 -5
BITMAP
F87C
3010
3030
1820
1820
0C60
0C40
06C0
0680
0780
0380
0300
0000
0000
0100
0300
0300
ENDCHAR
STARTCHAR uni028C.SC
ENCODING -1
SWIDTH 559 0
DWIDTH 13 0
BBX 13 13 0 0
BITMAP
0200
0700
0700
0500
0D80
0980
08C0
18C0
10C0
1060
3060
2030
F8F8
ENDCHAR
STARTCHAR uni0263.SC
ENCODING -1
SWIDTH 564 0
DWIDTH 14 0
BBX 13 12 0 0
BITMAP
F078
7060
3040
18C0
0D80
0D00
0700
0700
0700
0D80
0C80
0700
ENDCHAR
STARTCHAR uni0475.SC
ENCODING -1
SWIDTH 662 0
DWIDTH 16 0
BBX 15 12 0 0
BITMAP
F81E
303E
3036
1864
1840
0C40
0CC0
0680
0680
0780
0300
0300
ENDCHAR
STARTCHAR w.SC
ENCODING -1
SWIDTH 799 0
DWIDTH 19 0
BBX 19 12 0 0
BITMAP
F843E0
30C180
30E180
30E100
11B100
193300
191300
1B1A00
0A1A00
0E0E00
0E0E00
0C0400
ENDCHAR
STARTCHAR uni051D.SC
ENCODING -1
SWIDTH 799 0
DWIDTH 19 0
BBX 19 12 0 0
BITMAP
F843E0
30C180
30E180
30E100
11B100
193300
191300
1B1A00
0A1A00
0E0E00
0E0E00
0C0400
ENDCHAR
STARTCHAR wacute.SC
ENCODING -1
SWIDTH 799 0
DWIDTH 19 0
BBX 19 18 0 0
BITMAP
001800
003000
002000
004000
008000
000000
F843E0
30C180
30E180
30E100
11B100
193300
191300
1B1A00
0A1A00
0E0E00
0E0E00
0C0400
ENDCHAR
STARTCHAR wgrave.SC
ENCODING -1
SWIDTH 799 0
DWIDTH 19 0
BBX 19 18 0 0
BITMAP
030000
018000
00C000
004000
002000
000000
F843E0
30C180
30E180
30E100
11B100
193300
191300
1B1A00
0A1A00
0E0E00
0E0E00
0C0400
ENDCHAR
STARTCHAR wcircumflex.SC
ENCODING -1
SWIDTH 799 0
DWIDTH 19 0
BBX 19 18 0 0
BITMAP
00C000
00E000
01B000
031800
020800
000000
F843E0
30C180
30E180
30E100
11B100
193300
191300
1B1A00
0A1A00
0E0E00
0E0E00
0C0400
ENDCHAR
STARTCHAR wdieresis.SC
ENCODING -1
SWIDTH 799 0
DWIDTH 19 0
BBX 19 17 0 0
BITMAP
021000
031800
021000
000000
000000
F843E0
30C180
30E180
30E100
11B100
193300
191300
1B1A00
0A1A00
0E0E00
0E0E00
0C0400
ENDCHAR
STARTCHAR uni1E87.SC
ENCODING -1
SWIDTH 799 0
DWIDTH 19 0
BBX 19 17 0 0
BITMAP
004000
006000
004000
000000
000000
F843E0
30C180
30E180
30E100
11B100
193300
191300
1B1A00
0A1A00
0E0E00
0E0E00
0C0400
ENDCHAR
STARTCHAR uni1E89.SC
ENCODING -1
SWIDTH 799 0
DWIDTH 19 0
BBX 19 17 0 -5
BITMAP
F843E0
30C180
30E180
30E100
11B100
193300
191300
1B1A00
0A1A00
0E0E00
0E0E00
0C0400
000000
000000
004000
006000
004000
ENDCHAR
STARTCHAR uni2C73.SC
ENCODING -1
SWIDTH 901 0
DWIDTH 21 0
BBX 21 13 1 0
BITMAP
000070
F0C0F8
60C198
60C118
21E320
316200
312200
323200
123600
1E1400
1C1C00
1C1C00
080800
ENDCHAR
STARTCHAR x.SC
ENCODING -1
SWIDTH 578 0
DWIDTH 14 0
BBX 13 12 0 0
BITMAP
F8F8
3860
18C0
0C80
0780
0300
0780
0D80
08C0
1860
3030
F8F8
ENDCHAR
STARTCHAR uni0445.SC
ENCODING -1
SWIDTH 578 0
DWIDTH 14 0
BBX 13 12 0 0
BITMAP
F8F8
3860
18C0
0C80
0780
0300
0780
0D80
08C0
1860
3030
F8F8
ENDCHAR
STARTCHAR uni1E8D.SC
ENCODING -1
SWIDTH 578 0
DWIDTH 14 0
BBX 13 17 0 0
BITMAP
18C0
18C0
18C0
0000
0000
F8F8
3860
18C0
0C80
0780
0300
0780
0D80
08C0
1860
3030
F8F8
ENDCHAR
STARTCHAR uni1E8B.SC
ENCODING -1
SWIDTH 578 0
DWIDTH 14 0
BBX 13 17 0 0
BITMAP
0300
0300
0300
0000
0000
F8F8
3860
18C0
0C80
0780
0300
0780
0D80
08C0
1860
3030
F8F8
ENDCHAR
STARTCHAR uni04FF.SC
ENCODING -1
SWIDTH 587 0
DWIDTH 14 0
BBX 14 12 0 0
BITMAP
7CF8
3860
18C0
0C80
0780
1FE0
2780
0DC0
0CC0
1860
3030
F87C
ENDCHAR
STARTCHAR uni04FD.SC
ENCODING -1
SWIDTH 587 0
DWIDTH 15 0
BBX 13 16 1 -4
BITMAP
F9F8
30C0
18C0
1980
0F00
0600
0F00
0F00
1980
30C0
6060
F830
0030
0130
03E0
01C0
ENDCHAR
STARTCHAR uni04B3.SC
ENCODING -1
SWIDTH 587 0
DWIDTH 14 0
BBX 14 16 0 -4
BITMAP
7CF8
3860
1840
0CC0
0780
0300
0700
0D80
0CC0
1860
3020
F87C
0008
0008
0008
0008
ENDCHAR
STARTCHAR y.SC
ENCODING -1
SWIDTH 558 0
DWIDTH 13 0
BBX 13 12 0 0
BITMAP
F078
1820
1860
0CC0
0680
0780
0300
0300
0300
0300
0300
0FC0
ENDCHAR
STARTCHAR uni0443.SC
ENCODING -1
SWIDTH 569 0
DWIDTH 14 0
BBX 14 12 0 0
BITMAP
F87C
3030
1820
0860
0C40
06C0
0280
0380
0100
1300
1E00
3C00
ENDCHAR
STARTCHAR yacute.SC
ENCODING -1
SWIDTH 558 0
DWIDTH 13 0
BBX 13 18 0 0
BITMAP
00C0
0180
0180
0300
0200
0400
F078
1820
1860
0CC0
0680
0780
0300
0300
0300
0300
0300
0FC0
ENDCHAR
STARTCHAR uni04F3.SC
ENCODING -1
SWIDTH 569 0
DWIDTH 14 0
BBX 14 18 0 0
BITMAP
0330
0360
0240
04C0
0480
0000
F87C
3030
1820
0860
0C40
06C0
0280
0380
0100
1300
1E00
3C00
ENDCHAR
STARTCHAR ygrave.SC
ENCODING -1
SWIDTH 558 0
DWIDTH 13 0
BBX 13 18 0 0
BITMAP
1800
0C00
0600
0200
0100
0000
F078
1820
1860
0CC0
0680
0780
0300
0300
0300
0300
0300
0FC0
ENDCHAR
STARTCHAR ycircumflex.SC
ENCODING -1
SWIDTH 558 0
DWIDTH 13 0
BBX 13 18 0 0
BITMAP
0300
0700
0D80
08C0
1040
0000
F078
1820
1860
0CC0
0680
0780
0300
0300
0300
0300
0300
0FC0
ENDCHAR
STARTCHAR uni045E.SC
ENCODING -1
SWIDTH 569 0
DWIDTH 14 0
BBX 14 16 0 0
BITMAP
0840
0C60
0FC0
0000
F87C
3030
1820
0860
0C40
06C0
0280
0380
0100
1300
1E00
3C00
ENDCHAR
STARTCHAR uni1EF9.SC
ENCODING -1
SWIDTH 558 0
DWIDTH 13 0
BBX 13 17 0 0
BITMAP
0E60
13C0
1180
0000
0000
F078
1820
1860
0CC0
0680
0780
0300
0300
0300
0300
0300
0FC0
ENDCHAR
STARTCHAR uni0233.SC
ENCODING -1
SWIDTH 558 0
DWIDTH 13 0
BBX 13 16 0 0
BITMAP
1FE0
1FC0
0000
0000
F078
1820
1860
0CC0
0680
0780
0300
0300
0300
0300
0300
0FC0
ENDCHAR
STARTCHAR uni04EF.SC
ENCODING -1
SWIDTH 569 0
DWIDTH 14 0
BBX 14 16 0 0
BITMAP
0FE0
1FE0
0000
0000
F87C
3030
1820
0860
0C40
06C0
0280
0380
0100
1300
1E00
3C00
ENDCHAR
STARTCHAR ydieresis.SC
ENCODING -1
SWIDTH 558 0
DWIDTH 13 0
BBX 13 17 0 0
BITMAP
18C0
18C0
1080
0000
0000
F078
1820
1860
0CC0
0680
0780
0300
0300
0300
0300
0300
0FC0
ENDCHAR
STARTCHAR uni04F1.SC
ENCODING -1
SWIDTH 569 0
DWIDTH 14 0
BBX 14 17 0 0
BITMAP
0840
18C0
18C0
0000
0000
F87C
3030
1820
0860
0C40
06C0
0280
0380
0100
1300
1E00
3C00
ENDCHAR
STARTCHAR uni1E8F.SC
ENCODING -1
SWIDTH 558 0
DWIDTH 13 0
BBX 13 17 0 0
BITMAP
0300
0300
0200
0000
0000
F078
1820
1860
0CC0
0680
0780
0300
0300
0300
0300
0300
0FC0
ENDCHAR
STARTCHAR uni1EF7.SC
ENCODING -1
SWIDTH 558 0
DWIDTH 13 0
BBX 13 18 0 0
BITMAP
0300
0F00
0600
0C00
0200
0000
F078
1820
1860
0CC0
0680
0780
0300
0300
0300
0300
0300
0FC0
ENDCHAR
STARTCHAR uni1EF5.SC
ENCODING -1
SWIDTH 558 0
DWIDTH 13 0
BBX 13 17 0 -5
BITMAP
F078
1820
1860
0CC0
0680
0780
0300
0300
0300
0300
0300
0FC0
0000
0000
0300
0300
0200
ENDCHAR
STARTCHAR uni024F.SC
ENCODING -1
SWIDTH 568 0
DWIDTH 14 0
BBX 13 12 0 0
BITMAP
F078
1820
7FF8
0CC0
0680
0780
0300
0300
0300
0300
0300
0FC0
ENDCHAR
STARTCHAR uni01B4.RtHook.SC
ENCODING -1
SWIDTH 636 0
DWIDTH 15 0
BBX 14 13 0 0
BITMAP
0018
F03C
386C
184C
0CD0
0E80
0780
0300
0300
0300
0300
0300
0FC0
ENDCHAR
STARTCHAR uni01B4.SC
ENCODING -1
SWIDTH 659 0
DWIDTH 16 0
BBX 15 12 0 0
BITMAP
7C1E
CE08
C618
E330
01B0
01E0
00C0
00C0
00C0
00C0
00C0
03F0
ENDCHAR
STARTCHAR uni1EFF.SC
ENCODING -1
SWIDTH 558 0
DWIDTH 13 0
BBX 13 12 -1 0
BITMAP
F078
1820
1860
0C40
06C0
0680
0380
0300
1F00
3380
3E00
1C00
ENDCHAR
STARTCHAR uni04AF.SC
ENCODING -1
SWIDTH 568 0
DWIDTH 14 0
BBX 12 12 1 0
BITMAP
F8F0
7040
30C0
1980
1D00
0F00
0600
0600
0600
0600
0600
1F80
ENDCHAR
STARTCHAR uni04B1.SC
ENCODING -1
SWIDTH 568 0
DWIDTH 14 0
BBX 12 12 1 0
BITMAP
F8F0
7040
30C0
1980
1D00
0F00
3FE0
0600
0600
0600
0600
1F80
ENDCHAR
STARTCHAR uni0447.SC
ENCODING -1
SWIDTH 566 0
DWIDTH 14 0
BBX 14 12 0 0
BITMAP
F87C
3030
3030
3030
3030
3830
0FF0
0030
0030
0030
0030
00FC
ENDCHAR
STARTCHAR uni04F5.SC
ENCODING -1
SWIDTH 566 0
DWIDTH 14 0
BBX 14 17 0 0
BITMAP
1080
18C0
1080
0000
0000
F87C
3030
3030
3030
3030
3830
0FF0
0030
0030
0030
0030
00FC
ENDCHAR
STARTCHAR uni04CC.SC
ENCODING -1
SWIDTH 576 0
DWIDTH 14 0
BBX 13 16 0 -4
BITMAP
F8F8
3060
3060
3060
3060
3860
1FE0
0060
0060
0060
0060
01F8
0180
0100
0100
0200
ENDCHAR
STARTCHAR uni04B9.SC
ENCODING -1
SWIDTH 576 0
DWIDTH 14 0
BBX 13 12 0 0
BITMAP
F8F8
3060
3060
3360
3360
3B60
0FE0
0360
0360
0360
0060
01F8
ENDCHAR
STARTCHAR uni04B7.SC
ENCODING -1
SWIDTH 576 0
DWIDTH 14 0
BBX 13 16 0 -4
BITMAP
F8F8
3060
3060
3060
3060
3860
1FE0
0060
0060
0060
0060
01F8
0018
0018
0010
0010
ENDCHAR
STARTCHAR z.SC
ENCODING -1
SWIDTH 491 0
DWIDTH 12 0
BBX 10 12 1 0
BITMAP
7FC0
C180
8300
0700
0600
0C00
1800
3800
3000
6040
E0C0
FFC0
ENDCHAR
STARTCHAR z.SlantItalic.SC
ENCODING -1
SWIDTH 491 0
DWIDTH 12 0
BBX 10 12 1 0
BITMAP
7FC0
C180
8300
0700
0600
0C00
1800
3800
3000
6040
E0C0
FFC0
ENDCHAR
STARTCHAR zacute.SC
ENCODING -1
SWIDTH 491 0
DWIDTH 12 0
BBX 10 18 1 0
BITMAP
0380
0300
0600
0400
0800
0000
7FC0
C180
8300
0700
0600
0C00
1800
3800
3000
6040
E0C0
FFC0
ENDCHAR
STARTCHAR zacute.SlantItalic.SC
ENCODING -1
SWIDTH 491 0
DWIDTH 12 0
BBX 10 18 1 0
BITMAP
0380
0300
0600
0400
0800
0000
7FC0
C180
8300
0700
0600
0C00
1800
3800
3000
6040
E0C0
FFC0
ENDCHAR
STARTCHAR uni1E91.SC
ENCODING -1
SWIDTH 491 0
DWIDTH 12 0
BBX 10 18 1 0
BITMAP
0C00
1E00
1200
2100
4080
0000
7FC0
C180
8300
0700
0600
0C00
1800
3800
3000
6040
E0C0
FFC0
ENDCHAR
STARTCHAR uni1E91.SlantItalic.SC
ENCODING -1
SWIDTH 491 0
DWIDTH 12 0
BBX 10 18 1 0
BITMAP
0C00
1E00
1200
2100
4080
0000
7FC0
C180
8300
0700
0600
0C00
1800
3800
3000
6040
E0C0
FFC0
ENDCHAR
STARTCHAR zcaron.SC
ENCODING -1
SWIDTH 491 0
DWIDTH 12 0
BBX 10 18 1 0
BITMAP
4080
3100
1A00
0C00
0000
0000
7FC0
C180
8300
0700
0600
0C00
1800
3800
3000
6040
E0C0
FFC0
ENDCHAR
STARTCHAR zcaron.SlantItalic.SC
ENCODING -1
SWIDTH 491 0
DWIDTH 12 0
BBX 10 18 1 0
BITMAP
4080
3100
1A00
0C00
0000
0000
7FC0
C180
8300
0700
0600
0C00
1800
3800
3000
6040
E0C0
FFC0
ENDCHAR
STARTCHAR zdotaccent.SC
ENCODING -1
SWIDTH 491 0
DWIDTH 12 0
BBX 10 17 1 0
BITMAP
0C00
0C00
0C00
0000
0000
7FC0
C180
8300
0700
0600
0C00
1800
3800
3000
6040
E0C0
FFC0
ENDCHAR
STARTCHAR zdotaccent.SlantItalic.SC
ENCODING -1
SWIDTH 491 0
DWIDTH 12 0
BBX 10 17 1 0
BITMAP
0C00
0C00
0C00
0000
0000
7FC0
C180
8300
0700
0600
0C00
1800
3800
3000
6040
E0C0
FFC0
ENDCHAR
STARTCHAR uni1E95.SC
ENCODING -1
SWIDTH 491 0
DWIDTH 12 0
BBX 10 16 1 -4
BITMAP
7FC0
C180
8300
0700
0600
0C00
1800
3800
3000
6040
E0C0
FFC0
0000
0000
7F80
7F80
ENDCHAR
STARTCHAR uni1E95.SlantItalic.SC
ENCODING -1
SWIDTH 491 0
DWIDTH 12 0
BBX 10 16 1 -4
BITMAP
7FC0
C180
8300
0700
0600
0C00
1800
3800
3000
6040
E0C0
FFC0
0000
0000
7F80
7F80
ENDCHAR
STARTCHAR uni1E93.SC
ENCODING -1
SWIDTH 491 0
DWIDTH 12 0
BBX 10 17 1 -5
BITMAP
7FC0
C180
8300
0700
0600
0C00
1800
3800
3000
6040
E0C0
FFC0
0000
0000
0C00
0C00
0C00
ENDCHAR
STARTCHAR uni1E93.SlantItalic.SC
ENCODING -1
SWIDTH 491 0
DWIDTH 12 0
BBX 10 17 1 -5
BITMAP
7FC0
C180
8300
0700
0600
0C00
1800
3800
3000
6040
E0C0
FFC0
0000
0000
0C00
0C00
0C00
ENDCHAR
STARTCHAR uni01B6.SC
ENCODING -1
SWIDTH 491 0
DWIDTH 12 0
BBX 10 12 1 0
BITMAP
7FC0
C180
8300
0600
0600
7F80
1800
3800
3000
6040
E0C0
FFC0
ENDCHAR
STARTCHAR uni1D8E.SC
ENCODING -1
SWIDTH 501 0
DWIDTH 12 0
BBX 11 17 1 -5
BITMAP
7FE0
41C0
4180
0380
0700
0E00
0C00
1800
3800
7020
6060
FFE0
0060
0060
0260
0660
03C0
ENDCHAR
STARTCHAR uni0225.SC
ENCODING -1
SWIDTH 491 0
DWIDTH 12 0
BBX 10 15 1 -3
BITMAP
7FC0
C180
8300
0700
0600
0C00
1800
1800
3000
6000
E000
FFC0
00C0
0080
0300
ENDCHAR
STARTCHAR uni2C6C.SC
ENCODING -1
SWIDTH 502 0
DWIDTH 12 0
BBX 11 16 0 -4
BITMAP
7FE0
40C0
4180
0300
0700
0600
0C00
1C00
1800
3000
6000
FFE0
0060
0060
0040
0080
ENDCHAR
STARTCHAR uni0292.SC
ENCODING -1
SWIDTH 489 0
DWIDTH 12 0
BBX 10 12 1 0
BITMAP
7F80
4300
8600
0C00
1F00
2180
00C0
00C0
40C0
E180
7F80
3E00
ENDCHAR
STARTCHAR uni04E1.SC
ENCODING -1
SWIDTH 489 0
DWIDTH 12 0
BBX 10 12 1 0
BITMAP
7F80
4300
8600
0C00
1F00
2180
00C0
00C0
40C0
E180
7F80
3E00
ENDCHAR
STARTCHAR uni04E1.RevSigmaStyle.SC
ENCODING -1
SWIDTH 498 0
DWIDTH 12 0
BBX 10 12 1 0
BITMAP
FFC0
8180
8300
0600
0E00
1C00
0400
0600
8300
8100
FF80
FFC0
ENDCHAR
STARTCHAR uni01EF.SC
ENCODING -1
SWIDTH 489 0
DWIDTH 12 0
BBX 10 18 1 0
BITMAP
4080
2300
1600
0C00
0000
0000
7F80
4300
8600
0C00
1F00
2180
00C0
00C0
40C0
E180
7F80
3E00
ENDCHAR
STARTCHAR uni01B9.SC
ENCODING -1
SWIDTH 500 0
DWIDTH 12 0
BBX 10 12 1 0
BITMAP
7F80
70C0
3840
1C00
0E00
3000
4000
C040
C0C0
E180
7F00
3E00
ENDCHAR
STARTCHAR uniA72B.SC
ENCODING -1
SWIDTH 472 0
DWIDTH 11 0
BBX 9 12 1 0
BITMAP
0F00
1980
6000
F000
1C00
1E00
6000
C000
C000
C180
6180
3F00
ENDCHAR
STARTCHAR uniA72D.SC
ENCODING -1
SWIDTH 464 0
DWIDTH 11 0
BBX 10 13 1 0
BITMAP
0300
0700
0F00
0B00
1300
3300
6300
C300
FFC0
0300
0300
4600
F800
ENDCHAR
STARTCHAR uniA72F.SC
ENCODING -1
SWIDTH 516 0
DWIDTH 12 0
BBX 10 14 1 -1
BITMAP
0300
0700
0F00
0B00
1300
3300
6300
C300
FF00
0380
03C0
46C0
F880
0100
ENDCHAR
STARTCHAR uni021D.SC
ENCODING -1
SWIDTH 473 0
DWIDTH 11 0
BBX 9 14 1 -2
BITMAP
7F00
C380
8180
0180
0200
0F00
3F80
4180
0180
0180
0300
0600
3800
C000
ENDCHAR
STARTCHAR uni0292.RevSigmaStyle.SC
ENCODING -1
SWIDTH 498 0
DWIDTH 12 0
BBX 10 12 1 0
BITMAP
FFC0
8180
8300
0600
0E00
1C00
0400
0600
8300
8100
FF80
FFC0
ENDCHAR
STARTCHAR uni0242.SC
ENCODING -1
SWIDTH 436 0
DWIDTH 11 0
BBX 10 12 0 0
BITMAP
1F00
61C0
C0C0
C0C0
0180
0300
0600
0C00
0C00
0C00
0C00
3F00
ENDCHAR
STARTCHAR uni01BD.SC
ENCODING -1
SWIDTH 471 0
DWIDTH 11 0
BBX 10 12 0 0
BITMAP
FFC0
30C0
3040
3000
3000
3F00
2180
00C0
20C0
71C0
3F80
1E00
ENDCHAR
STARTCHAR uni1EFD.SC
ENCODING -1
SWIDTH 473 0
DWIDTH 11 0
BBX 9 13 1 0
BITMAP
0400
1800
3000
6000
6000
CE00
C300
C380
C180
C180
6180
6300
1E00
ENDCHAR
STARTCHAR uniA78C.Lrg.SC
ENCODING -1
SWIDTH 248 0
DWIDTH 6 0
BBX 2 10 2 5
BITMAP
C0
C0
C0
C0
C0
C0
C0
C0
C0
C0
ENDCHAR
STARTCHAR uniA78C.SC
ENCODING -1
SWIDTH 234 0
DWIDTH 6 0
BBX 3 8 1 7
BITMAP
60
E0
60
60
60
60
40
40
ENDCHAR
STARTCHAR uni1D8F.Dep51
ENCODING -1
SWIDTH 466 0
DWIDTH 11 0
BBX 14 18 1 -6
BITMAP
FFFC
E1FC
98FC
BCFC
FCFC
FCFC
C4FC
9CFC
BCFC
BCFC
B4BC
8C3C
FFBC
FFBC
FFBC
FFB4
FFB4
FFFC
ENDCHAR
STARTCHAR uni1D8F.Dep50
ENCODING -1
SWIDTH 466 0
DWIDTH 11 0
BBX 14 18 1 -6
BITMAP
FFFC
E1FC
98FC
BCFC
FCFC
FCFC
C4FC
9CFC
BCFC
BCFC
B4BC
8C3C
FFBC
FFBC
FFBC
FFB4
FFB4
FFFC
ENDCHAR
STARTCHAR uni1D8F.Dep41
ENCODING -1
SWIDTH 466 0
DWIDTH 11 0
BBX 14 18 1 -6
BITMAP
FFFC
E1FC
98FC
BCFC
FCFC
FCFC
C4FC
9CFC
BCFC
BCFC
B4BC
8C3C
FFBC
FFBC
FFBC
FFB4
FFB4
FFFC
ENDCHAR
STARTCHAR uni1D90.Dep51
ENCODING -1
SWIDTH 508 0
DWIDTH 12 0
BBX 15 18 1 -6
BITMAP
FFFE
F1BE
DC7E
BE7E
BE7E
BE7E
BE7E
BE7E
BE7E
9E7E
895E
E35E
FFDE
FFDE
FFDE
FFDA
FFDA
FFFE
ENDCHAR
STARTCHAR uni1D90.Dep50
ENCODING -1
SWIDTH 508 0
DWIDTH 12 0
BBX 15 18 1 -6
BITMAP
FFFE
F1BE
DC7E
BE7E
BE7E
BE7E
BE7E
BE7E
BE7E
9E7E
895E
E35E
FFDE
FFDE
FFDE
FFDA
FFDA
FFFE
ENDCHAR
STARTCHAR uni1D90.Dep41
ENCODING -1
SWIDTH 508 0
DWIDTH 12 0
BBX 15 18 1 -6
BITMAP
FFFE
F1BE
DC7E
BE7E
BE7E
BE7E
BE7E
BE7E
BE7E
9E7E
895E
E35E
FFDE
FFDE
FFDE
FFDA
FFDA
FFFE
ENDCHAR
STARTCHAR uni1D9B.Dep51
ENCODING -1
SWIDTH 358 0
DWIDTH 8 0
BBX 8 7 0 7
BITMAP
FF
E9
DD
DD
DD
D9
FF
ENDCHAR
STARTCHAR uni1D9B.Dep50
ENCODING -1
SWIDTH 358 0
DWIDTH 8 0
BBX 8 7 0 7
BITMAP
FF
E9
DD
DD
DD
D9
FF
ENDCHAR
STARTCHAR uni1D9B.Dep41
ENCODING -1
SWIDTH 358 0
DWIDTH 8 0
BBX 8 7 0 7
BITMAP
FF
E9
DD
DD
DD
D9
FF
ENDCHAR
STARTCHAR uni2C6D.Dep51
ENCODING -1
SWIDTH 617 0
DWIDTH 15 0
BBX 14 16 0 -1
BITMAP
FFFC
E10C
CFCC
CFCC
9FCC
9FCC
9FCC
9FCC
9FCC
9FCC
9FCC
8FCC
CFCC
E34C
F0C4
FFFC
ENDCHAR
STARTCHAR uni1D80.Dep51
ENCODING -1
SWIDTH 507 0
DWIDTH 12 0
BBX 12 25 0 -6
BITMAP
FFF0
8FF0
CFF0
CFF0
CFF0
CFF0
CFF0
CFF0
CC70
D230
C790
CF90
DF90
DFD0
DFD0
DF90
DF90
C750
C050
F0D0
FFD0
FFD0
FCD0
FCD0
FFF0
ENDCHAR
STARTCHAR uni1D80.Dep50
ENCODING -1
SWIDTH 507 0
DWIDTH 12 0
BBX 12 25 0 -6
BITMAP
FFF0
8FF0
CFF0
CFF0
CFF0
CFF0
CFF0
CFF0
CC70
D230
C790
CF90
DF90
DFD0
DFD0
DF90
DF90
C750
C050
F0D0
FFD0
FFD0
FCD0
FCD0
FFF0
ENDCHAR
STARTCHAR uni1D80.Dep41
ENCODING -1
SWIDTH 507 0
DWIDTH 12 0
BBX 12 25 0 -6
BITMAP
FFF0
8FF0
CFF0
CFF0
CFF0
CFF0
CFF0
CFF0
CC70
D230
C790
CF90
DF90
DFD0
DFD0
DF90
DF90
C750
C050
F0D0
FFD0
FFD0
FCD0
FCD0
FFF0
ENDCHAR
STARTCHAR uni1D6C.Dep51
ENCODING -1
SWIDTH 507 0
DWIDTH 12 0
BBX 13 19 -2 -1
BITMAP
FFF8
E7F8
E7F8
86F8
A1F8
E3F8
E7F8
E638
E488
E9E8
E3E8
E7E8
E7F8
E7F8
E7E8
E7F8
E1D8
F878
FFF8
ENDCHAR
STARTCHAR uni1D6C.Dep50
ENCODING -1
SWIDTH 507 0
DWIDTH 12 0
BBX 13 19 -2 -1
BITMAP
FFF8
E7F8
E7F8
86F8
A1F8
E3F8
E7F8
E638
E488
E9E8
E3E8
E7E8
E7F8
E7F8
E7E8
E7F8
E1D8
F878
FFF8
ENDCHAR
STARTCHAR uni1D6C.Dep41
ENCODING -1
SWIDTH 507 0
DWIDTH 12 0
BBX 13 19 -2 -1
BITMAP
FFF8
E7F8
E7F8
86F8
A1F8
E3F8
E7F8
E638
E488
E9E8
E3E8
E7E8
E7F8
E7F8
E7E8
E7F8
E1D8
F878
FFF8
ENDCHAR
STARTCHAR uni0243.Dep51
ENCODING -1
SWIDTH 549 0
DWIDTH 13 0
BBX 12 16 0 -1
BITMAP
FFF0
CF70
CFB0
CFB0
CFB0
CF30
D870
CF30
CF90
CFD0
81D0
CFD0
CF90
CF10
8070
FFF0
ENDCHAR
STARTCHAR uni0243.Dep50
ENCODING -1
SWIDTH 549 0
DWIDTH 13 0
BBX 12 16 0 -1
BITMAP
FFF0
CF70
CFB0
CFB0
CFB0
CF30
D870
CF30
CF90
CFD0
81D0
CFD0
CF90
CF10
8070
FFF0
ENDCHAR
STARTCHAR uni1D9C.Dep51
ENCODING -1
SWIDTH 305 0
DWIDTH 7 0
BBX 7 7 0 7
BITMAP
FE
9E
BE
BE
BE
9E
FE
ENDCHAR
STARTCHAR uni1D9C.Dep50
ENCODING -1
SWIDTH 305 0
DWIDTH 7 0
BBX 7 7 0 7
BITMAP
FE
9E
BE
BE
BE
9E
FE
ENDCHAR
STARTCHAR uni1D9C.Dep41
ENCODING -1
SWIDTH 305 0
DWIDTH 7 0
BBX 7 7 0 7
BITMAP
FE
9E
BE
BE
BE
9E
FE
ENDCHAR
STARTCHAR uni023C.Dep51
ENCODING -1
SWIDTH 437 0
DWIDTH 10 0
BBX 9 15 1 -2
BITMAP
FF80
FE80
E080
DC80
B980
BB80
BB80
B780
B780
A780
AF80
8480
C180
9F80
FF80
ENDCHAR
STARTCHAR uni023C.Dep50
ENCODING -1
SWIDTH 437 0
DWIDTH 10 0
BBX 9 15 1 -2
BITMAP
FF80
FE80
E080
DC80
B980
BB80
BB80
B780
B780
A780
AF80
8480
C180
9F80
FF80
ENDCHAR
STARTCHAR uni023C.Dep41
ENCODING -1
SWIDTH 437 0
DWIDTH 10 0
BBX 9 15 1 -2
BITMAP
FF80
FE80
E080
DC80
B980
BB80
BB80
B780
B780
A780
AF80
8480
C180
9F80
FF80
ENDCHAR
STARTCHAR uni1D9D.Dep51
ENCODING -1
SWIDTH 305 0
DWIDTH 7 0
BBX 7 9 0 6
BITMAP
1C
FE
BE
BE
A2
9E
9E
C2
FE
ENDCHAR
STARTCHAR uni1D9D.Dep50
ENCODING -1
SWIDTH 305 0
DWIDTH 7 0
BBX 7 9 0 6
BITMAP
1C
FE
BE
BE
A2
9E
9E
C2
FE
ENDCHAR
STARTCHAR uni1D9D.Dep41
ENCODING -1
SWIDTH 305 0
DWIDTH 7 0
BBX 7 9 0 6
BITMAP
1C
FE
BE
BE
A2
9E
9E
C2
FE
ENDCHAR
STARTCHAR uni1D97.Dep51
ENCODING -1
SWIDTH 441 0
DWIDTH 11 0
BBX 10 18 0 -6
BITMAP
FFC0
E1C0
C0C0
BC40
FE40
FF40
FF40
FF40
FF40
FE40
9E40
80C0
A3C0
BFC0
BFC0
B3C0
B7C0
FFC0
ENDCHAR
STARTCHAR uni1D97.Dep50
ENCODING -1
SWIDTH 441 0
DWIDTH 11 0
BBX 10 18 0 -6
BITMAP
FFC0
E1C0
C0C0
BC40
FE40
FF40
FF40
FF40
FF40
FE40
9E40
80C0
A3C0
BFC0
BFC0
B3C0
B7C0
FFC0
ENDCHAR
STARTCHAR uni1D97.Dep41
ENCODING -1
SWIDTH 441 0
DWIDTH 11 0
BBX 10 18 0 -6
BITMAP
FFC0
E1C0
C0C0
BC40
FE40
FF40
FF40
FF40
FF40
FE40
9E40
80C0
A3C0
BFC0
BFC0
B3C0
B7C0
FFC0
ENDCHAR
STARTCHAR uni1D81.Dep51
ENCODING -1
SWIDTH 520 0
DWIDTH 12 0
BBX 12 25 1 -6
BITMAP
FFF0
FE30
FF30
FF30
FF30
FF30
FF30
FF30
F030
DE30
FF30
BF30
BF30
BF30
BF30
BF30
9E30
CD10
E390
FFF0
FFF0
FEF0
FE50
FE10
FFF0
ENDCHAR
STARTCHAR uni1D81.Dep50
ENCODING -1
SWIDTH 520 0
DWIDTH 12 0
BBX 12 25 1 -6
BITMAP
FFF0
FE30
FF30
FF30
FF30
FF30
FF30
FF30
F030
DE30
FF30
BF30
BF30
BF30
BF30
BF30
9E30
CD10
E390
FFF0
FFF0
FEF0
FE50
FE10
FFF0
ENDCHAR
STARTCHAR uni1D81.Dep41
ENCODING -1
SWIDTH 520 0
DWIDTH 12 0
BBX 12 25 1 -6
BITMAP
FFF0
FE30
FF30
FF30
FF30
FF30
FF30
FF30
F030
DE30
FF30
BF30
BF30
BF30
BF30
BF30
9E30
CD10
E390
FFF0
FFF0
FEF0
FE50
FE10
FFF0
ENDCHAR
STARTCHAR uni1D6D.Dep51
ENCODING -1
SWIDTH 520 0
DWIDTH 13 0
BBX 13 19 1 -1
BITMAP
FFF8
FF38
FF38
FF38
FC38
FB08
FF38
FF38
FF38
FF38
BF38
BF38
BF38
BF38
BF38
9E38
CD28
E398
FFF8
ENDCHAR
STARTCHAR uni1D6D.Dep50
ENCODING -1
SWIDTH 520 0
DWIDTH 13 0
BBX 13 19 1 -1
BITMAP
FFF8
FF38
FF38
FF38
FC38
FB08
FF38
FF38
FF38
FF38
BF38
BF38
BF38
BF38
BF38
9E38
CD28
E398
FFF8
ENDCHAR
STARTCHAR uni1D6D.Dep41
ENCODING -1
SWIDTH 520 0
DWIDTH 13 0
BBX 13 19 1 -1
BITMAP
FFF8
FF38
FF38
FF38
FC38
FB08
FF38
FF38
FF38
FF38
BF38
BF38
BF38
BF38
BF38
9E38
CD28
E398
FFF8
ENDCHAR
STARTCHAR uni1D91.Dep51
ENCODING -1
SWIDTH 514 0
DWIDTH 12 0
BBX 16 25 0 -6
BITMAP
7FFF
7FC1
7F99
7FBF
7F3F
7F3F
7F3F
7F3F
703F
4F3F
5FBF
9FBF
9FBF
9FBF
9FBF
9FBF
8F3F
473F
633F
7F3F
7F3F
7F3D
7F39
7F1B
7FFF
ENDCHAR
STARTCHAR uni1D91.Dep50
ENCODING -1
SWIDTH 514 0
DWIDTH 12 0
BBX 16 25 0 -6
BITMAP
7FFF
7FC1
7F99
7FBF
7F3F
7F3F
7F3F
7F3F
703F
4F3F
5FBF
9FBF
9FBF
9FBF
9FBF
9FBF
8F3F
473F
633F
7F3F
7F3F
7F3D
7F39
7F1B
7FFF
ENDCHAR
STARTCHAR uni1D91.Dep41
ENCODING -1
SWIDTH 514 0
DWIDTH 12 0
BBX 16 25 0 -6
BITMAP
7FFF
7FC1
7F99
7FBF
7F3F
7F3F
7F3F
7F3F
703F
4F3F
5FBF
9FBF
9FBF
9FBF
9FBF
9FBF
8F3F
473F
633F
7F3F
7F3F
7F3D
7F39
7F1B
7FFF
ENDCHAR
STARTCHAR uni0238.Dep51
ENCODING -1
SWIDTH 803 0
DWIDTH 19 0
BBX 18 20 1 -1
BITMAP
FFFFC0
FC7FC0
FF7FC0
FF7FC0
FF7FC0
FF7FC0
FF7FC0
FF7FC0
E171C0
DE4CC0
BF3E40
BF3E40
BF7E40
BF7F40
BF7F40
BF7E40
9F7EC0
8D1DC0
C3C3C0
FFFFC0
ENDCHAR
STARTCHAR uni0238.Dep50
ENCODING -1
SWIDTH 803 0
DWIDTH 19 0
BBX 18 20 1 -1
BITMAP
FFFFC0
FC7FC0
FF7FC0
FF7FC0
FF7FC0
FF7FC0
FF7FC0
FF7FC0
E171C0
DE4CC0
BF3E40
BF3E40
BF7E40
BF7F40
BF7F40
BF7E40
9F7EC0
8D1DC0
C3C3C0
FFFFC0
ENDCHAR
STARTCHAR uni0238.Dep41
ENCODING -1
SWIDTH 803 0
DWIDTH 19 0
BBX 18 20 1 -1
BITMAP
FFFFC0
FC7FC0
FF7FC0
FF7FC0
FF7FC0
FF7FC0
FF7FC0
FF7FC0
E171C0
DE4CC0
BF3E40
BF3E40
BF7E40
BF7F40
BF7F40
BF7E40
9F7EC0
8D1DC0
C3C3C0
FFFFC0
ENDCHAR
STARTCHAR uni1D9E.Dep51
ENCODING -1
SWIDTH 348 0
DWIDTH 8 0
BBX 8 10 0 7
BITMAP
FF
F3
FF
C5
B9
BD
BD
BD
99
FF
ENDCHAR
STARTCHAR uni1D9E.Dep50
ENCODING -1
SWIDTH 348 0
DWIDTH 8 0
BBX 8 10 0 7
BITMAP
FF
F3
FF
C5
B9
BD
BD
BD
99
FF
ENDCHAR
STARTCHAR uni1D9E.Dep41
ENCODING -1
SWIDTH 348 0
DWIDTH 8 0
BBX 8 10 0 7
BITMAP
FF
F3
FF
C5
B9
BD
BD
BD
99
FF
ENDCHAR
STARTCHAR uni1D92.Dep51
ENCODING -1
SWIDTH 461 0
DWIDTH 11 0
BBX 14 18 0 -6
BITMAP
FFFC
F0FC
EE7C
DF3C
9F3C
803C
9FFC
9FFC
9FFC
8FBC
C73C
E0BC
FFBC
FFBC
FFBC
FFB4
FFB4
FFFC
ENDCHAR
STARTCHAR uni1D92.Dep50
ENCODING -1
SWIDTH 461 0
DWIDTH 11 0
BBX 14 18 0 -6
BITMAP
FFFC
F0FC
EE7C
DF3C
9F3C
803C
9FFC
9FFC
9FFC
8FBC
C73C
E0BC
FFBC
FFBC
FFBC
FFB4
FFB4
FFFC
ENDCHAR
STARTCHAR uni1D92.Dep41
ENCODING -1
SWIDTH 461 0
DWIDTH 11 0
BBX 14 18 0 -6
BITMAP
FFFC
F0FC
EE7C
DF3C
9F3C
803C
9FFC
9FFC
9FFC
8FBC
C73C
E0BC
FFBC
FFBC
FFBC
FFB4
FFB4
FFFC
ENDCHAR
STARTCHAR uni0247.Dep51
ENCODING -1
SWIDTH 461 0
DWIDTH 11 0
BBX 10 15 1 -2
BITMAP
FFC0
FE40
E0C0
DCC0
BE40
BA40
8040
B7C0
A7C0
AFC0
8FC0
9EC0
C1C0
BFC0
FFC0
ENDCHAR
STARTCHAR uni0247.Dep50
ENCODING -1
SWIDTH 461 0
DWIDTH 11 0
BBX 10 15 1 -2
BITMAP
FFC0
FE40
E0C0
DCC0
BE40
BA40
8040
B7C0
A7C0
AFC0
8FC0
9EC0
C1C0
BFC0
FFC0
ENDCHAR
STARTCHAR uni1D95.Dep51
ENCODING -1
SWIDTH 521 0
DWIDTH 13 0
BBX 16 18 0 -6
BITMAP
FFFF
E0FF
DE7F
FF3F
FF3F
FFBF
C00F
800F
9F2F
9F2F
CE6F
E0EF
FFEF
FFEF
FFEF
FFED
FFED
FFFF
ENDCHAR
STARTCHAR uni1D95.Dep50
ENCODING -1
SWIDTH 521 0
DWIDTH 13 0
BBX 16 18 0 -6
BITMAP
FFFF
E0FF
DE7F
FF3F
FF3F
FFBF
C00F
800F
9F2F
9F2F
CE6F
E0EF
FFEF
FFEF
FFEF
FFED
FFED
FFFF
ENDCHAR
STARTCHAR uni1D95.Dep41
ENCODING -1
SWIDTH 521 0
DWIDTH 13 0
BBX 16 18 0 -6
BITMAP
FFFF
E0FF
DE7F
FF3F
FF3F
FFBF
C00F
800F
9F2F
9F2F
CE6F
E0EF
FFEF
FFEF
FFEF
FFED
FFED
FFFF
ENDCHAR
STARTCHAR uni1D93.Dep51
ENCODING -1
SWIDTH 426 0
DWIDTH 10 0
BBX 14 18 0 -6
BITMAP
FFFC
F07C
DE7C
9F7C
8FFC
83FC
C3FC
EFFC
9FFC
9FBC
8F3C
C13C
FF3C
FF3C
FF3C
FF34
FFB4
FFFC
ENDCHAR
STARTCHAR uni1D93.Dep50
ENCODING -1
SWIDTH 426 0
DWIDTH 10 0
BBX 14 18 0 -6
BITMAP
FFFC
F07C
DE7C
9F7C
8FFC
83FC
C3FC
EFFC
9FFC
9FBC
8F3C
C13C
FF3C
FF3C
FF3C
FF34
FFB4
FFFC
ENDCHAR
STARTCHAR uni1D93.Dep41
ENCODING -1
SWIDTH 426 0
DWIDTH 10 0
BBX 14 18 0 -6
BITMAP
FFFC
F07C
DE7C
9F7C
8FFC
83FC
C3FC
EFFC
9FFC
9FBC
8F3C
C13C
FF3C
FF3C
FF3C
FF34
FFB4
FFFC
ENDCHAR
STARTCHAR uni1D9F.Dep51
ENCODING -1
SWIDTH 298 0
DWIDTH 8 0
BBX 7 8 0 6
BITMAP
FE
BA
F2
E6
F2
FA
F2
7C
ENDCHAR
STARTCHAR uni1D9F.Dep50
ENCODING -1
SWIDTH 298 0
DWIDTH 8 0
BBX 7 8 0 6
BITMAP
FE
BA
F2
E6
F2
FA
F2
7C
ENDCHAR
STARTCHAR uni1D9F.Dep41
ENCODING -1
SWIDTH 298 0
DWIDTH 8 0
BBX 7 8 0 6
BITMAP
FE
BA
F2
E6
F2
FA
F2
7C
ENDCHAR
STARTCHAR uni1D94.Dep51
ENCODING -1
SWIDTH 436 0
DWIDTH 11 0
BBX 10 18 0 -6
BITMAP
FFC0
E0C0
9E40
FE40
FE40
F0C0
F140
FC40
FE40
FE40
9E40
C0C0
A1C0
BFC0
BFC0
B3C0
B7C0
FFC0
ENDCHAR
STARTCHAR uni1D94.Dep50
ENCODING -1
SWIDTH 436 0
DWIDTH 11 0
BBX 10 18 0 -6
BITMAP
FFC0
E0C0
9E40
FE40
FE40
F0C0
F140
FC40
FE40
FE40
9E40
C0C0
A1C0
BFC0
BFC0
B3C0
B7C0
FFC0
ENDCHAR
STARTCHAR uni1D94.Dep41
ENCODING -1
SWIDTH 436 0
DWIDTH 11 0
BBX 10 18 0 -6
BITMAP
FFC0
E0C0
9E40
FE40
FE40
F0C0
F140
FC40
FE40
FE40
9E40
C0C0
A1C0
BFC0
BFC0
B3C0
B7C0
FFC0
ENDCHAR
STARTCHAR uni0511.Dep51
ENCODING -1
SWIDTH 420 0
DWIDTH 10 0
BBX 9 13 0 -1
BITMAP
FF80
E180
C080
9E80
9E80
9F80
E180
9F80
BF80
9F80
9E80
C180
FF80
ENDCHAR
STARTCHAR uni0511.Dep50
ENCODING -1
SWIDTH 420 0
DWIDTH 10 0
BBX 9 13 0 -1
BITMAP
FF80
E180
C080
9E80
9E80
9F80
E180
9F80
BF80
9F80
9E80
C180
FF80
ENDCHAR
STARTCHAR uni0246.Dep51
ENCODING -1
SWIDTH 496 0
DWIDTH 12 0
BBX 12 19 0 -2
BITMAP
FFF0
FFD0
8010
CFB0
CFB0
CF70
CF70
CEF0
C070
CEF0
CBF0
CBF0
D7F0
C7F0
CFD0
CFD0
8010
9FF0
FFF0
ENDCHAR
STARTCHAR uni0246.Dep50
ENCODING -1
SWIDTH 496 0
DWIDTH 12 0
BBX 12 19 0 -2
BITMAP
FFF0
FFD0
8010
CFB0
CFB0
CF70
CF70
CEF0
C070
CEF0
CBF0
CBF0
D7F0
C7F0
CFD0
CFD0
8010
9FF0
FFF0
ENDCHAR
STARTCHAR uni0510.Dep51
ENCODING -1
SWIDTH 502 0
DWIDTH 12 0
BBX 11 16 1 -1
BITMAP
FFC0
E720
EFA0
CFC0
CFC0
CFC0
E040
F240
EFC0
DFC0
9FC0
9FE0
CFA0
C320
F040
FFC0
ENDCHAR
STARTCHAR uni0510.Dep50
ENCODING -1
SWIDTH 502 0
DWIDTH 12 0
BBX 11 16 1 -1
BITMAP
FFC0
E720
EFA0
CFC0
CFC0
CFC0
E040
F240
EFC0
DFC0
9FC0
9FE0
CFA0
C320
F040
FFC0
ENDCHAR
STARTCHAR uni1DA0.Dep51
ENCODING -1
SWIDTH 217 0
DWIDTH 5 0
BBX 7 12 0 7
BITMAP
FE
E2
DE
DE
DE
86
DE
DE
DE
DE
DE
FE
ENDCHAR
STARTCHAR uni1DA0.Dep50
ENCODING -1
SWIDTH 217 0
DWIDTH 5 0
BBX 7 12 0 7
BITMAP
FE
E2
DE
DE
DE
86
DE
DE
DE
DE
DE
FE
ENDCHAR
STARTCHAR uni1DA0.Dep41
ENCODING -1
SWIDTH 217 0
DWIDTH 5 0
BBX 7 12 0 7
BITMAP
FE
E2
DE
DE
DE
86
DE
DE
DE
DE
DE
FE
ENDCHAR
STARTCHAR uni1D82.Dep51
ENCODING -1
SWIDTH 311 0
DWIDTH 8 0
BBX 10 25 0 -6
BITMAP
FFC0
F840
F340
E7C0
CFC0
CFC0
CFC0
CFC0
80C0
CFC0
CFC0
CFC0
CFC0
CFC0
CFC0
CFC0
CFC0
CFC0
81C0
FDC0
FDC0
FDC0
9DC0
9BC0
FFC0
ENDCHAR
STARTCHAR uni1D82.Dep50
ENCODING -1
SWIDTH 311 0
DWIDTH 8 0
BBX 10 25 0 -6
BITMAP
FFC0
F840
F340
E7C0
CFC0
CFC0
CFC0
CFC0
80C0
CFC0
CFC0
CFC0
CFC0
CFC0
CFC0
CFC0
CFC0
CFC0
81C0
FDC0
FDC0
FDC0
9DC0
9BC0
FFC0
ENDCHAR
STARTCHAR uni1D82.Dep41
ENCODING -1
SWIDTH 311 0
DWIDTH 8 0
BBX 10 25 0 -6
BITMAP
FFC0
F840
F340
E7C0
CFC0
CFC0
CFC0
CFC0
80C0
CFC0
CFC0
CFC0
CFC0
CFC0
CFC0
CFC0
CFC0
CFC0
81C0
FDC0
FDC0
FDC0
9DC0
9BC0
FFC0
ENDCHAR
STARTCHAR uni1D6E.Dep51
ENCODING -1
SWIDTH 311 0
DWIDTH 7 0
BBX 10 19 0 0
BITMAP
FFC0
FC40
FB40
F7C0
E7C0
E7C0
E7C0
E7C0
C0C0
E7C0
E7C0
E7C0
C6C0
A1C0
EBC0
E7C0
E7C0
E7C0
FFC0
ENDCHAR
STARTCHAR uni1D6E.Dep50
ENCODING -1
SWIDTH 311 0
DWIDTH 7 0
BBX 10 19 0 0
BITMAP
FFC0
FC40
FB40
F7C0
E7C0
E7C0
E7C0
E7C0
C0C0
E7C0
E7C0
E7C0
C6C0
A1C0
EBC0
E7C0
E7C0
E7C0
FFC0
ENDCHAR
STARTCHAR uni1D6E.Dep41
ENCODING -1
SWIDTH 311 0
DWIDTH 7 0
BBX 10 19 0 0
BITMAP
FFC0
FC40
FB40
F7C0
E7C0
E7C0
E7C0
E7C0
C0C0
E7C0
E7C0
E7C0
C6C0
A1C0
EBC0
E7C0
E7C0
E7C0
FFC0
ENDCHAR
STARTCHAR uni04F7.Dep51
ENCODING -1
SWIDTH 414 0
DWIDTH 8 0
BBX 9 16 0 -5
BITMAP
FF80
CF80
CF80
CF80
CF80
CF80
CF80
CF80
CF80
CF80
8380
F380
FB80
FB80
FB80
FF80
ENDCHAR
STARTCHAR uni04F7.Dep50
ENCODING -1
SWIDTH 414 0
DWIDTH 8 0
BBX 9 16 0 -5
BITMAP
FF80
CF80
CF80
CF80
CF80
CF80
CF80
CF80
CF80
CF80
8380
F380
FB80
FB80
FB80
FF80
ENDCHAR
STARTCHAR uni04F7.Dep41
ENCODING -1
SWIDTH 414 0
DWIDTH 8 0
BBX 9 16 0 -5
BITMAP
FF80
CF80
CF80
CF80
CF80
CF80
CF80
CF80
CF80
CF80
8380
F380
FB80
FB80
FB80
FF80
ENDCHAR
STARTCHAR uni04F6.Dep51
ENCODING -1
SWIDTH 475 0
DWIDTH 12 0
BBX 11 20 0 -5
BITMAP
FFE0
CFA0
CFE0
CFE0
CFE0
CFE0
CFE0
CFE0
CFE0
CFE0
CFE0
CFE0
CFE0
CFE0
81E0
F9E0
F9E0
FBE0
FBE0
FFE0
ENDCHAR
STARTCHAR uni04F6.Dep50
ENCODING -1
SWIDTH 475 0
DWIDTH 12 0
BBX 11 20 0 -5
BITMAP
FFE0
CFA0
CFE0
CFE0
CFE0
CFE0
CFE0
CFE0
CFE0
CFE0
CFE0
CFE0
CFE0
CFE0
81E0
F9E0
F9E0
FBE0
FBE0
FFE0
ENDCHAR
STARTCHAR uni04F6.Dep41
ENCODING -1
SWIDTH 475 0
DWIDTH 12 0
BBX 11 20 0 -5
BITMAP
FFE0
CFA0
CFE0
CFE0
CFE0
CFE0
CFE0
CFE0
CFE0
CFE0
CFE0
CFE0
CFE0
CFE0
81E0
F9E0
F9E0
FBE0
FBE0
FFE0
ENDCHAR
STARTCHAR uni1DA2.Dep51
ENCODING -1
SWIDTH 336 0
DWIDTH 8 0
BBX 8 11 0 3
BITMAP
FF
CD
9D
9D
9D
89
C5
FD
FD
9B
7C
ENDCHAR
STARTCHAR uni1DA2.Dep50
ENCODING -1
SWIDTH 336 0
DWIDTH 8 0
BBX 8 11 0 3
BITMAP
FF
CD
9D
9D
9D
89
C5
FD
FD
9B
7C
ENDCHAR
STARTCHAR uni1DA2.Dep41
ENCODING -1
SWIDTH 336 0
DWIDTH 8 0
BBX 8 11 0 3
BITMAP
FF
CD
9D
9D
9D
89
C5
FD
FD
9B
7C
ENDCHAR
STARTCHAR uni1D83.Dep51
ENCODING -1
SWIDTH 654 0
DWIDTH 16 0
BBX 15 18 1 -6
BITMAP
FFFE
F1BE
CE7E
9F7E
BF7E
BF7E
BF7E
BF7E
BF7E
BE7E
8D7E
8302
C77A
FE7A
FE7A
BEDA
89DA
FFFE
ENDCHAR
STARTCHAR uni1D83.Dep50
ENCODING -1
SWIDTH 654 0
DWIDTH 16 0
BBX 15 18 1 -6
BITMAP
FFFE
F1BE
CE7E
9F7E
BF7E
BF7E
BF7E
BF7E
BF7E
BE7E
8D7E
8302
C77A
FE7A
FE7A
BEDA
89DA
FFFE
ENDCHAR
STARTCHAR uni1D83.Dep41
ENCODING -1
SWIDTH 654 0
DWIDTH 16 0
BBX 15 18 1 -6
BITMAP
FFFE
F1BE
CE7E
9F7E
BF7E
BF7E
BF7E
BF7E
BF7E
BE7E
8D7E
8302
C77A
FE7A
FE7A
BEDA
89DA
FFFE
ENDCHAR
STARTCHAR uniA727.Dep51
ENCODING -1
SWIDTH 512 0
DWIDTH 12 0
BBX 11 25 0 -6
BITMAP
FFE0
8FE0
CFE0
CFE0
CFE0
CFE0
CFE0
CFE0
CE20
C9A0
D7A0
CFA0
CFA0
CFA0
CFA0
CFA0
CFA0
CFA0
87A0
FFA0
FFA0
FFA0
FF20
E260
FFE0
ENDCHAR
STARTCHAR uni2C68.Dep51
ENCODING -1
SWIDTH 571 0
DWIDTH 14 0
BBX 13 24 0 -5
BITMAP
FFF8
8FF8
CFF8
CFF8
CFF8
CFF8
CFF8
CFF8
CE38
C998
D798
CF98
CF98
CF98
CF98
CF98
CF98
CF98
8708
FFE8
FFE8
FFE8
FFE8
FFF8
ENDCHAR
STARTCHAR uni2C68.Dep50
ENCODING -1
SWIDTH 571 0
DWIDTH 14 0
BBX 13 24 0 -5
BITMAP
FFF8
8FF8
CFF8
CFF8
CFF8
CFF8
CFF8
CFF8
CE38
C998
D798
CF98
CF98
CF98
CF98
CF98
CF98
CF98
8708
FFE8
FFE8
FFE8
FFE8
FFF8
ENDCHAR
STARTCHAR uni1DA3.Dep51
ENCODING -1
SWIDTH 370 0
DWIDTH 8 0
BBX 9 10 0 4
BITMAP
FF80
DD80
DD80
DD80
DD80
DD80
C580
FD80
FD80
FF80
ENDCHAR
STARTCHAR uni1DA3.Dep50
ENCODING -1
SWIDTH 370 0
DWIDTH 8 0
BBX 9 10 0 4
BITMAP
FF80
DD80
DD80
DD80
DD80
DD80
C580
FD80
FD80
FF80
ENDCHAR
STARTCHAR uni1DA3.Dep41
ENCODING -1
SWIDTH 370 0
DWIDTH 8 0
BBX 9 10 0 4
BITMAP
FF80
DD80
DD80
DD80
DD80
DD80
C580
FD80
FD80
FF80
ENDCHAR
STARTCHAR uni2C67.Dep51
ENCODING -1
SWIDTH 718 0
DWIDTH 17 0
BBX 15 20 0 -5
BITMAP
FFFE
CFCE
CFCE
CFCE
CFCE
CFCE
CFCE
C00E
CFCE
CFCE
CFCE
CFCE
CFCE
CFCE
8782
FFF2
FFF2
FFF2
FFF6
FFFE
ENDCHAR
STARTCHAR uni2C67.Dep50
ENCODING -1
SWIDTH 718 0
DWIDTH 17 0
BBX 15 20 0 -5
BITMAP
FFFE
CFCE
CFCE
CFCE
CFCE
CFCE
CFCE
C00E
CFCE
CFCE
CFCE
CFCE
CFCE
CFCE
8782
FFF2
FFF2
FFF2
FFF6
FFFE
ENDCHAR
STARTCHAR uni1D96.Dep51
ENCODING -1
SWIDTH 270 0
DWIDTH 6 0
BBX 10 22 0 -6
BITMAP
FFC0
C7C0
CFC0
FFC0
FFC0
CFC0
8FC0
CFC0
CFC0
CFC0
CFC0
CFC0
CFC0
CFC0
CFC0
87C0
F3C0
F3C0
F3C0
F340
F340
FFC0
ENDCHAR
STARTCHAR uni1D96.Dep50
ENCODING -1
SWIDTH 270 0
DWIDTH 6 0
BBX 10 22 0 -6
BITMAP
FFC0
C7C0
CFC0
FFC0
FFC0
CFC0
8FC0
CFC0
CFC0
CFC0
CFC0
CFC0
CFC0
CFC0
CFC0
87C0
F3C0
F3C0
F3C0
F340
F340
FFC0
ENDCHAR
STARTCHAR uni1D96.Dep41
ENCODING -1
SWIDTH 270 0
DWIDTH 6 0
BBX 10 22 0 -6
BITMAP
FFC0
C7C0
CFC0
FFC0
FFC0
CFC0
8FC0
CFC0
CFC0
CFC0
CFC0
CFC0
CFC0
CFC0
CFC0
87C0
F3C0
F3C0
F3C0
F340
F340
FFC0
ENDCHAR
STARTCHAR uni1DA4.Dep51
ENCODING -1
SWIDTH 189 0
DWIDTH 5 0
BBX 6 10 0 7
BITMAP
FC
9C
FC
CC
CC
CC
84
CC
CC
FC
ENDCHAR
STARTCHAR uni1DA4.Dep50
ENCODING -1
SWIDTH 189 0
DWIDTH 5 0
BBX 6 10 0 7
BITMAP
FC
9C
FC
CC
CC
CC
84
CC
CC
FC
ENDCHAR
STARTCHAR uni1DA4.Dep41
ENCODING -1
SWIDTH 189 0
DWIDTH 5 0
BBX 6 10 0 7
BITMAP
FC
9C
FC
CC
CC
CC
84
CC
CC
FC
ENDCHAR
STARTCHAR uni1DA5.Dep51
ENCODING -1
SWIDTH 197 0
DWIDTH 4 0
BBX 5 7 0 7
BITMAP
F8
D8
D8
D8
D8
D8
F8
ENDCHAR
STARTCHAR uni1DA5.Dep50
ENCODING -1
SWIDTH 197 0
DWIDTH 4 0
BBX 5 7 0 7
BITMAP
F8
D8
D8
D8
D8
D8
F8
ENDCHAR
STARTCHAR uni1DA5.Dep41
ENCODING -1
SWIDTH 197 0
DWIDTH 4 0
BBX 5 7 0 7
BITMAP
F8
D8
D8
D8
D8
D8
F8
ENDCHAR
STARTCHAR uni1D7C.Dep51
ENCODING -1
SWIDTH 282 0
DWIDTH 6 0
BBX 7 13 0 -1
BITMAP
FE
CE
8E
CE
CE
CE
82
CE
CE
CE
CE
C6
FE
ENDCHAR
STARTCHAR uni1D7C.Dep50
ENCODING -1
SWIDTH 282 0
DWIDTH 6 0
BBX 7 13 0 -1
BITMAP
FE
CE
8E
CE
CE
CE
82
CE
CE
CE
CE
C6
FE
ENDCHAR
STARTCHAR uni1D7C.Dep41
ENCODING -1
SWIDTH 282 0
DWIDTH 6 0
BBX 7 13 0 -1
BITMAP
FE
CE
8E
CE
CE
CE
82
CE
CE
CE
CE
C6
FE
ENDCHAR
STARTCHAR uni1DA6.Dep51
ENCODING -1
SWIDTH 195 0
DWIDTH 5 0
BBX 4 7 0 7
BITMAP
F0
F0
F0
F0
F0
F0
F0
ENDCHAR
STARTCHAR uni1DA6.Dep50
ENCODING -1
SWIDTH 195 0
DWIDTH 5 0
BBX 4 7 0 7
BITMAP
F0
F0
F0
F0
F0
F0
F0
ENDCHAR
STARTCHAR uni1DA6.Dep41
ENCODING -1
SWIDTH 195 0
DWIDTH 5 0
BBX 4 7 0 7
BITMAP
F0
F0
F0
F0
F0
F0
F0
ENDCHAR
STARTCHAR uni1D7B.Dep51
ENCODING -1
SWIDTH 278 0
DWIDTH 7 0
BBX 6 11 0 0
BITMAP
FC
CC
CC
CC
CC
84
CC
CC
CC
CC
FC
ENDCHAR
STARTCHAR uni1D7B.Dep50
ENCODING -1
SWIDTH 278 0
DWIDTH 7 0
BBX 6 11 0 0
BITMAP
FC
CC
CC
CC
CC
84
CC
CC
CC
CC
FC
ENDCHAR
STARTCHAR uni1DA7.Dep51
ENCODING -1
SWIDTH 192 0
DWIDTH 5 0
BBX 6 7 0 7
BITMAP
FC
CC
CC
84
CC
CC
FC
ENDCHAR
STARTCHAR uni1DA7.Dep50
ENCODING -1
SWIDTH 192 0
DWIDTH 5 0
BBX 6 7 0 7
BITMAP
FC
CC
CC
84
CC
CC
FC
ENDCHAR
STARTCHAR uni1DA7.Dep41
ENCODING -1
SWIDTH 192 0
DWIDTH 5 0
BBX 6 7 0 7
BITMAP
FC
CC
CC
84
CC
CC
FC
ENDCHAR
STARTCHAR uni1D7B.Dep41
ENCODING -1
SWIDTH 278 0
DWIDTH 7 0
BBX 6 11 0 0
BITMAP
FC
CC
CC
CC
CC
84
CC
CC
CC
CC
FC
ENDCHAR
STARTCHAR uni0249.Dep51
ENCODING -1
SWIDTH 258 0
DWIDTH 6 0
BBX 10 22 -3 -6
BITMAP
FFC0
FCC0
FDC0
FFC0
FFC0
F9C0
F1C0
F9C0
F9C0
F9C0
E040
F9C0
F9C0
F9C0
F9C0
F9C0
F9C0
F9C0
F9C0
FBC0
87C0
FFC0
ENDCHAR
STARTCHAR uni0249.Dep50
ENCODING -1
SWIDTH 258 0
DWIDTH 6 0
BBX 10 22 -3 -6
BITMAP
FFC0
FCC0
FDC0
FFC0
FFC0
F9C0
F1C0
F9C0
F9C0
F9C0
E040
F9C0
F9C0
F9C0
F9C0
F9C0
F9C0
F9C0
F9C0
FBC0
87C0
FFC0
ENDCHAR
STARTCHAR uni1DA8.Dep51
ENCODING -1
SWIDTH 181 0
DWIDTH 4 0
BBX 7 14 -2 3
BITMAP
7E
72
7E
66
76
76
76
76
76
76
86
E6
8A
7E
ENDCHAR
STARTCHAR uni1DA8.Dep50
ENCODING -1
SWIDTH 181 0
DWIDTH 4 0
BBX 7 14 -2 3
BITMAP
7E
72
7E
66
76
76
76
76
76
76
86
E6
8A
7E
ENDCHAR
STARTCHAR uni1DA8.Dep41
ENCODING -1
SWIDTH 181 0
DWIDTH 4 0
BBX 7 14 -2 3
BITMAP
7E
72
7E
66
76
76
76
76
76
76
86
E6
8A
7E
ENDCHAR
STARTCHAR uni0249.Dotless.Dep51
ENCODING -1
SWIDTH 290 0
DWIDTH 8 0
BBX 9 18 -2 -6
BITMAP
FF80
F980
F180
F980
F980
F980
F980
F980
F980
F980
F980
E080
F980
F980
F980
FB80
8780
FF80
ENDCHAR
STARTCHAR uni0249.Dotless.Dep50
ENCODING -1
SWIDTH 290 0
DWIDTH 8 0
BBX 9 18 -2 -6
BITMAP
FF80
F980
F180
F980
F980
F980
F980
F980
F980
F980
F980
E080
F980
F980
F980
FB80
8780
FF80
ENDCHAR
STARTCHAR uni1DA1.Dep51
ENCODING -1
SWIDTH 203 0
DWIDTH 4 0
BBX 6 10 -1 4
BITMAP
FC
EC
EC
EC
EC
EC
84
EC
EC
FC
ENDCHAR
STARTCHAR uni1DA1.Dep50
ENCODING -1
SWIDTH 203 0
DWIDTH 4 0
BBX 6 10 -1 4
BITMAP
FC
EC
EC
EC
EC
EC
84
EC
EC
FC
ENDCHAR
STARTCHAR uni1DA1.Dep41
ENCODING -1
SWIDTH 203 0
DWIDTH 4 0
BBX 6 10 -1 4
BITMAP
FC
EC
EC
EC
EC
EC
84
EC
EC
FC
ENDCHAR
STARTCHAR uni0513.Dep51
ENCODING -1
SWIDTH 528 0
DWIDTH 13 0
BBX 12 17 0 -6
BITMAP
FFF0
FBB0
FBB0
FBB0
FBB0
F3B0
F7B0
F7B0
A7B0
8FB0
8FB0
FFB0
FFB0
FFB0
F770
E0F0
FFF0
ENDCHAR
STARTCHAR uni0513.Dep50
ENCODING -1
SWIDTH 528 0
DWIDTH 13 0
BBX 12 17 0 -6
BITMAP
FFF0
FBB0
FBB0
FBB0
FBB0
F3B0
F7B0
F7B0
A7B0
8FB0
8FB0
FFB0
FFB0
FFB0
F770
E0F0
FFF0
ENDCHAR
STARTCHAR uni0248.Dep51
ENCODING -1
SWIDTH 305 0
DWIDTH 8 0
BBX 10 20 -3 -5
BITMAP
FFC0
FCC0
FCC0
FCC0
FCC0
FCC0
FCC0
E040
FCC0
FCC0
FCC0
FCC0
FCC0
FCC0
FCC0
FCC0
FDC0
DBC0
87C0
FFC0
ENDCHAR
STARTCHAR uni0248.Dep50
ENCODING -1
SWIDTH 305 0
DWIDTH 8 0
BBX 10 20 -3 -5
BITMAP
FFC0
FCC0
FCC0
FCC0
FCC0
FCC0
FCC0
E040
FCC0
FCC0
FCC0
FCC0
FCC0
FCC0
FCC0
FCC0
FDC0
DBC0
87C0
FFC0
ENDCHAR
STARTCHAR uni0512.Dep51
ENCODING -1
SWIDTH 614 0
DWIDTH 15 0
BBX 14 20 0 -5
BITMAP
FFFC
FDCC
FDCC
FDCC
F9CC
F9CC
FBCC
FBCC
FBCC
FBCC
F3CC
B7CC
A7CC
87CC
8FCC
FFDC
FF9C
F33C
E07C
FFFC
ENDCHAR
STARTCHAR uni0512.Dep50
ENCODING -1
SWIDTH 614 0
DWIDTH 15 0
BBX 14 20 0 -5
BITMAP
FFFC
FDCC
FDCC
FDCC
F9CC
F9CC
FBCC
FBCC
FBCC
FBCC
F3CC
B7CC
A7CC
87CC
8FCC
FFDC
FF9C
F33C
E07C
FFFC
ENDCHAR
STARTCHAR uni1D84.Dep51
ENCODING -1
SWIDTH 487 0
DWIDTH 12 0
BBX 12 25 0 -6
BITMAP
FFF0
8FF0
CFF0
CFF0
CFF0
CFF0
CFF0
CFF0
CE10
CF70
CCF0
C9F0
C7F0
D3F0
C9F0
CCF0
CE70
CF30
8710
FFF0
FFF0
FFF0
FEF0
FED0
FFF0
ENDCHAR
STARTCHAR uni1D84.Dep50
ENCODING -1
SWIDTH 487 0
DWIDTH 12 0
BBX 12 25 0 -6
BITMAP
FFF0
8FF0
CFF0
CFF0
CFF0
CFF0
CFF0
CFF0
CE10
CF70
CCF0
C9F0
C7F0
D3F0
C9F0
CCF0
CE70
CF30
8710
FFF0
FFF0
FFF0
FEF0
FED0
FFF0
ENDCHAR
STARTCHAR uni1D84.Dep41
ENCODING -1
SWIDTH 487 0
DWIDTH 12 0
BBX 12 25 0 -6
BITMAP
FFF0
8FF0
CFF0
CFF0
CFF0
CFF0
CFF0
CFF0
CE10
CF70
CCF0
C9F0
C7F0
D3F0
C9F0
CCF0
CE70
CF30
8710
FFF0
FFF0
FFF0
FEF0
FED0
FFF0
ENDCHAR
STARTCHAR uni2C6A.Dep51
ENCODING -1
SWIDTH 495 0
DWIDTH 12 0
BBX 12 24 0 -5
BITMAP
FFF0
8FF0
CFF0
CFF0
CFF0
CFF0
CFF0
CFF0
CE10
CF70
CCF0
C9F0
D7F0
D3F0
C9F0
CCF0
CE70
CF30
8710
FFD0
FFD0
FFD0
FFD0
FFF0
ENDCHAR
STARTCHAR uni2C6A.Dep50
ENCODING -1
SWIDTH 495 0
DWIDTH 12 0
BBX 12 24 0 -5
BITMAP
FFF0
8FF0
CFF0
CFF0
CFF0
CFF0
CFF0
CFF0
CE10
CF70
CCF0
C9F0
D7F0
D3F0
C9F0
CCF0
CE70
CF30
8710
FFD0
FFD0
FFD0
FFD0
FFF0
ENDCHAR
STARTCHAR uni2C69.Dep51
ENCODING -1
SWIDTH 601 0
DWIDTH 14 0
BBX 14 20 0 -5
BITMAP
FFFC
CFBC
CF3C
CE7C
CCFC
CDFC
CBFC
D3FC
C9FC
C8FC
CC7C
CE3C
CF3C
CF9C
83C4
FFF4
FFF4
FFF4
FFF4
FFFC
ENDCHAR
STARTCHAR uni2C69.Dep50
ENCODING -1
SWIDTH 601 0
DWIDTH 14 0
BBX 14 20 0 -5
BITMAP
FFFC
CFBC
CF3C
CE7C
CCFC
CDFC
CBFC
D3FC
C9FC
C8FC
CC7C
CE3C
CF3C
CF9C
83C4
FFF4
FFF4
FFF4
FFF4
FFFC
ENDCHAR
STARTCHAR uni1D85.Dep51
ENCODING -1
SWIDTH 270 0
DWIDTH 7 0
BBX 6 25 0 -6
BITMAP
FC
CC
CC
CC
CC
CC
CC
CC
CC
CC
CC
CC
CC
CC
CC
CC
CC
CC
84
FC
FC
FC
BC
94
FC
ENDCHAR
STARTCHAR uni1D85.Dep50
ENCODING -1
SWIDTH 270 0
DWIDTH 7 0
BBX 6 25 0 -6
BITMAP
FC
CC
CC
CC
CC
CC
CC
CC
CC
CC
CC
CC
CC
CC
CC
CC
CC
CC
84
FC
FC
FC
BC
94
FC
ENDCHAR
STARTCHAR uni1DAA.Dep51
ENCODING -1
SWIDTH 189 0
DWIDTH 6 0
BBX 5 16 0 3
BITMAP
F8
D8
D8
D8
D8
D8
D8
D8
D8
D8
D8
88
E8
E8
A8
70
ENDCHAR
STARTCHAR uni1DAA.Dep50
ENCODING -1
SWIDTH 189 0
DWIDTH 6 0
BBX 5 16 0 3
BITMAP
F8
D8
D8
D8
D8
D8
D8
D8
D8
D8
D8
88
E8
E8
A8
70
ENDCHAR
STARTCHAR uni1DAA.Dep41
ENCODING -1
SWIDTH 189 0
DWIDTH 6 0
BBX 5 16 0 3
BITMAP
F8
D8
D8
D8
D8
D8
D8
D8
D8
D8
D8
88
E8
E8
A8
70
ENDCHAR
STARTCHAR uni1D85.Dep41
ENCODING -1
SWIDTH 270 0
DWIDTH 7 0
BBX 6 25 0 -6
BITMAP
FC
CC
CC
CC
CC
CC
CC
CC
CC
CC
CC
CC
CC
CC
CC
CC
CC
CC
84
FC
FC
FC
BC
94
FC
ENDCHAR
STARTCHAR uni2C61.Dep51
ENCODING -1
SWIDTH 319 0
DWIDTH 8 0
BBX 7 19 0 0
BITMAP
FE
CE
EE
EE
EE
EE
EE
EE
82
EE
82
EE
EE
EE
EE
EE
EE
EE
FE
ENDCHAR
STARTCHAR uni2C61.Dep50
ENCODING -1
SWIDTH 319 0
DWIDTH 8 0
BBX 7 19 0 0
BITMAP
FE
CE
EE
EE
EE
EE
EE
EE
82
EE
82
EE
EE
EE
EE
EE
EE
EE
FE
ENDCHAR
STARTCHAR uni1DA9.Dep51
ENCODING -1
SWIDTH 189 0
DWIDTH 4 0
BBX 6 16 0 3
BITMAP
FC
9C
DC
DC
DC
DC
DC
DC
DC
DC
DC
DC
DC
DC
C4
FC
ENDCHAR
STARTCHAR uni1DA9.Dep50
ENCODING -1
SWIDTH 189 0
DWIDTH 4 0
BBX 6 16 0 3
BITMAP
FC
9C
DC
DC
DC
DC
DC
DC
DC
DC
DC
DC
DC
DC
C4
FC
ENDCHAR
STARTCHAR uni1DA9.Dep41
ENCODING -1
SWIDTH 189 0
DWIDTH 4 0
BBX 6 16 0 3
BITMAP
FC
9C
DC
DC
DC
DC
DC
DC
DC
DC
DC
DC
DC
DC
C4
FC
ENDCHAR
STARTCHAR uni1DAB.Dep51
ENCODING -1
SWIDTH 303 0
DWIDTH 6 0
BBX 7 7 0 7
BITMAP
FE
DE
DE
DE
DE
DE
FE
ENDCHAR
STARTCHAR uni1DAB.Dep50
ENCODING -1
SWIDTH 303 0
DWIDTH 6 0
BBX 7 7 0 7
BITMAP
FE
DE
DE
DE
DE
DE
FE
ENDCHAR
STARTCHAR uni1DAB.Dep41
ENCODING -1
SWIDTH 303 0
DWIDTH 6 0
BBX 7 7 0 7
BITMAP
FE
DE
DE
DE
DE
DE
FE
ENDCHAR
STARTCHAR uni023D.Dep51
ENCODING -1
SWIDTH 476 0
DWIDTH 11 0
BBX 11 15 0 0
BITMAP
FFE0
CFE0
CFE0
CFE0
CFE0
CFE0
CFE0
CFE0
81E0
CFE0
CFE0
CFE0
CFE0
CFA0
FFE0
ENDCHAR
STARTCHAR uni023D.Dep50
ENCODING -1
SWIDTH 476 0
DWIDTH 11 0
BBX 11 15 0 0
BITMAP
FFE0
CFE0
CFE0
CFE0
CFE0
CFE0
CFE0
CFE0
81E0
CFE0
CFE0
CFE0
CFE0
CFA0
FFE0
ENDCHAR
STARTCHAR uni023D.Dep41
ENCODING -1
SWIDTH 476 0
DWIDTH 11 0
BBX 11 15 0 0
BITMAP
FFE0
CFE0
CFE0
CFE0
CFE0
CFE0
CFE0
CFE0
81E0
CFE0
CFE0
CFE0
CFE0
CFA0
FFE0
ENDCHAR
STARTCHAR uni2C60.Dep51
ENCODING -1
SWIDTH 476 0
DWIDTH 11 0
BBX 11 15 0 0
BITMAP
FFE0
CFE0
CFE0
CFE0
CFE0
CFE0
CFE0
81E0
CFE0
81E0
81E0
CFE0
CFE0
CFE0
FFE0
ENDCHAR
STARTCHAR uni2C60.Dep50
ENCODING -1
SWIDTH 476 0
DWIDTH 11 0
BBX 11 15 0 0
BITMAP
FFE0
CFE0
CFE0
CFE0
CFE0
CFE0
CFE0
81E0
CFE0
81E0
81E0
CFE0
CFE0
CFE0
FFE0
ENDCHAR
STARTCHAR uni2C62.Dep51
ENCODING -1
SWIDTH 476 0
DWIDTH 11 0
BBX 12 15 -1 0
BITMAP
FFF0
E7F0
E7F0
E7F0
E7F0
E7F0
C6F0
85F0
E3F0
E7F0
E7F0
E7F0
E7F0
E7F0
FFF0
ENDCHAR
STARTCHAR uni2C62.Dep50
ENCODING -1
SWIDTH 476 0
DWIDTH 11 0
BBX 12 15 -1 0
BITMAP
FFF0
E7F0
E7F0
E7F0
E7F0
E7F0
C6F0
85F0
E3F0
E7F0
E7F0
E7F0
E7F0
E7F0
FFF0
ENDCHAR
STARTCHAR uni1D50.Dep51
ENCODING -1
SWIDTH 562 0
DWIDTH 13 0
BBX 14 7 0 7
BITMAP
FFFC
E56C
DCEC
DCEC
DCEC
DCEC
FFFC
ENDCHAR
STARTCHAR uni1D50.Dep50
ENCODING -1
SWIDTH 562 0
DWIDTH 13 0
BBX 14 7 0 7
BITMAP
FFFC
E56C
DCEC
DCEC
DCEC
DCEC
FFFC
ENDCHAR
STARTCHAR uni1D50.Dep41
ENCODING -1
SWIDTH 562 0
DWIDTH 13 0
BBX 14 7 0 7
BITMAP
FFFC
E56C
DCEC
DCEC
DCEC
DCEC
FFFC
ENDCHAR
STARTCHAR uni1D50.Dep40
ENCODING -1
SWIDTH 562 0
DWIDTH 13 0
BBX 14 7 0 7
BITMAP
FFFC
E56C
DCEC
DCEC
DCEC
DCEC
FFFC
ENDCHAR
STARTCHAR uni1D86.Dep51
ENCODING -1
SWIDTH 803 0
DWIDTH 19 0
BBX 20 18 0 -6
BITMAP
FFFFF0
CC3870
899330
C78F30
CF9F30
CF9F30
CF9F30
CF9F30
CF9F30
CF9F30
CF9F30
820410
FFFFF0
FFFFF0
FFFFF0
FFFCF0
FFFCD0
FFFFF0
ENDCHAR
STARTCHAR uni1D86.Dep50
ENCODING -1
SWIDTH 803 0
DWIDTH 19 0
BBX 20 18 0 -6
BITMAP
FFFFF0
CC3870
899330
C78F30
CF9F30
CF9F30
CF9F30
CF9F30
CF9F30
CF9F30
CF9F30
820410
FFFFF0
FFFFF0
FFFFF0
FFFCF0
FFFCD0
FFFFF0
ENDCHAR
STARTCHAR uni1D86.Dep41
ENCODING -1
SWIDTH 803 0
DWIDTH 19 0
BBX 20 18 0 -6
BITMAP
FFFFF0
CC3870
899330
C78F30
CF9F30
CF9F30
CF9F30
CF9F30
CF9F30
CF9F30
CF9F30
820410
FFFFF0
FFFFF0
FFFFF0
FFFCF0
FFFCD0
FFFFF0
ENDCHAR
STARTCHAR uni1D6F.Dep51
ENCODING -1
SWIDTH 803 0
DWIDTH 19 0
BBX 20 12 0 0
BITMAP
FFFFF0
8C3870
CB9630
D78E30
CF9F30
C01F30
801F10
CF8030
CF8030
CF9F30
CF9F30
FFFFF0
ENDCHAR
STARTCHAR uni1D6F.Dep50
ENCODING -1
SWIDTH 803 0
DWIDTH 19 0
BBX 20 12 0 0
BITMAP
FFFFF0
8C3870
CB9630
D78E30
CF9F30
C01F30
801F10
CF8030
CF8030
CF9F30
CF9F30
FFFFF0
ENDCHAR
STARTCHAR uni1D6F.Dep41
ENCODING -1
SWIDTH 803 0
DWIDTH 19 0
BBX 20 12 0 0
BITMAP
FFFFF0
8C3870
CB9630
D78E30
CF9F30
C01F30
801F10
CF8030
CF8030
CF9F30
CF9F30
FFFFF0
ENDCHAR
STARTCHAR uni1DAC.Dep51
ENCODING -1
SWIDTH 558 0
DWIDTH 14 0
BBX 12 11 0 3
BITMAP
FFF0
E570
DCF0
DCF0
DCF0
DCF0
8870
FFF0
FFF0
FFD0
01E0
ENDCHAR
STARTCHAR uni1DAC.Dep50
ENCODING -1
SWIDTH 558 0
DWIDTH 14 0
BBX 12 11 0 3
BITMAP
FFF0
E570
DCF0
DCF0
DCF0
DCF0
8870
FFF0
FFF0
FFD0
01E0
ENDCHAR
STARTCHAR uni1DAC.Dep41
ENCODING -1
SWIDTH 558 0
DWIDTH 14 0
BBX 12 11 0 3
BITMAP
FFF0
E570
DCF0
DCF0
DCF0
DCF0
8870
FFF0
FFF0
FFD0
01E0
ENDCHAR
STARTCHAR uni1DAD.Dep51
ENCODING -1
SWIDTH 553 0
DWIDTH 13 0
BBX 14 10 0 4
BITMAP
FFFC
DDCC
DDCC
DDCC
DDCC
DDCC
C44C
FFCC
FFCC
FFFC
ENDCHAR
STARTCHAR uni1DAD.Dep50
ENCODING -1
SWIDTH 553 0
DWIDTH 13 0
BBX 14 10 0 4
BITMAP
FFFC
DDCC
DDCC
DDCC
DDCC
DDCC
C44C
FFCC
FFCC
FFFC
ENDCHAR
STARTCHAR uni1DAD.Dep41
ENCODING -1
SWIDTH 553 0
DWIDTH 13 0
BBX 14 10 0 4
BITMAP
FFFC
DDCC
DDCC
DDCC
DDCC
DDCC
C44C
FFCC
FFCC
FFFC
ENDCHAR
STARTCHAR uni2C6E.Dep51
ENCODING -1
SWIDTH 795 0
DWIDTH 19 0
BBX 19 20 0 -5
BITMAP
FFFFE0
E7FC60
E3F860
F3FA60
FBFA60
C9F260
C9F660
CCE660
CCEE60
CE6E60
CE4E60
CF5E60
CF1E60
CF3E60
87BE60
FFFEE0
FFFEE0
FFFDE0
FFC3E0
FFFFE0
ENDCHAR
STARTCHAR uni1D87.Dep51
ENCODING -1
SWIDTH 551 0
DWIDTH 13 0
BBX 14 18 0 -6
BITMAP
FFFC
CE1C
898C
D3CC
C7CC
CFCC
CFCC
CFCC
CFCC
CFCC
CFCC
8304
FFFC
FFFC
FFFC
FF3C
FF34
FFFC
ENDCHAR
STARTCHAR uni1D87.Dep50
ENCODING -1
SWIDTH 551 0
DWIDTH 13 0
BBX 14 18 0 -6
BITMAP
FFFC
CE1C
898C
D3CC
C7CC
CFCC
CFCC
CFCC
CFCC
CFCC
CFCC
8304
FFFC
FFFC
FFFC
FF3C
FF34
FFFC
ENDCHAR
STARTCHAR uni1D87.Dep41
ENCODING -1
SWIDTH 551 0
DWIDTH 13 0
BBX 14 18 0 -6
BITMAP
FFFC
CE1C
898C
D3CC
C7CC
CFCC
CFCC
CFCC
CFCC
CFCC
CFCC
8304
FFFC
FFFC
FFFC
FF3C
FF34
FFFC
ENDCHAR
STARTCHAR uni1D70.Dep51
ENCODING -1
SWIDTH 551 0
DWIDTH 13 0
BBX 14 12 0 0
BITMAP
FFFC
CE1C
C98C
D38C
C7CC
DBCC
80C4
CC0C
CF0C
CFCC
CFCC
FFFC
ENDCHAR
STARTCHAR uni1D70.Dep50
ENCODING -1
SWIDTH 551 0
DWIDTH 13 0
BBX 14 12 0 0
BITMAP
FFFC
CE1C
C98C
D38C
C7CC
DBCC
80C4
CC0C
CF0C
CFCC
CFCC
FFFC
ENDCHAR
STARTCHAR uni1D70.Dep41
ENCODING -1
SWIDTH 551 0
DWIDTH 13 0
BBX 14 12 0 0
BITMAP
FFFC
CE1C
C98C
D38C
C7CC
DBCC
80C4
CC0C
CF0C
CFCC
CFCC
FFFC
ENDCHAR
STARTCHAR uni1DAE.Dep51
ENCODING -1
SWIDTH 382 0
DWIDTH 9 0
BBX 12 11 -2 3
BITMAP
FFF0
E730
E730
E730
E730
E730
E610
E7F0
EFF0
9FF0
E000
ENDCHAR
STARTCHAR uni1DAE.Dep50
ENCODING -1
SWIDTH 382 0
DWIDTH 9 0
BBX 12 11 -2 3
BITMAP
FFF0
E730
E730
E730
E730
E730
E610
E7F0
EFF0
9FF0
E000
ENDCHAR
STARTCHAR uni1DAE.Dep41
ENCODING -1
SWIDTH 382 0
DWIDTH 9 0
BBX 12 11 -2 3
BITMAP
FFF0
E730
E730
E730
E730
E730
E610
E7F0
EFF0
9FF0
E000
ENDCHAR
STARTCHAR uni1D51.Dep51
ENCODING -1
SWIDTH 382 0
DWIDTH 9 0
BBX 8 11 0 3
BITMAP
FF
ED
DD
DD
DD
DD
8D
FD
FD
EB
14
ENDCHAR
STARTCHAR uni1D51.Dep50
ENCODING -1
SWIDTH 382 0
DWIDTH 9 0
BBX 8 11 0 3
BITMAP
FF
ED
DD
DD
DD
DD
8D
FD
FD
EB
14
ENDCHAR
STARTCHAR uni1D51.Dep41
ENCODING -1
SWIDTH 382 0
DWIDTH 9 0
BBX 8 11 0 3
BITMAP
FF
ED
DD
DD
DD
DD
8D
FD
FD
EB
14
ENDCHAR
STARTCHAR uni1D51.Dep40
ENCODING -1
SWIDTH 382 0
DWIDTH 9 0
BBX 8 11 0 3
BITMAP
FF
ED
DD
DD
DD
DD
8D
FD
FD
EB
14
ENDCHAR
STARTCHAR uni1DAF.Dep51
ENCODING -1
SWIDTH 389 0
DWIDTH 9 0
BBX 11 11 0 3
BITMAP
FFE0
DCE0
DCE0
DCE0
DCE0
DCE0
8CE0
FCE0
FCE0
FC60
0300
ENDCHAR
STARTCHAR uni1DAF.Dep50
ENCODING -1
SWIDTH 389 0
DWIDTH 9 0
BBX 11 11 0 3
BITMAP
FFE0
DCE0
DCE0
DCE0
DCE0
DCE0
8CE0
FCE0
FCE0
FC60
0300
ENDCHAR
STARTCHAR uni1DAF.Dep41
ENCODING -1
SWIDTH 389 0
DWIDTH 9 0
BBX 11 11 0 3
BITMAP
FFE0
DCE0
DCE0
DCE0
DCE0
DCE0
8CE0
FCE0
FCE0
FC60
0300
ENDCHAR
STARTCHAR uni1DB0.Dep51
ENCODING -1
SWIDTH 391 0
DWIDTH 9 0
BBX 10 8 0 7
BITMAP
6380
DEC0
E6C0
D2C0
DAC0
D8C0
9CC0
FFC0
ENDCHAR
STARTCHAR uni1DB0.Dep50
ENCODING -1
SWIDTH 391 0
DWIDTH 9 0
BBX 10 8 0 7
BITMAP
6380
DEC0
E6C0
D2C0
DAC0
D8C0
9CC0
FFC0
ENDCHAR
STARTCHAR uni1DB0.Dep41
ENCODING -1
SWIDTH 391 0
DWIDTH 9 0
BBX 10 8 0 7
BITMAP
6380
DEC0
E6C0
D2C0
DAC0
D8C0
9CC0
FFC0
ENDCHAR
STARTCHAR uni1DB1.Dep51
ENCODING -1
SWIDTH 352 0
DWIDTH 8 0
BBX 8 7 0 7
BITMAP
FF
99
BD
81
BD
9D
FF
ENDCHAR
STARTCHAR uni1DB1.Dep50
ENCODING -1
SWIDTH 352 0
DWIDTH 8 0
BBX 8 7 0 7
BITMAP
FF
99
BD
81
BD
9D
FF
ENDCHAR
STARTCHAR uni1DB1.Dep41
ENCODING -1
SWIDTH 352 0
DWIDTH 8 0
BBX 8 7 0 7
BITMAP
FF
99
BD
81
BD
9D
FF
ENDCHAR
STARTCHAR uni1DBF.Dep51
ENCODING -1
SWIDTH 349 0
DWIDTH 8 0
BBX 8 11 0 7
BITMAP
FF
CB
DD
9D
9D
BF
9D
9D
9D
C9
FF
ENDCHAR
STARTCHAR uni1DBF.Dep50
ENCODING -1
SWIDTH 349 0
DWIDTH 8 0
BBX 8 11 0 7
BITMAP
FF
CB
DD
9D
9D
BF
9D
9D
9D
C9
FF
ENDCHAR
STARTCHAR uni1DBF.Dep41
ENCODING -1
SWIDTH 349 0
DWIDTH 8 0
BBX 8 11 0 7
BITMAP
FF
CB
DD
9D
9D
BF
9D
9D
9D
C9
FF
ENDCHAR
STARTCHAR uni1D88.Dep51
ENCODING -1
SWIDTH 559 0
DWIDTH 13 0
BBX 12 18 0 -6
BITMAP
FFF0
CC70
9330
C790
CFD0
CFD0
CFD0
CFD0
CFD0
CFD0
C3D0
D050
CCD0
CFD0
CFD0
CED0
86D0
FFF0
ENDCHAR
STARTCHAR uni1D88.Dep50
ENCODING -1
SWIDTH 559 0
DWIDTH 13 0
BBX 12 18 0 -6
BITMAP
FFF0
CC70
9330
C790
CFD0
CFD0
CFD0
CFD0
CFD0
CFD0
C3D0
D050
CCD0
CFD0
CFD0
CED0
86D0
FFF0
ENDCHAR
STARTCHAR uni1D88.Dep41
ENCODING -1
SWIDTH 559 0
DWIDTH 13 0
BBX 12 18 0 -6
BITMAP
FFF0
CC70
9330
C790
CFD0
CFD0
CFD0
CFD0
CFD0
CFD0
C3D0
D050
CCD0
CFD0
CFD0
CED0
86D0
FFF0
ENDCHAR
STARTCHAR uni1D7D.Dep51
ENCODING -1
SWIDTH 529 0
DWIDTH 13 0
BBX 14 18 0 -6
BITMAP
FFFC
CE3C
8C1C
CB8C
C7CC
CFCC
8004
CFCC
CFCC
C79C
C03C
CC7C
CFFC
CFFC
CFFC
CFFC
C7FC
FFFC
ENDCHAR
STARTCHAR uni1D7D.Dep50
ENCODING -1
SWIDTH 529 0
DWIDTH 13 0
BBX 14 18 0 -6
BITMAP
FFFC
CE3C
8C1C
CB8C
C7CC
CFCC
8004
CFCC
CFCC
C79C
C03C
CC7C
CFFC
CFFC
CFFC
CFFC
C7FC
FFFC
ENDCHAR
STARTCHAR uni1D7D.Dep41
ENCODING -1
SWIDTH 529 0
DWIDTH 13 0
BBX 14 18 0 -6
BITMAP
FFFC
CE3C
8C1C
CB8C
C7CC
CFCC
8004
CFCC
CFCC
C79C
C03C
CC7C
CFFC
CFFC
CFFC
CFFC
C7FC
FFFC
ENDCHAR
STARTCHAR uni1D71.Dep51
ENCODING -1
SWIDTH 529 0
DWIDTH 13 0
BBX 13 18 -1 -6
BITMAP
FFF8
E638
C598
EBC8
E7E8
E7E8
E7E8
E7E8
E7E8
E7E8
E1D8
E818
E438
E7F8
86F8
E7F8
C3F8
FFF8
ENDCHAR
STARTCHAR uni1D71.Dep50
ENCODING -1
SWIDTH 529 0
DWIDTH 13 0
BBX 13 18 -1 -6
BITMAP
FFF8
E638
C598
EBC8
E7E8
E7E8
E7E8
E7E8
E7E8
E7E8
E1D8
E818
E438
E7F8
86F8
E7F8
C3F8
FFF8
ENDCHAR
STARTCHAR uni1D71.Dep41
ENCODING -1
SWIDTH 529 0
DWIDTH 13 0
BBX 13 18 -1 -6
BITMAP
FFF8
E638
C598
EBC8
E7E8
E7E8
E7E8
E7E8
E7E8
E7E8
E1D8
E818
E438
E7F8
86F8
E7F8
C3F8
FFF8
ENDCHAR
STARTCHAR uni1DB2.Dep51
ENCODING -1
SWIDTH 379 0
DWIDTH 9 0
BBX 7 15 1 4
BITMAP
FE
CE
EE
EE
EE
E2
EA
EE
EE
AE
92
C6
EE
EE
FE
ENDCHAR
STARTCHAR uni1DB2.Dep50
ENCODING -1
SWIDTH 379 0
DWIDTH 9 0
BBX 7 15 1 4
BITMAP
FE
CE
EE
EE
EE
E2
EA
EE
EE
AE
92
C6
EE
EE
FE
ENDCHAR
STARTCHAR uni1DB2.Dep41
ENCODING -1
SWIDTH 379 0
DWIDTH 9 0
BBX 7 15 1 4
BITMAP
FE
CE
EE
EE
EE
E2
EA
EE
EE
AE
92
C6
EE
EE
FE
ENDCHAR
STARTCHAR uni2C63.Dep51
ENCODING -1
SWIDTH 522 0
DWIDTH 13 0
BBX 12 15 0 0
BITMAP
FFF0
CF30
CF90
CF90
8190
CF90
CF90
CF30
C8F0
CFF0
CFF0
CFF0
CFF0
CFF0
FFF0
ENDCHAR
STARTCHAR uni2C63.Dep50
ENCODING -1
SWIDTH 522 0
DWIDTH 13 0
BBX 12 15 0 0
BITMAP
FFF0
CF30
CF90
CF90
8190
CF90
CF90
CF30
C8F0
CFF0
CFF0
CFF0
CFF0
CFF0
FFF0
ENDCHAR
STARTCHAR uni024B.Dep51
ENCODING -1
SWIDTH 514 0
DWIDTH 12 0
BBX 16 18 0 -6
BITMAP
7FFF
70BF
4F3F
5FBF
9FBF
9FBF
9FBF
9FBF
9FBF
8F3F
473F
633F
7F3F
7F3F
7F3F
7F39
7F1B
7FFF
ENDCHAR
STARTCHAR uni024B.Dep50
ENCODING -1
SWIDTH 514 0
DWIDTH 12 0
BBX 16 18 0 -6
BITMAP
7FFF
70BF
4F3F
5FBF
9FBF
9FBF
9FBF
9FBF
9FBF
8F3F
473F
633F
7F3F
7F3F
7F3F
7F39
7F1B
7FFF
ENDCHAR
STARTCHAR uni0239.Dep51
ENCODING -1
SWIDTH 798 0
DWIDTH 19 0
BBX 18 18 1 -6
BITMAP
FFFFC0
F1B1C0
DE4CC0
BF3E40
BF3E40
BF7E40
BF7F40
BF7F40
BF7E40
9E7EC0
8D1DC0
C363C0
FF7FC0
FF7FC0
FF7FC0
FF7FC0
FE3FC0
FFFFC0
ENDCHAR
STARTCHAR uni0239.Dep50
ENCODING -1
SWIDTH 798 0
DWIDTH 19 0
BBX 18 18 1 -6
BITMAP
FFFFC0
F1B1C0
DE4CC0
BF3E40
BF3E40
BF7E40
BF7F40
BF7F40
BF7E40
9E7EC0
8D1DC0
C363C0
FF7FC0
FF7FC0
FF7FC0
FF7FC0
FE3FC0
FFFFC0
ENDCHAR
STARTCHAR uni0239.Dep41
ENCODING -1
SWIDTH 798 0
DWIDTH 19 0
BBX 18 18 1 -6
BITMAP
FFFFC0
F1B1C0
DE4CC0
BF3E40
BF3E40
BF7E40
BF7F40
BF7F40
BF7E40
9E7EC0
8D1DC0
C363C0
FF7FC0
FF7FC0
FF7FC0
FF7FC0
FE3FC0
FFFFC0
ENDCHAR
STARTCHAR uni024A.Dep51
ENCODING -1
SWIDTH 600 0
DWIDTH 14 0
BBX 17 21 0 -6
BITMAP
FFFF80
F10F80
E7CF80
CFCF80
9FCF80
9FCF80
9FCF80
9FCF80
9FCF80
9FCF80
9FCF80
9FCF80
CFCF80
C24F80
F0CF80
FFCF80
FFCF80
FFCF80
FFCE80
FFC680
FFFF80
ENDCHAR
STARTCHAR uni024A.Dep50
ENCODING -1
SWIDTH 600 0
DWIDTH 14 0
BBX 17 21 0 -6
BITMAP
FFFF80
F10F80
E7CF80
CFCF80
9FCF80
9FCF80
9FCF80
9FCF80
9FCF80
9FCF80
9FCF80
9FCF80
CFCF80
C24F80
F0CF80
FFCF80
FFCF80
FFCF80
FFCE80
FFC680
FFFF80
ENDCHAR
STARTCHAR uni1DCA.Dep51
ENCODING -1
SWIDTH 0 0
DWIDTH 0 0
BBX 6 6 -9 -7
BITMAP
FC
D4
DC
DC
DC
FC
ENDCHAR
STARTCHAR uni1DCA.Dep50
ENCODING -1
SWIDTH 0 0
DWIDTH 0 0
BBX 6 6 -9 -7
BITMAP
FC
D4
DC
DC
DC
FC
ENDCHAR
STARTCHAR uni1D89.Dep51
ENCODING -1
SWIDTH 395 0
DWIDTH 10 0
BBX 9 18 0 -6
BITMAP
FF80
C880
9080
C680
CF80
CF80
DF80
DF80
DF80
DF80
DF80
8780
FB80
FB80
FB80
9B80
9B80
FF80
ENDCHAR
STARTCHAR uni1D89.Dep50
ENCODING -1
SWIDTH 395 0
DWIDTH 10 0
BBX 9 18 0 -6
BITMAP
FF80
C880
9080
C680
CF80
CF80
DF80
DF80
DF80
DF80
DF80
8780
FB80
FB80
FB80
9B80
9B80
FF80
ENDCHAR
STARTCHAR uni1D89.Dep41
ENCODING -1
SWIDTH 395 0
DWIDTH 10 0
BBX 9 18 0 -6
BITMAP
FF80
C880
9080
C680
CF80
CF80
DF80
DF80
DF80
DF80
DF80
8780
FB80
FB80
FB80
9B80
9B80
FF80
ENDCHAR
STARTCHAR uni024D.Dep51
ENCODING -1
SWIDTH 395 0
DWIDTH 10 0
BBX 9 12 0 0
BITMAP
FF80
CC80
C880
D680
CF80
CF80
8380
CF80
CF80
CF80
CF80
FF80
ENDCHAR
STARTCHAR uni024D.Dep50
ENCODING -1
SWIDTH 395 0
DWIDTH 10 0
BBX 9 12 0 0
BITMAP
FF80
CC80
C880
D680
CF80
CF80
8380
CF80
CF80
CF80
CF80
FF80
ENDCHAR
STARTCHAR uni1D72.Dep51
ENCODING -1
SWIDTH 395 0
DWIDTH 10 0
BBX 10 12 0 0
BITMAP
FFC0
E640
C840
E340
E3C0
E7C0
C6C0
A9C0
E9C0
E7C0
E7C0
FFC0
ENDCHAR
STARTCHAR uni1D72.Dep50
ENCODING -1
SWIDTH 395 0
DWIDTH 10 0
BBX 10 12 0 0
BITMAP
FFC0
E640
C840
E340
E3C0
E7C0
C6C0
A9C0
E9C0
E7C0
E7C0
FFC0
ENDCHAR
STARTCHAR uni1D72.Dep41
ENCODING -1
SWIDTH 395 0
DWIDTH 10 0
BBX 10 12 0 0
BITMAP
FFC0
E640
C840
E340
E3C0
E7C0
C6C0
A9C0
E9C0
E7C0
E7C0
FFC0
ENDCHAR
STARTCHAR uni1D73.Dep51
ENCODING -1
SWIDTH 364 0
DWIDTH 9 0
BBX 9 12 -1 0
BITMAP
FF80
FC80
F080
F780
E780
E680
C480
A980
E780
E780
E780
FF80
ENDCHAR
STARTCHAR uni1D73.Dep50
ENCODING -1
SWIDTH 364 0
DWIDTH 9 0
BBX 9 12 -1 0
BITMAP
FF80
FC80
F080
F780
E780
E680
C480
A980
E780
E780
E780
FF80
ENDCHAR
STARTCHAR uni1D73.Dep41
ENCODING -1
SWIDTH 364 0
DWIDTH 9 0
BBX 9 12 -1 0
BITMAP
FF80
FC80
F080
F780
E780
E680
C480
A980
E780
E780
E780
FF80
ENDCHAR
STARTCHAR uni024C.Dep51
ENCODING -1
SWIDTH 561 0
DWIDTH 13 0
BBX 14 16 0 -1
BITMAP
FFFC
CF3C
CF9C
CF9C
CF9C
CF9C
CE3C
807C
CCFC
CE7C
CE3C
CF3C
CF9C
CF8C
83C4
FFFC
ENDCHAR
STARTCHAR uni024C.Dep50
ENCODING -1
SWIDTH 561 0
DWIDTH 13 0
BBX 14 16 0 -1
BITMAP
FFFC
CF3C
CF9C
CF9C
CF9C
CF9C
CE3C
807C
CCFC
CE7C
CE3C
CF3C
CF9C
CF8C
83C4
FFFC
ENDCHAR
STARTCHAR uni2C64.Dep51
ENCODING -1
SWIDTH 561 0
DWIDTH 13 0
BBX 14 20 0 -5
BITMAP
FFFC
CF3C
CF9C
CF9C
CF9C
CF1C
CE3C
C0FC
CDFC
CE7C
CE7C
CF3C
CF1C
CF9C
CFC4
CFFC
CCFC
CCFC
E1FC
FFFC
ENDCHAR
STARTCHAR uni2C64.Dep50
ENCODING -1
SWIDTH 561 0
DWIDTH 13 0
BBX 14 20 0 -5
BITMAP
FFFC
CF3C
CF9C
CF9C
CF9C
CF1C
CE3C
C0FC
CDFC
CE7C
CE7C
CF3C
CF1C
CF9C
CFC4
CFFC
CCFC
CCFC
E1FC
FFFC
ENDCHAR
STARTCHAR uni1DB3.Dep51
ENCODING -1
SWIDTH 270 0
DWIDTH 6 0
BBX 7 11 -1 3
BITMAP
7C
54
4C
64
72
F4
84
BC
AC
AC
70
ENDCHAR
STARTCHAR uni1DB3.Dep50
ENCODING -1
SWIDTH 270 0
DWIDTH 6 0
BBX 7 11 -1 3
BITMAP
7C
54
4C
64
72
F4
84
BC
AC
AC
70
ENDCHAR
STARTCHAR uni1DB3.Dep41
ENCODING -1
SWIDTH 270 0
DWIDTH 6 0
BBX 7 11 -1 3
BITMAP
7C
54
4C
64
72
F4
84
BC
AC
AC
70
ENDCHAR
STARTCHAR uni1D8A.Dep51
ENCODING -1
SWIDTH 386 0
DWIDTH 10 0
BBX 8 18 1 -6
BITMAP
FF
C3
B9
BD
9F
8F
E3
F9
FD
FD
B9
85
FD
FD
ED
CD
C9
FF
ENDCHAR
STARTCHAR uni1D8A.Dep50
ENCODING -1
SWIDTH 386 0
DWIDTH 10 0
BBX 8 18 1 -6
BITMAP
FF
C3
B9
BD
9F
8F
E3
F9
FD
FD
B9
85
FD
FD
ED
CD
C9
FF
ENDCHAR
STARTCHAR uni1D8A.Dep41
ENCODING -1
SWIDTH 386 0
DWIDTH 10 0
BBX 8 18 1 -6
BITMAP
FF
C3
B9
BD
9F
8F
E3
F9
FD
FD
B9
85
FD
FD
ED
CD
C9
FF
ENDCHAR
STARTCHAR uni1D74.Dep51
ENCODING -1
SWIDTH 386 0
DWIDTH 9 0
BBX 8 13 0 -1
BITMAP
FF
E3
D9
DF
CF
E5
F9
FF
FF
DF
CF
C3
FF
ENDCHAR
STARTCHAR uni1D74.Dep50
ENCODING -1
SWIDTH 386 0
DWIDTH 9 0
BBX 8 13 0 -1
BITMAP
FF
E3
D9
DF
CF
E5
F9
FF
FF
DF
CF
C3
FF
ENDCHAR
STARTCHAR uni1D74.Dep41
ENCODING -1
SWIDTH 386 0
DWIDTH 9 0
BBX 8 13 0 -1
BITMAP
FF
E3
D9
DF
CF
E5
F9
FF
FF
DF
CF
C3
FF
ENDCHAR
STARTCHAR uni023F.Dep51
ENCODING -1
SWIDTH 386 0
DWIDTH 9 0
BBX 9 17 1 -5
BITMAP
FF80
C380
BB80
BF80
BF80
8F80
C380
F180
F980
F980
BB80
8780
DF80
CC80
EC80
F180
FF80
ENDCHAR
STARTCHAR uni023F.Dep50
ENCODING -1
SWIDTH 386 0
DWIDTH 9 0
BBX 9 17 1 -5
BITMAP
FF80
C380
BB80
BF80
BF80
8F80
C380
F180
F980
F980
BB80
8780
DF80
CC80
EC80
F180
FF80
ENDCHAR
STARTCHAR uni023F.Dep41
ENCODING -1
SWIDTH 386 0
DWIDTH 9 0
BBX 9 17 1 -5
BITMAP
FF80
C380
BB80
BF80
BF80
8F80
C380
F180
F980
F980
BB80
8780
DF80
CC80
EC80
F180
FF80
ENDCHAR
STARTCHAR uni1DB4.Dep51
ENCODING -1
SWIDTH 171 0
DWIDTH 4 0
BBX 8 16 -2 3
BITMAP
FF
F9
F7
E7
E7
E7
E7
E7
F7
F7
F7
F7
F7
F7
8F
FF
ENDCHAR
STARTCHAR uni1DB4.Dep50
ENCODING -1
SWIDTH 171 0
DWIDTH 4 0
BBX 8 16 -2 3
BITMAP
FF
F9
F7
E7
E7
E7
E7
E7
F7
F7
F7
F7
F7
F7
8F
FF
ENDCHAR
STARTCHAR uni1DB4.Dep41
ENCODING -1
SWIDTH 171 0
DWIDTH 4 0
BBX 8 16 -2 3
BITMAP
FF
F9
F7
E7
E7
E7
E7
E7
F7
F7
F7
F7
F7
F7
8F
FF
ENDCHAR
STARTCHAR uni1D98.Dep51
ENCODING -1
SWIDTH 246 0
DWIDTH 6 0
BBX 12 30 -3 -11
BITMAP
FFF0
FF10
FC90
F9F0
F9F0
F9F0
F9F0
F9F0
F9F0
F9F0
F9F0
F9F0
F9F0
F9F0
FCF0
FCF0
FCF0
FCF0
FCF0
FCF0
FCF0
FDF0
F9F0
83F0
8FF0
FFF0
E7F0
E7F0
8FF0
FFF0
ENDCHAR
STARTCHAR uni1D98.Dep50
ENCODING -1
SWIDTH 246 0
DWIDTH 6 0
BBX 12 30 -3 -11
BITMAP
FFF0
FF10
FC90
F9F0
F9F0
F9F0
F9F0
F9F0
F9F0
F9F0
F9F0
F9F0
F9F0
F9F0
FCF0
FCF0
FCF0
FCF0
FCF0
FCF0
FCF0
FDF0
F9F0
83F0
8FF0
FFF0
E7F0
E7F0
8FF0
FFF0
ENDCHAR
STARTCHAR uni1D98.Dep41
ENCODING -1
SWIDTH 246 0
DWIDTH 6 0
BBX 12 30 -3 -11
BITMAP
FFF0
FF10
FC90
F9F0
F9F0
F9F0
F9F0
F9F0
F9F0
F9F0
F9F0
F9F0
F9F0
F9F0
FCF0
FCF0
FCF0
FCF0
FCF0
FCF0
FCF0
FDF0
F9F0
83F0
8FF0
FFF0
E7F0
E7F0
8FF0
FFF0
ENDCHAR
STARTCHAR uni1D8B.Dep51
ENCODING -1
SWIDTH 410 0
DWIDTH 9 0
BBX 13 25 -3 -6
BITMAP
FFF8
FE38
FC98
F9F8
F1F8
F1F8
F1F8
F1F8
F1F8
F1F8
F1F8
F1F8
F9F8
F9F8
F8F8
F8F8
F8F8
F8F8
F808
F9E8
F9E8
F9E8
FB68
8728
FFF8
ENDCHAR
STARTCHAR uni1D8B.Dep50
ENCODING -1
SWIDTH 410 0
DWIDTH 9 0
BBX 13 25 -3 -6
BITMAP
FFF8
FE38
FC98
F9F8
F1F8
F1F8
F1F8
F1F8
F1F8
F1F8
F1F8
F1F8
F9F8
F9F8
F8F8
F8F8
F8F8
F8F8
F808
F9E8
F9E8
F9E8
FB68
8728
FFF8
ENDCHAR
STARTCHAR uni1D8B.Dep41
ENCODING -1
SWIDTH 410 0
DWIDTH 9 0
BBX 13 25 -3 -6
BITMAP
FFF8
FE38
FC98
F9F8
F1F8
F1F8
F1F8
F1F8
F1F8
F1F8
F1F8
F1F8
F9F8
F9F8
F8F8
F8F8
F8F8
F8F8
F808
F9E8
F9E8
F9E8
FB68
8728
FFF8
ENDCHAR
STARTCHAR uni1DB5.Dep51
ENCODING -1
SWIDTH 240 0
DWIDTH 5 0
BBX 6 14 0 3
BITMAP
FC
DC
DC
84
DC
DC
DC
DC
DC
CC
FC
FC
CC
38
ENDCHAR
STARTCHAR uni1DB5.Dep50
ENCODING -1
SWIDTH 240 0
DWIDTH 5 0
BBX 6 14 0 3
BITMAP
FC
DC
DC
84
DC
DC
DC
DC
DC
CC
FC
FC
CC
38
ENDCHAR
STARTCHAR uni1DB5.Dep41
ENCODING -1
SWIDTH 240 0
DWIDTH 5 0
BBX 6 14 0 3
BITMAP
FC
DC
DC
84
DC
DC
DC
DC
DC
CC
FC
FC
CC
38
ENDCHAR
STARTCHAR uni1D75.Dep51
ENCODING -1
SWIDTH 344 0
DWIDTH 8 0
BBX 10 16 -1 -1
BITMAP
FFC0
E7C0
E7C0
E7C0
C040
E7C0
E7C0
E7C0
C6C0
A0C0
E1C0
E7C0
E7C0
E740
F0C0
FFC0
ENDCHAR
STARTCHAR uni1D75.Dep50
ENCODING -1
SWIDTH 344 0
DWIDTH 8 0
BBX 10 16 -1 -1
BITMAP
FFC0
E7C0
E7C0
E7C0
C040
E7C0
E7C0
E7C0
C6C0
A0C0
E1C0
E7C0
E7C0
E740
F0C0
FFC0
ENDCHAR
STARTCHAR uni1D75.Dep41
ENCODING -1
SWIDTH 344 0
DWIDTH 8 0
BBX 10 16 -1 -1
BITMAP
FFC0
E7C0
E7C0
E7C0
C040
E7C0
E7C0
E7C0
C6C0
A0C0
E1C0
E7C0
E7C0
E740
F0C0
FFC0
ENDCHAR
STARTCHAR uni1D99.Dep51
ENCODING -1
SWIDTH 538 0
DWIDTH 13 0
BBX 17 18 0 -6
BITMAP
FFFF80
8F1F80
CF9F80
CF9F80
CF9F80
CF9F80
CF9F80
CF9F80
CF9F80
CF1F80
C69780
E19780
FFF780
FFF780
FFF780
FFF680
FFF680
FFFF80
ENDCHAR
STARTCHAR uni1D99.Dep50
ENCODING -1
SWIDTH 538 0
DWIDTH 13 0
BBX 17 18 0 -6
BITMAP
FFFF80
8F1F80
CF9F80
CF9F80
CF9F80
CF9F80
CF9F80
CF9F80
CF9F80
CF1F80
C69780
E19780
FFF780
FFF780
FFF780
FFF680
FFF680
FFFF80
ENDCHAR
STARTCHAR uni1D99.Dep41
ENCODING -1
SWIDTH 538 0
DWIDTH 13 0
BBX 17 18 0 -6
BITMAP
FFFF80
8F1F80
CF9F80
CF9F80
CF9F80
CF9F80
CF9F80
CF9F80
CF9F80
CF1F80
C69780
E19780
FFF780
FFF780
FFF780
FFF680
FFF680
FFFF80
ENDCHAR
STARTCHAR uni1DB6.Dep51
ENCODING -1
SWIDTH 370 0
DWIDTH 8 0
BBX 9 7 0 7
BITMAP
FF80
DD80
DD80
8080
DD80
D980
FF80
ENDCHAR
STARTCHAR uni1DB6.Dep50
ENCODING -1
SWIDTH 370 0
DWIDTH 8 0
BBX 9 7 0 7
BITMAP
FF80
DD80
DD80
8080
DD80
D980
FF80
ENDCHAR
STARTCHAR uni1DB6.Dep41
ENCODING -1
SWIDTH 370 0
DWIDTH 8 0
BBX 9 7 0 7
BITMAP
FF80
DD80
DD80
8080
DD80
D980
FF80
ENDCHAR
STARTCHAR uni1DB9.Dep51
ENCODING -1
SWIDTH 339 0
DWIDTH 8 0
BBX 8 7 0 7
BITMAP
FF
D9
DD
DD
DD
D9
FF
ENDCHAR
STARTCHAR uni1DB9.Dep50
ENCODING -1
SWIDTH 339 0
DWIDTH 8 0
BBX 8 7 0 7
BITMAP
FF
D9
DD
DD
DD
D9
FF
ENDCHAR
STARTCHAR uni1DB9.Dep41
ENCODING -1
SWIDTH 339 0
DWIDTH 8 0
BBX 8 7 0 7
BITMAP
FF
D9
DD
DD
DD
D9
FF
ENDCHAR
STARTCHAR uni1DB7.Dep51
ENCODING -1
SWIDTH 344 0
DWIDTH 9 0
BBX 8 7 0 7
BITMAP
FF
EB
DD
DD
DD
CF
FF
ENDCHAR
STARTCHAR uni1DB7.Dep50
ENCODING -1
SWIDTH 344 0
DWIDTH 9 0
BBX 8 7 0 7
BITMAP
FF
EB
DD
DD
DD
CF
FF
ENDCHAR
STARTCHAR uni1DB7.Dep41
ENCODING -1
SWIDTH 344 0
DWIDTH 9 0
BBX 8 7 0 7
BITMAP
FF
EB
DD
DD
DD
CF
FF
ENDCHAR
STARTCHAR uni1D7F.Dep51
ENCODING -1
SWIDTH 493 0
DWIDTH 12 0
BBX 13 12 0 -1
BITMAP
FFF8
F778
EFB8
EFB8
CF98
C018
8008
DF98
DF98
EF38
F0F8
FFF8
ENDCHAR
STARTCHAR uni1D7F.Dep50
ENCODING -1
SWIDTH 493 0
DWIDTH 12 0
BBX 13 12 0 -1
BITMAP
FFF8
F778
EFB8
EFB8
CF98
C018
8008
DF98
DF98
EF38
F0F8
FFF8
ENDCHAR
STARTCHAR uni1D7F.Dep41
ENCODING -1
SWIDTH 493 0
DWIDTH 12 0
BBX 13 12 0 -1
BITMAP
FFF8
F778
EFB8
EFB8
CF98
C018
8008
DF98
DF98
EF38
F0F8
FFF8
ENDCHAR
STARTCHAR uni1DB8.Dep51
ENCODING -1
SWIDTH 386 0
DWIDTH 9 0
BBX 10 7 0 7
BITMAP
FFC0
CEC0
CEC0
CEC0
CEC0
CEC0
FFC0
ENDCHAR
STARTCHAR uni1DB8.Dep50
ENCODING -1
SWIDTH 386 0
DWIDTH 9 0
BBX 10 7 0 7
BITMAP
FFC0
CEC0
CEC0
CEC0
CEC0
CEC0
FFC0
ENDCHAR
STARTCHAR uni1DB8.Dep41
ENCODING -1
SWIDTH 386 0
DWIDTH 9 0
BBX 10 7 0 7
BITMAP
FFC0
CEC0
CEC0
CEC0
CEC0
CEC0
FFC0
ENDCHAR
STARTCHAR uni0244.Dep51
ENCODING -1
SWIDTH 653 0
DWIDTH 16 0
BBX 15 16 0 -1
BITMAP
FFFE
CFE6
CFE6
CFE6
CFE6
CFE6
8FE2
C006
CFF6
CFF6
CFF6
C7E6
E7EE
E3DE
F83E
FFFE
ENDCHAR
STARTCHAR uni0244.Dep50
ENCODING -1
SWIDTH 653 0
DWIDTH 16 0
BBX 15 16 0 -1
BITMAP
FFFE
CFE6
CFE6
CFE6
CFE6
CFE6
8FE2
C006
CFF6
CFF6
CFF6
C7E6
E7EE
E3DE
F83E
FFFE
ENDCHAR
STARTCHAR uni1D7E.Dep51
ENCODING -1
SWIDTH 573 0
DWIDTH 14 0
BBX 13 12 0 -1
BITMAP
FFF8
CFD8
CFD8
CFD8
C018
8008
CFD8
CFD8
CFD8
E7B8
F078
FFF8
ENDCHAR
STARTCHAR uni1D7E.Dep50
ENCODING -1
SWIDTH 573 0
DWIDTH 14 0
BBX 13 12 0 -1
BITMAP
FFF8
CFD8
CFD8
CFD8
C018
8008
CFD8
CFD8
CFD8
E7B8
F078
FFF8
ENDCHAR
STARTCHAR uni1D7E.Dep41
ENCODING -1
SWIDTH 573 0
DWIDTH 14 0
BBX 13 12 0 -1
BITMAP
FFF8
CFD8
CFD8
CFD8
C018
8008
CFD8
CFD8
CFD8
E7B8
F078
FFF8
ENDCHAR
STARTCHAR uni1D8C.Dep51
ENCODING -1
SWIDTH 493 0
DWIDTH 11 0
BBX 12 17 0 -6
BITMAP
FFF0
9FB0
9F70
CF70
CE70
E6F0
E6F0
E4F0
F5F0
F1F0
F870
FF70
FF70
FB70
F370
F270
FFF0
ENDCHAR
STARTCHAR uni1D8C.Dep50
ENCODING -1
SWIDTH 493 0
DWIDTH 11 0
BBX 12 17 0 -6
BITMAP
FFF0
9FB0
9F70
CF70
CE70
E6F0
E6F0
E4F0
F5F0
F1F0
F870
FF70
FF70
FB70
F370
F270
FFF0
ENDCHAR
STARTCHAR uni1D8C.Dep41
ENCODING -1
SWIDTH 493 0
DWIDTH 11 0
BBX 12 17 0 -6
BITMAP
FFF0
9FB0
9F70
CF70
CE70
E6F0
E6F0
E4F0
F5F0
F1F0
F870
FF70
FF70
FB70
F370
F270
FFF0
ENDCHAR
STARTCHAR uni2C71.Dep51
ENCODING -1
SWIDTH 612 0
DWIDTH 15 0
BBX 15 14 0 -1
BITMAP
FFFE
FFE2
87C2
DF9E
CFBE
CF7E
E77E
E77E
F6FE
F2FE
F4FE
F9FE
F9FE
FFFE
ENDCHAR
STARTCHAR uni2C74.Dep51
ENCODING -1
SWIDTH 493 0
DWIDTH 12 0
BBX 12 13 0 -1
BITMAP
FFE0
E110
D9A0
D9A0
D9A0
E360
8760
F760
F2E0
F2E0
F9E0
F9E0
FFE0
ENDCHAR
STARTCHAR uni2C74.Dep50
ENCODING -1
SWIDTH 493 0
DWIDTH 12 0
BBX 12 13 0 -1
BITMAP
FFE0
E110
D9A0
D9A0
D9A0
E360
8760
F760
F2E0
F2E0
F9E0
F9E0
FFE0
ENDCHAR
STARTCHAR uni1DBA.Dep51
ENCODING -1
SWIDTH 345 0
DWIDTH 8 0
BBX 8 7 0 7
BITMAP
FF
E7
F3
DB
D9
B9
FF
ENDCHAR
STARTCHAR uni1DBA.Dep50
ENCODING -1
SWIDTH 345 0
DWIDTH 8 0
BBX 8 7 0 7
BITMAP
FF
E7
F3
DB
D9
B9
FF
ENDCHAR
STARTCHAR uni1DBA.Dep41
ENCODING -1
SWIDTH 345 0
DWIDTH 8 0
BBX 8 7 0 7
BITMAP
FF
E7
F3
DB
D9
B9
FF
ENDCHAR
STARTCHAR uni0245.Dep51
ENCODING -1
SWIDTH 595 0
DWIDTH 14 0
BBX 14 16 0 0
BITMAP
FFFC
FCFC
FCFC
FE7C
FA7C
FB7C
FB3C
F33C
F7BC
F79C
E79C
EFDC
EFCC
CFCC
DFEC
FFFC
ENDCHAR
STARTCHAR uni0245.Dep50
ENCODING -1
SWIDTH 595 0
DWIDTH 14 0
BBX 14 16 0 0
BITMAP
FFFC
FCFC
FCFC
FE7C
FA7C
FB7C
FB3C
F33C
F7BC
F79C
E79C
EFDC
EFCC
CFCC
DFEC
FFFC
ENDCHAR
STARTCHAR uni2C73.Dep51
ENCODING -1
SWIDTH 820 0
DWIDTH 20 0
BBX 22 17 0 -1
BITMAP
FFFFFC
FFFF84
FFFF04
FFFF7C
FFFEFC
877EFC
DF3CFC
CF3DFC
CE3DFC
CE99FC
EE9BFC
E4DBFC
E5CBFC
F5D3FC
F3E7FC
F3E7FC
FFFFFC
ENDCHAR
STARTCHAR uni2C72.Dep51
ENCODING -1
SWIDTH 958 0
DWIDTH 23 0
BBX 24 17 0 -1
BITMAP
FFFFFF
87DFE3
CFDFC9
CF9F99
CF8FB9
CFCF3F
E72F7F
E7277F
E7677F
E6667F
F6F2FF
F2F2FF
F4F2FF
F1F8FF
F1F8FF
F9F9FF
FFFFFF
ENDCHAR
STARTCHAR uni1D8D.Dep51
ENCODING -1
SWIDTH 502 0
DWIDTH 12 0
BBX 12 17 0 -6
BITMAP
FFF0
CF70
E670
F2F0
F1F0
F9F0
F4F0
F670
EE70
CF30
9E10
FFF0
FFF0
FFF0
FEF0
FE50
FFF0
ENDCHAR
STARTCHAR uni1D8D.Dep50
ENCODING -1
SWIDTH 502 0
DWIDTH 12 0
BBX 12 17 0 -6
BITMAP
FFF0
CF70
E670
F2F0
F1F0
F9F0
F4F0
F670
EE70
CF30
9E10
FFF0
FFF0
FFF0
FEF0
FE50
FFF0
ENDCHAR
STARTCHAR uni1D8D.Dep41
ENCODING -1
SWIDTH 502 0
DWIDTH 12 0
BBX 12 17 0 -6
BITMAP
FFF0
CF70
E670
F2F0
F1F0
F9F0
F4F0
F670
EE70
CF30
9E10
FFF0
FFF0
FFF0
FEF0
FE50
FFF0
ENDCHAR
STARTCHAR uni04FF.Dep51
ENCODING -1
SWIDTH 502 0
DWIDTH 12 0
BBX 12 11 0 0
BITMAP
FFF0
CF70
E670
F2F0
F1F0
C830
F9F0
F4F0
EE70
CF30
FFF0
ENDCHAR
STARTCHAR uni04FF.Dep50
ENCODING -1
SWIDTH 502 0
DWIDTH 12 0
BBX 12 11 0 0
BITMAP
FFF0
CF70
E670
F2F0
F1F0
C830
F9F0
F4F0
EE70
CF30
FFF0
ENDCHAR
STARTCHAR uni04FD.Dep51
ENCODING -1
SWIDTH 502 0
DWIDTH 13 0
BBX 12 17 0 -6
BITMAP
FFF0
CF70
EEF0
E5F0
F1F0
FBF0
F9F0
ECF0
CE70
DE30
8F30
FF90
FF90
FF90
FF90
F8B0
FFF0
ENDCHAR
STARTCHAR uni04FD.Dep50
ENCODING -1
SWIDTH 502 0
DWIDTH 13 0
BBX 12 17 0 -6
BITMAP
FFF0
CF70
EEF0
E5F0
F1F0
FBF0
F9F0
ECF0
CE70
DE30
8F30
FF90
FF90
FF90
FF90
F8B0
FFF0
ENDCHAR
STARTCHAR uni04FE.Dep51
ENCODING -1
SWIDTH 615 0
DWIDTH 15 0
BBX 15 15 0 0
BITMAP
FFFE
CFCE
E79E
F3BE
F33E
F97E
FC7E
E00E
FC7E
FB3E
F31E
F79E
E7CE
EFC6
FFFE
ENDCHAR
STARTCHAR uni04FE.Dep50
ENCODING -1
SWIDTH 615 0
DWIDTH 15 0
BBX 15 15 0 0
BITMAP
FFFE
CFCE
E79E
F3BE
F33E
F97E
FC7E
E00E
FC7E
FB3E
F31E
F79E
E7CE
EFC6
FFFE
ENDCHAR
STARTCHAR uni04FC.Dep51
ENCODING -1
SWIDTH 615 0
DWIDTH 15 0
BBX 15 20 -1 -5
BITMAP
FFFE
4FDE
679E
67BE
733E
797E
787E
7CFE
787E
7A3E
733E
679E
678E
4FCE
87E6
7FE6
7FE6
7F66
7E0E
7FFE
ENDCHAR
STARTCHAR uni04FC.Dep50
ENCODING -1
SWIDTH 615 0
DWIDTH 15 0
BBX 15 20 -1 -5
BITMAP
FFFE
4FDE
679E
67BE
733E
797E
787E
7CFE
787E
7A3E
733E
679E
678E
4FCE
87E6
7FE6
7FE6
7F66
7E0E
7FFE
ENDCHAR
STARTCHAR uni024F.Dep51
ENCODING -1
SWIDTH 493 0
DWIDTH 12 0
BBX 13 17 -1 -6
BITMAP
FFF8
EFD8
E798
8008
F038
F3B8
FB78
F978
FA78
FCF8
FCF8
FCF8
FDF8
F9F8
FBF8
87F8
FFF8
ENDCHAR
STARTCHAR uni024F.Dep50
ENCODING -1
SWIDTH 493 0
DWIDTH 12 0
BBX 13 17 -1 -6
BITMAP
FFF8
EFD8
E798
8008
F038
F3B8
FB78
F978
FA78
FCF8
FCF8
FCF8
FDF8
F9F8
FBF8
87F8
FFF8
ENDCHAR
STARTCHAR uni024E.Dep51
ENCODING -1
SWIDTH 594 0
DWIDTH 14 0
BBX 14 16 0 0
BITMAP
8060
FF9C
CFCC
E7DC
8004
F3BC
FB3C
F97C
FC7C
FCFC
FCFC
FCFC
FCFC
FCFC
FCFC
FFFC
ENDCHAR
STARTCHAR uni024E.Dep50
ENCODING -1
SWIDTH 594 0
DWIDTH 14 0
BBX 14 16 0 0
BITMAP
8060
FF9C
CFCC
E7DC
8004
F3BC
FB3C
F97C
FC7C
FCFC
FCFC
FCFC
FCFC
FCFC
FCFC
FFFC
ENDCHAR
STARTCHAR uni1DBB.Dep51
ENCODING -1
SWIDTH 296 0
DWIDTH 7 0
BBX 7 8 0 7
BITMAP
FE
82
BA
F6
EE
DE
9E
FE
ENDCHAR
STARTCHAR uni1DBB.Dep50
ENCODING -1
SWIDTH 296 0
DWIDTH 7 0
BBX 7 8 0 7
BITMAP
FE
82
BA
F6
EE
DE
9E
FE
ENDCHAR
STARTCHAR uni1DBB.Dep41
ENCODING -1
SWIDTH 296 0
DWIDTH 7 0
BBX 7 8 0 7
BITMAP
FE
82
BA
F6
EE
DE
9E
FE
ENDCHAR
STARTCHAR uni1DBC.Dep51
ENCODING -1
SWIDTH 309 0
DWIDTH 8 0
BBX 10 12 0 3
BITMAP
FFC0
81C0
BBC0
F7C0
E7C0
EFC0
DDC0
81C0
FDC0
FDC0
FD40
0380
ENDCHAR
STARTCHAR uni1DBC.Dep50
ENCODING -1
SWIDTH 309 0
DWIDTH 8 0
BBX 10 12 0 3
BITMAP
FFC0
81C0
BBC0
F7C0
E7C0
EFC0
DDC0
81C0
FDC0
FDC0
FD40
0380
ENDCHAR
STARTCHAR uni1DBC.Dep41
ENCODING -1
SWIDTH 309 0
DWIDTH 8 0
BBX 10 12 0 3
BITMAP
FFC0
81C0
BBC0
F7C0
E7C0
EFC0
DDC0
81C0
FDC0
FDC0
FD40
0380
ENDCHAR
STARTCHAR uni1D8E.Dep51
ENCODING -1
SWIDTH 441 0
DWIDTH 11 0
BBX 9 18 1 -6
BITMAP
FF80
8080
FC80
F980
F980
F380
E780
E780
CF80
9F80
BF80
8080
FF80
FF80
FF80
F780
F280
FF80
ENDCHAR
STARTCHAR uni1D8E.Dep50
ENCODING -1
SWIDTH 441 0
DWIDTH 11 0
BBX 9 18 1 -6
BITMAP
FF80
8080
FC80
F980
F980
F380
E780
E780
CF80
9F80
BF80
8080
FF80
FF80
FF80
F780
F280
FF80
ENDCHAR
STARTCHAR uni1D8E.Dep41
ENCODING -1
SWIDTH 441 0
DWIDTH 11 0
BBX 9 18 1 -6
BITMAP
FF80
8080
FC80
F980
F980
F380
E780
E780
CF80
9F80
BF80
8080
FF80
FF80
FF80
F780
F280
FF80
ENDCHAR
STARTCHAR uni1D76.Dep51
ENCODING -1
SWIDTH 441 0
DWIDTH 11 0
BBX 9 12 1 0
BITMAP
FF80
8080
F080
FD80
F980
C380
8280
E580
CF80
9F80
9F80
FF80
ENDCHAR
STARTCHAR uni1D76.Dep50
ENCODING -1
SWIDTH 441 0
DWIDTH 11 0
BBX 9 12 1 0
BITMAP
FF80
8080
F080
FD80
F980
C380
8280
E580
CF80
9F80
9F80
FF80
ENDCHAR
STARTCHAR uni1D76.Dep41
ENCODING -1
SWIDTH 441 0
DWIDTH 11 0
BBX 9 12 1 0
BITMAP
FF80
8080
F080
FD80
F980
C380
8280
E580
CF80
9F80
9F80
FF80
ENDCHAR
STARTCHAR uni1DBD.Dep51
ENCODING -1
SWIDTH 312 0
DWIDTH 7 0
BBX 8 10 0 5
BITMAP
FF
81
BB
F7
EF
C9
97
A1
FF
FF
ENDCHAR
STARTCHAR uni1DBD.Dep50
ENCODING -1
SWIDTH 312 0
DWIDTH 7 0
BBX 8 10 0 5
BITMAP
FF
81
BB
F7
EF
C9
97
A1
FF
FF
ENDCHAR
STARTCHAR uni1DBD.Dep41
ENCODING -1
SWIDTH 312 0
DWIDTH 7 0
BBX 8 10 0 5
BITMAP
FF
81
BB
F7
EF
C9
97
A1
FF
FF
ENDCHAR
STARTCHAR uni2C6C.Dep51
ENCODING -1
SWIDTH 431 0
DWIDTH 10 0
BBX 9 17 1 -5
BITMAP
FF80
8080
FC80
F980
F980
F380
E780
E780
CF80
9F80
BF80
8080
FE80
FE80
FE80
FE80
FF80
ENDCHAR
STARTCHAR uni2C6C.Dep50
ENCODING -1
SWIDTH 431 0
DWIDTH 10 0
BBX 9 17 1 -5
BITMAP
FF80
8080
FC80
F980
F980
F380
E780
E780
CF80
9F80
BF80
8080
FE80
FE80
FE80
FE80
FF80
ENDCHAR
STARTCHAR uni0240.Dep51
ENCODING -1
SWIDTH 441 0
DWIDTH 11 0
BBX 10 17 1 -5
BITMAP
FFC0
8040
FCC0
F9C0
FBC0
F3C0
E7C0
EFC0
CFC0
9FC0
BFC0
8FC0
CFC0
E740
F240
F8C0
FFC0
ENDCHAR
STARTCHAR uni0240.Dep50
ENCODING -1
SWIDTH 441 0
DWIDTH 11 0
BBX 10 17 1 -5
BITMAP
FFC0
8040
FCC0
F9C0
FBC0
F3C0
E7C0
EFC0
CFC0
9FC0
BFC0
8FC0
CFC0
E740
F240
F8C0
FFC0
ENDCHAR
STARTCHAR uni0240.Dep41
ENCODING -1
SWIDTH 441 0
DWIDTH 11 0
BBX 10 17 1 -5
BITMAP
FFC0
8040
FCC0
F9C0
FBC0
F3C0
E7C0
EFC0
CFC0
9FC0
BFC0
8FC0
CFC0
E740
F240
F8C0
FFC0
ENDCHAR
STARTCHAR uni2C6B.Dep51
ENCODING -1
SWIDTH 524 0
DWIDTH 13 0
BBX 12 20 0 -5
BITMAP
FFF0
C010
DF90
BF30
FE30
FE70
FCF0
F8F0
F9F0
F3F0
E3F0
E7F0
CFF0
8FF0
9010
FFD0
FFD0
FFD0
FFD0
FFF0
ENDCHAR
STARTCHAR uni2C6B.Dep50
ENCODING -1
SWIDTH 524 0
DWIDTH 13 0
BBX 12 20 0 -5
BITMAP
FFF0
C010
DF90
BF30
FE30
FE70
FCF0
F8F0
F9F0
F3F0
E3F0
E7F0
CFF0
8FF0
9010
FFD0
FFD0
FFD0
FFD0
FFF0
ENDCHAR
STARTCHAR uni1DBE.Dep51
ENCODING -1
SWIDTH 314 0
DWIDTH 8 0
BBX 7 12 0 3
BITMAP
FE
82
FA
E6
CE
D2
FA
FA
FE
BA
86
FE
ENDCHAR
STARTCHAR uni1DBE.Dep50
ENCODING -1
SWIDTH 314 0
DWIDTH 8 0
BBX 7 12 0 3
BITMAP
FE
82
FA
E6
CE
D2
FA
FA
FE
BA
86
FE
ENDCHAR
STARTCHAR uni1DBE.Dep41
ENCODING -1
SWIDTH 314 0
DWIDTH 8 0
BBX 7 12 0 3
BITMAP
FE
82
FA
E6
CE
D2
FA
FA
FE
BA
86
FE
ENDCHAR
STARTCHAR uni1D9A.Dep51
ENCODING -1
SWIDTH 449 0
DWIDTH 11 0
BBX 10 23 0 -11
BITMAP
FFC0
C040
DF40
FCC0
FCC0
F9C0
F3C0
E7C0
E040
FE40
FF40
FFC0
FFC0
FFC0
FF40
8F40
8040
A1C0
BFC0
B3C0
B3C0
C7C0
FFC0
ENDCHAR
STARTCHAR uni1D9A.Dep50
ENCODING -1
SWIDTH 449 0
DWIDTH 11 0
BBX 10 23 0 -11
BITMAP
FFC0
C040
DF40
FCC0
FCC0
F9C0
F3C0
E7C0
E040
FE40
FF40
FFC0
FFC0
FFC0
FF40
8F40
8040
A1C0
BFC0
B3C0
B3C0
C7C0
FFC0
ENDCHAR
STARTCHAR uni1D9A.Dep41
ENCODING -1
SWIDTH 449 0
DWIDTH 11 0
BBX 10 23 0 -11
BITMAP
FFC0
C040
DF40
FCC0
FCC0
F9C0
F3C0
E7C0
E040
FE40
FF40
FFC0
FFC0
FFC0
FF40
8F40
8040
A1C0
BFC0
B3C0
B3C0
C7C0
FFC0
ENDCHAR
STARTCHAR uniA72B.Dep51
ENCODING -1
SWIDTH 454 0
DWIDTH 11 0
BBX 11 18 0 -6
BITMAP
FFE0
F860
F220
E760
CFE0
DFE0
E7E0
F9E0
E0E0
C1E0
9FE0
9FE0
BFE0
BFE0
9F20
9F20
C660
FFE0
ENDCHAR
STARTCHAR uniA72D.Dep51
ENCODING -1
SWIDTH 441 0
DWIDTH 12 0
BBX 11 18 0 -6
BITMAP
FFE0
FE60
FC60
FE60
FA60
F660
F660
EE60
CE60
DE60
BE60
8020
FE60
FE60
FE60
DCE0
81E0
FFE0
ENDCHAR
STARTCHAR uni02C0.Dep51
ENCODING -1
SWIDTH 304 0
DWIDTH 7 0
BBX 6 10 0 9
BITMAP
FC
C4
BC
BC
FC
FC
FC
FC
FC
FC
ENDCHAR
STARTCHAR uni02C0.Dep50
ENCODING -1
SWIDTH 304 0
DWIDTH 7 0
BBX 6 10 0 9
BITMAP
FC
C4
BC
BC
FC
FC
FC
FC
FC
FC
ENDCHAR
STARTCHAR uni02C0.Dep41
ENCODING -1
SWIDTH 304 0
DWIDTH 7 0
BBX 6 10 0 9
BITMAP
FC
C4
BC
BC
FC
FC
FC
FC
FC
FC
ENDCHAR
STARTCHAR uni02C0.Dep40
ENCODING -1
SWIDTH 304 0
DWIDTH 7 0
BBX 6 10 0 9
BITMAP
FC
C4
BC
BC
FC
FC
FC
FC
FC
FC
ENDCHAR
STARTCHAR uni0242.Dep51
ENCODING -1
SWIDTH 400 0
DWIDTH 10 0
BBX 7 12 1 0
BITMAP
FE
C2
9A
BE
BE
FA
F6
EE
EE
EE
EE
FE
ENDCHAR
STARTCHAR uni0242.Dep50
ENCODING -1
SWIDTH 400 0
DWIDTH 10 0
BBX 7 12 1 0
BITMAP
FE
C2
9A
BE
BE
FA
F6
EE
EE
EE
EE
FE
ENDCHAR
STARTCHAR uniA71D.Dep51
ENCODING -1
SWIDTH 189 0
DWIDTH 5 0
BBX 3 11 1 7
BITMAP
E0
A0
A0
A0
A0
A0
A0
A0
E0
A0
E0
ENDCHAR
STARTCHAR uniA71E.Dep51
ENCODING -1
SWIDTH 189 0
DWIDTH 5 0
BBX 3 11 1 3
BITMAP
E0
A0
E0
A0
A0
A0
A0
A0
A0
A0
E0
ENDCHAR
STARTCHAR uniA78B.Dep51
ENCODING -1
SWIDTH 250 0
DWIDTH 5 0
BBX 3 11 1 8
BITMAP
E0
A0
A0
A0
A0
A0
A0
A0
A0
A0
E0
ENDCHAR
STARTCHAR uniA78B.Lrg.Dep51
ENCODING -1
SWIDTH 264 0
DWIDTH 6 0
BBX 4 14 1 5
BITMAP
F0
90
90
90
90
90
90
90
90
90
90
90
90
F0
ENDCHAR
STARTCHAR uniA78C.Dep51
ENCODING -1
SWIDTH 245 0
DWIDTH 6 0
BBX 4 11 1 7
BITMAP
F0
90
90
90
90
90
90
90
90
90
F0
ENDCHAR
STARTCHAR uniA78C.Lrg.Dep51
ENCODING -1
SWIDTH 259 0
DWIDTH 6 0
BBX 4 13 1 5
BITMAP
F0
90
90
90
90
90
90
90
90
90
90
D0
F0
ENDCHAR
STARTCHAR uniA789.Dep51
ENCODING -1
SWIDTH 208 0
DWIDTH 5 0
BBX 3 9 1 1
BITMAP
E0
A0
A0
E0
E0
E0
A0
A0
E0
ENDCHAR
STARTCHAR uniA789.Wide.Dep51
ENCODING -1
SWIDTH 208 0
DWIDTH 5 0
BBX 3 13 1 -1
BITMAP
E0
A0
A0
A0
E0
E0
E0
E0
E0
A0
A0
A0
E0
ENDCHAR
STARTCHAR uni230A.Dep51
ENCODING -1
SWIDTH 390 0
DWIDTH 8 0
BBX 6 16 1 -3
BITMAP
F8
B8
B8
B8
B8
B8
B8
B8
B8
B8
B8
B8
B8
B8
B8
FC
ENDCHAR
STARTCHAR uni230A.Dep50
ENCODING -1
SWIDTH 390 0
DWIDTH 8 0
BBX 6 16 1 -3
BITMAP
F8
B8
B8
B8
B8
B8
B8
B8
B8
B8
B8
B8
B8
B8
B8
FC
ENDCHAR
STARTCHAR uni230A.Dep41
ENCODING -1
SWIDTH 390 0
DWIDTH 8 0
BBX 6 16 1 -3
BITMAP
F8
B8
B8
B8
B8
B8
B8
B8
B8
B8
B8
B8
B8
B8
B8
FC
ENDCHAR
STARTCHAR uni230A.Dep40
ENCODING -1
SWIDTH 390 0
DWIDTH 8 0
BBX 6 16 1 -3
BITMAP
F8
B8
B8
B8
B8
B8
B8
B8
B8
B8
B8
B8
B8
B8
B8
FC
ENDCHAR
STARTCHAR uni230B.Dep51
ENCODING -1
SWIDTH 390 0
DWIDTH 9 0
BBX 6 16 1 -3
BITMAP
7C
74
74
74
74
74
74
74
74
74
74
74
74
74
74
FC
ENDCHAR
STARTCHAR uni230B.Dep50
ENCODING -1
SWIDTH 390 0
DWIDTH 9 0
BBX 6 16 1 -3
BITMAP
7C
74
74
74
74
74
74
74
74
74
74
74
74
74
74
FC
ENDCHAR
STARTCHAR uni230B.Dep41
ENCODING -1
SWIDTH 390 0
DWIDTH 9 0
BBX 6 16 1 -3
BITMAP
7C
74
74
74
74
74
74
74
74
74
74
74
74
74
74
FC
ENDCHAR
STARTCHAR uni230B.Dep40
ENCODING -1
SWIDTH 390 0
DWIDTH 9 0
BBX 6 16 1 -3
BITMAP
7C
74
74
74
74
74
74
74
74
74
74
74
74
74
74
FC
ENDCHAR
STARTCHAR uni02C8.Dep51
ENCODING -1
SWIDTH 205 0
DWIDTH 5 0
BBX 2 9 1 11
BITMAP
C0
C0
C0
C0
C0
C0
C0
C0
C0
ENDCHAR
STARTCHAR uni02C8.Dep50
ENCODING -1
SWIDTH 205 0
DWIDTH 5 0
BBX 2 9 1 11
BITMAP
C0
C0
C0
C0
C0
C0
C0
C0
C0
ENDCHAR
STARTCHAR uni02CA.Dep51
ENCODING -1
SWIDTH 196 0
DWIDTH 5 0
BBX 5 6 0 12
BITMAP
F8
C8
C8
98
B8
F8
ENDCHAR
STARTCHAR uni02CA.Dep50
ENCODING -1
SWIDTH 196 0
DWIDTH 5 0
BBX 5 6 0 12
BITMAP
F8
C8
C8
98
B8
F8
ENDCHAR
STARTCHAR uni02CB.Dep51
ENCODING -1
SWIDTH 199 0
DWIDTH 5 0
BBX 5 6 0 12
BITMAP
F8
98
98
C8
E8
F8
ENDCHAR
STARTCHAR uni02CB.Dep50
ENCODING -1
SWIDTH 199 0
DWIDTH 5 0
BBX 5 6 0 12
BITMAP
F8
98
98
C8
E8
F8
ENDCHAR
STARTCHAR uniA788.Dep51
ENCODING -1
SWIDTH 309 0
DWIDTH 7 0
BBX 8 5 0 -6
BITMAP
FF
C7
D3
B9
FF
ENDCHAR
STARTCHAR uni035C.Dep51
ENCODING -1
SWIDTH 0 0
DWIDTH 0 0
BBX 20 5 -10 -10
BITMAP
FFFFF0
9FFFD0
C7FE30
E00070
FFFFF0
ENDCHAR
STARTCHAR uni035C.Dep50
ENCODING -1
SWIDTH 0 0
DWIDTH 0 0
BBX 20 5 -10 -10
BITMAP
FFFFF0
9FFFD0
C7FE30
E00070
FFFFF0
ENDCHAR
STARTCHAR uni035C.Dep41
ENCODING -1
SWIDTH 0 0
DWIDTH 0 0
BBX 20 5 -10 -10
BITMAP
FFFFF0
9FFFD0
C7FE30
E00070
FFFFF0
ENDCHAR
STARTCHAR uni02EC.Dep51
ENCODING -1
SWIDTH 309 0
DWIDTH 7 0
BBX 8 5 0 -6
BITMAP
FF
BD
93
C7
FF
ENDCHAR
STARTCHAR uni02EC.Dep50
ENCODING -1
SWIDTH 309 0
DWIDTH 7 0
BBX 8 5 0 -6
BITMAP
FF
BD
93
C7
FF
ENDCHAR
STARTCHAR uni1DC7.Dep51
ENCODING -1
SWIDTH 0 0
DWIDTH 0 0
BBX 9 5 -10 12
BITMAP
FF80
C080
9F80
BF80
FF80
ENDCHAR
STARTCHAR uni1DC7.Dep50
ENCODING -1
SWIDTH 0 0
DWIDTH 0 0
BBX 9 5 -10 12
BITMAP
FF80
C080
9F80
BF80
FF80
ENDCHAR
STARTCHAR uni1DC4.Dep51
ENCODING -1
SWIDTH 0 0
DWIDTH 0 0
BBX 9 5 -10 13
BITMAP
FF80
FC80
F980
8180
FF80
ENDCHAR
STARTCHAR uni1DC4.Dep50
ENCODING -1
SWIDTH 0 0
DWIDTH 0 0
BBX 9 5 -10 13
BITMAP
FF80
FC80
F980
8180
FF80
ENDCHAR
STARTCHAR uni1DC5.Dep51
ENCODING -1
SWIDTH 0 0
DWIDTH 0 0
BBX 9 5 -11 13
BITMAP
FF80
BF80
DF80
C080
FF80
ENDCHAR
STARTCHAR uni1DC5.Dep50
ENCODING -1
SWIDTH 0 0
DWIDTH 0 0
BBX 9 5 -11 13
BITMAP
FF80
BF80
DF80
C080
FF80
ENDCHAR
STARTCHAR uni1DC6.Dep51
ENCODING -1
SWIDTH 0 0
DWIDTH 0 0
BBX 9 5 -10 12
BITMAP
FF80
8180
F980
FC80
FF80
ENDCHAR
STARTCHAR uni1DC6.Dep50
ENCODING -1
SWIDTH 0 0
DWIDTH 0 0
BBX 9 5 -10 12
BITMAP
FF80
8180
F980
FC80
FF80
ENDCHAR
STARTCHAR uni1DC9.Dep51
ENCODING -1
SWIDTH 0 0
DWIDTH 0 0
BBX 9 4 -10 12
BITMAP
FF80
E480
B180
FF80
ENDCHAR
STARTCHAR uni1DC9.Dep50
ENCODING -1
SWIDTH 0 0
DWIDTH 0 0
BBX 9 4 -10 12
BITMAP
FF80
E480
B180
FF80
ENDCHAR
STARTCHAR uni1DC8.Dep51
ENCODING -1
SWIDTH 0 0
DWIDTH 0 0
BBX 9 4 -11 12
BITMAP
FF80
D480
C680
FF80
ENDCHAR
STARTCHAR uni1DC8.Dep50
ENCODING -1
SWIDTH 0 0
DWIDTH 0 0
BBX 9 4 -11 12
BITMAP
FF80
D480
C680
FF80
ENDCHAR
STARTCHAR uniA78A.Dep51
ENCODING -1
SWIDTH 330 0
DWIDTH 8 0
BBX 8 5 0 3
BITMAP
FF
81
FF
81
FF
ENDCHAR
STARTCHAR uni02CB.ChinantecTn.Dep51
ENCODING -1
SWIDTH 285 0
DWIDTH 7 0
BBX 6 6 0 13
BITMAP
FC
9C
CC
E4
F4
FC
ENDCHAR
STARTCHAR uni02CB.ChinantecTn.Dep50
ENCODING -1
SWIDTH 285 0
DWIDTH 7 0
BBX 6 6 0 13
BITMAP
FC
9C
CC
E4
F4
FC
ENDCHAR
STARTCHAR uni02C8.ChinantecTn.Dep51
ENCODING -1
SWIDTH 144 0
DWIDTH 4 0
BBX 2 8 1 12
BITMAP
C0
C0
C0
C0
C0
C0
C0
C0
ENDCHAR
STARTCHAR uni02C8.ChinantecTn.Dep50
ENCODING -1
SWIDTH 144 0
DWIDTH 4 0
BBX 2 8 1 12
BITMAP
C0
C0
C0
C0
C0
C0
C0
C0
ENDCHAR
STARTCHAR uni02CA.ChinantecTn.Dep51
ENCODING -1
SWIDTH 283 0
DWIDTH 7 0
BBX 7 6 0 13
BITMAP
FE
F2
E6
CE
9E
FE
ENDCHAR
STARTCHAR uni02CA.ChinantecTn.Dep50
ENCODING -1
SWIDTH 283 0
DWIDTH 7 0
BBX 7 6 0 13
BITMAP
FE
F2
E6
CE
9E
FE
ENDCHAR
STARTCHAR uniA717.Dep51
ENCODING -1
SWIDTH 231 0
DWIDTH 6 0
BBX 5 8 0 12
BITMAP
F8
E8
E8
A8
A8
E8
E8
F8
ENDCHAR
STARTCHAR uniA717.Dep50
ENCODING -1
SWIDTH 231 0
DWIDTH 6 0
BBX 5 8 0 12
BITMAP
F8
E8
E8
A8
A8
E8
E8
F8
ENDCHAR
STARTCHAR uniA718.Dep51
ENCODING -1
SWIDTH 283 0
DWIDTH 7 0
BBX 6 7 0 13
BITMAP
FC
BC
B4
E4
CC
9C
FC
ENDCHAR
STARTCHAR uniA718.Dep50
ENCODING -1
SWIDTH 283 0
DWIDTH 7 0
BBX 6 7 0 13
BITMAP
FC
BC
B4
E4
CC
9C
FC
ENDCHAR
STARTCHAR uniA719.Dep51
ENCODING -1
SWIDTH 356 0
DWIDTH 9 0
BBX 8 5 0 14
BITMAP
10
EF
FF
FF
FF
ENDCHAR
STARTCHAR uniA719.Dep50
ENCODING -1
SWIDTH 356 0
DWIDTH 9 0
BBX 8 5 0 14
BITMAP
10
EF
FF
FF
FF
ENDCHAR
STARTCHAR uniA71A.Dep51
ENCODING -1
SWIDTH 380 0
DWIDTH 9 0
BBX 8 5 0 14
BITMAP
FF
FF
FF
81
FF
ENDCHAR
STARTCHAR uniA71A.Dep50
ENCODING -1
SWIDTH 380 0
DWIDTH 9 0
BBX 8 5 0 14
BITMAP
FF
FF
FF
81
FF
ENDCHAR
STARTCHAR uni1DC2.Dep51
ENCODING -1
SWIDTH 0 0
DWIDTH 0 0
BBX 5 6 -9 -8
BITMAP
F8
E8
D8
C8
D8
F8
ENDCHAR
STARTCHAR uni1DC2.Dep50
ENCODING -1
SWIDTH 0 0
DWIDTH 0 0
BBX 5 6 -9 -8
BITMAP
F8
E8
D8
C8
D8
F8
ENDCHAR
STARTCHAR uni1DC2.Dep41
ENCODING -1
SWIDTH 0 0
DWIDTH 0 0
BBX 5 6 -9 -8
BITMAP
F8
E8
D8
C8
D8
F8
ENDCHAR
STARTCHAR uniA716.lstaff.Dep51
ENCODING -1
SWIDTH 74 0
DWIDTH 2 0
BBX 2 20 1 -1
BITMAP
C0
C0
C0
C0
C0
C0
C0
C0
C0
C0
C0
C0
C0
C0
C0
C0
C0
C0
C0
C0
ENDCHAR
STARTCHAR uniA716.lstaff.Dep50
ENCODING -1
SWIDTH 74 0
DWIDTH 2 0
BBX 2 20 1 -1
BITMAP
C0
C0
C0
C0
C0
C0
C0
C0
C0
C0
C0
C0
C0
C0
C0
C0
C0
C0
C0
C0
ENDCHAR
STARTCHAR uniA716.lstaff.Dep41
ENCODING -1
SWIDTH 74 0
DWIDTH 2 0
BBX 2 20 1 -1
BITMAP
C0
C0
C0
C0
C0
C0
C0
C0
C0
C0
C0
C0
C0
C0
C0
C0
C0
C0
C0
C0
ENDCHAR
STARTCHAR uniA715.lstaff.Dep51
ENCODING -1
SWIDTH 74 0
DWIDTH 2 0
BBX 2 20 1 -1
BITMAP
C0
C0
C0
C0
C0
C0
C0
C0
C0
C0
C0
C0
C0
C0
C0
C0
C0
C0
C0
C0
ENDCHAR
STARTCHAR uniA715.lstaff.Dep50
ENCODING -1
SWIDTH 74 0
DWIDTH 2 0
BBX 2 20 1 -1
BITMAP
C0
C0
C0
C0
C0
C0
C0
C0
C0
C0
C0
C0
C0
C0
C0
C0
C0
C0
C0
C0
ENDCHAR
STARTCHAR uniA715.lstaff.Dep41
ENCODING -1
SWIDTH 74 0
DWIDTH 2 0
BBX 2 20 1 -1
BITMAP
C0
C0
C0
C0
C0
C0
C0
C0
C0
C0
C0
C0
C0
C0
C0
C0
C0
C0
C0
C0
ENDCHAR
STARTCHAR uniA714.lstaff.Dep51
ENCODING -1
SWIDTH 74 0
DWIDTH 2 0
BBX 2 20 1 -1
BITMAP
C0
C0
C0
C0
C0
C0
C0
C0
C0
C0
C0
C0
C0
C0
C0
C0
C0
C0
C0
C0
ENDCHAR
STARTCHAR uniA714.lstaff.Dep50
ENCODING -1
SWIDTH 74 0
DWIDTH 2 0
BBX 2 20 1 -1
BITMAP
C0
C0
C0
C0
C0
C0
C0
C0
C0
C0
C0
C0
C0
C0
C0
C0
C0
C0
C0
C0
ENDCHAR
STARTCHAR uniA714.lstaff.Dep41
ENCODING -1
SWIDTH 74 0
DWIDTH 2 0
BBX 2 20 1 -1
BITMAP
C0
C0
C0
C0
C0
C0
C0
C0
C0
C0
C0
C0
C0
C0
C0
C0
C0
C0
C0
C0
ENDCHAR
STARTCHAR uniA713.lstaff.Dep51
ENCODING -1
SWIDTH 74 0
DWIDTH 2 0
BBX 2 20 1 -1
BITMAP
C0
C0
C0
C0
C0
C0
C0
C0
C0
C0
C0
C0
C0
C0
C0
C0
C0
C0
C0
C0
ENDCHAR
STARTCHAR uniA713.lstaff.Dep50
ENCODING -1
SWIDTH 74 0
DWIDTH 2 0
BBX 2 20 1 -1
BITMAP
C0
C0
C0
C0
C0
C0
C0
C0
C0
C0
C0
C0
C0
C0
C0
C0
C0
C0
C0
C0
ENDCHAR
STARTCHAR uniA713.lstaff.Dep41
ENCODING -1
SWIDTH 74 0
DWIDTH 2 0
BBX 2 20 1 -1
BITMAP
C0
C0
C0
C0
C0
C0
C0
C0
C0
C0
C0
C0
C0
C0
C0
C0
C0
C0
C0
C0
ENDCHAR
STARTCHAR uniA712.lstaff.Dep51
ENCODING -1
SWIDTH 74 0
DWIDTH 2 0
BBX 2 20 1 -1
BITMAP
C0
C0
C0
C0
C0
C0
C0
C0
C0
C0
C0
C0
C0
C0
C0
C0
C0
C0
C0
C0
ENDCHAR
STARTCHAR uniA712.lstaff.Dep50
ENCODING -1
SWIDTH 74 0
DWIDTH 2 0
BBX 2 20 1 -1
BITMAP
C0
C0
C0
C0
C0
C0
C0
C0
C0
C0
C0
C0
C0
C0
C0
C0
C0
C0
C0
C0
ENDCHAR
STARTCHAR uniA712.lstaff.Dep41
ENCODING -1
SWIDTH 74 0
DWIDTH 2 0
BBX 2 20 1 -1
BITMAP
C0
C0
C0
C0
C0
C0
C0
C0
C0
C0
C0
C0
C0
C0
C0
C0
C0
C0
C0
C0
ENDCHAR
STARTCHAR uniA716.1.Dep51
ENCODING -1
SWIDTH 288 0
DWIDTH 7 0
BBX 7 2 -1 -1
BITMAP
FE
FE
ENDCHAR
STARTCHAR uniA716.1.Dep50
ENCODING -1
SWIDTH 288 0
DWIDTH 7 0
BBX 7 2 -1 -1
BITMAP
FE
FE
ENDCHAR
STARTCHAR uniA716.1.Dep41
ENCODING -1
SWIDTH 288 0
DWIDTH 7 0
BBX 7 2 -1 -1
BITMAP
FE
FE
ENDCHAR
STARTCHAR uniA715.1.Dep51
ENCODING -1
SWIDTH 288 0
DWIDTH 7 0
BBX 7 7 -1 -1
BITMAP
FE
FA
F2
EE
9E
BE
FE
ENDCHAR
STARTCHAR uniA715.1.Dep50
ENCODING -1
SWIDTH 288 0
DWIDTH 7 0
BBX 7 7 -1 -1
BITMAP
FE
FA
F2
EE
9E
BE
FE
ENDCHAR
STARTCHAR uniA715.1.Dep41
ENCODING -1
SWIDTH 288 0
DWIDTH 7 0
BBX 7 7 -1 -1
BITMAP
FE
FA
F2
EE
9E
BE
FE
ENDCHAR
STARTCHAR uniA714.1.Dep51
ENCODING -1
SWIDTH 288 0
DWIDTH 7 0
BBX 7 11 -1 -1
BITMAP
FE
FA
F2
F6
E6
EE
CE
DE
BE
BE
FE
ENDCHAR
STARTCHAR uniA714.1.Dep50
ENCODING -1
SWIDTH 288 0
DWIDTH 7 0
BBX 7 11 -1 -1
BITMAP
FE
FA
F2
F6
E6
EE
CE
DE
BE
BE
FE
ENDCHAR
STARTCHAR uniA714.1.Dep41
ENCODING -1
SWIDTH 288 0
DWIDTH 7 0
BBX 7 11 -1 -1
BITMAP
FE
FA
F2
F6
E6
EE
CE
DE
BE
BE
FE
ENDCHAR
STARTCHAR uniA713.1.Dep51
ENCODING -1
SWIDTH 288 0
DWIDTH 7 0
BBX 7 15 -1 -1
BITMAP
FE
FA
FA
F2
F6
E6
EE
EE
CE
DE
DE
BE
BE
BE
FE
ENDCHAR
STARTCHAR uniA713.1.Dep50
ENCODING -1
SWIDTH 288 0
DWIDTH 7 0
BBX 7 15 -1 -1
BITMAP
FE
FA
FA
F2
F6
E6
EE
EE
CE
DE
DE
BE
BE
BE
FE
ENDCHAR
STARTCHAR uniA713.1.Dep41
ENCODING -1
SWIDTH 288 0
DWIDTH 7 0
BBX 7 15 -1 -1
BITMAP
FE
FA
FA
F2
F6
E6
EE
EE
CE
DE
DE
BE
BE
BE
FE
ENDCHAR
STARTCHAR uniA712.1.Dep51
ENCODING -1
SWIDTH 288 0
DWIDTH 7 0
BBX 7 20 -1 -1
BITMAP
FE
FA
FA
FA
F2
F6
F6
F6
E6
EE
EE
CE
DE
DE
DE
9E
BE
BE
BE
FE
ENDCHAR
STARTCHAR uniA712.1.Dep50
ENCODING -1
SWIDTH 288 0
DWIDTH 7 0
BBX 7 20 -1 -1
BITMAP
FE
FA
FA
FA
F2
F6
F6
F6
E6
EE
EE
CE
DE
DE
DE
9E
BE
BE
BE
FE
ENDCHAR
STARTCHAR uniA712.1.Dep41
ENCODING -1
SWIDTH 288 0
DWIDTH 7 0
BBX 7 20 -1 -1
BITMAP
FE
FA
FA
FA
F2
F6
F6
F6
E6
EE
EE
CE
DE
DE
DE
9E
BE
BE
BE
FE
ENDCHAR
STARTCHAR uniA716.2.Dep51
ENCODING -1
SWIDTH 288 0
DWIDTH 7 0
BBX 7 7 -1 -1
BITMAP
FE
BE
9E
EE
F2
FA
FE
ENDCHAR
STARTCHAR uniA716.2.Dep50
ENCODING -1
SWIDTH 288 0
DWIDTH 7 0
BBX 7 7 -1 -1
BITMAP
FE
BE
9E
EE
F2
FA
FE
ENDCHAR
STARTCHAR uniA716.2.Dep41
ENCODING -1
SWIDTH 288 0
DWIDTH 7 0
BBX 7 7 -1 -1
BITMAP
FE
BE
9E
EE
F2
FA
FE
ENDCHAR
STARTCHAR uniA715.2.Dep51
ENCODING -1
SWIDTH 288 0
DWIDTH 7 0
BBX 7 2 -1 4
BITMAP
FE
FE
ENDCHAR
STARTCHAR uniA715.2.Dep50
ENCODING -1
SWIDTH 288 0
DWIDTH 7 0
BBX 7 2 -1 4
BITMAP
FE
FE
ENDCHAR
STARTCHAR uniA715.2.Dep41
ENCODING -1
SWIDTH 288 0
DWIDTH 7 0
BBX 7 2 -1 4
BITMAP
FE
FE
ENDCHAR
STARTCHAR uniA714.2.Dep51
ENCODING -1
SWIDTH 288 0
DWIDTH 7 0
BBX 7 6 -1 4
BITMAP
FE
FA
E6
CE
9E
FE
ENDCHAR
STARTCHAR uniA714.2.Dep50
ENCODING -1
SWIDTH 288 0
DWIDTH 7 0
BBX 7 6 -1 4
BITMAP
FE
FA
E6
CE
9E
FE
ENDCHAR
STARTCHAR uniA714.2.Dep41
ENCODING -1
SWIDTH 288 0
DWIDTH 7 0
BBX 7 6 -1 4
BITMAP
FE
FA
E6
CE
9E
FE
ENDCHAR
STARTCHAR uniA713.2.Dep51
ENCODING -1
SWIDTH 288 0
DWIDTH 7 0
BBX 7 10 -1 4
BITMAP
FE
FA
F2
F6
EE
EE
DE
9E
BE
FE
ENDCHAR
STARTCHAR uniA713.2.Dep50
ENCODING -1
SWIDTH 288 0
DWIDTH 7 0
BBX 7 10 -1 4
BITMAP
FE
FA
F2
F6
EE
EE
DE
9E
BE
FE
ENDCHAR
STARTCHAR uniA713.2.Dep41
ENCODING -1
SWIDTH 288 0
DWIDTH 7 0
BBX 7 10 -1 4
BITMAP
FE
FA
F2
F6
EE
EE
DE
9E
BE
FE
ENDCHAR
STARTCHAR uniA712.2.Dep51
ENCODING -1
SWIDTH 288 0
DWIDTH 7 0
BBX 7 15 -1 4
BITMAP
FE
FA
FA
FA
F6
F6
E6
EE
EE
CE
DE
9E
BE
BE
FE
ENDCHAR
STARTCHAR uniA712.2.Dep50
ENCODING -1
SWIDTH 288 0
DWIDTH 7 0
BBX 7 15 -1 4
BITMAP
FE
FA
FA
FA
F6
F6
E6
EE
EE
CE
DE
9E
BE
BE
FE
ENDCHAR
STARTCHAR uniA712.2.Dep41
ENCODING -1
SWIDTH 288 0
DWIDTH 7 0
BBX 7 15 -1 4
BITMAP
FE
FA
FA
FA
F6
F6
E6
EE
EE
CE
DE
9E
BE
BE
FE
ENDCHAR
STARTCHAR uniA716.3.Dep51
ENCODING -1
SWIDTH 288 0
DWIDTH 7 0
BBX 7 11 -1 -1
BITMAP
FE
BE
9E
DE
CE
EE
E6
F6
FA
FA
FE
ENDCHAR
STARTCHAR uniA716.3.Dep50
ENCODING -1
SWIDTH 288 0
DWIDTH 7 0
BBX 7 11 -1 -1
BITMAP
FE
BE
9E
DE
CE
EE
E6
F6
FA
FA
FE
ENDCHAR
STARTCHAR uniA716.3.Dep41
ENCODING -1
SWIDTH 288 0
DWIDTH 7 0
BBX 7 11 -1 -1
BITMAP
FE
BE
9E
DE
CE
EE
E6
F6
FA
FA
FE
ENDCHAR
STARTCHAR uniA715.3.Dep51
ENCODING -1
SWIDTH 288 0
DWIDTH 7 0
BBX 7 6 -1 4
BITMAP
FE
BE
CE
E6
F2
FE
ENDCHAR
STARTCHAR uniA715.3.Dep50
ENCODING -1
SWIDTH 288 0
DWIDTH 7 0
BBX 7 6 -1 4
BITMAP
FE
BE
CE
E6
F2
FE
ENDCHAR
STARTCHAR uniA715.3.Dep41
ENCODING -1
SWIDTH 288 0
DWIDTH 7 0
BBX 7 6 -1 4
BITMAP
FE
BE
CE
E6
F2
FE
ENDCHAR
STARTCHAR uniA714.3.Dep51
ENCODING -1
SWIDTH 288 0
DWIDTH 7 0
BBX 7 2 -1 8
BITMAP
FE
FE
ENDCHAR
STARTCHAR uniA714.3.Dep50
ENCODING -1
SWIDTH 288 0
DWIDTH 7 0
BBX 7 2 -1 8
BITMAP
FE
FE
ENDCHAR
STARTCHAR uniA714.3.Dep41
ENCODING -1
SWIDTH 288 0
DWIDTH 7 0
BBX 7 2 -1 8
BITMAP
FE
FE
ENDCHAR
STARTCHAR uniA713.3.Dep51
ENCODING -1
SWIDTH 288 0
DWIDTH 7 0
BBX 7 6 -1 8
BITMAP
FE
F2
E6
CE
9E
FE
ENDCHAR
STARTCHAR uniA713.3.Dep50
ENCODING -1
SWIDTH 288 0
DWIDTH 7 0
BBX 7 6 -1 8
BITMAP
FE
F2
E6
CE
9E
FE
ENDCHAR
STARTCHAR uniA713.3.Dep41
ENCODING -1
SWIDTH 288 0
DWIDTH 7 0
BBX 7 6 -1 8
BITMAP
FE
F2
E6
CE
9E
FE
ENDCHAR
STARTCHAR uniA712.3.Dep51
ENCODING -1
SWIDTH 288 0
DWIDTH 7 0
BBX 7 11 -1 8
BITMAP
FE
FA
FA
F6
F6
EE
CE
DE
9E
BE
FE
ENDCHAR
STARTCHAR uniA712.3.Dep50
ENCODING -1
SWIDTH 288 0
DWIDTH 7 0
BBX 7 11 -1 8
BITMAP
FE
FA
FA
F6
F6
EE
CE
DE
9E
BE
FE
ENDCHAR
STARTCHAR uniA712.3.Dep41
ENCODING -1
SWIDTH 288 0
DWIDTH 7 0
BBX 7 11 -1 8
BITMAP
FE
FA
FA
F6
F6
EE
CE
DE
9E
BE
FE
ENDCHAR
STARTCHAR uniA716.4.Dep51
ENCODING -1
SWIDTH 288 0
DWIDTH 7 0
BBX 7 15 -1 -1
BITMAP
FE
BE
BE
9E
DE
CE
EE
EE
E6
F6
F6
F2
FA
FA
FE
ENDCHAR
STARTCHAR uniA716.4.Dep50
ENCODING -1
SWIDTH 288 0
DWIDTH 7 0
BBX 7 15 -1 -1
BITMAP
FE
BE
BE
9E
DE
CE
EE
EE
E6
F6
F6
F2
FA
FA
FE
ENDCHAR
STARTCHAR uniA716.4.Dep41
ENCODING -1
SWIDTH 288 0
DWIDTH 7 0
BBX 7 15 -1 -1
BITMAP
FE
BE
BE
9E
DE
CE
EE
EE
E6
F6
F6
F2
FA
FA
FE
ENDCHAR
STARTCHAR uniA715.4.Dep51
ENCODING -1
SWIDTH 288 0
DWIDTH 7 0
BBX 7 10 -1 4
BITMAP
FE
BE
9E
DE
CE
EE
F6
F2
FA
FE
ENDCHAR
STARTCHAR uniA715.4.Dep50
ENCODING -1
SWIDTH 288 0
DWIDTH 7 0
BBX 7 10 -1 4
BITMAP
FE
BE
9E
DE
CE
EE
F6
F2
FA
FE
ENDCHAR
STARTCHAR uniA715.4.Dep41
ENCODING -1
SWIDTH 288 0
DWIDTH 7 0
BBX 7 10 -1 4
BITMAP
FE
BE
9E
DE
CE
EE
F6
F2
FA
FE
ENDCHAR
STARTCHAR uniA714.4.Dep51
ENCODING -1
SWIDTH 288 0
DWIDTH 7 0
BBX 7 6 -1 8
BITMAP
FE
9E
CE
E6
F2
FE
ENDCHAR
STARTCHAR uniA714.4.Dep50
ENCODING -1
SWIDTH 288 0
DWIDTH 7 0
BBX 7 6 -1 8
BITMAP
FE
9E
CE
E6
F2
FE
ENDCHAR
STARTCHAR uniA714.4.Dep41
ENCODING -1
SWIDTH 288 0
DWIDTH 7 0
BBX 7 6 -1 8
BITMAP
FE
9E
CE
E6
F2
FE
ENDCHAR
STARTCHAR uniA713.4.Dep51
ENCODING -1
SWIDTH 288 0
DWIDTH 7 0
BBX 7 2 -1 12
BITMAP
FE
FE
ENDCHAR
STARTCHAR uniA713.4.Dep50
ENCODING -1
SWIDTH 288 0
DWIDTH 7 0
BBX 7 2 -1 12
BITMAP
FE
FE
ENDCHAR
STARTCHAR uniA713.4.Dep41
ENCODING -1
SWIDTH 288 0
DWIDTH 7 0
BBX 7 2 -1 12
BITMAP
FE
FE
ENDCHAR
STARTCHAR uniA712.4.Dep51
ENCODING -1
SWIDTH 288 0
DWIDTH 7 0
BBX 7 7 -1 12
BITMAP
FE
FA
F2
E6
DE
BE
FE
ENDCHAR
STARTCHAR uniA712.4.Dep50
ENCODING -1
SWIDTH 288 0
DWIDTH 7 0
BBX 7 7 -1 12
BITMAP
FE
FA
F2
E6
DE
BE
FE
ENDCHAR
STARTCHAR uniA712.4.Dep41
ENCODING -1
SWIDTH 288 0
DWIDTH 7 0
BBX 7 7 -1 12
BITMAP
FE
FA
F2
E6
DE
BE
FE
ENDCHAR
STARTCHAR uniA716.5.Dep51
ENCODING -1
SWIDTH 288 0
DWIDTH 7 0
BBX 7 20 -1 -1
BITMAP
FE
BE
BE
BE
9E
DE
DE
DE
CE
EE
EE
E6
F6
F6
F6
F2
FA
FA
FA
FE
ENDCHAR
STARTCHAR uniA716.5.Dep50
ENCODING -1
SWIDTH 288 0
DWIDTH 7 0
BBX 7 20 -1 -1
BITMAP
FE
BE
BE
BE
9E
DE
DE
DE
CE
EE
EE
E6
F6
F6
F6
F2
FA
FA
FA
FE
ENDCHAR
STARTCHAR uniA716.5.Dep41
ENCODING -1
SWIDTH 288 0
DWIDTH 7 0
BBX 7 20 -1 -1
BITMAP
FE
BE
BE
BE
9E
DE
DE
DE
CE
EE
EE
E6
F6
F6
F6
F2
FA
FA
FA
FE
ENDCHAR
STARTCHAR uniA715.5.Dep51
ENCODING -1
SWIDTH 288 0
DWIDTH 7 0
BBX 7 15 -1 4
BITMAP
FE
BE
BE
BE
DE
DE
CE
EE
EE
E6
F6
F2
FA
FA
FE
ENDCHAR
STARTCHAR uniA715.5.Dep50
ENCODING -1
SWIDTH 288 0
DWIDTH 7 0
BBX 7 15 -1 4
BITMAP
FE
BE
BE
BE
DE
DE
CE
EE
EE
E6
F6
F2
FA
FA
FE
ENDCHAR
STARTCHAR uniA715.5.Dep41
ENCODING -1
SWIDTH 288 0
DWIDTH 7 0
BBX 7 15 -1 4
BITMAP
FE
BE
BE
BE
DE
DE
CE
EE
EE
E6
F6
F2
FA
FA
FE
ENDCHAR
STARTCHAR uniA714.5.Dep51
ENCODING -1
SWIDTH 288 0
DWIDTH 7 0
BBX 7 11 -1 8
BITMAP
FE
BE
BE
DE
DE
EE
E6
F6
F2
FA
FE
ENDCHAR
STARTCHAR uniA714.5.Dep50
ENCODING -1
SWIDTH 288 0
DWIDTH 7 0
BBX 7 11 -1 8
BITMAP
FE
BE
BE
DE
DE
EE
E6
F6
F2
FA
FE
ENDCHAR
STARTCHAR uniA714.5.Dep41
ENCODING -1
SWIDTH 288 0
DWIDTH 7 0
BBX 7 11 -1 8
BITMAP
FE
BE
BE
DE
DE
EE
E6
F6
F2
FA
FE
ENDCHAR
STARTCHAR uniA713.5.Dep51
ENCODING -1
SWIDTH 288 0
DWIDTH 7 0
BBX 7 7 -1 12
BITMAP
FE
BE
9E
CE
F6
FA
FE
ENDCHAR
STARTCHAR uniA713.5.Dep50
ENCODING -1
SWIDTH 288 0
DWIDTH 7 0
BBX 7 7 -1 12
BITMAP
FE
BE
9E
CE
F6
FA
FE
ENDCHAR
STARTCHAR uniA713.5.Dep41
ENCODING -1
SWIDTH 288 0
DWIDTH 7 0
BBX 7 7 -1 12
BITMAP
FE
BE
9E
CE
F6
FA
FE
ENDCHAR
STARTCHAR uniA712.5.Dep51
ENCODING -1
SWIDTH 288 0
DWIDTH 7 0
BBX 7 2 -1 17
BITMAP
FE
FE
ENDCHAR
STARTCHAR uniA712.5.Dep50
ENCODING -1
SWIDTH 288 0
DWIDTH 7 0
BBX 7 2 -1 17
BITMAP
FE
FE
ENDCHAR
STARTCHAR uniA712.5.Dep41
ENCODING -1
SWIDTH 288 0
DWIDTH 7 0
BBX 7 2 -1 17
BITMAP
FE
FE
ENDCHAR
STARTCHAR uniA716.lstaffno.Dep51
ENCODING -1
SWIDTH 74 0
DWIDTH 1 0
BBX 3 27 -1 0
BITMAP
E0
E0
E0
E0
E0
E0
E0
E0
E0
E0
E0
E0
E0
E0
E0
E0
E0
E0
E0
E0
E0
E0
E0
E0
E0
E0
E0
ENDCHAR
STARTCHAR uniA716.lstaffno.Dep50
ENCODING -1
SWIDTH 74 0
DWIDTH 1 0
BBX 3 27 -1 0
BITMAP
E0
E0
E0
E0
E0
E0
E0
E0
E0
E0
E0
E0
E0
E0
E0
E0
E0
E0
E0
E0
E0
E0
E0
E0
E0
E0
E0
ENDCHAR
STARTCHAR uniA716.lstaffno.Dep41
ENCODING -1
SWIDTH 74 0
DWIDTH 1 0
BBX 3 27 -1 0
BITMAP
E0
E0
E0
E0
E0
E0
E0
E0
E0
E0
E0
E0
E0
E0
E0
E0
E0
E0
E0
E0
E0
E0
E0
E0
E0
E0
E0
ENDCHAR
STARTCHAR uniA715.lstaffno.Dep51
ENCODING -1
SWIDTH 74 0
DWIDTH 1 0
BBX 3 27 -1 0
BITMAP
E0
E0
E0
E0
E0
E0
E0
E0
E0
E0
E0
E0
E0
E0
E0
E0
E0
E0
E0
E0
E0
E0
E0
E0
E0
E0
E0
ENDCHAR
STARTCHAR uniA715.lstaffno.Dep50
ENCODING -1
SWIDTH 74 0
DWIDTH 1 0
BBX 3 27 -1 0
BITMAP
E0
E0
E0
E0
E0
E0
E0
E0
E0
E0
E0
E0
E0
E0
E0
E0
E0
E0
E0
E0
E0
E0
E0
E0
E0
E0
E0
ENDCHAR
STARTCHAR uniA715.lstaffno.Dep41
ENCODING -1
SWIDTH 74 0
DWIDTH 1 0
BBX 3 27 -1 0
BITMAP
E0
E0
E0
E0
E0
E0
E0
E0
E0
E0
E0
E0
E0
E0
E0
E0
E0
E0
E0
E0
E0
E0
E0
E0
E0
E0
E0
ENDCHAR
STARTCHAR uniA714.lstaffno.Dep51
ENCODING -1
SWIDTH 74 0
DWIDTH 1 0
BBX 3 27 -1 0
BITMAP
E0
E0
E0
E0
E0
E0
E0
E0
E0
E0
E0
E0
E0
E0
E0
E0
E0
E0
E0
E0
E0
E0
E0
E0
E0
E0
E0
ENDCHAR
STARTCHAR uniA714.lstaffno.Dep50
ENCODING -1
SWIDTH 74 0
DWIDTH 1 0
BBX 3 27 -1 0
BITMAP
E0
E0
E0
E0
E0
E0
E0
E0
E0
E0
E0
E0
E0
E0
E0
E0
E0
E0
E0
E0
E0
E0
E0
E0
E0
E0
E0
ENDCHAR
STARTCHAR uniA714.lstaffno.Dep41
ENCODING -1
SWIDTH 74 0
DWIDTH 1 0
BBX 3 27 -1 0
BITMAP
E0
E0
E0
E0
E0
E0
E0
E0
E0
E0
E0
E0
E0
E0
E0
E0
E0
E0
E0
E0
E0
E0
E0
E0
E0
E0
E0
ENDCHAR
STARTCHAR uniA713.lstaffno.Dep51
ENCODING -1
SWIDTH 74 0
DWIDTH 1 0
BBX 3 27 -1 0
BITMAP
E0
E0
E0
E0
E0
E0
E0
E0
E0
E0
E0
E0
E0
E0
E0
E0
E0
E0
E0
E0
E0
E0
E0
E0
E0
E0
E0
ENDCHAR
STARTCHAR uniA713.lstaffno.Dep50
ENCODING -1
SWIDTH 74 0
DWIDTH 1 0
BBX 3 27 -1 0
BITMAP
E0
E0
E0
E0
E0
E0
E0
E0
E0
E0
E0
E0
E0
E0
E0
E0
E0
E0
E0
E0
E0
E0
E0
E0
E0
E0
E0
ENDCHAR
STARTCHAR uniA713.lstaffno.Dep41
ENCODING -1
SWIDTH 74 0
DWIDTH 1 0
BBX 3 27 -1 0
BITMAP
E0
E0
E0
E0
E0
E0
E0
E0
E0
E0
E0
E0
E0
E0
E0
E0
E0
E0
E0
E0
E0
E0
E0
E0
E0
E0
E0
ENDCHAR
STARTCHAR uniA712.lstaffno.Dep51
ENCODING -1
SWIDTH 74 0
DWIDTH 1 0
BBX 3 27 -1 0
BITMAP
E0
E0
E0
E0
E0
E0
E0
E0
E0
E0
E0
E0
E0
E0
E0
E0
E0
E0
E0
E0
E0
E0
E0
E0
E0
E0
E0
ENDCHAR
STARTCHAR uniA712.lstaffno.Dep50
ENCODING -1
SWIDTH 74 0
DWIDTH 1 0
BBX 3 27 -1 0
BITMAP
E0
E0
E0
E0
E0
E0
E0
E0
E0
E0
E0
E0
E0
E0
E0
E0
E0
E0
E0
E0
E0
E0
E0
E0
E0
E0
E0
ENDCHAR
STARTCHAR uniA712.lstaffno.Dep41
ENCODING -1
SWIDTH 74 0
DWIDTH 1 0
BBX 3 27 -1 0
BITMAP
E0
E0
E0
E0
E0
E0
E0
E0
E0
E0
E0
E0
E0
E0
E0
E0
E0
E0
E0
E0
E0
E0
E0
E0
E0
E0
E0
ENDCHAR
STARTCHAR uniA716.no.Dep51
ENCODING -1
SWIDTH 362 0
DWIDTH 9 0
BBX 7 2 1 -1
BITMAP
FE
FE
ENDCHAR
STARTCHAR uniA716.no.Dep50
ENCODING -1
SWIDTH 362 0
DWIDTH 9 0
BBX 7 2 1 -1
BITMAP
FE
FE
ENDCHAR
STARTCHAR uniA716.no.Dep41
ENCODING -1
SWIDTH 362 0
DWIDTH 9 0
BBX 7 2 1 -1
BITMAP
FE
FE
ENDCHAR
STARTCHAR uniA715.no.Dep51
ENCODING -1
SWIDTH 362 0
DWIDTH 9 0
BBX 7 2 1 4
BITMAP
FE
FE
ENDCHAR
STARTCHAR uniA715.no.Dep50
ENCODING -1
SWIDTH 362 0
DWIDTH 9 0
BBX 7 2 1 4
BITMAP
FE
FE
ENDCHAR
STARTCHAR uniA715.no.Dep41
ENCODING -1
SWIDTH 362 0
DWIDTH 9 0
BBX 7 2 1 4
BITMAP
FE
FE
ENDCHAR
STARTCHAR uniA714.no.Dep51
ENCODING -1
SWIDTH 362 0
DWIDTH 9 0
BBX 7 2 1 8
BITMAP
FE
FE
ENDCHAR
STARTCHAR uniA714.no.Dep50
ENCODING -1
SWIDTH 362 0
DWIDTH 9 0
BBX 7 2 1 8
BITMAP
FE
FE
ENDCHAR
STARTCHAR uniA714.no.Dep41
ENCODING -1
SWIDTH 362 0
DWIDTH 9 0
BBX 7 2 1 8
BITMAP
FE
FE
ENDCHAR
STARTCHAR uniA713.no.Dep51
ENCODING -1
SWIDTH 362 0
DWIDTH 9 0
BBX 7 2 1 12
BITMAP
FE
FE
ENDCHAR
STARTCHAR uniA713.no.Dep50
ENCODING -1
SWIDTH 362 0
DWIDTH 9 0
BBX 7 2 1 12
BITMAP
FE
FE
ENDCHAR
STARTCHAR uniA713.no.Dep41
ENCODING -1
SWIDTH 362 0
DWIDTH 9 0
BBX 7 2 1 12
BITMAP
FE
FE
ENDCHAR
STARTCHAR uniA712.no.Dep51
ENCODING -1
SWIDTH 362 0
DWIDTH 9 0
BBX 7 2 1 17
BITMAP
FE
FE
ENDCHAR
STARTCHAR uniA712.no.Dep50
ENCODING -1
SWIDTH 362 0
DWIDTH 9 0
BBX 7 2 1 17
BITMAP
FE
FE
ENDCHAR
STARTCHAR uniA712.no.Dep41
ENCODING -1
SWIDTH 362 0
DWIDTH 9 0
BBX 7 2 1 17
BITMAP
FE
FE
ENDCHAR
STARTCHAR uniA708.Dep51
ENCODING -1
SWIDTH 317 0
DWIDTH 8 0
BBX 5 20 0 -1
BITMAP
78
B8
78
78
78
78
78
78
78
78
78
78
78
78
78
78
78
78
78
78
ENDCHAR
STARTCHAR uniA708.Dep50
ENCODING -1
SWIDTH 317 0
DWIDTH 8 0
BBX 5 20 0 -1
BITMAP
78
B8
78
78
78
78
78
78
78
78
78
78
78
78
78
78
78
78
78
78
ENDCHAR
STARTCHAR uniA708.Dep41
ENCODING -1
SWIDTH 317 0
DWIDTH 8 0
BBX 5 20 0 -1
BITMAP
78
B8
78
78
78
78
78
78
78
78
78
78
78
78
78
78
78
78
78
78
ENDCHAR
STARTCHAR uniA709.Dep51
ENCODING -1
SWIDTH 317 0
DWIDTH 8 0
BBX 5 19 0 -1
BITMAP
78
78
78
78
B8
B8
78
78
78
78
78
78
78
78
78
78
78
78
78
ENDCHAR
STARTCHAR uniA709.Dep50
ENCODING -1
SWIDTH 317 0
DWIDTH 8 0
BBX 5 19 0 -1
BITMAP
78
78
78
78
B8
B8
78
78
78
78
78
78
78
78
78
78
78
78
78
ENDCHAR
STARTCHAR uniA709.Dep41
ENCODING -1
SWIDTH 317 0
DWIDTH 8 0
BBX 5 19 0 -1
BITMAP
78
78
78
78
B8
B8
78
78
78
78
78
78
78
78
78
78
78
78
78
ENDCHAR
STARTCHAR uniA70A.Dep51
ENCODING -1
SWIDTH 317 0
DWIDTH 8 0
BBX 5 20 0 -1
BITMAP
78
78
78
78
78
78
78
78
78
B8
B8
78
78
78
78
78
78
78
78
78
ENDCHAR
STARTCHAR uniA70A.Dep50
ENCODING -1
SWIDTH 317 0
DWIDTH 8 0
BBX 5 20 0 -1
BITMAP
78
78
78
78
78
78
78
78
78
B8
B8
78
78
78
78
78
78
78
78
78
ENDCHAR
STARTCHAR uniA70A.Dep41
ENCODING -1
SWIDTH 317 0
DWIDTH 8 0
BBX 5 20 0 -1
BITMAP
78
78
78
78
78
78
78
78
78
B8
B8
78
78
78
78
78
78
78
78
78
ENDCHAR
STARTCHAR uniA70B.Dep51
ENCODING -1
SWIDTH 317 0
DWIDTH 8 0
BBX 5 20 0 -1
BITMAP
78
78
78
78
78
78
78
78
78
78
78
78
78
B8
B8
78
78
78
78
78
ENDCHAR
STARTCHAR uniA70B.Dep50
ENCODING -1
SWIDTH 317 0
DWIDTH 8 0
BBX 5 20 0 -1
BITMAP
78
78
78
78
78
78
78
78
78
78
78
78
78
B8
B8
78
78
78
78
78
ENDCHAR
STARTCHAR uniA70B.Dep41
ENCODING -1
SWIDTH 317 0
DWIDTH 8 0
BBX 5 20 0 -1
BITMAP
78
78
78
78
78
78
78
78
78
78
78
78
78
B8
B8
78
78
78
78
78
ENDCHAR
STARTCHAR uniA70C.Dep51
ENCODING -1
SWIDTH 317 0
DWIDTH 8 0
BBX 5 20 0 -1
BITMAP
78
78
78
78
78
78
78
78
78
78
78
78
78
78
78
78
78
B8
B8
78
ENDCHAR
STARTCHAR uniA70C.Dep50
ENCODING -1
SWIDTH 317 0
DWIDTH 8 0
BBX 5 20 0 -1
BITMAP
78
78
78
78
78
78
78
78
78
78
78
78
78
78
78
78
78
B8
B8
78
ENDCHAR
STARTCHAR uniA70C.Dep41
ENCODING -1
SWIDTH 317 0
DWIDTH 8 0
BBX 5 20 0 -1
BITMAP
78
78
78
78
78
78
78
78
78
78
78
78
78
78
78
78
78
B8
B8
78
ENDCHAR
STARTCHAR uniA70D.Dep51
ENCODING -1
SWIDTH 317 0
DWIDTH 8 0
BBX 5 20 1 -1
BITMAP
F0
E8
F0
F0
F0
F0
F0
F0
F0
F0
F0
F0
F0
F0
F0
F0
F0
F0
F0
F0
ENDCHAR
STARTCHAR uniA70D.Dep50
ENCODING -1
SWIDTH 317 0
DWIDTH 8 0
BBX 5 20 1 -1
BITMAP
F0
E8
F0
F0
F0
F0
F0
F0
F0
F0
F0
F0
F0
F0
F0
F0
F0
F0
F0
F0
ENDCHAR
STARTCHAR uniA70D.Dep41
ENCODING -1
SWIDTH 317 0
DWIDTH 8 0
BBX 5 20 1 -1
BITMAP
F0
E8
F0
F0
F0
F0
F0
F0
F0
F0
F0
F0
F0
F0
F0
F0
F0
F0
F0
F0
ENDCHAR
STARTCHAR uniA70E.Dep51
ENCODING -1
SWIDTH 317 0
DWIDTH 8 0
BBX 5 19 1 -1
BITMAP
F0
F0
F0
F0
E8
E8
F0
F0
F0
F0
F0
F0
F0
F0
F0
F0
F0
F0
F0
ENDCHAR
STARTCHAR uniA70E.Dep50
ENCODING -1
SWIDTH 317 0
DWIDTH 8 0
BBX 5 19 1 -1
BITMAP
F0
F0
F0
F0
E8
E8
F0
F0
F0
F0
F0
F0
F0
F0
F0
F0
F0
F0
F0
ENDCHAR
STARTCHAR uniA70E.Dep41
ENCODING -1
SWIDTH 317 0
DWIDTH 8 0
BBX 5 19 1 -1
BITMAP
F0
F0
F0
F0
E8
E8
F0
F0
F0
F0
F0
F0
F0
F0
F0
F0
F0
F0
F0
ENDCHAR
STARTCHAR uniA70F.Dep51
ENCODING -1
SWIDTH 317 0
DWIDTH 8 0
BBX 5 20 1 -1
BITMAP
F0
F0
F0
F0
F0
F0
F0
F0
F0
E8
E8
F0
F0
F0
F0
F0
F0
F0
F0
F0
ENDCHAR
STARTCHAR uniA70F.Dep50
ENCODING -1
SWIDTH 317 0
DWIDTH 8 0
BBX 5 20 1 -1
BITMAP
F0
F0
F0
F0
F0
F0
F0
F0
F0
E8
E8
F0
F0
F0
F0
F0
F0
F0
F0
F0
ENDCHAR
STARTCHAR uniA70F.Dep41
ENCODING -1
SWIDTH 317 0
DWIDTH 8 0
BBX 5 20 1 -1
BITMAP
F0
F0
F0
F0
F0
F0
F0
F0
F0
E8
E8
F0
F0
F0
F0
F0
F0
F0
F0
F0
ENDCHAR
STARTCHAR uniA710.Dep51
ENCODING -1
SWIDTH 317 0
DWIDTH 8 0
BBX 5 20 1 -1
BITMAP
F0
F0
F0
F0
F0
F0
F0
F0
F0
F0
F0
F0
F0
E8
E8
F0
F0
F0
F0
F0
ENDCHAR
STARTCHAR uniA710.Dep50
ENCODING -1
SWIDTH 317 0
DWIDTH 8 0
BBX 5 20 1 -1
BITMAP
F0
F0
F0
F0
F0
F0
F0
F0
F0
F0
F0
F0
F0
E8
E8
F0
F0
F0
F0
F0
ENDCHAR
STARTCHAR uniA710.Dep41
ENCODING -1
SWIDTH 317 0
DWIDTH 8 0
BBX 5 20 1 -1
BITMAP
F0
F0
F0
F0
F0
F0
F0
F0
F0
F0
F0
F0
F0
E8
E8
F0
F0
F0
F0
F0
ENDCHAR
STARTCHAR uniA711.Dep51
ENCODING -1
SWIDTH 317 0
DWIDTH 8 0
BBX 5 20 1 -1
BITMAP
F0
F0
F0
F0
F0
F0
F0
F0
F0
F0
F0
F0
F0
F0
F0
F0
F0
E8
E8
F0
ENDCHAR
STARTCHAR uniA711.Dep50
ENCODING -1
SWIDTH 317 0
DWIDTH 8 0
BBX 5 20 1 -1
BITMAP
F0
F0
F0
F0
F0
F0
F0
F0
F0
F0
F0
F0
F0
F0
F0
F0
F0
E8
E8
F0
ENDCHAR
STARTCHAR uniA711.Dep41
ENCODING -1
SWIDTH 317 0
DWIDTH 8 0
BBX 5 20 1 -1
BITMAP
F0
F0
F0
F0
F0
F0
F0
F0
F0
F0
F0
F0
F0
F0
F0
F0
F0
E8
E8
F0
ENDCHAR
STARTCHAR uniA712.Dep51
ENCODING -1
SWIDTH 362 0
DWIDTH 9 0
BBX 7 20 1 -1
BITMAP
FE
82
FE
FE
FE
FE
FE
FE
FE
FE
FE
FE
FE
FE
FE
FE
FE
FE
FE
FE
ENDCHAR
STARTCHAR uniA712.Dep50
ENCODING -1
SWIDTH 362 0
DWIDTH 9 0
BBX 7 20 1 -1
BITMAP
FE
82
FE
FE
FE
FE
FE
FE
FE
FE
FE
FE
FE
FE
FE
FE
FE
FE
FE
FE
ENDCHAR
STARTCHAR uniA712.Dep41
ENCODING -1
SWIDTH 362 0
DWIDTH 9 0
BBX 7 20 1 -1
BITMAP
FE
82
FE
FE
FE
FE
FE
FE
FE
FE
FE
FE
FE
FE
FE
FE
FE
FE
FE
FE
ENDCHAR
STARTCHAR uniA713.Dep51
ENCODING -1
SWIDTH 362 0
DWIDTH 9 0
BBX 7 20 1 -1
BITMAP
FE
FE
FE
FE
FE
82
FE
FE
FE
FE
FE
FE
FE
FE
FE
FE
FE
FE
FE
FE
ENDCHAR
STARTCHAR uniA713.Dep50
ENCODING -1
SWIDTH 362 0
DWIDTH 9 0
BBX 7 20 1 -1
BITMAP
FE
FE
FE
FE
FE
82
FE
FE
FE
FE
FE
FE
FE
FE
FE
FE
FE
FE
FE
FE
ENDCHAR
STARTCHAR uniA713.Dep41
ENCODING -1
SWIDTH 362 0
DWIDTH 9 0
BBX 7 20 1 -1
BITMAP
FE
FE
FE
FE
FE
82
FE
FE
FE
FE
FE
FE
FE
FE
FE
FE
FE
FE
FE
FE
ENDCHAR
STARTCHAR uniA714.Dep51
ENCODING -1
SWIDTH 362 0
DWIDTH 9 0
BBX 7 20 1 -1
BITMAP
FE
FE
FE
FE
FE
FE
FE
FE
FE
82
FE
FE
FE
FE
FE
FE
FE
FE
FE
FE
ENDCHAR
STARTCHAR uniA714.Dep50
ENCODING -1
SWIDTH 362 0
DWIDTH 9 0
BBX 7 20 1 -1
BITMAP
FE
FE
FE
FE
FE
FE
FE
FE
FE
82
FE
FE
FE
FE
FE
FE
FE
FE
FE
FE
ENDCHAR
STARTCHAR uniA714.Dep41
ENCODING -1
SWIDTH 362 0
DWIDTH 9 0
BBX 7 20 1 -1
BITMAP
FE
FE
FE
FE
FE
FE
FE
FE
FE
82
FE
FE
FE
FE
FE
FE
FE
FE
FE
FE
ENDCHAR
STARTCHAR uniA715.Dep51
ENCODING -1
SWIDTH 362 0
DWIDTH 9 0
BBX 7 20 1 -1
BITMAP
FE
FE
FE
FE
FE
FE
FE
FE
FE
FE
FE
FE
FE
FE
82
FE
FE
FE
FE
FE
ENDCHAR
STARTCHAR uniA715.Dep50
ENCODING -1
SWIDTH 362 0
DWIDTH 9 0
BBX 7 20 1 -1
BITMAP
FE
FE
FE
FE
FE
FE
FE
FE
FE
FE
FE
FE
FE
FE
82
FE
FE
FE
FE
FE
ENDCHAR
STARTCHAR uniA715.Dep41
ENCODING -1
SWIDTH 362 0
DWIDTH 9 0
BBX 7 20 1 -1
BITMAP
FE
FE
FE
FE
FE
FE
FE
FE
FE
FE
FE
FE
FE
FE
82
FE
FE
FE
FE
FE
ENDCHAR
STARTCHAR uniA716.Dep51
ENCODING -1
SWIDTH 362 0
DWIDTH 9 0
BBX 7 20 1 -1
BITMAP
FE
FE
FE
FE
FE
FE
FE
FE
FE
FE
FE
FE
FE
FE
FE
FE
FE
FE
82
FE
ENDCHAR
STARTCHAR uniA716.Dep50
ENCODING -1
SWIDTH 362 0
DWIDTH 9 0
BBX 7 20 1 -1
BITMAP
FE
FE
FE
FE
FE
FE
FE
FE
FE
FE
FE
FE
FE
FE
FE
FE
FE
FE
82
FE
ENDCHAR
STARTCHAR uniA716.Dep41
ENCODING -1
SWIDTH 362 0
DWIDTH 9 0
BBX 7 20 1 -1
BITMAP
FE
FE
FE
FE
FE
FE
FE
FE
FE
FE
FE
FE
FE
FE
FE
FE
FE
FE
82
FE
ENDCHAR
STARTCHAR uniA71C.Dep51
ENCODING -1
SWIDTH 261 0
DWIDTH 6 0
BBX 5 8 0 9
BITMAP
F8
F8
F8
F8
F8
A8
D8
F8
ENDCHAR
STARTCHAR uniA71B.Dep51
ENCODING -1
SWIDTH 261 0
DWIDTH 6 0
BBX 5 8 0 9
BITMAP
F8
D8
A8
F8
F8
F8
F8
F8
ENDCHAR
STARTCHAR uniA702.Dep51
ENCODING -1
SWIDTH 230 0
DWIDTH 6 0
BBX 5 6 0 13
BITMAP
F8
F8
88
F8
F8
F8
ENDCHAR
STARTCHAR uniA702.Dep50
ENCODING -1
SWIDTH 230 0
DWIDTH 6 0
BBX 5 6 0 13
BITMAP
F8
F8
88
F8
F8
F8
ENDCHAR
STARTCHAR uniA702.Dep41
ENCODING -1
SWIDTH 230 0
DWIDTH 6 0
BBX 5 6 0 13
BITMAP
F8
F8
88
F8
F8
F8
ENDCHAR
STARTCHAR uniA700.Dep51
ENCODING -1
SWIDTH 243 0
DWIDTH 6 0
BBX 5 6 0 -3
BITMAP
F8
F8
88
F8
F8
F8
ENDCHAR
STARTCHAR uniA700.Dep50
ENCODING -1
SWIDTH 243 0
DWIDTH 6 0
BBX 5 6 0 -3
BITMAP
F8
F8
88
F8
F8
F8
ENDCHAR
STARTCHAR uniA700.Dep41
ENCODING -1
SWIDTH 243 0
DWIDTH 6 0
BBX 5 6 0 -3
BITMAP
F8
F8
88
F8
F8
F8
ENDCHAR
STARTCHAR uniA704.Dep51
ENCODING -1
SWIDTH 228 0
DWIDTH 5 0
BBX 5 6 0 13
BITMAP
F8
F8
88
F8
F8
F8
ENDCHAR
STARTCHAR uniA704.Dep50
ENCODING -1
SWIDTH 228 0
DWIDTH 5 0
BBX 5 6 0 13
BITMAP
F8
F8
88
F8
F8
F8
ENDCHAR
STARTCHAR uniA704.Dep41
ENCODING -1
SWIDTH 228 0
DWIDTH 5 0
BBX 5 6 0 13
BITMAP
F8
F8
88
F8
F8
F8
ENDCHAR
STARTCHAR uniA706.Dep51
ENCODING -1
SWIDTH 243 0
DWIDTH 6 0
BBX 5 6 0 -3
BITMAP
F8
F8
88
F8
F8
F8
ENDCHAR
STARTCHAR uniA706.Dep50
ENCODING -1
SWIDTH 243 0
DWIDTH 6 0
BBX 5 6 0 -3
BITMAP
F8
F8
88
F8
F8
F8
ENDCHAR
STARTCHAR uniA706.Dep41
ENCODING -1
SWIDTH 243 0
DWIDTH 6 0
BBX 5 6 0 -3
BITMAP
F8
F8
88
F8
F8
F8
ENDCHAR
STARTCHAR uniA703.Dep51
ENCODING -1
SWIDTH 230 0
DWIDTH 6 0
BBX 5 9 0 11
BITMAP
78
F8
F8
F8
88
88
F8
F8
F8
ENDCHAR
STARTCHAR uniA703.Dep50
ENCODING -1
SWIDTH 230 0
DWIDTH 6 0
BBX 5 9 0 11
BITMAP
78
F8
F8
F8
88
88
F8
F8
F8
ENDCHAR
STARTCHAR uniA703.Dep41
ENCODING -1
SWIDTH 230 0
DWIDTH 6 0
BBX 5 9 0 11
BITMAP
78
F8
F8
F8
88
88
F8
F8
F8
ENDCHAR
STARTCHAR uniA701.Dep51
ENCODING -1
SWIDTH 243 0
DWIDTH 6 0
BBX 5 9 0 -5
BITMAP
78
F8
F8
F8
88
88
F8
F8
F8
ENDCHAR
STARTCHAR uniA701.Dep50
ENCODING -1
SWIDTH 243 0
DWIDTH 6 0
BBX 5 9 0 -5
BITMAP
78
F8
F8
F8
88
88
F8
F8
F8
ENDCHAR
STARTCHAR uniA701.Dep41
ENCODING -1
SWIDTH 243 0
DWIDTH 6 0
BBX 5 9 0 -5
BITMAP
78
F8
F8
F8
88
88
F8
F8
F8
ENDCHAR
STARTCHAR uniA705.Dep51
ENCODING -1
SWIDTH 228 0
DWIDTH 5 0
BBX 5 9 0 11
BITMAP
F0
F8
F8
F8
88
88
F8
F8
F8
ENDCHAR
STARTCHAR uniA705.Dep50
ENCODING -1
SWIDTH 228 0
DWIDTH 5 0
BBX 5 9 0 11
BITMAP
F0
F8
F8
F8
88
88
F8
F8
F8
ENDCHAR
STARTCHAR uniA705.Dep41
ENCODING -1
SWIDTH 228 0
DWIDTH 5 0
BBX 5 9 0 11
BITMAP
F0
F8
F8
F8
88
88
F8
F8
F8
ENDCHAR
STARTCHAR uniA707.Dep51
ENCODING -1
SWIDTH 243 0
DWIDTH 6 0
BBX 5 9 0 -5
BITMAP
F0
F8
F8
F8
88
88
F8
F8
F8
ENDCHAR
STARTCHAR uniA707.Dep50
ENCODING -1
SWIDTH 243 0
DWIDTH 6 0
BBX 5 9 0 -5
BITMAP
F0
F8
F8
F8
88
88
F8
F8
F8
ENDCHAR
STARTCHAR uniA707.Dep41
ENCODING -1
SWIDTH 243 0
DWIDTH 6 0
BBX 5 9 0 -5
BITMAP
F0
F8
F8
F8
88
88
F8
F8
F8
ENDCHAR
ENDFONT
